State,Plant Name,Year,Month,Generator Primary Technology,Net Generation from Steam Turbines (MWh),Fuel Consumption from All Fuel Types (MMBTU),Water Consumption Volume (Million Gallons),Water Withdrawal Intensity Rate (Gallons / MWh),Water Consumption Intensity Rate (Gallons / MWh),Water Withdrawal Rate per Fuel Consumption (Gallons / MMBTU),Water Consumption Rate per Fuel Consumption (Gallons / MMBTU),Cooling Unit Hours in Service,Average Distance of Water Intake Below Water Surface (Feet),Water Type,Water Source,Water Source Name,Water Discharge Name
AL,E C Gaston,2024,1,Conventional Steam Coal,76097.0,979114.0,92.583,4704.0,1217.0,366.0,95.0,146.0,16.0,Fresh,Surface,Coosa River,Coosa River
AL,E C Gaston,2024,2,Conventional Steam Coal,156459.0,1613801.0,206.817,2858.0,1322.0,277.0,128.0,295.0,16.0,Fresh,Surface,Coosa River,Coosa River
AL,E C Gaston,2024,3,Conventional Steam Coal,304496.0,2855670.0,310.784,1747.0,1021.0,186.0,109.0,491.0,16.0,Fresh,Surface,Coosa River,Coosa River
AL,E C Gaston,2024,6,Conventional Steam Coal,410068.0,4134954.0,447.248,1866.0,1091.0,185.0,108.0,684.0,16.0,Fresh,Surface,Coosa River,Coosa River
AL,E C Gaston,2024,7,Conventional Steam Coal,282238.0,2894856.0,287.392,2033.0,1018.0,198.0,99.0,454.0,16.0,Fresh,Surface,Coosa River,Coosa River
AL,E C Gaston,2024,8,Conventional Steam Coal,451463.0,4335085.0,456.265,1664.0,1011.0,173.0,105.0,721.0,16.0,Fresh,Surface,Coosa River,Coosa River
AL,E C Gaston,2024,12,Conventional Steam Coal,202442.0,2218879.0,202.398,1915.0,1000.0,175.0,91.0,320.0,16.0,Fresh,Surface,Coosa River,Coosa River
NE,Platte,2024,1,Conventional Steam Coal,53779.0,602132.0,29.836,873.0,555.0,78.0,50.0,744.0,,Fresh,Ground,Wells,Platte River
NE,Platte,2024,2,Conventional Steam Coal,28038.0,319085.0,17.596,1140.0,628.0,100.0,55.0,520.0,,Fresh,Ground,Wells,Platte River
NE,Platte,2024,3,Conventional Steam Coal,16823.0,186239.0,12.781,1552.0,760.0,140.0,69.0,322.0,,Fresh,Ground,Wells,Platte River
NE,Platte,2024,4,Conventional Steam Coal,10713.0,122394.0,9.231,1836.0,862.0,161.0,75.0,195.0,,Fresh,Ground,Wells,Platte River
NE,Platte,2024,5,Conventional Steam Coal,25887.0,298305.0,18.691,1325.0,722.0,115.0,63.0,456.0,,Fresh,Ground,Wells,Platte River
NE,Platte,2024,6,Conventional Steam Coal,46009.0,518078.0,32.545,1154.0,707.0,102.0,63.0,720.0,,Fresh,Ground,Wells,Platte River
NE,Platte,2024,7,Conventional Steam Coal,51226.0,574564.0,35.286,1146.0,689.0,102.0,61.0,744.0,,Fresh,Ground,Wells,Platte River
NE,Platte,2024,8,Conventional Steam Coal,49907.0,552807.0,36.646,1153.0,734.0,104.0,66.0,744.0,,Fresh,Ground,Wells,Platte River
NE,Platte,2024,9,Conventional Steam Coal,10834.0,123263.0,12.685,2271.0,1171.0,200.0,103.0,181.0,,Fresh,Ground,Wells,Platte River
NE,Platte,2024,10,Conventional Steam Coal,4970.0,58709.0,9.089,3539.0,1829.0,300.0,155.0,92.0,,Fresh,Ground,Wells,Platte River
NE,Platte,2024,11,Conventional Steam Coal,14702.0,170637.0,12.202,1560.0,830.0,134.0,72.0,232.0,,Fresh,Ground,Wells,Platte River
NE,Platte,2024,12,Conventional Steam Coal,45931.0,509846.0,34.612,996.0,754.0,90.0,68.0,744.0,,Fresh,Ground,Wells,Platte River
NE,Whelan Energy Center,2024,1,Conventional Steam Coal,42252.0,496616.0,18.69,607.0,442.0,52.0,38.0,744.0,,Fresh,Ground,Wells,"West Fork of the Big Blue River, NE"
NE,Whelan Energy Center,2024,2,Conventional Steam Coal,27285.0,330034.0,13.439,676.0,493.0,56.0,41.0,696.0,,Fresh,Ground,Wells,"West Fork of the Big Blue River, NE"
NE,Whelan Energy Center,2024,3,Conventional Steam Coal,9197.0,111373.0,5.192,774.0,565.0,64.0,47.0,222.0,,Fresh,Ground,Wells,"West Fork of the Big Blue River, NE"
NE,Whelan Energy Center,2024,5,Conventional Steam Coal,27312.0,325820.0,14.626,735.0,536.0,62.0,45.0,613.0,,Fresh,Ground,Wells,"West Fork of the Big Blue River, NE"
NE,Whelan Energy Center,2024,6,Conventional Steam Coal,34172.0,397552.0,20.7,831.0,606.0,71.0,52.0,720.0,,Fresh,Ground,Wells,"West Fork of the Big Blue River, NE"
NE,Whelan Energy Center,2024,7,Conventional Steam Coal,40413.0,464959.0,25.342,860.0,627.0,75.0,55.0,744.0,,Fresh,Ground,Wells,"West Fork of the Big Blue River, NE"
NE,Whelan Energy Center,2024,8,Conventional Steam Coal,40807.0,469894.0,25.418,854.0,623.0,74.0,54.0,744.0,,Fresh,Ground,Wells,"West Fork of the Big Blue River, NE"
NE,Whelan Energy Center,2024,9,Conventional Steam Coal,21166.0,252670.0,13.829,896.0,653.0,75.0,55.0,447.0,,Fresh,Ground,Wells,"West Fork of the Big Blue River, NE"
NE,Whelan Energy Center,2024,10,Conventional Steam Coal,29361.0,351724.0,18.744,876.0,638.0,73.0,53.0,742.0,,Fresh,Ground,Wells,"West Fork of the Big Blue River, NE"
NE,Whelan Energy Center,2024,11,Conventional Steam Coal,29401.0,350185.0,15.927,743.0,542.0,62.0,45.0,720.0,,Fresh,Ground,Wells,"West Fork of the Big Blue River, NE"
NE,Whelan Energy Center,2024,12,Conventional Steam Coal,36524.0,424985.0,18.254,686.0,500.0,59.0,43.0,744.0,,Fresh,Ground,Wells,"West Fork of the Big Blue River, NE"
NE,Whelan Energy Center,2024,1,Conventional Steam Coal,129624.0,1323610.0,43.484,470.0,335.0,46.0,33.0,735.0,,Fresh,Ground,Wells,"West Fork of the Big Blue River, NE"
NE,Whelan Energy Center,2024,2,Conventional Steam Coal,70628.0,734899.0,26.557,530.0,376.0,51.0,36.0,532.0,,Fresh,Ground,Wells,"West Fork of the Big Blue River, NE"
NE,Whelan Energy Center,2024,3,Conventional Steam Coal,16987.0,193935.0,7.488,582.0,441.0,51.0,39.0,117.0,,Fresh,Ground,Wells,"West Fork of the Big Blue River, NE"
NE,Whelan Energy Center,2024,4,Conventional Steam Coal,7876.0,98328.0,6.051,1040.0,768.0,83.0,62.0,81.0,,Fresh,Ground,Wells,"West Fork of the Big Blue River, NE"
NE,Whelan Energy Center,2024,5,Conventional Steam Coal,57989.0,610133.0,24.749,583.0,427.0,55.0,41.0,424.0,,Fresh,Ground,Wells,"West Fork of the Big Blue River, NE"
NE,Whelan Energy Center,2024,6,Conventional Steam Coal,67588.0,688709.0,28.234,585.0,418.0,57.0,41.0,426.0,,Fresh,Ground,Wells,"West Fork of the Big Blue River, NE"
NE,Whelan Energy Center,2024,7,Conventional Steam Coal,100833.0,1042485.0,42.57,597.0,422.0,58.0,41.0,695.0,,Fresh,Ground,Wells,"West Fork of the Big Blue River, NE"
NE,Whelan Energy Center,2024,8,Conventional Steam Coal,93975.0,980421.0,41.874,624.0,446.0,60.0,43.0,744.0,,Fresh,Ground,Wells,"West Fork of the Big Blue River, NE"
NE,Whelan Energy Center,2024,9,Conventional Steam Coal,113860.0,1142030.0,45.3,569.0,398.0,57.0,40.0,720.0,,Fresh,Ground,Wells,"West Fork of the Big Blue River, NE"
NE,Whelan Energy Center,2024,10,Conventional Steam Coal,63756.0,678845.0,26.708,592.0,419.0,56.0,39.0,456.0,,Fresh,Ground,Wells,"West Fork of the Big Blue River, NE"
NE,Whelan Energy Center,2024,11,Conventional Steam Coal,958.0,29377.0,1.254,1864.0,1309.0,61.0,43.0,21.0,,Fresh,Ground,Wells,"West Fork of the Big Blue River, NE"
NE,Whelan Energy Center,2024,12,Conventional Steam Coal,115567.0,1202506.0,41.921,503.0,363.0,48.0,35.0,738.0,,Fresh,Ground,Wells,"West Fork of the Big Blue River, NE"
KS,Holcomb,2024,1,Conventional Steam Coal,164780.0,1806804.0,70.26,426.0,426.0,39.0,39.0,734.0,,Fresh,Ground,Wells,ZLD
KS,Holcomb,2024,2,Conventional Steam Coal,50056.0,638525.0,30.35,606.0,606.0,48.0,48.0,441.0,,Fresh,Ground,Wells,ZLD
KS,Holcomb,2024,3,Conventional Steam Coal,19377.0,259063.0,24.95,1288.0,1288.0,96.0,96.0,180.0,,Fresh,Ground,Wells,ZLD
KS,Holcomb,2024,5,Conventional Steam Coal,20915.0,274966.0,32.64,1561.0,1561.0,119.0,119.0,155.0,,Fresh,Ground,Wells,ZLD
KS,Holcomb,2024,6,Conventional Steam Coal,116427.0,1337531.0,68.25,586.0,586.0,51.0,51.0,670.0,,Fresh,Ground,Wells,ZLD
KS,Holcomb,2024,7,Conventional Steam Coal,155736.0,1686881.0,89.18,573.0,573.0,53.0,53.0,744.0,,Fresh,Ground,Wells,ZLD
KS,Holcomb,2024,8,Conventional Steam Coal,152814.0,1673675.0,95.32,624.0,624.0,57.0,57.0,744.0,,Fresh,Ground,Wells,ZLD
KS,Holcomb,2024,9,Conventional Steam Coal,132029.0,1440616.0,68.7,520.0,520.0,48.0,48.0,702.0,,Fresh,Ground,Wells,ZLD
KS,Holcomb,2024,10,Conventional Steam Coal,109341.0,1233451.0,56.96,521.0,521.0,46.0,46.0,743.0,,Fresh,Ground,Wells,ZLD
KS,Holcomb,2024,11,Conventional Steam Coal,89032.0,1029404.0,47.92,538.0,538.0,47.0,47.0,577.0,,Fresh,Ground,Wells,ZLD
KS,Holcomb,2024,12,Conventional Steam Coal,150111.0,1637553.0,65.04,433.0,433.0,40.0,40.0,744.0,,Fresh,Ground,Wells,ZLD
AZ,Cholla,2024,1,Conventional Steam Coal,172806.0,1874227.0,120.0,694.0,694.0,64.0,64.0,688.0,,Fresh,Ground,Lake Wells,Lake
AZ,Cholla,2024,2,Conventional Steam Coal,126359.0,1315272.0,89.0,704.0,704.0,68.0,68.0,632.0,,Fresh,Ground,Lake Wells,Lake
AZ,Cholla,2024,7,Conventional Steam Coal,167738.0,1805760.0,168.0,1002.0,1002.0,93.0,93.0,711.0,,Fresh,Ground,Lake Wells,Lake
AZ,Cholla,2024,8,Conventional Steam Coal,122284.0,1305063.0,143.0,1169.0,1169.0,110.0,110.0,620.0,,Fresh,Ground,Lake Wells,Lake
AZ,Cholla,2024,9,Conventional Steam Coal,133166.0,1453466.0,149.0,1119.0,1119.0,103.0,103.0,657.0,,Fresh,Ground,Lake Wells,Lake
AZ,Cholla,2024,10,Conventional Steam Coal,91895.0,1001517.0,153.0,1665.0,1665.0,153.0,153.0,385.0,,Fresh,Ground,Lake Wells,Lake
AZ,Cholla,2024,12,Conventional Steam Coal,150092.0,1530664.0,91.0,606.0,606.0,59.0,59.0,686.0,,Fresh,Ground,Lake Wells,Lake
AZ,Cholla,2024,1,Conventional Steam Coal,63703.0,635197.0,44.0,691.0,691.0,69.0,69.0,653.0,15.0,Fresh,Ground,Lake Wells,Lake
AZ,Cholla,2024,2,Conventional Steam Coal,49444.0,577385.0,35.0,708.0,708.0,61.0,61.0,655.0,15.0,Fresh,Ground,Lake Wells,Lake
AZ,Cholla,2024,7,Conventional Steam Coal,53454.0,568423.0,53.0,992.0,992.0,93.0,93.0,682.0,15.0,Fresh,Ground,Lake Wells,Lake
AZ,Cholla,2024,8,Conventional Steam Coal,52292.0,520225.0,61.0,1167.0,1167.0,117.0,117.0,744.0,15.0,Fresh,Ground,Lake Wells,Lake
AZ,Cholla,2024,9,Conventional Steam Coal,47810.0,483858.0,53.0,1109.0,1109.0,110.0,110.0,720.0,15.0,Fresh,Ground,Lake Wells,Lake
AZ,Cholla,2024,10,Conventional Steam Coal,38863.0,396545.0,65.0,1673.0,1673.0,164.0,164.0,384.0,15.0,Fresh,Ground,Lake Wells,Lake
AZ,Cholla,2024,12,Conventional Steam Coal,50869.0,506355.0,31.0,609.0,609.0,61.0,61.0,661.0,15.0,Fresh,Ground,Lake Wells,Lake
AZ,H Wilson Sundt Generating Station,2024,4,Natural Gas Steam Turbine,83313.0,914107.0,47.2,660.0,567.0,60.0,52.0,720.0,,Fresh,Ground,Wells,no discharge
AZ,H Wilson Sundt Generating Station,2024,5,Natural Gas Steam Turbine,121997.0,1345723.0,68.3,653.0,560.0,59.0,51.0,744.0,,Fresh,Ground,Wells,no discharge
AZ,H Wilson Sundt Generating Station,2024,6,Natural Gas Steam Turbine,143202.0,1495339.0,80.8,658.0,564.0,63.0,54.0,720.0,,Fresh,Ground,Wells,no discharge
AZ,H Wilson Sundt Generating Station,2024,7,Natural Gas Steam Turbine,162234.0,1790415.0,92.1,662.0,568.0,60.0,51.0,744.0,,Fresh,Ground,Wells,no discharge
AZ,H Wilson Sundt Generating Station,2024,8,Natural Gas Steam Turbine,166284.0,1861615.0,93.5,656.0,562.0,59.0,50.0,744.0,,Fresh,Ground,Wells,no discharge
AZ,H Wilson Sundt Generating Station,2024,9,Natural Gas Steam Turbine,110009.0,1300784.0,61.5,653.0,559.0,55.0,47.0,720.0,,Fresh,Ground,Wells,no discharge
AZ,H Wilson Sundt Generating Station,2024,10,Natural Gas Steam Turbine,122248.0,1368766.0,69.2,660.0,566.0,59.0,51.0,744.0,,Fresh,Ground,Wells,no discharge
AZ,H Wilson Sundt Generating Station,2024,11,Natural Gas Steam Turbine,76331.0,878651.0,43.8,669.0,574.0,58.0,50.0,720.0,,Fresh,Ground,Wells,no discharge
AZ,H Wilson Sundt Generating Station,2024,12,Natural Gas Steam Turbine,61416.0,618823.0,35.6,677.0,580.0,67.0,58.0,744.0,,Fresh,Ground,Wells,no discharge
SC,Cross,2024,1,Conventional Steam Coal,157458.0,1728503.0,102.515,671.0,651.0,61.0,59.0,447.0,11.0,Fresh,Surface,Diversion Canal,Diversion Canal
SC,Cross,2024,2,Conventional Steam Coal,49751.0,562425.0,36.489,756.0,733.0,67.0,65.0,159.0,11.0,Fresh,Surface,Diversion Canal,Diversion Canal
SC,Cross,2024,3,Conventional Steam Coal,199872.0,2182710.0,151.465,781.0,758.0,72.0,69.0,661.0,11.0,Fresh,Surface,Diversion Canal,Diversion Canal
SC,Cross,2024,4,Conventional Steam Coal,72349.0,802527.0,59.971,855.0,829.0,77.0,75.0,262.0,11.0,Fresh,Surface,Diversion Canal,Diversion Canal
SC,Cross,2024,5,Conventional Steam Coal,211881.0,2269379.0,141.106,687.0,666.0,64.0,62.0,616.0,11.0,Fresh,Surface,Diversion Canal,Diversion Canal
SC,Cross,2024,6,Conventional Steam Coal,302579.0,3032352.0,164.978,562.0,545.0,56.0,54.0,720.0,11.0,Fresh,Surface,Diversion Canal,Diversion Canal
SC,Cross,2024,7,Conventional Steam Coal,307054.0,3020951.0,170.447,572.0,555.0,58.0,56.0,744.0,11.0,Fresh,Surface,Diversion Canal,Diversion Canal
SC,Cross,2024,8,Conventional Steam Coal,28993.0,345379.0,19.47,692.0,672.0,58.0,56.0,85.0,11.0,Fresh,Surface,Diversion Canal,Diversion Canal
SC,Cross,2024,10,Conventional Steam Coal,5665.0,111906.0,7.619,1387.0,1345.0,70.0,68.0,33.0,11.0,Fresh,Surface,Diversion Canal,Diversion Canal
SC,Cross,2024,11,Conventional Steam Coal,84798.0,959807.0,59.186,720.0,698.0,64.0,62.0,258.0,11.0,Fresh,Surface,Diversion Canal,Diversion Canal
SC,Cross,2024,12,Conventional Steam Coal,148303.0,1579803.0,95.687,665.0,645.0,62.0,61.0,418.0,11.0,Fresh,Surface,Diversion Canal,Diversion Canal
SC,Cross,2024,1,Conventional Steam Coal,41615.0,530339.0,34.464,854.0,828.0,67.0,65.0,150.0,11.0,Fresh,Surface,Diversion Canal,Diversion Canal
SC,Cross,2024,5,Conventional Steam Coal,73012.0,835323.0,52.014,735.0,712.0,64.0,62.0,227.0,11.0,Fresh,Surface,Diversion Canal,Diversion Canal
SC,Cross,2024,6,Conventional Steam Coal,216314.0,2301850.0,147.105,701.0,680.0,66.0,64.0,642.0,11.0,Fresh,Surface,Diversion Canal,Diversion Canal
SC,Cross,2024,7,Conventional Steam Coal,148940.0,1646171.0,106.77,739.0,717.0,67.0,65.0,466.0,11.0,Fresh,Surface,Diversion Canal,Diversion Canal
SC,Cross,2024,8,Conventional Steam Coal,34023.0,429961.0,119.838,3632.0,3522.0,287.0,279.0,523.0,11.0,Fresh,Surface,Diversion Canal,Diversion Canal
SC,Cross,2024,9,Conventional Steam Coal,67047.0,764778.0,58.429,899.0,871.0,79.0,76.0,255.0,11.0,Fresh,Surface,Diversion Canal,Diversion Canal
SC,Cross,2024,10,Conventional Steam Coal,34336.0,414686.0,29.559,888.0,861.0,73.0,71.0,129.0,11.0,Fresh,Surface,Diversion Canal,Diversion Canal
SC,Cross,2024,12,Conventional Steam Coal,60274.0,657960.0,46.056,788.0,764.0,72.0,70.0,201.0,11.0,Fresh,Surface,Diversion Canal,Diversion Canal
SC,Cross,2024,1,Conventional Steam Coal,330557.0,3475971.0,170.477,532.0,516.0,51.0,49.0,744.0,11.0,Fresh,Surface,Diversion Canal,Diversion Canal
SC,Cross,2024,2,Conventional Steam Coal,249846.0,2514806.0,139.778,577.0,559.0,57.0,56.0,610.0,11.0,Fresh,Surface,Diversion Canal,Diversion Canal
SC,Cross,2024,3,Conventional Steam Coal,294439.0,3092012.0,170.247,596.0,578.0,57.0,55.0,743.0,11.0,Fresh,Surface,Diversion Canal,Diversion Canal
SC,Cross,2024,4,Conventional Steam Coal,292341.0,3052160.0,164.978,582.0,564.0,56.0,54.0,720.0,11.0,Fresh,Surface,Diversion Canal,Diversion Canal
SC,Cross,2024,5,Conventional Steam Coal,305289.0,3201897.0,159.437,538.0,522.0,51.0,50.0,696.0,11.0,Fresh,Surface,Diversion Canal,Diversion Canal
SC,Cross,2024,6,Conventional Steam Coal,74002.0,819835.0,38.323,534.0,518.0,48.0,47.0,167.0,11.0,Fresh,Surface,Diversion Canal,Diversion Canal
SC,Cross,2024,7,Conventional Steam Coal,333185.0,3250616.0,168.696,522.0,506.0,54.0,52.0,736.0,11.0,Fresh,Surface,Diversion Canal,Diversion Canal
SC,Cross,2024,8,Conventional Steam Coal,269743.0,2912400.0,146.4,560.0,543.0,52.0,50.0,639.0,11.0,Fresh,Surface,Diversion Canal,Diversion Canal
SC,Cross,2024,9,Conventional Steam Coal,272162.0,2747089.0,144.431,547.0,531.0,54.0,53.0,630.0,11.0,Fresh,Surface,Diversion Canal,Diversion Canal
SC,Cross,2024,10,Conventional Steam Coal,267202.0,2774828.0,148.43,573.0,555.0,55.0,53.0,648.0,11.0,Fresh,Surface,Diversion Canal,Diversion Canal
SC,Cross,2024,11,Conventional Steam Coal,246830.0,2654305.0,147.075,614.0,596.0,57.0,55.0,642.0,11.0,Fresh,Surface,Diversion Canal,Diversion Canal
SC,Cross,2024,12,Conventional Steam Coal,297880.0,2986132.0,150.939,522.0,507.0,52.0,51.0,659.0,11.0,Fresh,Surface,Diversion Canal,Diversion Canal
SC,Cross,2024,1,Conventional Steam Coal,222901.0,2308056.0,111.287,515.0,499.0,50.0,48.0,486.0,11.0,Fresh,Surface,Diversion Canal,
SC,Cross,2024,2,Conventional Steam Coal,127493.0,1325641.0,78.744,637.0,618.0,61.0,59.0,344.0,11.0,Fresh,Surface,Diversion Canal,
SC,Cross,2024,4,Conventional Steam Coal,204713.0,2117995.0,107.964,544.0,527.0,53.0,51.0,471.0,11.0,Fresh,Surface,Diversion Canal,
SC,Cross,2024,5,Conventional Steam Coal,280365.0,2890141.0,141.237,519.0,504.0,50.0,49.0,616.0,11.0,Fresh,Surface,Diversion Canal,
SC,Cross,2024,6,Conventional Steam Coal,332881.0,3404012.0,157.973,489.0,475.0,48.0,46.0,689.0,11.0,Fresh,Surface,Diversion Canal,
SC,Cross,2024,7,Conventional Steam Coal,373966.0,3549418.0,170.477,470.0,456.0,50.0,48.0,744.0,11.0,Fresh,Surface,Diversion Canal,
SC,Cross,2024,8,Conventional Steam Coal,320556.0,3369585.0,161.181,518.0,503.0,49.0,48.0,703.0,11.0,Fresh,Surface,Diversion Canal,
SC,Cross,2024,9,Conventional Steam Coal,313468.0,3156082.0,161.884,531.0,516.0,53.0,51.0,704.0,11.0,Fresh,Surface,Diversion Canal,
SC,Cross,2024,10,Conventional Steam Coal,324550.0,3305977.0,169.463,538.0,522.0,53.0,51.0,740.0,11.0,Fresh,Surface,Diversion Canal,
SC,Cross,2024,11,Conventional Steam Coal,242913.0,2501053.0,145.85,619.0,600.0,60.0,58.0,637.0,11.0,Fresh,Surface,Diversion Canal,
SC,Cross,2024,12,Conventional Steam Coal,329361.0,3261993.0,159.582,500.0,485.0,50.0,49.0,696.0,11.0,Fresh,Surface,Diversion Canal,
FL,Seminole (FL),2024,1,Conventional Steam Coal,269592.0,2858290.0,92.843,559.0,344.0,53.0,32.0,744.0,5.0,Fresh,Surface,St Johns River,St Johns River
FL,Seminole (FL),2024,2,Conventional Steam Coal,70813.0,832499.0,40.653,1218.0,574.0,104.0,49.0,284.0,5.0,Fresh,Surface,St Johns River,St Johns River
FL,Seminole (FL),2024,4,Conventional Steam Coal,127974.0,1596565.0,56.735,819.0,443.0,66.0,36.0,552.0,5.0,Fresh,Surface,St Johns River,St Johns River
FL,Seminole (FL),2024,5,Conventional Steam Coal,270429.0,2877756.0,113.22,625.0,419.0,59.0,39.0,744.0,5.0,Fresh,Surface,St Johns River,St Johns River
FL,Seminole (FL),2024,6,Conventional Steam Coal,319011.0,3381397.0,121.5,552.0,381.0,52.0,36.0,720.0,5.0,Fresh,Surface,St Johns River,St Johns River
FL,Seminole (FL),2024,7,Conventional Steam Coal,282452.0,3071967.0,93.32,559.0,330.0,51.0,30.0,744.0,5.0,Fresh,Surface,St Johns River,St Johns River
FL,Seminole (FL),2024,8,Conventional Steam Coal,289077.0,3151740.0,106.04,573.0,367.0,53.0,34.0,744.0,5.0,Fresh,Surface,St Johns River,St Johns River
FL,Seminole (FL),2024,9,Conventional Steam Coal,235543.0,2610481.0,83.007,595.0,352.0,54.0,32.0,720.0,5.0,Fresh,Surface,St Johns River,St Johns River
FL,Seminole (FL),2024,10,Conventional Steam Coal,125985.0,1490557.0,3.219,500.0,26.0,42.0,2.0,414.0,5.0,Fresh,Surface,St Johns River,St Johns River
FL,Seminole (FL),2024,11,Conventional Steam Coal,197871.0,2104639.0,155.95,1128.0,788.0,106.0,74.0,590.0,5.0,Fresh,Surface,St Johns River,St Johns River
FL,Seminole (FL),2024,12,Conventional Steam Coal,26579.0,359205.0,0.545,1992.0,21.0,147.0,2.0,111.0,5.0,Fresh,Surface,St Johns River,St Johns River
AZ,Agua Fria,2024,4,Natural Gas Steam Turbine,1591.0,20125.0,3.62,6964.0,2275.0,551.0,180.0,350.0,,Fresh,Ground,Wells,Grand Canal
AZ,Agua Fria,2024,6,Natural Gas Steam Turbine,20828.0,232979.0,40.72,2773.0,1955.0,248.0,175.0,712.0,,Fresh,Ground,Wells,Grand Canal
AZ,Agua Fria,2024,7,Natural Gas Steam Turbine,74976.0,787972.0,69.53,1500.0,927.0,143.0,88.0,744.0,,Fresh,Ground,Wells,Grand Canal
AZ,Agua Fria,2024,8,Natural Gas Steam Turbine,43584.0,467083.0,50.37,1741.0,1156.0,162.0,108.0,742.0,,Fresh,Ground,Wells,Grand Canal
AZ,Agua Fria,2024,9,Natural Gas Steam Turbine,25828.0,273094.0,34.82,2002.0,1348.0,189.0,128.0,518.0,,Fresh,Ground,Wells,Grand Canal
AZ,Agua Fria,2024,10,Natural Gas Steam Turbine,18332.0,192736.0,19.82,1954.0,1081.0,186.0,103.0,612.0,,Fresh,Ground,Wells,Grand Canal
AZ,Apache Station,2024,6,Natural Gas Steam Turbine,31916.0,384487.0,12.43,77156.0,389.0,6405.0,32.0,684.0,,Fresh,Ground,Wells,
AZ,Apache Station,2024,7,Natural Gas Steam Turbine,37749.0,448097.0,16.65,70953.0,441.0,5977.0,37.0,744.0,,Fresh,Ground,Wells,
AZ,Apache Station,2024,8,Natural Gas Steam Turbine,39229.0,472587.0,16.84,68276.0,429.0,5668.0,36.0,744.0,,Fresh,Ground,Wells,
AZ,Apache Station,2024,9,Natural Gas Steam Turbine,35435.0,428774.0,15.21,73148.0,429.0,6045.0,35.0,720.0,,Fresh,Ground,Wells,
AZ,Apache Station,2024,10,Natural Gas Steam Turbine,39653.0,460387.0,14.53,67546.0,366.0,5818.0,32.0,744.0,,Fresh,Ground,Wells,
AZ,Apache Station,2024,1,Natural Gas Steam Turbine,58309.0,654275.0,22.79,91869.0,391.0,8187.0,35.0,744.0,,Fresh,Ground,Wells,
AZ,Apache Station,2024,2,Natural Gas Steam Turbine,60294.0,671468.0,21.77,83113.0,361.0,7463.0,32.0,696.0,,Fresh,Ground,Wells,
AZ,Apache Station,2024,6,Natural Gas Steam Turbine,50925.0,538117.0,20.29,67462.0,398.0,6384.0,38.0,477.0,,Fresh,Ground,Wells,
AZ,Apache Station,2024,7,Natural Gas Steam Turbine,80931.0,832400.0,36.5,62707.0,451.0,6097.0,44.0,705.0,,Fresh,Ground,Wells,
AZ,Apache Station,2024,8,Natural Gas Steam Turbine,90024.0,914867.0,39.5,59504.0,439.0,5855.0,43.0,744.0,,Fresh,Ground,Wells,
AZ,Apache Station,2024,9,Natural Gas Steam Turbine,102968.0,1023800.0,44.27,50346.0,430.0,5063.0,43.0,720.0,,Fresh,Ground,Wells,
AZ,Apache Station,2024,10,Natural Gas Steam Turbine,89518.0,890942.0,33.22,59840.0,371.0,6013.0,37.0,744.0,,Fresh,Ground,Wells,
AZ,Apache Station,2024,11,Natural Gas Steam Turbine,70097.0,718078.0,31.66,71320.0,452.0,6962.0,44.0,694.0,,Fresh,Ground,Wells,
AZ,Apache Station,2024,12,Natural Gas Steam Turbine,68250.0,706205.0,29.17,78488.0,427.0,7585.0,41.0,744.0,,Fresh,Ground,Wells,
AZ,Apache Station,2024,1,Conventional Steam Coal,110757.0,1205153.0,43.34,48365.0,391.0,4445.0,36.0,744.0,,Fresh,Ground,Wells,
AZ,Apache Station,2024,2,Conventional Steam Coal,68908.0,786958.0,25.37,53019.0,368.0,4642.0,32.0,507.0,,Fresh,Ground,Wells,
AZ,Apache Station,2024,3,Conventional Steam Coal,103397.0,1102100.0,29.01,51766.0,281.0,4857.0,26.0,743.0,,Fresh,Ground,Wells,
AZ,Apache Station,2024,4,Conventional Steam Coal,93310.0,993930.0,31.32,55557.0,336.0,5216.0,32.0,720.0,,Fresh,Ground,Wells,
AZ,Apache Station,2024,5,Conventional Steam Coal,93159.0,1008250.0,40.86,57502.0,439.0,5313.0,41.0,744.0,,Fresh,Ground,Wells,
AZ,Apache Station,2024,6,Conventional Steam Coal,84750.0,929417.0,34.28,61168.0,404.0,5578.0,37.0,720.0,,Fresh,Ground,Wells,
AZ,Apache Station,2024,7,Conventional Steam Coal,105276.0,1132633.0,47.47,50883.0,451.0,4730.0,42.0,744.0,,Fresh,Ground,Wells,
AZ,Apache Station,2024,8,Conventional Steam Coal,108355.0,1152173.0,47.41,49437.0,438.0,4649.0,41.0,744.0,,Fresh,Ground,Wells,
AZ,Apache Station,2024,9,Conventional Steam Coal,109952.0,1186192.0,48.47,47097.0,441.0,4366.0,41.0,719.0,,Fresh,Ground,Wells,
AZ,Apache Station,2024,10,Conventional Steam Coal,86693.0,957116.0,33.1,49542.0,382.0,4487.0,35.0,596.0,,Fresh,Ground,Wells,
AZ,Apache Station,2024,11,Conventional Steam Coal,108362.0,1174847.0,49.3,47840.0,455.0,4412.0,42.0,720.0,,Fresh,Ground,Wells,
AZ,Apache Station,2024,12,Conventional Steam Coal,109665.0,1178906.0,47.27,48847.0,431.0,4544.0,40.0,744.0,,Fresh,Ground,Wells,
OK,GREC,2024,1,Conventional Steam Coal,127707.0,1700113.0,105.0,893.0,822.0,67.0,62.0,477.0,40.0,Fresh,Surface,Grand Neosho,
OK,GREC,2024,3,Conventional Steam Coal,1992.0,98021.0,7.0,6024.0,3514.0,122.0,71.0,60.0,40.0,Fresh,Surface,Grand Neosho,
OK,GREC,2024,4,Conventional Steam Coal,19374.0,309603.0,24.0,1290.0,1239.0,81.0,78.0,143.0,40.0,Fresh,Surface,Grand Neosho,
OK,GREC,2024,5,Conventional Steam Coal,59667.0,844915.0,64.0,1156.0,1073.0,82.0,76.0,361.0,40.0,Fresh,Surface,Grand Neosho,
OK,GREC,2024,6,Conventional Steam Coal,42021.0,672440.0,56.0,1571.0,1333.0,98.0,83.0,279.0,40.0,Fresh,Surface,Grand Neosho,
OK,GREC,2024,7,Conventional Steam Coal,102515.0,1358348.0,103.0,1102.0,1005.0,83.0,76.0,423.0,40.0,Fresh,Surface,Grand Neosho,
OK,GREC,2024,8,Conventional Steam Coal,83956.0,1100675.0,87.0,1167.0,1036.0,89.0,79.0,359.0,40.0,Fresh,Surface,Grand Neosho,
OK,GREC,2024,10,Conventional Steam Coal,136221.0,1658838.0,136.0,1116.0,998.0,92.0,82.0,572.0,40.0,Fresh,Surface,Grand Neosho,
OK,GREC,2024,11,Conventional Steam Coal,23152.0,384373.0,45.0,1987.0,1944.0,120.0,117.0,203.0,40.0,Fresh,Surface,Grand Neosho,
OK,GREC,2024,12,Conventional Steam Coal,15607.0,272143.0,23.0,1474.0,1474.0,85.0,85.0,104.0,40.0,Fresh,Surface,Grand Neosho,
TX,Limestone,2024,1,Conventional Steam Coal,266264.0,3160586.0,119.483,449.0,449.0,38.0,38.0,580.0,40.0,Fresh,Surface,Lake Limestone,
TX,Limestone,2024,2,Conventional Steam Coal,121138.0,1530384.0,44.5,367.0,367.0,29.0,29.0,393.0,40.0,Fresh,Surface,Lake Limestone,
TX,Limestone,2024,3,Conventional Steam Coal,246316.0,2223357.0,97.6,396.0,396.0,44.0,44.0,705.0,40.0,Fresh,Surface,Lake Limestone,
TX,Limestone,2024,4,Conventional Steam Coal,164683.0,2143450.0,62.0,376.0,376.0,29.0,29.0,463.0,40.0,Fresh,Surface,Lake Limestone,
TX,Limestone,2024,6,Conventional Steam Coal,155453.0,1822610.0,108.0,695.0,695.0,59.0,59.0,454.0,40.0,Fresh,Surface,Lake Limestone,
TX,Limestone,2024,7,Conventional Steam Coal,472807.0,5144018.0,284.6,602.0,602.0,55.0,55.0,744.0,40.0,Fresh,Surface,Lake Limestone,
TX,Limestone,2024,8,Conventional Steam Coal,423482.0,4797092.0,246.2,581.0,581.0,51.0,51.0,744.0,40.0,Fresh,Surface,Lake Limestone,
TX,Limestone,2024,9,Conventional Steam Coal,390051.0,4431455.0,237.4,609.0,609.0,54.0,54.0,720.0,40.0,Fresh,Surface,Lake Limestone,
TX,Limestone,2024,10,Conventional Steam Coal,190260.0,2132064.0,117.268,616.0,616.0,55.0,55.0,373.0,40.0,Fresh,Surface,Lake Limestone,
TX,Limestone,2024,11,Conventional Steam Coal,166532.0,1884426.0,89.252,536.0,536.0,47.0,47.0,379.0,40.0,Fresh,Surface,Lake Limestone,
TX,Limestone,2024,12,Conventional Steam Coal,317348.0,3584014.0,163.801,516.0,516.0,46.0,46.0,641.0,40.0,Fresh,Surface,Lake Limestone,
TX,Limestone,2024,1,Conventional Steam Coal,376148.0,4516112.0,170.016,452.0,452.0,38.0,38.0,744.0,40.0,Fresh,Surface,Lake Limestone,
TX,Limestone,2024,2,Conventional Steam Coal,6473.0,138257.0,3.9,603.0,603.0,28.0,28.0,32.0,40.0,Fresh,Surface,Lake Limestone,
TX,Limestone,2024,6,Conventional Steam Coal,44414.0,607557.0,35.4,797.0,797.0,58.0,58.0,224.0,40.0,Fresh,Surface,Lake Limestone,
TX,Limestone,2024,7,Conventional Steam Coal,284893.0,3222216.0,179.5,630.0,630.0,56.0,56.0,635.0,40.0,Fresh,Surface,Lake Limestone,
TX,Limestone,2024,8,Conventional Steam Coal,343842.0,3914883.0,206.1,599.0,599.0,53.0,53.0,716.0,40.0,Fresh,Surface,Lake Limestone,
TX,Limestone,2024,9,Conventional Steam Coal,222581.0,2579930.0,140.3,630.0,630.0,54.0,54.0,473.0,40.0,Fresh,Surface,Lake Limestone,
TX,Limestone,2024,10,Conventional Steam Coal,393030.0,4326389.0,246.309,627.0,627.0,57.0,57.0,743.0,40.0,Fresh,Surface,Lake Limestone,
TX,Limestone,2024,11,Conventional Steam Coal,307164.0,3512750.0,168.047,547.0,547.0,48.0,48.0,570.0,40.0,Fresh,Surface,Lake Limestone,
TX,Limestone,2024,12,Conventional Steam Coal,485945.0,5458578.0,250.478,515.0,515.0,46.0,46.0,744.0,40.0,Fresh,Surface,Lake Limestone,
CO,Hayden,2024,1,Conventional Steam Coal,253825.0,2668023.0,111.496,439.0,439.0,42.0,42.0,744.0,,Fresh,Surface,Yampa River,Zero Discharge Facility
CO,Hayden,2024,2,Conventional Steam Coal,115448.0,1310685.0,78.987,684.0,684.0,60.0,60.0,696.0,,Fresh,Surface,Yampa River,Zero Discharge Facility
CO,Hayden,2024,3,Conventional Steam Coal,183658.0,1956631.0,94.873,517.0,517.0,48.0,48.0,744.0,,Fresh,Surface,Yampa River,Zero Discharge Facility
CO,Hayden,2024,4,Conventional Steam Coal,105500.0,1067817.0,56.529,536.0,536.0,53.0,53.0,720.0,,Fresh,Surface,Yampa River,Zero Discharge Facility
CO,Hayden,2024,5,Conventional Steam Coal,141303.0,1582292.0,83.595,592.0,592.0,53.0,53.0,744.0,,Fresh,Surface,Yampa River,Zero Discharge Facility
CO,Hayden,2024,6,Conventional Steam Coal,181061.0,1950689.0,113.304,626.0,626.0,58.0,58.0,720.0,,Fresh,Surface,Yampa River,Zero Discharge Facility
CO,Hayden,2024,7,Conventional Steam Coal,199350.0,2177092.0,141.867,712.0,712.0,65.0,65.0,744.0,,Fresh,Surface,Yampa River,Zero Discharge Facility
CO,Hayden,2024,8,Conventional Steam Coal,217251.0,2407187.0,139.496,642.0,642.0,58.0,58.0,744.0,,Fresh,Surface,Yampa River,Zero Discharge Facility
CO,Hayden,2024,9,Conventional Steam Coal,182275.0,1989184.0,107.208,588.0,588.0,54.0,54.0,720.0,,Fresh,Surface,Yampa River,Zero Discharge Facility
CO,Hayden,2024,10,Conventional Steam Coal,171932.0,1926621.0,103.474,602.0,602.0,54.0,54.0,744.0,,Fresh,Surface,Yampa River,Zero Discharge Facility
CO,Hayden,2024,11,Conventional Steam Coal,183292.0,1941950.0,92.13,503.0,503.0,47.0,47.0,720.0,,Fresh,Surface,Yampa River,Zero Discharge Facility
CO,Hayden,2024,12,Conventional Steam Coal,166535.0,1795562.0,70.896,426.0,426.0,39.0,39.0,744.0,,Fresh,Surface,Yampa River,Zero Discharge Facility
CT,Middletown,2024,6,Petroleum Liquids,1862.0,35280.0,3.436,1845.0,1845.0,97.0,97.0,26.0,11.0,Fresh,Surface,Connecticut River,Connecticut River
CT,Middletown,2024,7,Petroleum Liquids,2367.0,39921.0,2.928,1237.0,1237.0,73.0,73.0,22.0,11.0,Fresh,Surface,Connecticut River,Connecticut River
CT,Middletown,2024,12,Petroleum Liquids,10623.0,143289.0,8.414,792.0,792.0,59.0,59.0,64.0,11.0,Fresh,Surface,Connecticut River,Connecticut River
DE,Edge Moor,2024,1,Natural Gas Steam Turbine,3595.0,54356.0,0.702,46084.0,195.0,3048.0,13.0,156.0,14.0,Fresh,Surface,Delaware River,Delaware River
DE,Edge Moor,2024,4,Natural Gas Steam Turbine,467.0,10707.0,0.186,15178.0,398.0,662.0,17.0,34.0,14.0,Fresh,Surface,Delaware River,Delaware River
DE,Edge Moor,2024,5,Natural Gas Steam Turbine,3052.0,40676.0,0.926,61270.0,303.0,4597.0,23.0,121.0,14.0,Fresh,Surface,Delaware River,Delaware River
DE,Edge Moor,2024,6,Natural Gas Steam Turbine,15350.0,161398.0,4.803,96641.0,313.0,9191.0,30.0,442.0,14.0,Fresh,Surface,Delaware River,Delaware River
DE,Edge Moor,2024,7,Natural Gas Steam Turbine,7060.0,72726.0,2.451,105728.0,347.0,10264.0,34.0,217.0,14.0,Fresh,Surface,Delaware River,Delaware River
DE,Edge Moor,2024,8,Natural Gas Steam Turbine,1586.0,23034.0,0.972,107105.0,613.0,7375.0,42.0,72.0,14.0,Fresh,Surface,Delaware River,Delaware River
DE,Edge Moor,2024,9,Natural Gas Steam Turbine,2588.0,37818.0,0.906,53939.0,350.0,3691.0,24.0,105.0,14.0,Fresh,Surface,Delaware River,Delaware River
DE,Edge Moor,2024,11,Natural Gas Steam Turbine,1615.0,21353.0,0.452,20599.0,280.0,1558.0,21.0,49.0,14.0,Fresh,Surface,Delaware River,Delaware River
DE,Edge Moor,2024,12,Natural Gas Steam Turbine,1604.0,29398.0,0.399,49868.0,249.0,2721.0,14.0,79.0,14.0,Fresh,Surface,Delaware River,Delaware River
DE,Edge Moor,2024,1,Natural Gas Steam Turbine,8497.0,97599.0,1.64,25672.0,193.0,2235.0,17.0,155.0,14.0,Fresh,Surface,Delaware River,Delaware River
DE,Edge Moor,2024,4,Natural Gas Steam Turbine,908.0,12797.0,0.309,8095.0,340.0,574.0,24.0,28.0,14.0,Fresh,Surface,Delaware River,Delaware River
DE,Edge Moor,2024,5,Natural Gas Steam Turbine,5916.0,74897.0,1.711,29915.0,289.0,2363.0,23.0,83.0,14.0,Fresh,Surface,Delaware River,Delaware River
DE,Edge Moor,2024,6,Natural Gas Steam Turbine,32844.0,354365.0,10.406,68105.0,317.0,6312.0,29.0,450.0,14.0,Fresh,Surface,Delaware River,Delaware River
DE,Edge Moor,2024,7,Natural Gas Steam Turbine,37295.0,401221.0,12.144,67493.0,326.0,6274.0,30.0,418.0,14.0,Fresh,Surface,Delaware River,Delaware River
DE,Edge Moor,2024,8,Natural Gas Steam Turbine,20459.0,212042.0,7.166,46646.0,350.0,4501.0,34.0,232.0,14.0,Fresh,Surface,Delaware River,Delaware River
DE,Edge Moor,2024,12,Natural Gas Steam Turbine,2958.0,38603.0,0.654,30604.0,221.0,2345.0,17.0,59.0,14.0,Fresh,Surface,Delaware River,Delaware River
DE,Edge Moor,2024,1,Natural Gas Steam Turbine,24992.0,272599.0,5.13,52838.0,205.0,4844.0,19.0,197.0,14.0,Fresh,Surface,Delaware River,Delaware River
DE,Edge Moor,2024,4,Natural Gas Steam Turbine,4193.0,65850.0,1.291,21400.0,308.0,1363.0,20.0,59.0,14.0,Fresh,Surface,Delaware River,Delaware River
DE,Edge Moor,2024,5,Natural Gas Steam Turbine,2266.0,55871.0,1.237,159488.0,546.0,6468.0,22.0,49.0,14.0,Fresh,Surface,Delaware River,Delaware River
DE,Edge Moor,2024,6,Natural Gas Steam Turbine,37315.0,467169.0,13.259,133493.0,355.0,10663.0,28.0,351.0,14.0,Fresh,Surface,Delaware River,Delaware River
DE,Edge Moor,2024,7,Natural Gas Steam Turbine,80376.0,969650.0,28.088,138778.0,349.0,11504.0,29.0,579.0,14.0,Fresh,Surface,Delaware River,Delaware River
DE,Edge Moor,2024,8,Natural Gas Steam Turbine,31000.0,382969.0,11.901,129025.0,384.0,10444.0,31.0,234.0,14.0,Fresh,Surface,Delaware River,Delaware River
DE,Edge Moor,2024,11,Natural Gas Steam Turbine,7033.0,99700.0,1.88,30699.0,267.0,2166.0,19.0,64.0,14.0,Fresh,Surface,Delaware River,Delaware River
DE,Edge Moor,2024,12,Natural Gas Steam Turbine,4362.0,66889.0,1.175,59751.0,269.0,3896.0,18.0,56.0,14.0,Fresh,Surface,Delaware River,Delaware River
DE,Indian River Generating Station,2024,1,Conventional Steam Coal,18498.0,313427.0,1.823,1741.0,99.0,103.0,6.0,59.0,6.0,Saline,Surface,Indian River,Island Creek
DE,Indian River Generating Station,2024,3,Conventional Steam Coal,8218.0,116592.0,1.2,2579.0,146.0,182.0,10.0,36.0,6.0,Saline,Surface,Indian River,Island Creek
DE,Indian River Generating Station,2024,5,Conventional Steam Coal,8194.0,143330.0,1.793,3866.0,219.0,221.0,13.0,50.0,6.0,Saline,Surface,Indian River,Island Creek
DE,Indian River Generating Station,2024,6,Conventional Steam Coal,11120.0,272043.0,3.313,5264.0,298.0,215.0,12.0,92.0,6.0,Saline,Surface,Indian River,Island Creek
DE,Indian River Generating Station,2024,7,Conventional Steam Coal,27108.0,471928.0,4.043,2629.0,149.0,151.0,9.0,117.0,6.0,Saline,Surface,Indian River,Island Creek
DE,Indian River Generating Station,2024,8,Conventional Steam Coal,15169.0,291695.0,4.241,4940.0,280.0,257.0,15.0,111.0,6.0,Saline,Surface,Indian River,Island Creek
DE,Indian River Generating Station,2024,11,Conventional Steam Coal,7820.0,127257.0,2.814,6356.0,360.0,391.0,22.0,73.0,6.0,Saline,Surface,Indian River,Island Creek
DE,Indian River Generating Station,2024,12,Conventional Steam Coal,61636.0,864717.0,2.876,824.0,47.0,59.0,3.0,112.0,6.0,Saline,Surface,Indian River,Island Creek
MD,Brandon Shores,2024,1,Conventional Steam Coal,116602.0,1310096.0,37.56,430.0,322.0,38.0,29.0,273.0,13.0,Brackish,Surface,Patapsco River,Patapsco River
MD,Brandon Shores,2024,4,Conventional Steam Coal,50345.0,668962.0,21.676,488.0,431.0,37.0,32.0,225.0,13.0,Brackish,Surface,Patapsco River,Patapsco River
MD,Brandon Shores,2024,5,Conventional Steam Coal,103730.0,1260945.0,43.332,531.0,418.0,44.0,34.0,355.0,13.0,Brackish,Surface,Patapsco River,Patapsco River
MD,Brandon Shores,2024,6,Conventional Steam Coal,110096.0,1370155.0,56.621,608.0,514.0,49.0,41.0,441.0,13.0,Brackish,Surface,Patapsco River,Patapsco River
MD,Brandon Shores,2024,7,Conventional Steam Coal,139085.0,1623913.0,60.414,558.0,434.0,48.0,37.0,461.0,13.0,Brackish,Surface,Patapsco River,Patapsco River
MD,Brandon Shores,2024,8,Conventional Steam Coal,79802.0,985334.0,40.338,567.0,505.0,46.0,41.0,311.0,13.0,Brackish,Surface,Patapsco River,Patapsco River
MD,Brandon Shores,2024,9,Conventional Steam Coal,44687.0,585365.0,27.942,652.0,625.0,50.0,48.0,222.0,13.0,Brackish,Surface,Patapsco River,Patapsco River
MD,Brandon Shores,2024,10,Conventional Steam Coal,95302.0,1194143.0,75.607,799.0,793.0,64.0,63.0,397.0,13.0,Brackish,Surface,Patapsco River,Patapsco River
MD,Brandon Shores,2024,11,Conventional Steam Coal,258.0,23772.0,2.779,10884.0,10771.0,118.0,117.0,39.0,13.0,Brackish,Surface,Patapsco River,Patapsco River
MD,Brandon Shores,2024,12,Conventional Steam Coal,152105.0,1782557.0,73.303,510.0,482.0,44.0,41.0,449.0,13.0,Brackish,Surface,Patapsco River,Patapsco River
MD,Brandon Shores,2024,1,Conventional Steam Coal,104803.0,1243147.0,25.665,358.0,245.0,30.0,21.0,256.0,13.0,Brackish,Surface,Patapsco River,Patapsco River
MD,Brandon Shores,2024,2,Conventional Steam Coal,17398.0,260081.0,1.842,625.0,106.0,42.0,7.0,122.0,13.0,Brackish,Surface,Patapsco River,Patapsco River
MD,Brandon Shores,2024,4,Conventional Steam Coal,30369.0,409535.0,17.915,647.0,590.0,48.0,44.0,153.0,13.0,Brackish,Surface,Patapsco River,Patapsco River
MD,Brandon Shores,2024,5,Conventional Steam Coal,211464.0,2493071.0,94.373,559.0,446.0,47.0,38.0,721.0,13.0,Brackish,Surface,Patapsco River,Patapsco River
MD,Brandon Shores,2024,6,Conventional Steam Coal,136612.0,1620502.0,68.421,594.0,501.0,50.0,42.0,530.0,13.0,Brackish,Surface,Patapsco River,Patapsco River
MD,Brandon Shores,2024,7,Conventional Steam Coal,249143.0,2835267.0,112.8,576.0,453.0,51.0,40.0,744.0,13.0,Brackish,Surface,Patapsco River,Patapsco River
MD,Brandon Shores,2024,8,Conventional Steam Coal,99198.0,1216088.0,77.796,846.0,784.0,69.0,64.0,390.0,13.0,Brackish,Surface,Patapsco River,Patapsco River
MD,Brandon Shores,2024,9,Conventional Steam Coal,76182.0,894651.0,43.29,594.0,568.0,51.0,48.0,277.0,13.0,Brackish,Surface,Patapsco River,Patapsco River
MD,Brandon Shores,2024,10,Conventional Steam Coal,74632.0,884808.0,46.25,626.0,620.0,53.0,52.0,266.0,13.0,Brackish,Surface,Patapsco River,Patapsco River
MD,Brandon Shores,2024,11,Conventional Steam Coal,53656.0,667843.0,33.034,680.0,616.0,55.0,49.0,251.0,13.0,Brackish,Surface,Patapsco River,Patapsco River
MD,Brandon Shores,2024,12,Conventional Steam Coal,184964.0,2110591.0,87.903,503.0,475.0,44.0,42.0,555.0,13.0,Brackish,Surface,Patapsco River,Patapsco River
FL,Crystal River,2024,5,Conventional Steam Coal,269832.0,3604241.0,1382.017,6606.0,5122.0,495.0,383.0,743.0,8.0,Saline,Surface,Gulf of Mexico,Gulf of Mexico
FL,Crystal River,2024,6,Conventional Steam Coal,280468.0,2975793.0,1324.195,6124.0,4721.0,577.0,445.0,716.0,8.0,Saline,Surface,Gulf of Mexico,Gulf of Mexico
FL,Crystal River,2024,7,Conventional Steam Coal,287744.0,3149376.0,1372.512,6179.0,4770.0,565.0,436.0,741.0,8.0,Saline,Surface,Gulf of Mexico,Gulf of Mexico
FL,Crystal River,2024,9,Conventional Steam Coal,240140.0,2633400.0,1063.055,6038.0,4427.0,551.0,404.0,604.0,8.0,Saline,Surface,Gulf of Mexico,Gulf of Mexico
FL,Crystal River,2024,12,Conventional Steam Coal,105560.0,1209972.0,55.633,4584.0,527.0,400.0,46.0,202.0,8.0,Saline,Surface,Gulf of Mexico,Gulf of Mexico
FL,Crystal River,2024,2,Conventional Steam Coal,140334.0,1522600.0,614.178,7883.0,4377.0,727.0,403.0,461.0,8.0,Saline,Surface,Gulf of Mexico,Gulf of Mexico
FL,Crystal River,2024,6,Conventional Steam Coal,263511.0,2721689.0,1294.871,6461.0,4914.0,626.0,476.0,709.0,8.0,Saline,Surface,Gulf of Mexico,Gulf of Mexico
FL,Crystal River,2024,8,Conventional Steam Coal,258152.0,2827351.0,1378.242,6917.0,5339.0,632.0,487.0,744.0,8.0,Saline,Surface,Gulf of Mexico,Gulf of Mexico
FL,Gulf Clean Energy Center,2024,1,Natural Gas Steam Turbine,30284.0,439503.0,17.354,1566.0,573.0,108.0,39.0,481.0,10.0,Brackish,Surface,Escambia River,Escambia River
FL,Gulf Clean Energy Center,2024,2,Natural Gas Steam Turbine,15298.0,256335.0,13.842,1627.0,905.0,97.0,54.0,281.0,10.0,Brackish,Surface,Escambia River,Escambia River
FL,Gulf Clean Energy Center,2024,3,Natural Gas Steam Turbine,20984.0,248512.0,8.547,536.0,407.0,45.0,34.0,285.0,10.0,Brackish,Surface,Escambia River,Escambia River
FL,Gulf Clean Energy Center,2024,6,Natural Gas Steam Turbine,90606.0,998562.0,48.944,945.0,540.0,86.0,49.0,647.0,10.0,Brackish,Surface,Escambia River,Escambia River
FL,Gulf Clean Energy Center,2024,7,Natural Gas Steam Turbine,113349.0,1242331.0,86.484,1292.0,763.0,118.0,70.0,728.0,10.0,Brackish,Surface,Escambia River,Escambia River
FL,Gulf Clean Energy Center,2024,8,Natural Gas Steam Turbine,87981.0,995436.0,86.484,1665.0,983.0,147.0,87.0,728.0,10.0,Brackish,Surface,Escambia River,Escambia River
FL,Gulf Clean Energy Center,2024,9,Natural Gas Steam Turbine,57772.0,676035.0,29.89,1064.0,517.0,91.0,44.0,631.0,10.0,Brackish,Surface,Escambia River,Escambia River
FL,Gulf Clean Energy Center,2024,10,Natural Gas Steam Turbine,48268.0,585251.0,29.303,786.0,607.0,65.0,50.0,679.0,10.0,Brackish,Surface,Escambia River,Escambia River
FL,Gulf Clean Energy Center,2024,11,Natural Gas Steam Turbine,53659.0,643098.0,27.497,1121.0,512.0,93.0,43.0,646.0,10.0,Brackish,Surface,Escambia River,Escambia River
FL,Gulf Clean Energy Center,2024,12,Natural Gas Steam Turbine,56725.0,687913.0,39.359,3016.0,694.0,249.0,57.0,736.0,10.0,Brackish,Surface,Escambia River,Escambia River
FL,Gulf Clean Energy Center,2024,1,Natural Gas Steam Turbine,130303.0,1647253.0,64.008,1342.0,491.0,106.0,39.0,679.0,10.0,Brackish,Surface,Escambia River,Escambia River
FL,Gulf Clean Energy Center,2024,2,Natural Gas Steam Turbine,122874.0,1524935.0,88.164,1290.0,718.0,104.0,58.0,682.0,10.0,Brackish,Surface,Escambia River,Escambia River
FL,Gulf Clean Energy Center,2024,3,Natural Gas Steam Turbine,158718.0,1770420.0,64.647,5406.0,407.0,485.0,37.0,740.0,10.0,Brackish,Surface,Escambia River,Escambia River
FL,Gulf Clean Energy Center,2024,4,Natural Gas Steam Turbine,57131.0,632200.0,43.399,1993.0,760.0,180.0,69.0,272.0,10.0,Brackish,Surface,Escambia River,Escambia River
FL,Gulf Clean Energy Center,2024,5,Natural Gas Steam Turbine,176187.0,1954966.0,125.767,1173.0,714.0,106.0,64.0,744.0,10.0,Brackish,Surface,Escambia River,Escambia River
FL,Gulf Clean Energy Center,2024,6,Natural Gas Steam Turbine,90769.0,1017377.0,49.032,945.0,540.0,84.0,48.0,391.0,10.0,Brackish,Surface,Escambia River,Escambia River
FL,Gulf Clean Energy Center,2024,7,Natural Gas Steam Turbine,53095.0,602468.0,40.511,1292.0,763.0,114.0,67.0,239.0,10.0,Brackish,Surface,Escambia River,Escambia River
FL,Gulf Clean Energy Center,2024,8,Natural Gas Steam Turbine,176728.0,1995656.0,40.511,388.0,229.0,34.0,20.0,239.0,10.0,Brackish,Surface,Escambia River,Escambia River
FL,Gulf Clean Energy Center,2024,9,Natural Gas Steam Turbine,154678.0,1775669.0,80.026,1064.0,517.0,93.0,45.0,720.0,10.0,Brackish,Surface,Escambia River,Escambia River
FL,Gulf Clean Energy Center,2024,10,Natural Gas Steam Turbine,167660.0,1900590.0,101.784,786.0,607.0,69.0,54.0,744.0,10.0,Brackish,Surface,Escambia River,Escambia River
FL,Gulf Clean Energy Center,2024,11,Natural Gas Steam Turbine,55027.0,645596.0,28.194,1120.0,512.0,95.0,44.0,275.0,10.0,Brackish,Surface,Escambia River,Escambia River
FL,Deerhaven Generating Station,2024,1,Natural Gas Steam Turbine,84195.0,989651.0,41.931,498.0,498.0,42.0,42.0,744.0,,Fresh,Ground,Wells in Floridan Aquifer,
FL,Deerhaven Generating Station,2024,2,Natural Gas Steam Turbine,36848.0,443804.0,14.235,386.0,386.0,32.0,32.0,328.0,,Fresh,Ground,Wells in Floridan Aquifer,
FL,Deerhaven Generating Station,2024,3,Natural Gas Steam Turbine,22765.0,254431.0,11.313,497.0,497.0,44.0,44.0,743.0,,Fresh,Ground,Wells in Floridan Aquifer,
FL,Deerhaven Generating Station,2024,4,Natural Gas Steam Turbine,22040.0,285566.0,16.171,734.0,734.0,57.0,57.0,720.0,,Fresh,Ground,Wells in Floridan Aquifer,
FL,Deerhaven Generating Station,2024,5,Natural Gas Steam Turbine,44995.0,600547.0,21.879,486.0,486.0,36.0,36.0,576.0,,Fresh,Ground,Wells in Floridan Aquifer,
FL,Deerhaven Generating Station,2024,6,Natural Gas Steam Turbine,64838.0,814828.0,49.123,758.0,758.0,60.0,60.0,720.0,,Fresh,Ground,Wells in Floridan Aquifer,
FL,Deerhaven Generating Station,2024,7,Natural Gas Steam Turbine,77793.0,1000105.0,62.472,803.0,803.0,62.0,62.0,744.0,,Fresh,Ground,Wells in Floridan Aquifer,
FL,Deerhaven Generating Station,2024,8,Natural Gas Steam Turbine,92458.0,1139625.0,62.841,680.0,680.0,55.0,55.0,744.0,,Fresh,Ground,Wells in Floridan Aquifer,
FL,Deerhaven Generating Station,2024,9,Natural Gas Steam Turbine,89464.0,1099718.0,43.059,481.0,481.0,39.0,39.0,720.0,,Fresh,Ground,Wells in Floridan Aquifer,
FL,Deerhaven Generating Station,2024,10,Natural Gas Steam Turbine,74780.0,946580.0,36.094,483.0,483.0,38.0,38.0,744.0,,Fresh,Ground,Wells in Floridan Aquifer,
FL,Deerhaven Generating Station,2024,11,Natural Gas Steam Turbine,51647.0,672696.0,20.091,389.0,389.0,30.0,30.0,720.0,,Fresh,Ground,Wells in Floridan Aquifer,
FL,Deerhaven Generating Station,2024,12,Natural Gas Steam Turbine,58814.0,787131.0,23.125,393.0,393.0,29.0,29.0,744.0,,Fresh,Ground,Wells in Floridan Aquifer,
GA,Bowen,2024,1,Conventional Steam Coal,261412.0,2538553.0,115.77,943.0,443.0,97.0,46.0,497.0,15.0,Fresh,Surface,Etowah River,Etowah River
GA,Bowen,2024,2,Conventional Steam Coal,207673.0,1995347.0,108.588,1164.0,523.0,121.0,54.0,464.0,15.0,Fresh,Surface,Etowah River,Etowah River
GA,Bowen,2024,3,Conventional Steam Coal,307452.0,2940087.0,100.796,1671.0,328.0,175.0,34.0,643.0,15.0,Fresh,Surface,Etowah River,Etowah River
GA,Bowen,2024,4,Conventional Steam Coal,268646.0,2474695.0,134.958,1288.0,502.0,140.0,55.0,577.0,15.0,Fresh,Surface,Etowah River,Etowah River
GA,Bowen,2024,5,Conventional Steam Coal,307973.0,2952181.0,162.378,1161.0,527.0,121.0,55.0,636.0,15.0,Fresh,Surface,Etowah River,Etowah River
GA,Bowen,2024,6,Conventional Steam Coal,381187.0,3694127.0,245.389,1217.0,644.0,126.0,66.0,720.0,15.0,Fresh,Surface,Etowah River,Etowah River
GA,Bowen,2024,7,Conventional Steam Coal,271478.0,2663319.0,174.845,1163.0,644.0,119.0,66.0,571.0,15.0,Fresh,Surface,Etowah River,Etowah River
GA,Bowen,2024,8,Conventional Steam Coal,334193.0,3326970.0,223.193,1241.0,668.0,125.0,67.0,708.0,15.0,Fresh,Surface,Etowah River,Etowah River
GA,Bowen,2024,9,Conventional Steam Coal,321359.0,3098933.0,205.007,1328.0,638.0,138.0,66.0,691.0,15.0,Fresh,Surface,Etowah River,Etowah River
GA,Bowen,2024,10,Conventional Steam Coal,347171.0,3434072.0,196.176,1279.0,565.0,129.0,57.0,744.0,15.0,Fresh,Surface,Etowah River,Etowah River
GA,Bowen,2024,11,Conventional Steam Coal,280984.0,2807807.0,169.302,1633.0,603.0,163.0,60.0,616.0,15.0,Fresh,Surface,Etowah River,Etowah River
GA,Bowen,2024,12,Conventional Steam Coal,70551.0,752519.0,39.391,1409.0,558.0,132.0,52.0,156.0,15.0,Fresh,Surface,Etowah River,Etowah River
GA,Bowen,2024,1,Conventional Steam Coal,232448.0,2384251.0,103.319,947.0,444.0,92.0,43.0,444.0,15.0,Fresh,Surface,Etowah River,Etowah River
GA,Bowen,2024,2,Conventional Steam Coal,316419.0,3074859.0,162.8,1146.0,515.0,118.0,53.0,696.0,15.0,Fresh,Surface,Etowah River,Etowah River
GA,Bowen,2024,3,Conventional Steam Coal,131833.0,1301634.0,46.704,1806.0,354.0,183.0,36.0,298.0,15.0,Fresh,Surface,Etowah River,Etowah River
GA,Bowen,2024,4,Conventional Steam Coal,300355.0,2868668.0,154.044,1315.0,513.0,138.0,54.0,659.0,15.0,Fresh,Surface,Etowah River,Etowah River
GA,Bowen,2024,5,Conventional Steam Coal,233845.0,2279964.0,124.019,1168.0,530.0,120.0,54.0,486.0,15.0,Fresh,Surface,Etowah River,Etowah River
GA,Bowen,2024,6,Conventional Steam Coal,358876.0,3555311.0,232.267,1224.0,647.0,124.0,65.0,682.0,15.0,Fresh,Surface,Etowah River,Etowah River
GA,Bowen,2024,7,Conventional Steam Coal,358906.0,3589333.0,227.979,1147.0,635.0,115.0,64.0,744.0,15.0,Fresh,Surface,Etowah River,Etowah River
GA,Bowen,2024,8,Conventional Steam Coal,248735.0,2516504.0,167.727,1253.0,674.0,124.0,67.0,532.0,15.0,Fresh,Surface,Etowah River,Etowah River
GA,Bowen,2024,9,Conventional Steam Coal,177731.0,1781100.0,113.564,1330.0,639.0,133.0,64.0,383.0,15.0,Fresh,Surface,Etowah River,Etowah River
GA,Bowen,2024,10,Conventional Steam Coal,119184.0,1245330.0,69.914,1327.0,587.0,127.0,56.0,265.0,15.0,Fresh,Surface,Etowah River,Etowah River
GA,Bowen,2024,11,Conventional Steam Coal,207522.0,1991721.0,131.984,1724.0,636.0,180.0,66.0,480.0,15.0,Fresh,Surface,Etowah River,Etowah River
GA,Bowen,2024,12,Conventional Steam Coal,63960.0,681858.0,4.351,172.0,68.0,16.0,6.0,146.0,15.0,Fresh,Surface,Etowah River,Etowah River
GA,Bowen,2024,1,Conventional Steam Coal,353256.0,3495472.0,124.257,749.0,352.0,76.0,36.0,533.0,15.0,Fresh,Surface,Etowah River,Etowah River
GA,Bowen,2024,2,Conventional Steam Coal,196611.0,1866761.0,82.063,929.0,417.0,98.0,44.0,351.0,15.0,Fresh,Surface,Etowah River,Etowah River
GA,Bowen,2024,5,Conventional Steam Coal,45044.0,520938.0,28.673,1402.0,637.0,121.0,55.0,112.0,15.0,Fresh,Surface,Etowah River,Etowah River
GA,Bowen,2024,6,Conventional Steam Coal,362216.0,3497786.0,167.722,875.0,463.0,91.0,48.0,492.0,15.0,Fresh,Surface,Etowah River,Etowah River
GA,Bowen,2024,7,Conventional Steam Coal,327375.0,3321207.0,153.416,846.0,469.0,83.0,46.0,501.0,15.0,Fresh,Surface,Etowah River,Etowah River
GA,Bowen,2024,8,Conventional Steam Coal,380542.0,3795786.0,188.361,920.0,495.0,92.0,50.0,597.0,15.0,Fresh,Surface,Etowah River,Etowah River
GA,Bowen,2024,9,Conventional Steam Coal,232010.0,2435077.0,112.343,1008.0,484.0,96.0,46.0,379.0,15.0,Fresh,Surface,Etowah River,Etowah River
GA,Bowen,2024,10,Conventional Steam Coal,130831.0,1441863.0,56.95,985.0,435.0,89.0,39.0,216.0,15.0,Fresh,Surface,Etowah River,Etowah River
GA,Bowen,2024,11,Conventional Steam Coal,3799.0,92347.0,5.338,3809.0,1405.0,157.0,58.0,19.0,15.0,Fresh,Surface,Etowah River,Etowah River
GA,Bowen,2024,12,Conventional Steam Coal,442408.0,4393627.0,188.268,1074.0,426.0,108.0,43.0,744.0,15.0,Fresh,Surface,Etowah River,Etowah River
GA,Bowen,2024,1,Conventional Steam Coal,333930.0,3310190.0,120.444,768.0,361.0,78.0,36.0,517.0,15.0,Fresh,Surface,Etowah River,Etowah River
GA,Bowen,2024,4,Conventional Steam Coal,131437.0,1326252.0,55.899,1090.0,425.0,108.0,42.0,239.0,15.0,Fresh,Surface,Etowah River,Etowah River
GA,Bowen,2024,5,Conventional Steam Coal,135552.0,1334051.0,60.95,990.0,450.0,101.0,46.0,239.0,15.0,Fresh,Surface,Etowah River,Etowah River
GA,Bowen,2024,6,Conventional Steam Coal,228459.0,2300524.0,123.722,1024.0,542.0,102.0,54.0,363.0,15.0,Fresh,Surface,Etowah River,Etowah River
GA,Bowen,2024,7,Conventional Steam Coal,434402.0,4444287.0,227.979,948.0,525.0,93.0,51.0,744.0,15.0,Fresh,Surface,Etowah River,Etowah River
GA,Bowen,2024,8,Conventional Steam Coal,420321.0,4243239.0,234.669,1038.0,558.0,103.0,55.0,744.0,15.0,Fresh,Surface,Etowah River,Etowah River
GA,Bowen,2024,9,Conventional Steam Coal,320679.0,3160884.0,170.386,1106.0,531.0,112.0,54.0,575.0,15.0,Fresh,Surface,Etowah River,Etowah River
GA,Bowen,2024,12,Conventional Steam Coal,149525.0,1530351.0,70.111,1184.0,469.0,116.0,46.0,277.0,15.0,Fresh,Surface,Etowah River,Etowah River
GA,Yates,2024,1,Natural Gas Steam Turbine,44577.0,490952.0,101.131,3004.0,2269.0,273.0,206.0,286.0,20.0,Fresh,Surface,Chattahoochee River,Chattahoochee River
GA,Yates,2024,3,Natural Gas Steam Turbine,36375.0,428116.0,70.334,2543.0,1934.0,216.0,164.0,311.0,20.0,Fresh,Surface,Chattahoochee River,Chattahoochee River
GA,Yates,2024,4,Natural Gas Steam Turbine,42605.0,444637.0,103.493,3228.0,2429.0,309.0,233.0,240.0,20.0,Fresh,Surface,Chattahoochee River,Chattahoochee River
GA,Yates,2024,6,Natural Gas Steam Turbine,24865.0,285865.0,59.668,3207.0,2400.0,279.0,209.0,124.0,20.0,Fresh,Surface,Chattahoochee River,Chattahoochee River
GA,Yates,2024,7,Natural Gas Steam Turbine,146975.0,1563816.0,162.136,1466.0,1103.0,138.0,104.0,744.0,20.0,Fresh,Surface,Chattahoochee River,Chattahoochee River
GA,Yates,2024,8,Natural Gas Steam Turbine,160005.0,1674305.0,157.571,1305.0,985.0,125.0,94.0,741.0,20.0,Fresh,Surface,Chattahoochee River,Chattahoochee River
GA,Yates,2024,9,Natural Gas Steam Turbine,111107.0,1183407.0,142.04,1683.0,1278.0,158.0,120.0,605.0,20.0,Fresh,Surface,Chattahoochee River,Chattahoochee River
GA,Yates,2024,10,Natural Gas Steam Turbine,148113.0,1571531.0,153.124,1355.0,1034.0,128.0,97.0,697.0,20.0,Fresh,Surface,Chattahoochee River,Chattahoochee River
GA,Yates,2024,11,Natural Gas Steam Turbine,128092.0,1364460.0,148.733,1555.0,1161.0,146.0,109.0,659.0,20.0,Fresh,Surface,Chattahoochee River,Chattahoochee River
GA,Yates,2024,12,Natural Gas Steam Turbine,89284.0,985526.0,155.405,2283.0,1741.0,207.0,158.0,744.0,20.0,Fresh,Surface,Chattahoochee River,Chattahoochee River
GA,Yates,2024,1,Natural Gas Steam Turbine,69495.0,792764.0,101.131,1927.0,1455.0,169.0,128.0,637.0,20.0,Fresh,Surface,Chattahoochee River,Chattahoochee River
GA,Yates,2024,2,Natural Gas Steam Turbine,19540.0,209059.0,13.171,885.0,674.0,83.0,63.0,119.0,20.0,Fresh,Surface,Chattahoochee River,Chattahoochee River
GA,Yates,2024,3,Natural Gas Steam Turbine,37505.0,451601.0,70.334,2466.0,1875.0,205.0,156.0,326.0,20.0,Fresh,Surface,Chattahoochee River,Chattahoochee River
GA,Yates,2024,4,Natural Gas Steam Turbine,126975.0,1369160.0,103.493,1083.0,815.0,100.0,76.0,708.0,20.0,Fresh,Surface,Chattahoochee River,Chattahoochee River
GA,Yates,2024,5,Natural Gas Steam Turbine,59006.0,645440.0,43.745,980.0,741.0,90.0,68.0,399.0,20.0,Fresh,Surface,Chattahoochee River,Chattahoochee River
GA,Yates,2024,6,Natural Gas Steam Turbine,73219.0,805286.0,59.668,1089.0,815.0,99.0,74.0,425.0,20.0,Fresh,Surface,Chattahoochee River,Chattahoochee River
GA,Yates,2024,7,Natural Gas Steam Turbine,145056.0,1549367.0,162.136,1485.0,1118.0,139.0,105.0,741.0,20.0,Fresh,Surface,Chattahoochee River,Chattahoochee River
GA,Yates,2024,8,Natural Gas Steam Turbine,147742.0,1549966.0,157.571,1413.0,1067.0,135.0,102.0,698.0,20.0,Fresh,Surface,Chattahoochee River,Chattahoochee River
GA,Yates,2024,9,Natural Gas Steam Turbine,119543.0,1279944.0,142.04,1564.0,1188.0,146.0,111.0,684.0,20.0,Fresh,Surface,Chattahoochee River,Chattahoochee River
GA,Yates,2024,10,Natural Gas Steam Turbine,141685.0,1496591.0,153.124,1417.0,1081.0,134.0,102.0,687.0,20.0,Fresh,Surface,Chattahoochee River,Chattahoochee River
GA,Yates,2024,11,Natural Gas Steam Turbine,141974.0,1492310.0,148.733,1403.0,1048.0,133.0,100.0,706.0,20.0,Fresh,Surface,Chattahoochee River,Chattahoochee River
GA,Yates,2024,12,Natural Gas Steam Turbine,82858.0,910059.0,155.405,2460.0,1876.0,224.0,171.0,661.0,20.0,Fresh,Surface,Chattahoochee River,Chattahoochee River
IL,Powerton,2024,1,Conventional Steam Coal,175233.0,2039781.0,175.926,39691.0,1004.0,3410.0,86.0,310.0,10.0,Fresh,Surface,Illinois River,Powerton Lake
IL,Powerton,2024,5,Conventional Steam Coal,38997.0,559040.0,128.893,369444.0,3305.0,25771.0,231.0,139.0,10.0,Fresh,Surface,Illinois River,Powerton Lake
IL,Powerton,2024,6,Conventional Steam Coal,226720.0,2888513.0,338.642,56242.0,1494.0,4414.0,117.0,522.0,10.0,Fresh,Surface,Illinois River,Powerton Lake
IL,Powerton,2024,7,Conventional Steam Coal,185866.0,2510315.0,198.997,60586.0,1071.0,4486.0,79.0,418.0,10.0,Fresh,Surface,Illinois River,Powerton Lake
IL,Powerton,2024,8,Conventional Steam Coal,331690.0,4319806.0,380.436,46431.0,1147.0,3565.0,88.0,721.0,10.0,Fresh,Surface,Illinois River,Powerton Lake
IL,Powerton,2024,9,Conventional Steam Coal,89400.0,1243459.0,383.742,150040.0,4292.0,10787.0,309.0,198.0,10.0,Fresh,Surface,Illinois River,Powerton Lake
IL,Powerton,2024,12,Conventional Steam Coal,81804.0,1179463.0,290.903,147778.0,3556.0,10249.0,247.0,,10.0,Fresh,Surface,Illinois River,Powerton Lake
IL,Powerton,2024,1,Conventional Steam Coal,173028.0,2027378.0,175.926,48811.0,1017.0,4166.0,87.0,337.0,10.0,Fresh,Surface,Illinois River,Powerton Lake
IL,Powerton,2024,5,Conventional Steam Coal,78779.0,1066678.0,128.893,189187.0,1636.0,13972.0,121.0,211.0,10.0,Fresh,Surface,Illinois River,Powerton Lake
IL,Powerton,2024,6,Conventional Steam Coal,191946.0,2402691.0,338.642,88862.0,1764.0,7099.0,141.0,435.0,10.0,Fresh,Surface,Illinois River,Powerton Lake
IL,Powerton,2024,7,Conventional Steam Coal,133050.0,1865392.0,198.997,113263.0,1496.0,8079.0,107.0,354.0,10.0,Fresh,Surface,Illinois River,Powerton Lake
IL,Powerton,2024,8,Conventional Steam Coal,230947.0,2938990.0,380.436,66685.0,1647.0,5240.0,129.0,562.0,10.0,Fresh,Surface,Illinois River,Powerton Lake
IL,Powerton,2024,12,Conventional Steam Coal,217706.0,3175782.0,290.903,57810.0,1336.0,3963.0,92.0,537.0,10.0,Fresh,Surface,Illinois River,Powerton Lake
IL,Baldwin Energy Complex,2024,1,Conventional Steam Coal,709716.0,7542318.0,338.1,38494.0,476.0,3622.0,45.0,418.0,,Fresh,Surface,"Baldwin Lake, Kaskaskia River",Baldwin Cooling Pond
IL,Baldwin Energy Complex,2024,2,Conventional Steam Coal,380006.0,4137567.0,452.48,66095.0,1191.0,6070.0,109.0,417.0,,Fresh,Surface,"Baldwin Lake, Kaskaskia River",Baldwin Cooling Pond
IL,Baldwin Energy Complex,2024,3,Conventional Steam Coal,195937.0,2191804.0,382.2,139431.0,1951.0,12464.0,174.0,427.0,,Fresh,Surface,"Baldwin Lake, Kaskaskia River",Baldwin Cooling Pond
IL,Baldwin Energy Complex,2024,4,Conventional Steam Coal,522246.0,5627328.0,20.16,50624.0,39.0,4698.0,4.0,240.0,,Fresh,Surface,"Baldwin Lake, Kaskaskia River",Baldwin Cooling Pond
IL,Baldwin Energy Complex,2024,5,Conventional Steam Coal,602468.0,6412871.0,120.96,62900.0,201.0,5909.0,19.0,348.0,,Fresh,Surface,"Baldwin Lake, Kaskaskia River",Baldwin Cooling Pond
IL,Baldwin Energy Complex,2024,6,Conventional Steam Coal,653433.0,7033060.0,604.8,59680.0,926.0,5545.0,86.0,456.0,,Fresh,Surface,"Baldwin Lake, Kaskaskia River",Baldwin Cooling Pond
IL,Baldwin Energy Complex,2024,7,Conventional Steam Coal,562488.0,6084674.0,162.84,69721.0,289.0,6445.0,27.0,461.0,,Fresh,Surface,"Baldwin Lake, Kaskaskia River",Baldwin Cooling Pond
IL,Baldwin Energy Complex,2024,8,Conventional Steam Coal,631820.0,6809331.0,1187.9,63465.0,1880.0,5889.0,174.0,421.0,,Fresh,Surface,"Baldwin Lake, Kaskaskia River",Baldwin Cooling Pond
IL,Baldwin Energy Complex,2024,9,Conventional Steam Coal,512062.0,5599572.0,709.92,70563.0,1386.0,6453.0,127.0,480.0,,Fresh,Surface,"Baldwin Lake, Kaskaskia River",Baldwin Cooling Pond
IL,Baldwin Energy Complex,2024,10,Conventional Steam Coal,491922.0,5408859.0,973.9,76139.0,1980.0,6925.0,180.0,496.0,,Fresh,Surface,"Baldwin Lake, Kaskaskia River",Baldwin Cooling Pond
IL,Baldwin Energy Complex,2024,11,Conventional Steam Coal,612433.0,6478616.0,32.52,44968.0,53.0,4251.0,5.0,397.0,,Fresh,Surface,"Baldwin Lake, Kaskaskia River",Baldwin Cooling Pond
IL,Baldwin Energy Complex,2024,12,Conventional Steam Coal,612858.0,6669365.0,341.26,55722.0,557.0,5120.0,51.0,451.0,,Fresh,Surface,"Baldwin Lake, Kaskaskia River",Baldwin Cooling Pond
IL,Dallman,2024,1,Conventional Steam Coal,92380.0,1060070.0,2.385,449.0,26.0,39.0,2.0,744.0,,Fresh,Surface,Municipal,Lake Springfield
IL,Dallman,2024,2,Conventional Steam Coal,30174.0,397043.0,1.355,782.0,45.0,59.0,3.0,379.0,,Fresh,Surface,Municipal,Lake Springfield
IL,Dallman,2024,3,Conventional Steam Coal,59610.0,751834.0,1.467,429.0,25.0,34.0,2.0,743.0,,Fresh,Surface,Municipal,Lake Springfield
IL,Dallman,2024,4,Conventional Steam Coal,34583.0,444535.0,1.668,840.0,48.0,65.0,4.0,420.0,,Fresh,Surface,Municipal,Lake Springfield
IL,Dallman,2024,6,Conventional Steam Coal,3213.0,64893.0,6.186,33519.0,1925.0,1660.0,95.0,56.0,,Fresh,Surface,Municipal,Lake Springfield
IL,Dallman,2024,7,Conventional Steam Coal,63566.0,780436.0,4.321,1183.0,68.0,96.0,6.0,363.0,,Fresh,Surface,Municipal,Lake Springfield
IL,Dallman,2024,8,Conventional Steam Coal,70779.0,843006.0,2.217,545.0,31.0,46.0,3.0,741.0,,Fresh,Surface,Municipal,Lake Springfield
IL,Dallman,2024,9,Conventional Steam Coal,69976.0,824695.0,2.217,552.0,32.0,47.0,3.0,720.0,,Fresh,Surface,Municipal,Lake Springfield
IL,Dallman,2024,10,Conventional Steam Coal,22109.0,286381.0,2.583,2034.0,117.0,157.0,9.0,264.0,,Fresh,Surface,Municipal,Lake Springfield
IL,Dallman,2024,11,Conventional Steam Coal,27843.0,401257.0,1.914,1197.0,69.0,83.0,5.0,342.0,,Fresh,Surface,Municipal,Lake Springfield
IL,Dallman,2024,12,Conventional Steam Coal,72977.0,919534.0,1.466,350.0,20.0,28.0,2.0,712.0,,Fresh,Surface,Municipal,Lake Springfield
IL,Marion,2024,1,Conventional Steam Coal,70337.0,1043919.0,90.0,63907.0,1280.0,4306.0,86.0,744.0,25.0,Fresh,Surface,Lake Egypt,Lake of Egypt
IL,Marion,2024,2,Conventional Steam Coal,61387.0,968093.0,81.0,66138.0,1319.0,4194.0,84.0,672.0,25.0,Fresh,Surface,Lake Egypt,Lake of Egypt
IL,Marion,2024,3,Conventional Steam Coal,56536.0,867930.0,81.0,71282.0,1433.0,4643.0,93.0,744.0,25.0,Fresh,Surface,Lake Egypt,Lake of Egypt
IL,Marion,2024,4,Conventional Steam Coal,9890.0,206031.0,51.0,257836.0,5157.0,12377.0,248.0,720.0,25.0,Fresh,Surface,Lake Egypt,Lake of Egypt
IL,Marion,2024,5,Conventional Steam Coal,56841.0,943781.0,81.0,70900.0,1425.0,4270.0,86.0,744.0,25.0,Fresh,Surface,Lake Egypt,Lake of Egypt
IL,Marion,2024,6,Conventional Steam Coal,44049.0,777930.0,75.0,85132.0,1703.0,4820.0,96.0,720.0,25.0,Fresh,Surface,Lake Egypt,Lake of Egypt
IL,Marion,2024,7,Conventional Steam Coal,63038.0,1037875.0,90.0,71306.0,1428.0,4331.0,87.0,744.0,25.0,Fresh,Surface,Lake Egypt,Lake of Egypt
IL,Marion,2024,8,Conventional Steam Coal,66902.0,1073714.0,90.0,67188.0,1345.0,4186.0,84.0,744.0,25.0,Fresh,Surface,Lake Egypt,Lake of Egypt
IL,Marion,2024,9,Conventional Steam Coal,64639.0,1113423.0,87.0,67297.0,1346.0,3907.0,78.0,720.0,25.0,Fresh,Surface,Lake Egypt,Lake of Egypt
IL,Marion,2024,10,Conventional Steam Coal,15619.0,283089.0,90.0,287791.0,5762.0,15878.0,318.0,744.0,25.0,Fresh,Surface,Lake Egypt,Lake of Egypt
IL,Marion,2024,11,Conventional Steam Coal,53362.0,891528.0,87.0,81519.0,1630.0,4879.0,98.0,720.0,25.0,Fresh,Surface,Lake Egypt,Lake of Egypt
IL,Marion,2024,12,Conventional Steam Coal,70079.0,1125434.0,90.0,64142.0,1284.0,3994.0,80.0,744.0,25.0,Fresh,Surface,Lake Egypt,Lake of Egypt
IN,Harding Street,2024,1,Natural Gas Steam Turbine,232453.0,2696212.0,281.3,1378.0,1210.0,119.0,104.0,709.0,10.0,Fresh,Surface,West fork of White River,West fork of White River
IN,Harding Street,2024,2,Natural Gas Steam Turbine,242324.0,2641179.0,303.538,1414.0,1253.0,130.0,115.0,696.0,10.0,Fresh,Surface,West fork of White River,West fork of White River
IN,Harding Street,2024,3,Natural Gas Steam Turbine,248749.0,2901778.0,437.305,2002.0,1758.0,172.0,151.0,736.0,10.0,Fresh,Surface,West fork of White River,West fork of White River
IN,Harding Street,2024,4,Natural Gas Steam Turbine,235876.0,2551890.0,377.787,1816.0,1602.0,168.0,148.0,646.0,10.0,Fresh,Surface,West fork of White River,West fork of White River
IN,Harding Street,2024,5,Natural Gas Steam Turbine,210101.0,2359669.0,426.2,2310.0,2029.0,206.0,181.0,687.0,10.0,Fresh,Surface,West fork of White River,West fork of White River
IN,Harding Street,2024,6,Natural Gas Steam Turbine,137914.0,1587620.0,282.692,2324.0,2050.0,202.0,178.0,476.0,10.0,Fresh,Surface,West fork of White River,West fork of White River
IN,Harding Street,2024,7,Natural Gas Steam Turbine,256174.0,2862102.0,483.471,2149.0,1887.0,192.0,169.0,744.0,10.0,Fresh,Surface,West fork of White River,West fork of White River
IN,Harding Street,2024,8,Natural Gas Steam Turbine,236322.0,2818522.0,437.825,2110.0,1853.0,177.0,155.0,705.0,10.0,Fresh,Surface,West fork of White River,West fork of White River
IN,Harding Street,2024,9,Natural Gas Steam Turbine,131547.0,1750476.0,235.642,2031.0,1791.0,153.0,135.0,550.0,10.0,Fresh,Surface,West fork of White River,West fork of White River
IN,Harding Street,2024,10,Natural Gas Steam Turbine,204547.0,2696423.0,314.554,1751.0,1538.0,133.0,117.0,744.0,10.0,Fresh,Surface,West fork of White River,West fork of White River
IN,Harding Street,2024,12,Natural Gas Steam Turbine,94150.0,1147564.0,176.659,2137.0,1876.0,175.0,154.0,444.0,10.0,Fresh,Surface,West fork of White River,West fork of White River
IN,AES Petersburg,2024,1,Conventional Steam Coal,223352.0,2434221.0,153.394,1499.0,687.0,138.0,63.0,744.0,5.0,Fresh,Surface,White River,White River
IN,AES Petersburg,2024,2,Conventional Steam Coal,160006.0,1849641.0,112.455,1957.0,703.0,169.0,61.0,696.0,5.0,Fresh,Surface,White River,White River
IN,AES Petersburg,2024,3,Conventional Steam Coal,92803.0,1106643.0,67.251,1974.0,725.0,166.0,61.0,407.0,5.0,Fresh,Surface,White River,White River
IN,AES Petersburg,2024,5,Conventional Steam Coal,181115.0,2076785.0,125.438,1824.0,693.0,159.0,60.0,734.0,5.0,Fresh,Surface,White River,White River
IN,AES Petersburg,2024,6,Conventional Steam Coal,179076.0,2136170.0,124.972,1809.0,698.0,152.0,59.0,720.0,5.0,Fresh,Surface,White River,White River
IN,AES Petersburg,2024,7,Conventional Steam Coal,101906.0,1325833.0,74.558,2102.0,732.0,162.0,56.0,476.0,5.0,Fresh,Surface,White River,White River
IN,AES Petersburg,2024,8,Conventional Steam Coal,166237.0,2047210.0,117.577,1908.0,707.0,155.0,57.0,705.0,5.0,Fresh,Surface,White River,White River
IN,AES Petersburg,2024,9,Conventional Steam Coal,168271.0,2012584.0,117.588,1925.0,699.0,161.0,58.0,720.0,5.0,Fresh,Surface,White River,White River
IN,AES Petersburg,2024,10,Conventional Steam Coal,16541.0,241802.0,15.414,2693.0,932.0,184.0,64.0,99.0,5.0,Fresh,Surface,White River,White River
IN,AES Petersburg,2024,11,Conventional Steam Coal,57202.0,784409.0,43.337,2085.0,758.0,152.0,55.0,265.0,5.0,Fresh,Surface,White River,White River
IN,AES Petersburg,2024,12,Conventional Steam Coal,195358.0,2233103.0,135.945,1426.0,696.0,125.0,61.0,619.0,5.0,Fresh,Surface,White River,White River
IN,AES Petersburg,2024,1,Conventional Steam Coal,198822.0,2210286.0,137.213,1394.0,690.0,125.0,62.0,660.0,5.0,Fresh,Surface,White River,White River
IN,AES Petersburg,2024,2,Conventional Steam Coal,122619.0,1437167.0,87.975,1826.0,717.0,156.0,61.0,533.0,5.0,Fresh,Surface,White River,White River
IN,AES Petersburg,2024,3,Conventional Steam Coal,107222.0,1349177.0,78.107,2049.0,728.0,163.0,58.0,523.0,5.0,Fresh,Surface,White River,White River
IN,AES Petersburg,2024,4,Conventional Steam Coal,158521.0,1874472.0,111.447,1908.0,703.0,161.0,59.0,720.0,5.0,Fresh,Surface,White River,White River
IN,AES Petersburg,2024,5,Conventional Steam Coal,9497.0,119136.0,8.749,2211.0,921.0,176.0,73.0,50.0,5.0,Fresh,Surface,White River,White River
IN,AES Petersburg,2024,6,Conventional Steam Coal,56867.0,738085.0,43.637,2149.0,767.0,166.0,59.0,291.0,5.0,Fresh,Surface,White River,White River
IN,AES Petersburg,2024,7,Conventional Steam Coal,77178.0,942278.0,56.016,1682.0,726.0,138.0,59.0,309.0,5.0,Fresh,Surface,White River,White River
IN,AES Petersburg,2024,8,Conventional Steam Coal,170863.0,1965494.0,120.685,1770.0,706.0,154.0,61.0,720.0,5.0,Fresh,Surface,White River,White River
IN,AES Petersburg,2024,9,Conventional Steam Coal,60136.0,726871.0,45.897,1949.0,763.0,161.0,63.0,279.0,5.0,Fresh,Surface,White River,White River
IN,AES Petersburg,2024,10,Conventional Steam Coal,90307.0,1105245.0,64.456,1963.0,714.0,160.0,58.0,422.0,5.0,Fresh,Surface,White River,White River
IN,AES Petersburg,2024,11,Conventional Steam Coal,154005.0,1819262.0,107.3,1906.0,697.0,161.0,59.0,699.0,5.0,Fresh,Surface,White River,White River
IN,AES Petersburg,2024,12,Conventional Steam Coal,246524.0,2664144.0,165.328,1268.0,671.0,117.0,62.0,744.0,5.0,Fresh,Surface,White River,White River
IN,Michigan City,2024,1,Conventional Steam Coal,190503.0,2081346.0,40.32,1442.0,212.0,132.0,19.0,555.0,8.0,Fresh,Surface,Lake Michigan,Lake Michigan
IN,Michigan City,2024,2,Conventional Steam Coal,212647.0,2227676.0,69.12,1209.0,325.0,115.0,31.0,696.0,8.0,Fresh,Surface,Lake Michigan,Lake Michigan
IN,Michigan City,2024,3,Conventional Steam Coal,105611.0,1159061.0,74.88,2729.0,709.0,249.0,65.0,357.0,8.0,Fresh,Surface,Lake Michigan,Lake Michigan
IN,Michigan City,2024,7,Conventional Steam Coal,163649.0,1781760.0,144.0,3009.0,880.0,276.0,81.0,526.0,8.0,Fresh,Surface,Lake Michigan,Lake Michigan
IN,Michigan City,2024,8,Conventional Steam Coal,134332.0,1489274.0,167.04,3634.0,1243.0,328.0,112.0,429.0,8.0,Fresh,Surface,Lake Michigan,Lake Michigan
IN,Michigan City,2024,9,Conventional Steam Coal,116512.0,1321730.0,138.24,3604.0,1186.0,318.0,105.0,387.0,8.0,Fresh,Surface,Lake Michigan,Lake Michigan
IN,Michigan City,2024,12,Conventional Steam Coal,8085.0,268704.0,80.64,36162.0,9974.0,1088.0,300.0,76.0,8.0,Fresh,Surface,Lake Michigan,Lake Michigan
IN,Cayuga,2024,1,Conventional Steam Coal,477132.0,4872500.0,336.21,70465.0,705.0,6900.0,69.0,2232.0,8.3,Fresh,Surface,Wabash River,Wabash River
IN,Cayuga,2024,2,Conventional Steam Coal,265491.0,2686150.0,246.586,92879.0,929.0,9180.0,92.0,2016.0,8.3,Fresh,Surface,Wabash River,Wabash River
IN,Cayuga,2024,3,Conventional Steam Coal,237147.0,2351284.0,272.382,114858.0,1149.0,11584.0,116.0,2232.0,8.3,Fresh,Surface,Wabash River,Wabash River
IN,Cayuga,2024,4,Conventional Steam Coal,478048.0,4451606.0,485.568,101573.0,1016.0,10908.0,109.0,2160.0,8.3,Fresh,Surface,Wabash River,Wabash River
IN,Cayuga,2024,5,Conventional Steam Coal,363447.0,3836196.0,356.06,97968.0,980.0,9282.0,93.0,1677.0,7.8,Fresh,Surface,Wabash River,Wabash River
IN,Cayuga,2024,6,Conventional Steam Coal,424970.0,4267622.0,464.134,109216.0,1092.0,10876.0,109.0,2160.0,8.3,Fresh,Surface,Wabash River,Wabash River
IN,Cayuga,2024,7,Conventional Steam Coal,420131.0,4380568.0,472.512,112468.0,1125.0,10787.0,108.0,2232.0,8.3,Fresh,Surface,Wabash River,Wabash River
IN,Cayuga,2024,8,Conventional Steam Coal,348785.0,3583179.0,451.928,129572.0,1296.0,12612.0,126.0,2232.0,8.3,Fresh,Surface,Wabash River,Wabash River
IN,Cayuga,2024,10,Conventional Steam Coal,263385.0,2620083.0,435.738,165438.0,1654.0,16631.0,166.0,2232.0,8.3,Fresh,Surface,Wabash River,Wabash River
IN,Cayuga,2024,11,Conventional Steam Coal,311561.0,3065615.0,400.973,128698.0,1287.0,13080.0,131.0,2160.0,8.3,Fresh,Surface,Wabash River,Wabash River
IN,Cayuga,2024,12,Conventional Steam Coal,422673.0,4368497.0,399.692,94563.0,946.0,9149.0,91.0,2232.0,8.3,Fresh,Surface,Wabash River,Wabash River
IA,Walter Scott Jr Energy Center,2024,1,Conventional Steam Coal,344183.0,3804335.0,99.092,385.0,288.0,35.0,26.0,635.0,,Fresh,Ground,Wells,Missouri River
IA,Walter Scott Jr Energy Center,2024,2,Conventional Steam Coal,191426.0,2129184.0,88.576,668.0,463.0,60.0,42.0,339.0,,Fresh,Ground,Wells,Missouri River
IA,Walter Scott Jr Energy Center,2024,5,Conventional Steam Coal,196979.0,2044010.0,91.339,655.0,464.0,63.0,45.0,431.0,,Fresh,Ground,Wells,Missouri River
IA,Walter Scott Jr Energy Center,2024,6,Conventional Steam Coal,409341.0,4017019.0,165.694,494.0,405.0,50.0,41.0,720.0,,Fresh,Ground,Wells,Missouri River
IA,Walter Scott Jr Energy Center,2024,7,Conventional Steam Coal,480762.0,4709456.0,230.34,559.0,479.0,57.0,49.0,734.0,,Fresh,Ground,Wells,Missouri River
IA,Walter Scott Jr Energy Center,2024,8,Conventional Steam Coal,455428.0,4490961.0,216.74,543.0,476.0,55.0,48.0,744.0,,Fresh,Ground,Wells,Missouri River
IA,Walter Scott Jr Energy Center,2024,9,Conventional Steam Coal,340519.0,3353990.0,108.337,413.0,318.0,42.0,32.0,627.0,,Fresh,Ground,Wells,Missouri River
IA,Walter Scott Jr Energy Center,2024,10,Conventional Steam Coal,188835.0,1947695.0,98.424,670.0,521.0,65.0,51.0,353.0,,Fresh,Ground,Wells,Missouri River
IA,Walter Scott Jr Energy Center,2024,11,Conventional Steam Coal,341205.0,3397380.0,134.792,485.0,395.0,49.0,40.0,603.0,,Fresh,Ground,Wells,Missouri River
IA,Walter Scott Jr Energy Center,2024,12,Conventional Steam Coal,255905.0,2633511.0,86.298,497.0,337.0,48.0,33.0,481.0,,Fresh,Ground,Wells,Missouri River
IA,Ames Electric Services Power Plant,2024,3,Natural Gas Steam Turbine,17117.0,208339.0,6.974,407.0,407.0,33.0,33.0,393.0,,Fresh,Ground,Wells - Ames Alluvial Aquifer,Sanitary Sewer to WPCP to Skunk Riv
IA,Ames Electric Services Power Plant,2024,10,Natural Gas Steam Turbine,16532.0,203136.0,10.237,619.0,619.0,50.0,50.0,485.0,,Fresh,Ground,Wells - Ames Alluvial Aquifer,Sanitary Sewer to WPCP to Skunk Riv
IA,Ames Electric Services Power Plant,2024,11,Natural Gas Steam Turbine,19052.0,235897.0,5.817,305.0,305.0,25.0,25.0,434.0,,Fresh,Ground,Wells - Ames Alluvial Aquifer,Sanitary Sewer to WPCP to Skunk Riv
IA,Ames Electric Services Power Plant,2024,1,Natural Gas Steam Turbine,22805.0,285643.0,13.202,579.0,579.0,46.0,46.0,603.0,,Fresh,Ground,Wells - Ames Alluvial Aquifer,Sanitary Sewer to WPCP to Skunk Riv
IA,Ames Electric Services Power Plant,2024,2,Natural Gas Steam Turbine,20772.0,259373.0,7.793,375.0,375.0,30.0,30.0,672.0,,Fresh,Ground,Wells - Ames Alluvial Aquifer,Sanitary Sewer to WPCP to Skunk Riv
IA,Ames Electric Services Power Plant,2024,3,Natural Gas Steam Turbine,376.0,10048.0,2.162,5750.0,5750.0,215.0,215.0,419.0,,Fresh,Ground,Wells - Ames Alluvial Aquifer,Sanitary Sewer to WPCP to Skunk Riv
IA,Ames Electric Services Power Plant,2024,4,Natural Gas Steam Turbine,28631.0,336845.0,5.166,180.0,180.0,15.0,15.0,296.0,,Fresh,Ground,Wells - Ames Alluvial Aquifer,Sanitary Sewer to WPCP to Skunk Riv
IA,Ames Electric Services Power Plant,2024,5,Natural Gas Steam Turbine,32013.0,390609.0,5.051,158.0,158.0,13.0,13.0,256.0,,Fresh,Ground,Wells - Ames Alluvial Aquifer,Sanitary Sewer to WPCP to Skunk Riv
IA,Ames Electric Services Power Plant,2024,7,Natural Gas Steam Turbine,32087.0,392645.0,1.981,66.0,62.0,5.0,5.0,60.0,,Fresh,Ground,Wells - Ames Alluvial Aquifer,Sanitary Sewer to WPCP to Skunk Riv
IA,Ames Electric Services Power Plant,2024,8,Natural Gas Steam Turbine,32027.0,401022.0,19.353,641.0,604.0,51.0,48.0,733.0,,Fresh,Ground,Wells - Ames Alluvial Aquifer,Sanitary Sewer to WPCP to Skunk Riv
IA,Ames Electric Services Power Plant,2024,9,Natural Gas Steam Turbine,25819.0,314830.0,22.793,883.0,883.0,72.0,72.0,720.0,,Fresh,Ground,Wells - Ames Alluvial Aquifer,Sanitary Sewer to WPCP to Skunk Riv
IA,Ames Electric Services Power Plant,2024,10,Natural Gas Steam Turbine,8804.0,108454.0,9.309,1057.0,1057.0,86.0,86.0,301.0,,Fresh,Ground,Wells - Ames Alluvial Aquifer,Sanitary Sewer to WPCP to Skunk Riv
KS,Fort Dodge,2024,1,Natural Gas Steam Turbine,5504.0,74328.0,6.942,1368.0,1261.0,101.0,93.0,163.0,,Fresh,Ground,Wells,Arkansas River
KS,Fort Dodge,2024,3,Natural Gas Steam Turbine,4326.0,55483.0,5.799,1425.0,1340.0,111.0,105.0,102.0,,Fresh,Ground,Wells,Arkansas River
KS,Fort Dodge,2024,4,Natural Gas Steam Turbine,8233.0,95656.0,8.281,1104.0,1006.0,95.0,87.0,225.0,,Fresh,Ground,Wells,Arkansas River
KS,Fort Dodge,2024,5,Natural Gas Steam Turbine,19462.0,224374.0,12.697,741.0,652.0,64.0,57.0,478.0,,Fresh,Ground,Wells,Arkansas River
KS,Fort Dodge,2024,6,Natural Gas Steam Turbine,7938.0,102078.0,6.934,962.0,874.0,75.0,68.0,194.0,,Fresh,Ground,Wells,Arkansas River
KS,Fort Dodge,2024,7,Natural Gas Steam Turbine,26334.0,314812.0,19.123,802.0,726.0,67.0,61.0,544.0,,Fresh,Ground,Wells,Arkansas River
KS,Fort Dodge,2024,8,Natural Gas Steam Turbine,27830.0,325806.0,19.94,779.0,716.0,67.0,61.0,482.0,,Fresh,Ground,Wells,Arkansas River
KS,Fort Dodge,2024,9,Natural Gas Steam Turbine,5944.0,73848.0,5.254,970.0,884.0,78.0,71.0,142.0,,Fresh,Ground,Wells,Arkansas River
KS,Lawrence Energy Center,2024,1,Conventional Steam Coal,208404.0,2429386.0,107.959,585.0,518.0,50.0,44.0,744.0,,Fresh,Surface,Kansas River,Kansas River
KS,Lawrence Energy Center,2024,2,Conventional Steam Coal,109799.0,1289778.0,78.49,783.0,715.0,67.0,61.0,696.0,,Fresh,Surface,Kansas River,Kansas River
KS,Lawrence Energy Center,2024,3,Conventional Steam Coal,98194.0,1143988.0,78.49,832.0,799.0,71.0,69.0,744.0,,Fresh,Surface,Kansas River,Kansas River
KS,Lawrence Energy Center,2024,4,Conventional Steam Coal,99398.0,1145485.0,107.701,1182.0,1084.0,103.0,94.0,720.0,,Fresh,Surface,Kansas River,Kansas River
KS,Lawrence Energy Center,2024,5,Conventional Steam Coal,121203.0,1343381.0,95.207,859.0,786.0,77.0,71.0,744.0,,Fresh,Surface,Kansas River,Kansas River
KS,Lawrence Energy Center,2024,6,Conventional Steam Coal,122842.0,1476600.0,110.415,965.0,899.0,80.0,75.0,720.0,,Fresh,Surface,Kansas River,Kansas River
KS,Lawrence Energy Center,2024,7,Conventional Steam Coal,152635.0,1799630.0,139.374,981.0,913.0,83.0,77.0,744.0,,Fresh,Surface,Kansas River,Kansas River
KS,Lawrence Energy Center,2024,8,Conventional Steam Coal,154148.0,1801654.0,151.396,1074.0,982.0,92.0,84.0,744.0,,Fresh,Surface,Kansas River,Kansas River
KS,Lawrence Energy Center,2024,9,Conventional Steam Coal,49333.0,624590.0,60.848,1385.0,1233.0,109.0,97.0,720.0,,Fresh,Surface,Kansas River,Kansas River
KS,Lawrence Energy Center,2024,10,Conventional Steam Coal,26904.0,380835.0,50.795,1988.0,1888.0,140.0,133.0,744.0,,Fresh,Surface,Kansas River,Kansas River
KS,Lawrence Energy Center,2024,11,Conventional Steam Coal,12117.0,388121.0,51.424,4455.0,4244.0,139.0,132.0,707.0,,Fresh,Surface,Kansas River,Kansas River
KS,Lawrence Energy Center,2024,12,Conventional Steam Coal,22244.0,368578.0,48.404,2340.0,2176.0,141.0,131.0,744.0,,Fresh,Surface,Kansas River,Kansas River
KS,Garden City,2024,2,Natural Gas Steam Turbine,953.0,14381.0,0.514,932.0,539.0,62.0,36.0,27.0,,Fresh,Ground,Wells,Arkansas River
KS,Garden City,2024,3,Natural Gas Steam Turbine,1324.0,16468.0,0.279,695.0,211.0,56.0,17.0,47.0,,Fresh,Ground,Wells,Arkansas River
KS,Garden City,2024,4,Natural Gas Steam Turbine,2851.0,35334.0,0.843,738.0,296.0,60.0,24.0,92.0,,Fresh,Ground,Wells,Arkansas River
KS,Garden City,2024,5,Natural Gas Steam Turbine,9217.0,104289.0,4.27,915.0,463.0,81.0,41.0,303.0,,Fresh,Ground,Wells,Arkansas River
KS,Garden City,2024,6,Natural Gas Steam Turbine,4054.0,51084.0,2.691,1125.0,664.0,89.0,53.0,136.0,,Fresh,Ground,Wells,Arkansas River
KS,Garden City,2024,7,Natural Gas Steam Turbine,5587.0,70401.0,3.681,1048.0,659.0,83.0,52.0,158.0,,Fresh,Ground,Wells,Arkansas River
KS,Garden City,2024,8,Natural Gas Steam Turbine,13694.0,162470.0,7.974,931.0,582.0,78.0,49.0,347.0,,Fresh,Ground,Wells,Arkansas River
KS,Garden City,2024,9,Natural Gas Steam Turbine,1751.0,26480.0,1.184,1175.0,676.0,78.0,45.0,64.0,,Fresh,Ground,Wells,Arkansas River
KS,Garden City,2024,10,Natural Gas Steam Turbine,7606.0,95670.0,3.292,940.0,433.0,75.0,34.0,280.0,,Fresh,Ground,Wells,Arkansas River
KS,Garden City,2024,11,Natural Gas Steam Turbine,1811.0,26228.0,0.267,811.0,147.0,56.0,10.0,87.0,,Fresh,Ground,Wells,Arkansas River
KS,Garden City,2024,12,Natural Gas Steam Turbine,1291.0,16303.0,0.252,695.0,195.0,55.0,15.0,47.0,,Fresh,Ground,Wells,Arkansas River
KY,Big Sandy,2024,1,Natural Gas Steam Turbine,103618.0,1062841.0,30.45,331.0,294.0,32.0,29.0,599.0,5.0,Fresh,Surface,Big Sandy River,
KY,Big Sandy,2024,2,Natural Gas Steam Turbine,119176.0,1139895.0,43.517,411.0,365.0,43.0,38.0,696.0,5.0,Fresh,Surface,Big Sandy River,
KY,Big Sandy,2024,3,Natural Gas Steam Turbine,107118.0,1096838.0,40.092,421.0,374.0,41.0,37.0,734.0,5.0,Fresh,Surface,Big Sandy River,
KY,Big Sandy,2024,4,Natural Gas Steam Turbine,91002.0,918448.0,21.801,270.0,240.0,27.0,24.0,521.0,5.0,Fresh,Surface,Big Sandy River,
KY,Big Sandy,2024,5,Natural Gas Steam Turbine,127489.0,1292104.0,44.685,395.0,351.0,39.0,35.0,744.0,5.0,Fresh,Surface,Big Sandy River,
KY,Big Sandy,2024,6,Natural Gas Steam Turbine,109479.0,1142763.0,54.912,565.0,502.0,54.0,48.0,720.0,5.0,Fresh,Surface,Big Sandy River,
KY,Big Sandy,2024,7,Natural Gas Steam Turbine,161901.0,1528559.0,67.193,467.0,415.0,50.0,44.0,744.0,5.0,Fresh,Surface,Big Sandy River,
KY,Big Sandy,2024,8,Natural Gas Steam Turbine,143524.0,1352372.0,63.552,499.0,443.0,53.0,47.0,744.0,5.0,Fresh,Surface,Big Sandy River,
KY,Big Sandy,2024,9,Natural Gas Steam Turbine,46270.0,444647.0,10.649,259.0,230.0,27.0,24.0,314.0,5.0,Fresh,Surface,Big Sandy River,
KY,Big Sandy,2024,12,Natural Gas Steam Turbine,92092.0,988698.0,34.501,422.0,375.0,39.0,35.0,656.0,5.0,Fresh,Surface,Big Sandy River,
KY,E W Brown,2024,1,Conventional Steam Coal,126357.0,1502548.0,38.265,466.0,303.0,39.0,25.0,744.0,25.0,Fresh,Surface,Herrington Lake,Herrington Lake
KY,E W Brown,2024,2,Conventional Steam Coal,80790.0,995212.0,19.766,378.0,245.0,31.0,20.0,548.0,25.0,Fresh,Surface,Herrington Lake,Herrington Lake
KY,E W Brown,2024,3,Conventional Steam Coal,119108.0,1444444.0,36.462,473.0,306.0,39.0,25.0,744.0,25.0,Fresh,Surface,Herrington Lake,Herrington Lake
KY,E W Brown,2024,4,Conventional Steam Coal,116553.0,1403162.0,35.675,472.0,306.0,39.0,25.0,720.0,25.0,Fresh,Surface,Herrington Lake,Herrington Lake
KY,E W Brown,2024,5,Conventional Steam Coal,59793.0,727462.0,9.053,234.0,151.0,19.0,12.0,358.0,25.0,Fresh,Surface,Herrington Lake,Herrington Lake
KY,E W Brown,2024,6,Conventional Steam Coal,124612.0,1450114.0,34.971,433.0,281.0,37.0,24.0,666.0,25.0,Fresh,Surface,Herrington Lake,Herrington Lake
KY,E W Brown,2024,7,Conventional Steam Coal,131498.0,1537303.0,36.765,431.0,280.0,37.0,24.0,686.0,25.0,Fresh,Surface,Herrington Lake,Herrington Lake
KY,E W Brown,2024,8,Conventional Steam Coal,138947.0,1604139.0,41.872,466.0,301.0,40.0,26.0,744.0,25.0,Fresh,Surface,Herrington Lake,Herrington Lake
KY,E W Brown,2024,9,Conventional Steam Coal,89788.0,1083103.0,20.06,344.0,223.0,28.0,19.0,521.0,25.0,Fresh,Surface,Herrington Lake,Herrington Lake
KY,E W Brown,2024,10,Conventional Steam Coal,119501.0,1418550.0,36.462,469.0,305.0,40.0,26.0,744.0,25.0,Fresh,Surface,Herrington Lake,Herrington Lake
KY,E W Brown,2024,11,Conventional Steam Coal,127296.0,1507470.0,38.582,466.0,303.0,39.0,26.0,720.0,25.0,Fresh,Surface,Herrington Lake,Herrington Lake
KY,E W Brown,2024,12,Conventional Steam Coal,86230.0,1057139.0,19.866,354.0,230.0,29.0,19.0,551.0,25.0,Fresh,Surface,Herrington Lake,Herrington Lake
KY,Ghent,2024,1,Conventional Steam Coal,1001298.0,10954796.0,577.285,1864.0,577.0,170.0,53.0,2957.0,20.0,Fresh,Surface,Ohio River,Ohio River
KY,Ghent,2024,2,Conventional Steam Coal,723538.0,7880226.0,333.21,1968.0,461.0,181.0,42.0,2784.0,20.0,Fresh,Surface,Ohio River,Ohio River
KY,Ghent,2024,3,Conventional Steam Coal,752692.0,8242287.0,233.427,1704.0,310.0,156.0,28.0,2386.0,20.0,Fresh,Surface,Ohio River,Ohio River
KY,Ghent,2024,4,Conventional Steam Coal,770128.0,8251233.0,583.024,1898.0,757.0,177.0,71.0,2210.0,20.0,Fresh,Surface,Ohio River,Ohio River
KY,Ghent,2024,5,Conventional Steam Coal,880367.0,9502722.0,399.354,2386.0,454.0,221.0,42.0,2674.0,20.0,Fresh,Surface,Ohio River,Ohio River
KY,Ghent,2024,6,Conventional Steam Coal,997680.0,10632822.0,764.77,2852.0,767.0,268.0,72.0,2748.0,20.0,Fresh,Surface,Ohio River,Ohio River
KY,Ghent,2024,7,Conventional Steam Coal,1041021.0,11155310.0,414.151,3006.0,398.0,280.0,37.0,2891.0,20.0,Fresh,Surface,Ohio River,Ohio River
KY,Ghent,2024,8,Conventional Steam Coal,994110.0,10939144.0,345.269,3101.0,347.0,282.0,32.0,2865.0,20.0,Fresh,Surface,Ohio River,Ohio River
KY,Ghent,2024,9,Conventional Steam Coal,964640.0,10502374.0,586.74,3021.0,608.0,277.0,56.0,2880.0,20.0,Fresh,Surface,Ohio River,Ohio River
KY,Ghent,2024,10,Conventional Steam Coal,800417.0,8583757.0,918.37,3653.0,1147.0,341.0,107.0,2257.0,20.0,Fresh,Surface,Ohio River,Ohio River
KY,Ghent,2024,11,Conventional Steam Coal,638414.0,7082894.0,34.767,2022.0,54.0,182.0,5.0,1706.0,20.0,Fresh,Surface,Ohio River,Ohio River
KY,Ghent,2024,12,Conventional Steam Coal,978986.0,10769866.0,192.51,1733.0,197.0,158.0,18.0,2976.0,20.0,Fresh,Surface,Ohio River,Ohio River
KY,Mill Creek (KY),2024,1,Conventional Steam Coal,154249.0,1674853.0,10.0,42412.0,65.0,3906.0,6.0,699.0,10.0,Fresh,Surface,Ohio River,Ohio River
KY,Mill Creek (KY),2024,2,Conventional Steam Coal,154524.0,1622455.0,10.0,41113.0,65.0,3916.0,6.0,696.0,10.0,Fresh,Surface,Ohio River,Ohio River
KY,Mill Creek (KY),2024,3,Conventional Steam Coal,187266.0,1946777.0,10.0,34112.0,53.0,3281.0,5.0,672.0,10.0,Fresh,Surface,Ohio River,Ohio River
KY,Mill Creek (KY),2024,4,Conventional Steam Coal,71283.0,751478.0,6.0,58766.0,84.0,5574.0,8.0,485.0,10.0,Fresh,Surface,Ohio River,Ohio River
KY,Mill Creek (KY),2024,5,Conventional Steam Coal,32475.0,366685.0,6.0,122248.0,185.0,10827.0,16.0,466.0,10.0,Fresh,Surface,Ohio River,Ohio River
KY,Mill Creek (KY),2024,6,Conventional Steam Coal,15476.0,196266.0,5.0,216400.0,323.0,17064.0,25.0,370.0,10.0,Fresh,Surface,Ohio River,Ohio River
KY,Mill Creek (KY),2024,11,Conventional Steam Coal,156590.0,1687115.0,10.0,43592.0,64.0,4046.0,6.0,718.0,10.0,Fresh,Surface,Ohio River,Ohio River
KY,Mill Creek (KY),2024,12,Conventional Steam Coal,63427.0,710065.0,6.0,65871.0,95.0,5884.0,8.0,744.0,10.0,Fresh,Surface,Ohio River,Ohio River
KY,Mill Creek (KY),2024,1,Conventional Steam Coal,169457.0,1816048.0,111.0,773.0,655.0,72.0,61.0,744.0,10.0,Fresh,Surface,Ohio River,Ohio River
KY,Mill Creek (KY),2024,2,Conventional Steam Coal,143289.0,1489090.0,94.0,775.0,656.0,75.0,63.0,696.0,10.0,Fresh,Surface,Ohio River,Ohio River
KY,Mill Creek (KY),2024,3,Conventional Steam Coal,115964.0,1229221.0,77.0,854.0,664.0,81.0,63.0,536.0,10.0,Fresh,Surface,Ohio River,Ohio River
KY,Mill Creek (KY),2024,4,Conventional Steam Coal,69435.0,724362.0,46.0,1023.0,662.0,98.0,64.0,321.0,10.0,Fresh,Surface,Ohio River,Ohio River
KY,Mill Creek (KY),2024,5,Conventional Steam Coal,112266.0,1228392.0,74.0,1007.0,659.0,92.0,60.0,744.0,10.0,Fresh,Surface,Ohio River,Ohio River
KY,Mill Creek (KY),2024,6,Conventional Steam Coal,126642.0,1383788.0,84.0,1011.0,663.0,92.0,61.0,720.0,10.0,Fresh,Surface,Ohio River,Ohio River
KY,Mill Creek (KY),2024,7,Conventional Steam Coal,151816.0,1645228.0,100.0,1054.0,659.0,97.0,61.0,744.0,10.0,Fresh,Surface,Ohio River,Ohio River
KY,Mill Creek (KY),2024,8,Conventional Steam Coal,142717.0,1556384.0,95.0,1023.0,666.0,94.0,61.0,744.0,10.0,Fresh,Surface,Ohio River,Ohio River
KY,Mill Creek (KY),2024,9,Conventional Steam Coal,148479.0,1595837.0,97.0,882.0,653.0,82.0,61.0,720.0,10.0,Fresh,Surface,Ohio River,Ohio River
KY,Mill Creek (KY),2024,10,Conventional Steam Coal,152851.0,1662510.0,101.0,857.0,661.0,79.0,61.0,744.0,10.0,Fresh,Surface,Ohio River,Ohio River
KY,Mill Creek (KY),2024,11,Conventional Steam Coal,161369.0,1763086.0,107.0,911.0,663.0,83.0,61.0,720.0,10.0,Fresh,Surface,Ohio River,Ohio River
KY,Mill Creek (KY),2024,12,Conventional Steam Coal,136258.0,1508102.0,90.0,837.0,661.0,76.0,60.0,744.0,10.0,Fresh,Surface,Ohio River,Ohio River
KY,Mill Creek (KY),2024,1,Conventional Steam Coal,220206.0,2213902.0,144.0,727.0,654.0,72.0,65.0,744.0,10.0,Fresh,Surface,Ohio River,Ohio River
KY,Mill Creek (KY),2024,2,Conventional Steam Coal,169717.0,1678791.0,112.0,695.0,660.0,70.0,67.0,696.0,10.0,Fresh,Surface,Ohio River,Ohio River
KY,Mill Creek (KY),2024,3,Conventional Steam Coal,6482.0,68904.0,5.0,1234.0,771.0,116.0,73.0,599.0,10.0,Fresh,Surface,Ohio River,Ohio River
KY,Mill Creek (KY),2024,5,Conventional Steam Coal,160204.0,1756800.0,106.0,874.0,662.0,80.0,60.0,744.0,10.0,Fresh,Surface,Ohio River,Ohio River
KY,Mill Creek (KY),2024,6,Conventional Steam Coal,195646.0,2030508.0,129.0,920.0,659.0,89.0,64.0,720.0,10.0,Fresh,Surface,Ohio River,Ohio River
KY,Mill Creek (KY),2024,7,Conventional Steam Coal,207558.0,2117803.0,136.0,853.0,655.0,84.0,64.0,744.0,10.0,Fresh,Surface,Ohio River,Ohio River
KY,Mill Creek (KY),2024,8,Conventional Steam Coal,168910.0,1751885.0,112.0,1107.0,663.0,107.0,64.0,744.0,10.0,Fresh,Surface,Ohio River,Ohio River
KY,Mill Creek (KY),2024,9,Conventional Steam Coal,140131.0,1444244.0,93.0,814.0,664.0,79.0,64.0,704.0,10.0,Fresh,Surface,Ohio River,Ohio River
KY,Mill Creek (KY),2024,10,Conventional Steam Coal,147042.0,1539836.0,97.0,782.0,660.0,75.0,63.0,688.0,10.0,Fresh,Surface,Ohio River,Ohio River
KY,Mill Creek (KY),2024,11,Conventional Steam Coal,166203.0,1758493.0,110.0,812.0,662.0,77.0,63.0,713.0,10.0,Fresh,Surface,Ohio River,Ohio River
KY,Mill Creek (KY),2024,12,Conventional Steam Coal,136658.0,1440601.0,91.0,849.0,666.0,81.0,63.0,744.0,10.0,Fresh,Surface,Ohio River,Ohio River
KY,Mill Creek (KY),2024,1,Conventional Steam Coal,240684.0,2409446.0,138.0,927.0,573.0,93.0,57.0,744.0,10.0,Fresh,Surface,Ohio River,Ohio River
KY,Mill Creek (KY),2024,2,Conventional Steam Coal,224672.0,2181079.0,129.0,1082.0,574.0,111.0,59.0,696.0,10.0,Fresh,Surface,Ohio River,Ohio River
KY,Mill Creek (KY),2024,3,Conventional Steam Coal,318009.0,3062946.0,182.0,818.0,572.0,85.0,59.0,744.0,10.0,Fresh,Surface,Ohio River,Ohio River
KY,Mill Creek (KY),2024,4,Conventional Steam Coal,225354.0,2175461.0,130.0,856.0,577.0,89.0,60.0,625.0,10.0,Fresh,Surface,Ohio River,Ohio River
KY,Mill Creek (KY),2024,5,Conventional Steam Coal,243272.0,2385714.0,140.0,904.0,575.0,92.0,59.0,744.0,10.0,Fresh,Surface,Ohio River,Ohio River
KY,Mill Creek (KY),2024,6,Conventional Steam Coal,255039.0,2454469.0,146.0,949.0,572.0,99.0,59.0,720.0,10.0,Fresh,Surface,Ohio River,Ohio River
KY,Mill Creek (KY),2024,7,Conventional Steam Coal,258586.0,2461033.0,148.0,951.0,572.0,100.0,60.0,744.0,10.0,Fresh,Surface,Ohio River,Ohio River
KY,Mill Creek (KY),2024,8,Conventional Steam Coal,253005.0,2447252.0,145.0,929.0,573.0,96.0,59.0,744.0,10.0,Fresh,Surface,Ohio River,Ohio River
KY,Mill Creek (KY),2024,9,Conventional Steam Coal,237226.0,2512170.0,137.0,940.0,578.0,89.0,55.0,720.0,10.0,Fresh,Surface,Ohio River,Ohio River
KY,Mill Creek (KY),2024,10,Conventional Steam Coal,259935.0,2662039.0,149.0,931.0,573.0,91.0,56.0,744.0,10.0,Fresh,Surface,Ohio River,Ohio River
KY,Mill Creek (KY),2024,11,Conventional Steam Coal,6340.0,84645.0,5.0,2681.0,789.0,201.0,59.0,105.0,10.0,Fresh,Surface,Ohio River,Ohio River
KY,Mill Creek (KY),2024,12,Conventional Steam Coal,225179.0,2293707.0,129.0,626.0,573.0,61.0,56.0,744.0,10.0,Fresh,Surface,Ohio River,Ohio River
LA,R S Nelson,2024,1,Conventional Steam Coal,318523.0,3421907.0,71.92,266.0,226.0,25.0,21.0,744.0,,Fresh,Surface,Sabine River Authority Canal,Sabine River Authority Canal
LA,R S Nelson,2024,2,Conventional Steam Coal,112857.0,1431578.0,7.534,79.0,67.0,6.0,5.0,528.0,,Fresh,Surface,Sabine River Authority Canal,Sabine River Authority Canal
LA,R S Nelson,2024,3,Conventional Steam Coal,138922.0,1963250.0,21.859,185.0,157.0,13.0,11.0,672.0,,Fresh,Surface,Sabine River Authority Canal,Sabine River Authority Canal
LA,R S Nelson,2024,4,Conventional Steam Coal,8006.0,94588.0,4.142,609.0,517.0,52.0,44.0,96.0,,Fresh,Surface,Sabine River Authority Canal,Sabine River Authority Canal
LA,R S Nelson,2024,5,Conventional Steam Coal,3657.0,62386.0,1.324,426.0,362.0,25.0,21.0,24.0,,Fresh,Surface,Sabine River Authority Canal,Sabine River Authority Canal
LA,R S Nelson,2024,6,Conventional Steam Coal,233075.0,2720167.0,40.153,203.0,172.0,17.0,15.0,720.0,,Fresh,Surface,Sabine River Authority Canal,Sabine River Authority Canal
LA,R S Nelson,2024,7,Conventional Steam Coal,87134.0,1045226.0,0.921,12.0,11.0,1.0,1.0,336.0,,Fresh,Surface,Sabine River Authority Canal,Sabine River Authority Canal
LA,R S Nelson,2024,9,Conventional Steam Coal,201471.0,2451782.0,7.344,43.0,36.0,4.0,3.0,720.0,,Fresh,Surface,Sabine River Authority Canal,Sabine River Authority Canal
LA,R S Nelson,2024,10,Conventional Steam Coal,64197.0,792585.0,3.121,57.0,49.0,5.0,4.0,264.0,,Fresh,Surface,Sabine River Authority Canal,Sabine River Authority Canal
LA,R S Nelson,2024,11,Conventional Steam Coal,66461.0,867739.0,2.938,52.0,44.0,4.0,3.0,264.0,,Fresh,Surface,Sabine River Authority Canal,Sabine River Authority Canal
LA,R S Nelson,2024,12,Conventional Steam Coal,156435.0,1807264.0,3.488,26.0,22.0,2.0,2.0,384.0,,Fresh,Surface,Sabine River Authority Canal,Sabine River Authority Canal
LA,Arsenal Hill,2024,1,Natural Gas Steam Turbine,16236.0,192923.0,12.566,32465.0,774.0,2732.0,65.0,251.0,17.0,Reclaimed,Discharge,Arsenal Hill Cooling Pond,Arsenal Hill Cooling Pond
LA,Arsenal Hill,2024,2,Natural Gas Steam Turbine,1431.0,23053.0,1.316,57233.0,920.0,3553.0,57.0,39.0,17.0,Reclaimed,Discharge,Arsenal Hill Cooling Pond,Arsenal Hill Cooling Pond
LA,Arsenal Hill,2024,3,Natural Gas Steam Turbine,10471.0,123183.0,9.421,35498.0,900.0,3017.0,76.0,177.0,17.0,Reclaimed,Discharge,Arsenal Hill Cooling Pond,Arsenal Hill Cooling Pond
LA,Arsenal Hill,2024,4,Natural Gas Steam Turbine,38047.0,462380.0,34.218,35387.0,899.0,2912.0,74.0,641.0,17.0,Reclaimed,Discharge,Arsenal Hill Cooling Pond,Arsenal Hill Cooling Pond
LA,Arsenal Hill,2024,5,Natural Gas Steam Turbine,7211.0,78916.0,6.477,33782.0,898.0,3087.0,82.0,116.0,17.0,Reclaimed,Discharge,Arsenal Hill Cooling Pond,Arsenal Hill Cooling Pond
LA,Arsenal Hill,2024,6,Natural Gas Steam Turbine,13995.0,174271.0,12.715,32550.0,909.0,2614.0,73.0,217.0,17.0,Reclaimed,Discharge,Arsenal Hill Cooling Pond,Arsenal Hill Cooling Pond
LA,Arsenal Hill,2024,7,Natural Gas Steam Turbine,14365.0,178089.0,12.969,39363.0,903.0,3175.0,73.0,269.0,17.0,Reclaimed,Discharge,Arsenal Hill Cooling Pond,Arsenal Hill Cooling Pond
LA,Arsenal Hill,2024,8,Natural Gas Steam Turbine,34141.0,427633.0,30.813,38579.0,903.0,3080.0,72.0,627.0,17.0,Reclaimed,Discharge,Arsenal Hill Cooling Pond,Arsenal Hill Cooling Pond
LA,Arsenal Hill,2024,9,Natural Gas Steam Turbine,7204.0,85877.0,6.507,39353.0,903.0,3301.0,76.0,135.0,17.0,Reclaimed,Discharge,Arsenal Hill Cooling Pond,Arsenal Hill Cooling Pond
LA,Arsenal Hill,2024,10,Natural Gas Steam Turbine,17754.0,215892.0,15.784,27087.0,889.0,2228.0,73.0,229.0,17.0,Reclaimed,Discharge,Arsenal Hill Cooling Pond,Arsenal Hill Cooling Pond
LA,Arsenal Hill,2024,11,Natural Gas Steam Turbine,25244.0,299081.0,22.63,29449.0,896.0,2486.0,76.0,354.0,17.0,Reclaimed,Discharge,Arsenal Hill Cooling Pond,Arsenal Hill Cooling Pond
LA,Arsenal Hill,2024,12,Natural Gas Steam Turbine,5958.0,75005.0,5.426,49345.0,911.0,3920.0,72.0,140.0,17.0,Reclaimed,Discharge,Arsenal Hill Cooling Pond,Arsenal Hill Cooling Pond
LA,Lieberman,2024,1,Natural Gas Steam Turbine,19792.0,226240.0,4.356,111329.0,220.0,9739.0,19.0,744.0,10.0,Fresh,Surface,Caddo Lake,Caddo Lake
LA,Lieberman,2024,4,Natural Gas Steam Turbine,17198.0,199862.0,5.907,129046.0,343.0,11104.0,30.0,720.0,10.0,Fresh,Surface,Caddo Lake,Caddo Lake
LA,Lieberman,2024,5,Natural Gas Steam Turbine,22542.0,277583.0,8.145,196402.0,361.0,15949.0,29.0,744.0,10.0,Fresh,Surface,Caddo Lake,Caddo Lake
LA,Lieberman,2024,6,Natural Gas Steam Turbine,16011.0,188037.0,5.76,284032.0,360.0,24185.0,31.0,720.0,10.0,Fresh,Surface,Caddo Lake,Caddo Lake
LA,Lieberman,2024,7,Natural Gas Steam Turbine,22320.0,280680.0,8.101,196271.0,363.0,15608.0,29.0,744.0,10.0,Fresh,Surface,Caddo Lake,Caddo Lake
LA,Lieberman,2024,8,Natural Gas Steam Turbine,35135.0,424201.0,12.802,136091.0,364.0,11272.0,30.0,744.0,10.0,Fresh,Surface,Caddo Lake,Caddo Lake
LA,Lieberman,2024,9,Natural Gas Steam Turbine,4849.0,61274.0,1.652,142433.0,341.0,11272.0,27.0,720.0,10.0,Fresh,Surface,Caddo Lake,Caddo Lake
LA,Lieberman,2024,10,Natural Gas Steam Turbine,18558.0,219465.0,5.966,183018.0,321.0,15476.0,27.0,744.0,10.0,Fresh,Surface,Caddo Lake,Caddo Lake
LA,Lieberman,2024,11,Natural Gas Steam Turbine,16735.0,187864.0,1.889,81796.0,113.0,7286.0,10.0,720.0,10.0,Fresh,Surface,Caddo Lake,Caddo Lake
LA,Lieberman,2024,12,Natural Gas Steam Turbine,7113.0,84235.0,1.889,192445.0,266.0,16251.0,22.0,744.0,10.0,Fresh,Surface,Caddo Lake,Caddo Lake
LA,Big Cajun 1,2024,1,Natural Gas Steam Turbine,196.0,2834.0,0.21,4260.0,1071.0,295.0,74.0,11.0,,Fresh,Ground,Wells,Mississippi River
LA,Big Cajun 1,2024,4,Natural Gas Steam Turbine,2538.0,31658.0,2.134,3370.0,841.0,270.0,67.0,75.0,,Fresh,Ground,Wells,Mississippi River
LA,Big Cajun 1,2024,5,Natural Gas Steam Turbine,3920.0,49037.0,3.312,4325.0,845.0,346.0,68.0,116.0,,Fresh,Ground,Wells,Mississippi River
LA,Big Cajun 1,2024,6,Natural Gas Steam Turbine,4235.0,53606.0,3.633,2338.0,858.0,185.0,68.0,121.0,,Fresh,Ground,Wells,Mississippi River
LA,Big Cajun 1,2024,7,Natural Gas Steam Turbine,7353.0,94331.0,6.424,2498.0,874.0,195.0,68.0,222.0,,Fresh,Ground,Wells,Mississippi River
LA,Big Cajun 1,2024,8,Natural Gas Steam Turbine,15878.0,189871.0,13.401,2337.0,844.0,195.0,71.0,432.0,,Fresh,Ground,Wells,Mississippi River
LA,Big Cajun 1,2024,9,Natural Gas Steam Turbine,9265.0,118899.0,8.083,1556.0,872.0,121.0,68.0,244.0,,Fresh,Ground,Wells,Mississippi River
LA,Big Cajun 1,2024,10,Natural Gas Steam Turbine,6946.0,86823.0,5.87,2434.0,845.0,195.0,68.0,199.0,,Fresh,Ground,Wells,Mississippi River
LA,Big Cajun 1,2024,11,Natural Gas Steam Turbine,3471.0,44856.0,3.076,2268.0,886.0,175.0,69.0,96.0,,Fresh,Ground,Wells,Mississippi River
LA,Big Cajun 1,2024,1,Natural Gas Steam Turbine,2285.0,29644.0,2.111,4040.0,924.0,311.0,71.0,68.0,,Fresh,Ground,Wells,Mississippi  River
LA,Big Cajun 1,2024,4,Natural Gas Steam Turbine,248.0,3918.0,0.311,3395.0,1254.0,215.0,79.0,22.0,,Fresh,Ground,Wells,Mississippi  River
LA,Big Cajun 1,2024,5,Natural Gas Steam Turbine,2070.0,27914.0,2.009,4235.0,971.0,314.0,72.0,76.0,,Fresh,Ground,Wells,Mississippi  River
LA,Big Cajun 1,2024,6,Natural Gas Steam Turbine,4257.0,54877.0,3.858,2307.0,906.0,179.0,70.0,119.0,,Fresh,Ground,Wells,Mississippi  River
LA,Big Cajun 1,2024,7,Natural Gas Steam Turbine,3841.0,51362.0,3.674,2478.0,957.0,185.0,72.0,120.0,,Fresh,Ground,Wells,Mississippi  River
LA,Big Cajun 1,2024,8,Natural Gas Steam Turbine,4505.0,58526.0,4.134,2320.0,918.0,179.0,71.0,125.0,,Fresh,Ground,Wells,Mississippi  River
LA,Big Cajun 1,2024,9,Natural Gas Steam Turbine,7304.0,95931.0,6.8,1570.0,931.0,120.0,71.0,199.0,,Fresh,Ground,Wells,Mississippi  River
LA,Big Cajun 1,2024,10,Natural Gas Steam Turbine,7.0,246.0,0.027,3857.0,3857.0,110.0,110.0,3.0,,Fresh,Ground,Wells,Mississippi  River
LA,Big Cajun 1,2024,11,Natural Gas Steam Turbine,2662.0,35151.0,2.506,2243.0,941.0,170.0,71.0,78.0,,Fresh,Ground,Wells,Mississippi  River
LA,Big Cajun 1,2024,12,Natural Gas Steam Turbine,26.0,1120.0,0.107,182000.0,4115.0,4224.0,96.0,9.0,,Fresh,Ground,Wells,Mississippi  River
MD,Vienna Operations,2024,1,Petroleum Liquids,3547.0,53066.0,1.167,329.0,329.0,22.0,22.0,10.0,8.0,Brackish,Surface,Nanticoke River,Nanticoke River
MD,Vienna Operations,2024,7,Petroleum Liquids,2263.0,29489.0,1.208,534.0,534.0,41.0,41.0,11.0,8.0,Brackish,Surface,Nanticoke River,Nanticoke River
MD,Vienna Operations,2024,8,Petroleum Liquids,948.0,18228.0,0.339,358.0,358.0,19.0,19.0,3.0,8.0,Brackish,Surface,Nanticoke River,Nanticoke River
MD,Chalk Point Power,2024,1,Natural Gas Steam Turbine,11806.0,163754.0,3.467,587.0,294.0,42.0,21.0,84.0,15.0,Brackish,Surface,Patuxent River,Patuxent River
MD,Chalk Point Power,2024,4,Natural Gas Steam Turbine,20905.0,238922.0,6.686,640.0,320.0,56.0,28.0,75.0,15.0,Brackish,Surface,Patuxent River,Patuxent River
MD,Chalk Point Power,2024,5,Natural Gas Steam Turbine,109076.0,1166425.0,33.953,623.0,311.0,58.0,29.0,360.0,15.0,Brackish,Surface,Patuxent River,Patuxent River
MD,Chalk Point Power,2024,6,Natural Gas Steam Turbine,145621.0,1556803.0,23.619,324.0,162.0,30.0,15.0,444.0,15.0,Brackish,Surface,Patuxent River,Patuxent River
MD,Chalk Point Power,2024,7,Natural Gas Steam Turbine,96285.0,1047291.0,30.072,625.0,312.0,57.0,29.0,203.0,15.0,Brackish,Surface,Patuxent River,Patuxent River
MD,Chalk Point Power,2024,8,Natural Gas Steam Turbine,92730.0,1090974.0,29.277,631.0,316.0,54.0,27.0,218.0,15.0,Brackish,Surface,Patuxent River,Patuxent River
MD,Chalk Point Power,2024,12,Natural Gas Steam Turbine,11382.0,183936.0,9.211,1619.0,809.0,100.0,50.0,653.0,15.0,Brackish,Surface,Patuxent River,Patuxent River
MD,Chalk Point Power,2024,1,Natural Gas Steam Turbine,11275.0,152775.0,6.5,1153.0,576.0,85.0,43.0,70.0,15.0,Brackish,Surface,Patuxent River,Patuxent River
MD,Chalk Point Power,2024,4,Natural Gas Steam Turbine,62758.0,670807.0,20.025,638.0,319.0,60.0,30.0,132.0,15.0,Brackish,Surface,Patuxent River,Patuxent River
MD,Chalk Point Power,2024,7,Natural Gas Steam Turbine,187098.0,2022462.0,60.376,645.0,323.0,60.0,30.0,408.0,15.0,Brackish,Surface,Patuxent River,Patuxent River
MD,Chalk Point Power,2024,8,Natural Gas Steam Turbine,114562.0,1330406.0,38.745,676.0,338.0,58.0,29.0,251.0,15.0,Brackish,Surface,Patuxent River,Patuxent River
MI,Dan E Karn,2024,1,Natural Gas Steam Turbine,21098.0,404043.0,0.224,11.0,11.0,1.0,1.0,214.0,,Fresh,Surface,Saginaw River,Lake Huron
MI,Dan E Karn,2024,6,Natural Gas Steam Turbine,18537.0,443758.0,0.236,13.0,13.0,1.0,1.0,213.0,,Fresh,Surface,Saginaw River,Lake Huron
MI,Dan E Karn,2024,7,Natural Gas Steam Turbine,20833.0,477068.0,0.269,13.0,13.0,1.0,1.0,177.0,,Fresh,Surface,Saginaw River,Lake Huron
MI,Dan E Karn,2024,8,Natural Gas Steam Turbine,16482.0,281199.0,0.15,9.0,9.0,1.0,1.0,110.0,,Fresh,Surface,Saginaw River,Lake Huron
MI,Dan E Karn,2024,9,Natural Gas Steam Turbine,141.0,46348.0,0.025,177.0,177.0,1.0,1.0,25.0,,Fresh,Surface,Saginaw River,Lake Huron
MI,Monroe (MI),2024,1,Conventional Steam Coal,1198484.0,12063051.0,663.192,34289.0,553.0,3407.0,55.0,744.0,,Fresh,Surface,Raisin River,Lake Erie
MI,Monroe (MI),2024,2,Conventional Steam Coal,740023.0,12028785.0,479.408,55315.0,648.0,3403.0,40.0,696.0,,Fresh,Surface,Raisin River,Lake Erie
MI,Monroe (MI),2024,3,Conventional Steam Coal,383926.0,4317715.0,257.289,84744.0,670.0,7535.0,60.0,406.0,,Fresh,Surface,Raisin River,Lake Erie
MI,Monroe (MI),2024,4,Conventional Steam Coal,972497.0,10136064.0,606.647,40554.0,624.0,3891.0,60.0,720.0,,Fresh,Surface,Raisin River,Lake Erie
MI,Monroe (MI),2024,5,Conventional Steam Coal,1095182.0,11111145.0,707.615,50724.0,646.0,5000.0,64.0,744.0,,Fresh,Surface,Raisin River,Lake Erie
MI,Monroe (MI),2024,6,Conventional Steam Coal,1412848.0,13832258.0,958.503,41024.0,678.0,4190.0,69.0,720.0,,Fresh,Surface,Raisin River,Lake Erie
MI,Monroe (MI),2024,7,Conventional Steam Coal,1465756.0,14826455.0,1042.927,40179.0,712.0,3972.0,70.0,744.0,,Fresh,Surface,Raisin River,Lake Erie
MI,Monroe (MI),2024,8,Conventional Steam Coal,1407835.0,14842576.0,1053.868,42542.0,749.0,4035.0,71.0,744.0,,Fresh,Surface,Raisin River,Lake Erie
MI,Monroe (MI),2024,9,Conventional Steam Coal,1211136.0,12937970.0,841.493,41530.0,695.0,3888.0,65.0,720.0,,Fresh,Surface,Raisin River,Lake Erie
MI,Monroe (MI),2024,10,Conventional Steam Coal,1388482.0,14436154.0,899.746,42864.0,648.0,4123.0,62.0,741.0,,Fresh,Surface,Raisin River,Lake Erie
MI,Monroe (MI),2024,11,Conventional Steam Coal,699392.0,7071673.0,438.469,55229.0,627.0,5462.0,62.0,667.0,,Fresh,Surface,Raisin River,Lake Erie
MI,Monroe (MI),2024,12,Conventional Steam Coal,1142843.0,11521088.0,627.992,34403.0,549.0,3413.0,55.0,744.0,,Fresh,Surface,Raisin River,Lake Erie
MN,Clay Boswell,2024,1,Conventional Steam Coal,225194.0,2445396.0,90.2,525.0,401.0,48.0,37.0,695.0,13.0,Fresh,Surface,North Blackwater Lake,North Blackwater Lake
MN,Clay Boswell,2024,2,Conventional Steam Coal,146495.0,1637827.0,78.03,688.0,533.0,62.0,48.0,656.0,13.0,Fresh,Surface,North Blackwater Lake,North Blackwater Lake
MN,Clay Boswell,2024,3,Conventional Steam Coal,108807.0,1210980.0,62.37,733.0,573.0,66.0,52.0,577.0,13.0,Fresh,Surface,North Blackwater Lake,North Blackwater Lake
MN,Clay Boswell,2024,4,Conventional Steam Coal,133954.0,1580545.0,78.43,720.0,585.0,61.0,50.0,607.0,13.0,Fresh,Surface,North Blackwater Lake,North Blackwater Lake
MN,Clay Boswell,2024,5,Conventional Steam Coal,5002.0,38956.0,1.54,362.0,308.0,46.0,40.0,22.0,13.0,Fresh,Surface,North Blackwater Lake,North Blackwater Lake
MN,Clay Boswell,2024,7,Conventional Steam Coal,34401.0,436955.0,7.46,363.0,217.0,29.0,17.0,152.0,13.0,Fresh,Surface,North Blackwater Lake,North Blackwater Lake
MN,Clay Boswell,2024,8,Conventional Steam Coal,124586.0,1437829.0,81.38,842.0,653.0,73.0,57.0,685.0,13.0,Fresh,Surface,North Blackwater Lake,North Blackwater Lake
MN,Clay Boswell,2024,9,Conventional Steam Coal,108122.0,1242381.0,55.26,647.0,511.0,56.0,44.0,551.0,13.0,Fresh,Surface,North Blackwater Lake,North Blackwater Lake
MN,Clay Boswell,2024,10,Conventional Steam Coal,122696.0,1300844.0,53.17,579.0,433.0,55.0,41.0,593.0,13.0,Fresh,Surface,North Blackwater Lake,North Blackwater Lake
MN,Clay Boswell,2024,11,Conventional Steam Coal,144014.0,1563953.0,28.67,319.0,199.0,29.0,18.0,548.0,13.0,Fresh,Surface,North Blackwater Lake,North Blackwater Lake
MN,Clay Boswell,2024,12,Conventional Steam Coal,241227.0,2854994.0,92.45,511.0,383.0,43.0,32.0,742.0,13.0,Fresh,Surface,North Blackwater Lake,North Blackwater Lake
MN,Clay Boswell,2024,1,Conventional Steam Coal,383914.0,4165904.0,105.23,341.0,274.0,31.0,25.0,743.0,14.0,Fresh,Surface,North Blackwater Lake,North Blackwater Lake
MN,Clay Boswell,2024,2,Conventional Steam Coal,254956.0,2741020.0,52.47,289.0,206.0,27.0,19.0,628.0,14.0,Fresh,Surface,North Blackwater Lake,North Blackwater Lake
MN,Clay Boswell,2024,3,Conventional Steam Coal,246746.0,2743191.0,46.1,287.0,187.0,26.0,17.0,742.0,14.0,Fresh,Surface,North Blackwater Lake,North Blackwater Lake
MN,Clay Boswell,2024,4,Conventional Steam Coal,178430.0,1838530.0,43.21,347.0,242.0,34.0,24.0,543.0,14.0,Fresh,Surface,North Blackwater Lake,North Blackwater Lake
MN,Clay Boswell,2024,5,Conventional Steam Coal,260791.0,2861314.0,65.73,348.0,252.0,32.0,23.0,735.0,14.0,Fresh,Surface,North Blackwater Lake,North Blackwater Lake
MN,Clay Boswell,2024,6,Conventional Steam Coal,211754.0,2484470.0,42.27,292.0,200.0,25.0,17.0,719.0,14.0,Fresh,Surface,North Blackwater Lake,North Blackwater Lake
MN,Clay Boswell,2024,7,Conventional Steam Coal,254102.0,2940773.0,20.83,180.0,82.0,16.0,7.0,701.0,14.0,Fresh,Surface,North Blackwater Lake,North Blackwater Lake
MN,Clay Boswell,2024,8,Conventional Steam Coal,236290.0,2824408.0,17.98,218.0,76.0,18.0,6.0,743.0,14.0,Fresh,Surface,North Blackwater Lake,North Blackwater Lake
MN,Clay Boswell,2024,9,Conventional Steam Coal,211855.0,2402712.0,23.39,244.0,110.0,21.0,10.0,680.0,14.0,Fresh,Surface,North Blackwater Lake,North Blackwater Lake
MN,Clay Boswell,2024,10,Conventional Steam Coal,185755.0,2066524.0,32.26,306.0,174.0,28.0,16.0,556.0,14.0,Fresh,Surface,North Blackwater Lake,North Blackwater Lake
MN,Clay Boswell,2024,11,Conventional Steam Coal,276090.0,2982459.0,72.48,393.0,263.0,36.0,24.0,720.0,14.0,Fresh,Surface,North Blackwater Lake,North Blackwater Lake
MN,Clay Boswell,2024,12,Conventional Steam Coal,302546.0,2583159.0,65.53,311.0,217.0,36.0,25.0,627.0,14.0,Fresh,Surface,North Blackwater Lake,North Blackwater Lake
MN,Allen S King,2024,1,Conventional Steam Coal,305781.0,3004279.0,17.846,29177.0,58.0,2970.0,6.0,720.0,6.0,Fresh,Surface,Lake St. Croix,Lake St. Croix
MN,Allen S King,2024,2,Conventional Steam Coal,4915.0,95269.0,0.088,8929.0,18.0,461.0,1.0,48.0,6.0,Fresh,Surface,Lake St. Croix,Lake St. Croix
MN,Allen S King,2024,7,Conventional Steam Coal,148004.0,1588849.0,18.662,63047.0,126.0,5873.0,12.0,600.0,6.0,Fresh,Surface,Lake St. Croix,Lake St. Croix
MN,Allen S King,2024,8,Conventional Steam Coal,111573.0,1187039.0,6.646,29785.0,60.0,2800.0,6.0,360.0,6.0,Fresh,Surface,Lake St. Croix,Lake St. Croix
MS,Jack Watson,2024,1,Natural Gas Steam Turbine,60677.0,709607.0,80.245,2090.0,1322.0,179.0,113.0,310.0,15.0,Brackish,Surface,Biloxi River,Back Bay of Biloxi
MS,Jack Watson,2024,2,Natural Gas Steam Turbine,7669.0,109629.0,15.084,1967.0,1967.0,138.0,138.0,58.0,15.0,Brackish,Surface,Biloxi River,Back Bay of Biloxi
MS,Jack Watson,2024,4,Natural Gas Steam Turbine,43183.0,506029.0,57.915,1349.0,1341.0,115.0,114.0,224.0,15.0,Brackish,Surface,Biloxi River,Back Bay of Biloxi
MS,Jack Watson,2024,5,Natural Gas Steam Turbine,176526.0,1883622.0,168.665,1590.0,955.0,149.0,90.0,652.0,15.0,Brackish,Surface,Biloxi River,Back Bay of Biloxi
MS,Jack Watson,2024,6,Natural Gas Steam Turbine,216312.0,2274426.0,185.976,1292.0,860.0,123.0,82.0,720.0,15.0,Brackish,Surface,Biloxi River,Back Bay of Biloxi
MS,Jack Watson,2024,7,Natural Gas Steam Turbine,196527.0,2076907.0,169.75,1037.0,864.0,98.0,82.0,657.0,15.0,Brackish,Surface,Biloxi River,Back Bay of Biloxi
MS,Jack Watson,2024,8,Natural Gas Steam Turbine,221776.0,2349321.0,192.175,1015.0,867.0,96.0,82.0,744.0,15.0,Brackish,Surface,Biloxi River,Back Bay of Biloxi
MS,Jack Watson,2024,9,Natural Gas Steam Turbine,186847.0,1993591.0,185.976,1561.0,995.0,146.0,93.0,720.0,15.0,Brackish,Surface,Biloxi River,Back Bay of Biloxi
MS,Jack Watson,2024,10,Natural Gas Steam Turbine,183230.0,1960519.0,192.175,1522.0,1049.0,142.0,98.0,744.0,15.0,Brackish,Surface,Biloxi River,Back Bay of Biloxi
MS,Jack Watson,2024,11,Natural Gas Steam Turbine,153348.0,1671026.0,186.234,1853.0,1214.0,170.0,111.0,720.0,15.0,Brackish,Surface,Biloxi River,Back Bay of Biloxi
MS,Jack Watson,2024,12,Natural Gas Steam Turbine,104635.0,1149871.0,145.595,2300.0,1391.0,209.0,127.0,563.0,15.0,Brackish,Surface,Biloxi River,Back Bay of Biloxi
MS,Jack Watson,2024,1,Natural Gas Steam Turbine,73485.0,758766.0,100.44,73990.0,1367.0,7166.0,132.0,744.0,15.0,Brackish,Surface,Biloxi River,Back Bay of Biloxi
MS,Jack Watson,2024,2,Natural Gas Steam Turbine,41933.0,455262.0,66.244,83653.0,1580.0,7705.0,146.0,490.0,15.0,Brackish,Surface,Biloxi River,Back Bay of Biloxi
MS,Jack Watson,2024,3,Natural Gas Steam Turbine,16123.0,183894.0,23.26,87027.0,1443.0,7630.0,126.0,172.0,15.0,Brackish,Surface,Biloxi River,Back Bay of Biloxi
MS,Jack Watson,2024,4,Natural Gas Steam Turbine,7346.0,91046.0,8.248,71628.0,1123.0,5779.0,91.0,61.0,15.0,Brackish,Surface,Biloxi River,Back Bay of Biloxi
MS,Jack Watson,2024,5,Natural Gas Steam Turbine,103465.0,1067327.0,100.44,50855.0,971.0,4930.0,94.0,744.0,15.0,Brackish,Surface,Biloxi River,Back Bay of Biloxi
MS,Jack Watson,2024,6,Natural Gas Steam Turbine,110789.0,1145237.0,97.2,47494.0,877.0,4594.0,85.0,720.0,15.0,Brackish,Surface,Biloxi River,Back Bay of Biloxi
MS,Jack Watson,2024,7,Natural Gas Steam Turbine,106347.0,1111173.0,93.294,47828.0,877.0,4577.0,84.0,691.0,15.0,Brackish,Surface,Biloxi River,Back Bay of Biloxi
MS,Jack Watson,2024,8,Natural Gas Steam Turbine,107300.0,1133352.0,97.742,50672.0,911.0,4797.0,86.0,724.0,15.0,Brackish,Surface,Biloxi River,Back Bay of Biloxi
MS,Jack Watson,2024,9,Natural Gas Steam Turbine,44229.0,474721.0,51.187,60888.0,1157.0,5673.0,108.0,379.0,15.0,Brackish,Surface,Biloxi River,Back Bay of Biloxi
MS,Jack Watson,2024,10,Natural Gas Steam Turbine,74350.0,809968.0,83.517,61334.0,1123.0,5630.0,103.0,618.0,15.0,Brackish,Surface,Biloxi River,Back Bay of Biloxi
MS,Jack Watson,2024,11,Natural Gas Steam Turbine,81042.0,855104.0,97.335,64926.0,1201.0,6153.0,114.0,720.0,15.0,Brackish,Surface,Biloxi River,Back Bay of Biloxi
MS,Jack Watson,2024,12,Natural Gas Steam Turbine,54281.0,581134.0,78.653,84011.0,1449.0,7847.0,135.0,582.0,15.0,Brackish,Surface,Biloxi River,Back Bay of Biloxi
MO,Lake Road (MO),2024,7,Natural Gas Steam Turbine,1249.0,278975.0,0.147,11841.0,118.0,53.0,1.0,529.0,,Fresh,Ground,Well,Missouri River
MO,Lake Road (MO),2024,8,Natural Gas Steam Turbine,949.0,274430.0,0.195,20528.0,205.0,71.0,1.0,658.0,,Fresh,Ground,Well,Missouri River
MO,New Madrid,2024,1,Conventional Steam Coal,367444.0,3814903.0,54.205,29504.0,148.0,2842.0,14.0,744.0,26.0,Fresh,Surface,Mississippi River,Mississippi River
MO,New Madrid,2024,2,Conventional Steam Coal,52606.0,599772.0,23.767,90359.0,452.0,7925.0,40.0,235.0,26.0,Fresh,Surface,Mississippi River,Mississippi River
MO,New Madrid,2024,3,Conventional Steam Coal,145335.0,1542914.0,22.301,30690.0,153.0,2891.0,14.0,480.0,26.0,Fresh,Surface,Mississippi River,Mississippi River
MO,New Madrid,2024,4,Conventional Steam Coal,131312.0,1376832.0,25.598,38988.0,195.0,3718.0,19.0,720.0,26.0,Fresh,Surface,Mississippi River,Mississippi River
MO,New Madrid,2024,5,Conventional Steam Coal,205736.0,2203574.0,43.785,42564.0,213.0,3974.0,20.0,744.0,26.0,Fresh,Surface,Mississippi River,Mississippi River
MO,New Madrid,2024,6,Conventional Steam Coal,244185.0,2650674.0,70.395,57657.0,288.0,5311.0,27.0,720.0,26.0,Fresh,Surface,Mississippi River,Mississippi River
MO,New Madrid,2024,7,Conventional Steam Coal,284811.0,3069963.0,74.044,51995.0,260.0,4824.0,24.0,744.0,26.0,Fresh,Surface,Mississippi River,Mississippi River
MO,New Madrid,2024,8,Conventional Steam Coal,217855.0,2404769.0,68.332,62732.0,314.0,5683.0,28.0,744.0,26.0,Fresh,Surface,Mississippi River,Mississippi River
MO,New Madrid,2024,9,Conventional Steam Coal,220256.0,2395519.0,48.772,44287.0,221.0,4072.0,20.0,720.0,26.0,Fresh,Surface,Mississippi River,Mississippi River
MO,New Madrid,2024,10,Conventional Steam Coal,256151.0,2654857.0,41.681,32544.0,163.0,3140.0,16.0,744.0,26.0,Fresh,Surface,Mississippi River,Mississippi River
MO,New Madrid,2024,11,Conventional Steam Coal,266403.0,2724622.0,53.329,40036.0,200.0,3915.0,20.0,720.0,26.0,Fresh,Surface,Mississippi River,Mississippi River
MO,New Madrid,2024,12,Conventional Steam Coal,357075.0,3470106.0,65.828,36870.0,184.0,3794.0,19.0,744.0,26.0,Fresh,Surface,Mississippi River,Mississippi River
MO,New Madrid,2024,1,Conventional Steam Coal,357644.0,3350587.0,57.111,31937.0,160.0,3409.0,17.0,744.0,26.0,Fresh,Surface,Mississippi River,Mississippi River
MO,New Madrid,2024,4,Conventional Steam Coal,285888.0,2762794.0,49.645,34730.0,174.0,3594.0,18.0,720.0,26.0,Fresh,Surface,Mississippi River,Mississippi River
MO,New Madrid,2024,5,Conventional Steam Coal,288550.0,2815287.0,60.718,42085.0,210.0,4313.0,22.0,744.0,26.0,Fresh,Surface,Mississippi River,Mississippi River
MO,New Madrid,2024,6,Conventional Steam Coal,193153.0,1942013.0,58.177,60240.0,301.0,5991.0,30.0,720.0,26.0,Fresh,Surface,Mississippi River,Mississippi River
MO,New Madrid,2024,7,Conventional Steam Coal,277795.0,2732402.0,71.739,51649.0,258.0,5251.0,26.0,744.0,26.0,Fresh,Surface,Mississippi River,Mississippi River
MO,New Madrid,2024,8,Conventional Steam Coal,283803.0,2847320.0,68.934,48579.0,243.0,4842.0,24.0,744.0,26.0,Fresh,Surface,Mississippi River,Mississippi River
MO,New Madrid,2024,9,Conventional Steam Coal,239503.0,2200343.0,52.457,43804.0,219.0,4768.0,24.0,720.0,26.0,Fresh,Surface,Mississippi River,Mississippi River
MO,New Madrid,2024,10,Conventional Steam Coal,279725.0,2818144.0,48.193,34458.0,172.0,3420.0,17.0,744.0,26.0,Fresh,Surface,Mississippi River,Mississippi River
MO,New Madrid,2024,12,Conventional Steam Coal,332493.0,3180599.0,57.812,34775.0,174.0,3635.0,18.0,744.0,26.0,Fresh,Surface,Mississippi River,Mississippi River
MO,Thomas Hill,2024,1,Conventional Steam Coal,523554.0,5294190.0,64.728,24726.0,124.0,2445.0,12.0,744.0,35.0,Fresh,Surface,Thomas Hill Lake,Thomas Hill Lake
MO,Thomas Hill,2024,2,Conventional Steam Coal,362434.0,3708585.0,60.552,33414.0,167.0,3266.0,16.0,696.0,35.0,Fresh,Surface,Thomas Hill Lake,Thomas Hill Lake
MO,Thomas Hill,2024,3,Conventional Steam Coal,164127.0,1613249.0,28.184,34349.0,172.0,3495.0,17.0,336.0,35.0,Fresh,Surface,Thomas Hill Lake,Thomas Hill Lake
MO,Thomas Hill,2024,5,Conventional Steam Coal,357997.0,3562220.0,60.532,33828.0,169.0,3400.0,17.0,744.0,35.0,Fresh,Surface,Thomas Hill Lake,Thomas Hill Lake
MO,Thomas Hill,2024,6,Conventional Steam Coal,444934.0,4438137.0,83.506,37543.0,188.0,3764.0,19.0,720.0,35.0,Fresh,Surface,Thomas Hill Lake,Thomas Hill Lake
MO,Thomas Hill,2024,7,Conventional Steam Coal,473230.0,4662913.0,97.092,41034.0,205.0,4164.0,21.0,744.0,35.0,Fresh,Surface,Thomas Hill Lake,Thomas Hill Lake
MO,Thomas Hill,2024,8,Conventional Steam Coal,429621.0,4204524.0,68.924,32077.0,160.0,3278.0,16.0,744.0,35.0,Fresh,Surface,Thomas Hill Lake,Thomas Hill Lake
MO,Thomas Hill,2024,9,Conventional Steam Coal,336197.0,3320873.0,68.904,40990.0,205.0,4150.0,21.0,720.0,35.0,Fresh,Surface,Thomas Hill Lake,Thomas Hill Lake
MO,Thomas Hill,2024,10,Conventional Steam Coal,187186.0,1792228.0,37.872,40481.0,202.0,4228.0,21.0,600.0,35.0,Fresh,Surface,Thomas Hill Lake,Thomas Hill Lake
MO,Thomas Hill,2024,11,Conventional Steam Coal,280287.0,2792581.0,62.64,44697.0,223.0,4486.0,22.0,720.0,35.0,Fresh,Surface,Thomas Hill Lake,Thomas Hill Lake
MO,Thomas Hill,2024,12,Conventional Steam Coal,454839.0,4342767.0,64.728,28462.0,142.0,2981.0,15.0,744.0,35.0,Fresh,Surface,Thomas Hill Lake,Thomas Hill Lake
MO,Thomas Hill,2024,1,Conventional Steam Coal,294677.0,3022194.0,47.988,32570.0,163.0,3176.0,16.0,744.0,35.0,Fresh,Surface,Thomas Hill Lake,Thomas Hill Lake
MO,Thomas Hill,2024,2,Conventional Steam Coal,180138.0,1901473.0,41.844,46444.0,232.0,4400.0,22.0,696.0,35.0,Fresh,Surface,Thomas Hill Lake,Thomas Hill Lake
MO,Thomas Hill,2024,3,Conventional Steam Coal,217607.0,2236779.0,47.988,44105.0,221.0,4291.0,21.0,744.0,35.0,Fresh,Surface,Thomas Hill Lake,Thomas Hill Lake
MO,Thomas Hill,2024,4,Conventional Steam Coal,106903.0,1143107.0,22.118,41353.0,207.0,3867.0,19.0,720.0,35.0,Fresh,Surface,Thomas Hill Lake,Thomas Hill Lake
MO,Thomas Hill,2024,5,Conventional Steam Coal,51496.0,540145.0,13.464,52291.0,261.0,4985.0,25.0,528.0,35.0,Fresh,Surface,Thomas Hill Lake,Thomas Hill Lake
MO,Thomas Hill,2024,6,Conventional Steam Coal,109798.0,1184719.0,31.45,57313.0,286.0,5312.0,27.0,720.0,35.0,Fresh,Surface,Thomas Hill Lake,Thomas Hill Lake
MO,Thomas Hill,2024,7,Conventional Steam Coal,91182.0,955026.0,30.221,66250.0,331.0,6325.0,32.0,744.0,35.0,Fresh,Surface,Thomas Hill Lake,Thomas Hill Lake
MO,Thomas Hill,2024,8,Conventional Steam Coal,106392.0,1121209.0,18.972,35664.0,178.0,3384.0,17.0,744.0,35.0,Fresh,Surface,Thomas Hill Lake,Thomas Hill Lake
MO,Thomas Hill,2024,9,Conventional Steam Coal,84630.0,875450.0,15.912,37604.0,188.0,3635.0,18.0,624.0,35.0,Fresh,Surface,Thomas Hill Lake,Thomas Hill Lake
MO,Thomas Hill,2024,10,Conventional Steam Coal,85005.0,870239.0,15.912,37438.0,187.0,3657.0,18.0,624.0,35.0,Fresh,Surface,Thomas Hill Lake,Thomas Hill Lake
MO,Thomas Hill,2024,11,Conventional Steam Coal,103145.0,1062987.0,18.36,35600.0,178.0,3454.0,17.0,720.0,35.0,Fresh,Surface,Thomas Hill Lake,Thomas Hill Lake
MO,Thomas Hill,2024,12,Conventional Steam Coal,91213.0,941546.0,18.972,41599.0,208.0,4030.0,20.0,744.0,35.0,Fresh,Surface,Thomas Hill Lake,Thomas Hill Lake
NE,Lon Wright,2024,1,Conventional Steam Coal,39559.0,457188.0,18.972,480.0,480.0,41.0,41.0,744.0,50.0,Fresh,Ground,Wells,
NE,Lon Wright,2024,2,Conventional Steam Coal,28031.0,324695.0,15.493,553.0,553.0,48.0,48.0,696.0,50.0,Fresh,Ground,Wells,
NE,Lon Wright,2024,3,Conventional Steam Coal,27224.0,316935.0,16.361,601.0,601.0,52.0,52.0,737.0,50.0,Fresh,Ground,Wells,
NE,Lon Wright,2024,4,Conventional Steam Coal,3296.0,47973.0,4.567,1386.0,1386.0,95.0,95.0,220.0,50.0,Fresh,Ground,Wells,
NE,Lon Wright,2024,5,Conventional Steam Coal,34710.0,387561.0,21.115,608.0,608.0,54.0,54.0,744.0,50.0,Fresh,Ground,Wells,
NE,Lon Wright,2024,6,Conventional Steam Coal,38124.0,428742.0,24.581,645.0,645.0,57.0,57.0,720.0,50.0,Fresh,Ground,Wells,
NE,Lon Wright,2024,7,Conventional Steam Coal,38318.0,434986.0,24.864,649.0,649.0,57.0,57.0,744.0,50.0,Fresh,Ground,Wells,
NE,Lon Wright,2024,8,Conventional Steam Coal,37195.0,416689.0,24.597,661.0,661.0,59.0,59.0,744.0,50.0,Fresh,Ground,Wells,
NE,Lon Wright,2024,9,Conventional Steam Coal,35839.0,425842.0,23.717,662.0,662.0,56.0,56.0,720.0,50.0,Fresh,Ground,Wells,
NE,Lon Wright,2024,10,Conventional Steam Coal,28103.0,321958.0,18.51,659.0,659.0,57.0,57.0,591.0,50.0,Fresh,Ground,Wells,
NE,Lon Wright,2024,11,Conventional Steam Coal,12308.0,148642.0,6.927,563.0,563.0,47.0,47.0,303.0,50.0,Fresh,Ground,Wells,
NE,Lon Wright,2024,12,Conventional Steam Coal,24222.0,273254.0,12.832,530.0,530.0,47.0,47.0,536.0,50.0,Fresh,Ground,Wells,
NE,Sheldon,2024,1,Conventional Steam Coal,53600.0,617973.0,16.456,391.0,307.0,34.0,27.0,640.0,,Fresh,Ground,Wells,
NE,Sheldon,2024,2,Conventional Steam Coal,25658.0,306049.0,6.923,344.0,270.0,29.0,23.0,405.0,,Fresh,Ground,Wells,
NE,Sheldon,2024,3,Conventional Steam Coal,6221.0,76596.0,0.349,67.0,56.0,5.0,5.0,84.0,,Fresh,Ground,Wells,
NE,Sheldon,2024,5,Conventional Steam Coal,30909.0,356081.0,10.156,401.0,329.0,35.0,29.0,418.0,,Fresh,Ground,Wells,
NE,Sheldon,2024,6,Conventional Steam Coal,47376.0,549342.0,24.029,653.0,507.0,56.0,44.0,621.0,,Fresh,Ground,Wells,
NE,Sheldon,2024,7,Conventional Steam Coal,58226.0,683075.0,31.708,693.0,545.0,59.0,46.0,720.0,,Fresh,Ground,Wells,
NE,Sheldon,2024,8,Conventional Steam Coal,39364.0,455068.0,16.358,530.0,416.0,46.0,36.0,536.0,,Fresh,Ground,Wells,
NE,Sheldon,2024,9,Conventional Steam Coal,23636.0,268424.0,6.182,326.0,262.0,29.0,23.0,295.0,,Fresh,Ground,Wells,
NE,Sheldon,2024,10,Conventional Steam Coal,20788.0,236482.0,4.745,294.0,228.0,26.0,20.0,287.0,,Fresh,Ground,Wells,
NE,Sheldon,2024,11,Conventional Steam Coal,5931.0,68822.0,0.304,63.0,51.0,5.0,4.0,73.0,,Fresh,Ground,Wells,
NE,Sheldon,2024,12,Conventional Steam Coal,39711.0,456028.0,10.678,336.0,269.0,29.0,23.0,507.0,,Fresh,Ground,Wells,
NE,Sheldon,2024,1,Conventional Steam Coal,48822.0,575176.0,13.253,355.0,271.0,30.0,23.0,612.0,,Fresh,Ground,Wells,
NE,Sheldon,2024,2,Conventional Steam Coal,14309.0,173173.0,2.203,197.0,154.0,16.0,13.0,235.0,,Fresh,Ground,Wells,
NE,Sheldon,2024,3,Conventional Steam Coal,1434.0,18398.0,0.031,24.0,22.0,2.0,2.0,22.0,,Fresh,Ground,Wells,
NE,Sheldon,2024,5,Conventional Steam Coal,26082.0,311106.0,6.968,328.0,267.0,28.0,22.0,378.0,,Fresh,Ground,Wells,
NE,Sheldon,2024,6,Conventional Steam Coal,26556.0,306630.0,6.519,318.0,245.0,28.0,21.0,327.0,,Fresh,Ground,Wells,
NE,Sheldon,2024,7,Conventional Steam Coal,64874.0,758682.0,31.525,627.0,486.0,54.0,42.0,744.0,,Fresh,Ground,Wells,
NE,Sheldon,2024,8,Conventional Steam Coal,53564.0,621870.0,23.125,562.0,432.0,48.0,37.0,646.0,,Fresh,Ground,Wells,
NE,Sheldon,2024,9,Conventional Steam Coal,36455.0,422558.0,12.217,423.0,335.0,37.0,29.0,467.0,,Fresh,Ground,Wells,
NE,Sheldon,2024,10,Conventional Steam Coal,25771.0,295826.0,6.21,324.0,241.0,28.0,21.0,375.0,,Fresh,Ground,Wells,
NE,Sheldon,2024,12,Conventional Steam Coal,3919.0,48557.0,0.202,58.0,52.0,5.0,4.0,52.0,,Fresh,Ground,Wells,
NV,Fort Churchill,2024,1,Natural Gas Steam Turbine,40094.0,482078.0,11.06,41329.0,276.0,3437.0,23.0,738.0,10.0,Fresh,Ground,Wells,Cooling Pond
NV,Fort Churchill,2024,2,Natural Gas Steam Turbine,23712.0,289824.0,21.863,40596.0,922.0,3321.0,75.0,676.0,10.0,Fresh,Ground,Wells,Cooling Pond
NV,Fort Churchill,2024,3,Natural Gas Steam Turbine,23780.0,290357.0,72.066,43810.0,3031.0,3588.0,248.0,419.0,10.0,Fresh,Ground,Wells,Cooling Pond
NV,Fort Churchill,2024,4,Natural Gas Steam Turbine,49053.0,567387.0,40.273,33315.0,821.0,2880.0,71.0,720.0,10.0,Fresh,Ground,Wells,Cooling Pond
NV,Fort Churchill,2024,5,Natural Gas Steam Turbine,43972.0,517220.0,101.633,36239.0,2311.0,3081.0,196.0,731.0,10.0,Fresh,Ground,Wells,Cooling Pond
NV,Fort Churchill,2024,6,Natural Gas Steam Turbine,60487.0,708163.0,137.207,32139.0,2268.0,2745.0,194.0,720.0,10.0,Fresh,Ground,Wells,Cooling Pond
NV,Fort Churchill,2024,7,Natural Gas Steam Turbine,61677.0,728274.0,108.76,29448.0,1763.0,2494.0,149.0,737.0,10.0,Fresh,Ground,Wells,Cooling Pond
NV,Fort Churchill,2024,8,Natural Gas Steam Turbine,54980.0,646664.0,112.056,36537.0,2038.0,3106.0,173.0,744.0,10.0,Fresh,Ground,Wells,Cooling Pond
NV,Fort Churchill,2024,9,Natural Gas Steam Turbine,30516.0,356727.0,81.411,33938.0,2668.0,2903.0,228.0,480.0,10.0,Fresh,Ground,Wells,Cooling Pond
NV,Fort Churchill,2024,10,Natural Gas Steam Turbine,40425.0,499249.0,55.649,43009.0,1377.0,3483.0,111.0,680.0,10.0,Fresh,Ground,Wells,Cooling Pond
NV,Fort Churchill,2024,11,Natural Gas Steam Turbine,32309.0,405098.0,81.411,46886.0,2520.0,3739.0,201.0,598.0,10.0,Fresh,Ground,Wells,Cooling Pond
NV,Fort Churchill,2024,12,Natural Gas Steam Turbine,45908.0,549499.0,55.649,41265.0,1212.0,3447.0,101.0,744.0,10.0,Fresh,Ground,Wells,Cooling Pond
NM,Four Corners,2024,1,Conventional Steam Coal,480719.0,4762526.0,204.0,424.0,424.0,43.0,43.0,744.0,24.5,Fresh,Surface,SAN JUAN RIVER/MORGAN LAKE,MORGAN LAKE
NM,Four Corners,2024,2,Conventional Steam Coal,413026.0,4156025.0,185.0,448.0,448.0,45.0,45.0,696.0,24.5,Fresh,Surface,SAN JUAN RIVER/MORGAN LAKE,MORGAN LAKE
NM,Four Corners,2024,3,Conventional Steam Coal,439143.0,4370560.0,385.0,993.0,877.0,100.0,88.0,744.0,24.5,Fresh,Surface,SAN JUAN RIVER/MORGAN LAKE,MORGAN LAKE
NM,Four Corners,2024,4,Conventional Steam Coal,163250.0,1607815.0,39.0,453.0,239.0,46.0,24.0,283.0,24.5,Fresh,Surface,SAN JUAN RIVER/MORGAN LAKE,MORGAN LAKE
NM,Four Corners,2024,5,Conventional Steam Coal,301798.0,3019155.0,192.0,795.0,636.0,79.0,64.0,519.0,24.5,Fresh,Surface,SAN JUAN RIVER/MORGAN LAKE,MORGAN LAKE
NM,Four Corners,2024,6,Conventional Steam Coal,467330.0,4594889.0,255.0,588.0,546.0,60.0,55.0,720.0,24.5,Fresh,Surface,SAN JUAN RIVER/MORGAN LAKE,MORGAN LAKE
NM,Four Corners,2024,7,Conventional Steam Coal,465323.0,4662621.0,218.0,468.0,468.0,47.0,47.0,707.0,24.5,Fresh,Surface,SAN JUAN RIVER/MORGAN LAKE,MORGAN LAKE
NM,Four Corners,2024,8,Conventional Steam Coal,370876.0,3749618.0,333.0,898.0,898.0,89.0,89.0,594.0,24.5,Fresh,Surface,SAN JUAN RIVER/MORGAN LAKE,MORGAN LAKE
NM,Four Corners,2024,9,Conventional Steam Coal,422347.0,4278045.0,485.0,1148.0,1148.0,113.0,113.0,679.0,24.5,Fresh,Surface,SAN JUAN RIVER/MORGAN LAKE,MORGAN LAKE
NM,Four Corners,2024,10,Conventional Steam Coal,379947.0,3988791.0,317.0,834.0,834.0,79.0,79.0,632.0,24.5,Fresh,Surface,SAN JUAN RIVER/MORGAN LAKE,MORGAN LAKE
NM,Four Corners,2024,11,Conventional Steam Coal,433727.0,4377979.0,316.0,729.0,729.0,72.0,72.0,720.0,24.5,Fresh,Surface,SAN JUAN RIVER/MORGAN LAKE,MORGAN LAKE
NM,Four Corners,2024,12,Conventional Steam Coal,400576.0,3961202.0,544.0,1358.0,1358.0,137.0,137.0,667.0,24.5,Fresh,Surface,SAN JUAN RIVER/MORGAN LAKE,MORGAN LAKE
NM,Four Corners,2024,1,Conventional Steam Coal,479396.0,4591557.0,203.0,423.0,423.0,44.0,44.0,744.0,24.5,Fresh,Surface,SAN JUAN RIVER/MORGAN LAKE,MORGAN LAKE
NM,Four Corners,2024,2,Conventional Steam Coal,413002.0,4132245.0,185.0,448.0,448.0,45.0,45.0,696.0,24.5,Fresh,Surface,SAN JUAN RIVER/MORGAN LAKE,MORGAN LAKE
NM,Four Corners,2024,3,Conventional Steam Coal,92947.0,964248.0,81.0,990.0,871.0,95.0,84.0,176.0,24.5,Fresh,Surface,SAN JUAN RIVER/MORGAN LAKE,MORGAN LAKE
NM,Four Corners,2024,4,Conventional Steam Coal,426852.0,4217013.0,101.0,454.0,237.0,46.0,24.0,720.0,24.5,Fresh,Surface,SAN JUAN RIVER/MORGAN LAKE,MORGAN LAKE
NM,Four Corners,2024,5,Conventional Steam Coal,432638.0,4294365.0,275.0,795.0,636.0,80.0,64.0,744.0,24.5,Fresh,Surface,SAN JUAN RIVER/MORGAN LAKE,MORGAN LAKE
NM,Four Corners,2024,6,Conventional Steam Coal,454882.0,4489070.0,248.0,589.0,545.0,60.0,55.0,720.0,24.5,Fresh,Surface,SAN JUAN RIVER/MORGAN LAKE,MORGAN LAKE
NM,Four Corners,2024,7,Conventional Steam Coal,487928.0,4883342.0,228.0,467.0,467.0,47.0,47.0,744.0,24.5,Fresh,Surface,SAN JUAN RIVER/MORGAN LAKE,MORGAN LAKE
NM,Four Corners,2024,8,Conventional Steam Coal,380130.0,3876224.0,342.0,900.0,900.0,88.0,88.0,628.0,24.5,Fresh,Surface,SAN JUAN RIVER/MORGAN LAKE,MORGAN LAKE
NM,Four Corners,2024,9,Conventional Steam Coal,378441.0,3825613.0,435.0,1149.0,1149.0,114.0,114.0,637.0,24.5,Fresh,Surface,SAN JUAN RIVER/MORGAN LAKE,MORGAN LAKE
NM,Four Corners,2024,10,Conventional Steam Coal,209146.0,2213560.0,175.0,837.0,837.0,79.0,79.0,336.0,24.5,Fresh,Surface,SAN JUAN RIVER/MORGAN LAKE,MORGAN LAKE
NM,Rio Grande,2024,4,Natural Gas Steam Turbine,160.0,6971.0,0.179,1394.0,1119.0,32.0,26.0,57.0,,Fresh,Ground,Wells,Montoya Canal to Rio Grande River
NM,Rio Grande,2024,6,Natural Gas Steam Turbine,6587.0,94578.0,3.878,736.0,589.0,51.0,41.0,280.0,,Fresh,Ground,Wells,Montoya Canal to Rio Grande River
NM,Rio Grande,2024,7,Natural Gas Steam Turbine,19118.0,260884.0,11.151,729.0,583.0,53.0,43.0,744.0,,Fresh,Ground,Wells,Montoya Canal to Rio Grande River
NM,Rio Grande,2024,8,Natural Gas Steam Turbine,16080.0,180456.0,9.493,738.0,590.0,66.0,53.0,744.0,,Fresh,Ground,Wells,Montoya Canal to Rio Grande River
NM,Rio Grande,2024,9,Natural Gas Steam Turbine,15286.0,212190.0,9.029,738.0,591.0,53.0,43.0,720.0,,Fresh,Ground,Wells,Montoya Canal to Rio Grande River
NM,Rio Grande,2024,10,Natural Gas Steam Turbine,5995.0,83222.0,3.54,739.0,590.0,53.0,43.0,260.0,,Fresh,Ground,Wells,Montoya Canal to Rio Grande River
NM,Rio Grande,2024,3,Natural Gas Steam Turbine,9167.0,129840.0,5.394,735.0,588.0,52.0,42.0,457.0,,Fresh,Ground,Wells,Montoya Canal to Rio Grande River
NM,Rio Grande,2024,4,Natural Gas Steam Turbine,17030.0,186037.0,9.888,726.0,581.0,66.0,53.0,720.0,,Fresh,Ground,Wells,Montoya Canal to Rio Grande River
NM,Rio Grande,2024,5,Natural Gas Steam Turbine,15076.0,131882.0,8.71,722.0,578.0,83.0,66.0,616.0,,Fresh,Ground,Wells,Montoya Canal to Rio Grande River
NM,Rio Grande,2024,6,Natural Gas Steam Turbine,18121.0,158543.0,10.478,771.0,578.0,88.0,66.0,720.0,,Fresh,Ground,Wells,Montoya Canal to Rio Grande River
NM,Rio Grande,2024,7,Natural Gas Steam Turbine,15727.0,145769.0,9.157,728.0,582.0,79.0,63.0,720.0,,Fresh,Ground,Wells,Montoya Canal to Rio Grande River
NM,Rio Grande,2024,8,Natural Gas Steam Turbine,16462.0,121601.0,9.581,727.0,582.0,98.0,79.0,744.0,,Fresh,Ground,Wells,Montoya Canal to Rio Grande River
NM,Rio Grande,2024,9,Natural Gas Steam Turbine,15069.0,136806.0,8.802,730.0,584.0,80.0,64.0,720.0,,Fresh,Ground,Wells,Montoya Canal to Rio Grande River
NM,Rio Grande,2024,10,Natural Gas Steam Turbine,378.0,4063.0,0.265,876.0,701.0,81.0,65.0,21.0,,Fresh,Ground,Wells,Montoya Canal to Rio Grande River
NM,Rio Grande,2024,12,Natural Gas Steam Turbine,7629.0,89308.0,4.452,741.0,584.0,63.0,50.0,313.0,,Fresh,Ground,Wells,Montoya Canal to Rio Grande River
NM,Rio Grande,2024,1,Natural Gas Steam Turbine,40304.0,444724.0,23.56,731.0,585.0,66.0,53.0,433.0,,Fresh,Surface,Wells,Montoya Canal to Rio Grande River
NM,Rio Grande,2024,2,Natural Gas Steam Turbine,64189.0,743414.0,37.694,734.0,587.0,63.0,51.0,696.0,,Fresh,Surface,Wells,Montoya Canal to Rio Grande River
NM,Rio Grande,2024,3,Natural Gas Steam Turbine,39926.0,437966.0,23.506,736.0,589.0,67.0,54.0,454.0,,Fresh,Surface,Wells,Montoya Canal to Rio Grande River
NM,Rio Grande,2024,5,Natural Gas Steam Turbine,58256.0,621617.0,34.254,735.0,588.0,69.0,55.0,658.0,,Fresh,Surface,Wells,Montoya Canal to Rio Grande River
NM,Rio Grande,2024,6,Natural Gas Steam Turbine,61949.0,653134.0,36.179,730.0,584.0,69.0,55.0,616.0,,Fresh,Surface,Wells,Montoya Canal to Rio Grande River
NM,Rio Grande,2024,7,Natural Gas Steam Turbine,83990.0,875370.0,48.845,727.0,582.0,70.0,56.0,744.0,,Fresh,Surface,Wells,Montoya Canal to Rio Grande River
NM,Rio Grande,2024,8,Natural Gas Steam Turbine,62504.0,662578.0,36.405,728.0,582.0,69.0,55.0,728.0,,Fresh,Surface,Wells,Montoya Canal to Rio Grande River
NM,Rio Grande,2024,9,Natural Gas Steam Turbine,63972.0,664316.0,36.899,721.0,577.0,69.0,56.0,676.0,,Fresh,Surface,Wells,Montoya Canal to Rio Grande River
NM,Rio Grande,2024,10,Natural Gas Steam Turbine,72254.0,742637.0,41.533,719.0,575.0,70.0,56.0,744.0,,Fresh,Surface,Wells,Montoya Canal to Rio Grande River
NM,Rio Grande,2024,11,Natural Gas Steam Turbine,78414.0,778844.0,44.878,715.0,572.0,72.0,58.0,720.0,,Fresh,Surface,Wells,Montoya Canal to Rio Grande River
NM,Rio Grande,2024,12,Natural Gas Steam Turbine,81024.0,830985.0,46.378,716.0,572.0,70.0,56.0,741.0,,Fresh,Surface,Wells,Montoya Canal to Rio Grande River
NM,Maddox,2024,1,Natural Gas Steam Turbine,43653.0,468704.0,42.109,965.0,965.0,90.0,90.0,744.0,,Fresh,Ground,Wells,
NM,Maddox,2024,2,Natural Gas Steam Turbine,43628.0,465152.0,48.461,1111.0,1111.0,104.0,104.0,672.0,,Fresh,Ground,Wells,
NM,Maddox,2024,3,Natural Gas Steam Turbine,54149.0,576428.0,59.52,1099.0,1099.0,103.0,103.0,655.0,,Fresh,Ground,Wells,
NM,Maddox,2024,4,Natural Gas Steam Turbine,64677.0,742659.0,75.483,1167.0,1167.0,102.0,102.0,720.0,,Fresh,Ground,Wells,
NM,Maddox,2024,5,Natural Gas Steam Turbine,70506.0,744481.0,88.713,1258.0,1258.0,119.0,119.0,744.0,,Fresh,Ground,Wells,
NM,Maddox,2024,6,Natural Gas Steam Turbine,59163.0,620102.0,71.377,1206.0,1206.0,115.0,115.0,692.0,,Fresh,Ground,Wells,
NM,Maddox,2024,7,Natural Gas Steam Turbine,65966.0,710529.0,73.329,1112.0,1112.0,103.0,103.0,643.0,,Fresh,Ground,Wells,
NM,Maddox,2024,8,Natural Gas Steam Turbine,80146.0,848427.0,98.51,1229.0,1229.0,116.0,116.0,740.0,,Fresh,Ground,Wells,
NM,Maddox,2024,9,Natural Gas Steam Turbine,74387.0,783420.0,89.018,1197.0,1197.0,114.0,114.0,720.0,,Fresh,Ground,Wells,
NM,Maddox,2024,10,Natural Gas Steam Turbine,64697.0,685528.0,83.767,1295.0,1295.0,122.0,122.0,744.0,,Fresh,Ground,Wells,
NM,Maddox,2024,11,Natural Gas Steam Turbine,23234.0,242081.0,25.646,1104.0,1104.0,106.0,106.0,277.0,,Fresh,Ground,Wells,
NM,Reeves,2024,3,Natural Gas Steam Turbine,6957.0,89987.0,2.0,452.0,287.0,35.0,22.0,212.0,,Fresh,Ground,Wells,NA Closed Loop
NM,Reeves,2024,4,Natural Gas Steam Turbine,12077.0,154051.0,5.71,556.0,473.0,44.0,37.0,403.0,,Fresh,Ground,Wells,NA Closed Loop
NM,Reeves,2024,5,Natural Gas Steam Turbine,13627.0,174218.0,8.966,854.0,658.0,67.0,51.0,462.0,,Fresh,Ground,Wells,NA Closed Loop
NM,Reeves,2024,6,Natural Gas Steam Turbine,11766.0,152309.0,2.262,246.0,192.0,19.0,15.0,390.0,,Fresh,Ground,Wells,NA Closed Loop
NM,Reeves,2024,7,Natural Gas Steam Turbine,19470.0,251901.0,8.011,569.0,411.0,44.0,32.0,671.0,,Fresh,Ground,Wells,NA Closed Loop
NM,Reeves,2024,8,Natural Gas Steam Turbine,17473.0,227893.0,4.049,334.0,232.0,26.0,18.0,559.0,,Fresh,Ground,Wells,NA Closed Loop
NM,Reeves,2024,9,Natural Gas Steam Turbine,6643.0,89415.0,4.235,873.0,638.0,65.0,47.0,231.0,,Fresh,Ground,Wells,NA Closed Loop
NM,Reeves,2024,10,Natural Gas Steam Turbine,2917.0,40476.0,6.053,2989.0,2075.0,215.0,150.0,107.0,,Fresh,Ground,Wells,NA Closed Loop
NM,Reeves,2024,1,Natural Gas Steam Turbine,259.0,5608.0,1.187,4923.0,4583.0,227.0,212.0,35.0,,Fresh,Ground,Wells,NA Closed Loop
NM,Reeves,2024,3,Natural Gas Steam Turbine,4280.0,59833.0,0.71,254.0,166.0,18.0,12.0,142.0,,Fresh,Ground,Wells,NA Closed Loop
NM,Reeves,2024,4,Natural Gas Steam Turbine,9319.0,127669.0,1.21,735.0,130.0,54.0,9.0,291.0,,Fresh,Ground,Wells,NA Closed Loop
NM,Reeves,2024,5,Natural Gas Steam Turbine,11911.0,161752.0,3.37,339.0,283.0,25.0,21.0,403.0,,Fresh,Ground,Wells,NA Closed Loop
NM,Reeves,2024,6,Natural Gas Steam Turbine,14971.0,199742.0,1.553,111.0,104.0,8.0,8.0,477.0,,Fresh,Ground,Wells,NA Closed Loop
NM,Reeves,2024,7,Natural Gas Steam Turbine,13925.0,191516.0,8.912,819.0,640.0,60.0,47.0,513.0,,Fresh,Ground,Wells,NA Closed Loop
NM,Reeves,2024,8,Natural Gas Steam Turbine,14663.0,197520.0,4.049,463.0,276.0,34.0,20.0,500.0,,Fresh,Ground,Wells,NA Closed Loop
NM,Reeves,2024,9,Natural Gas Steam Turbine,7246.0,106564.0,4.463,750.0,616.0,51.0,42.0,263.0,,Fresh,Ground,Wells,NA Closed Loop
NM,Reeves,2024,10,Natural Gas Steam Turbine,2877.0,38741.0,6.222,2641.0,2163.0,196.0,161.0,100.0,,Fresh,Ground,Wells,NA Closed Loop
NM,Reeves,2024,11,Natural Gas Steam Turbine,987.0,15317.0,6.54,7976.0,6626.0,514.0,427.0,35.0,,Fresh,Ground,Wells,NA Closed Loop
NM,Reeves,2024,3,Natural Gas Steam Turbine,4863.0,63733.0,9.12,2437.0,1875.0,186.0,143.0,116.0,,Fresh,Ground,Wells,NA Closed Loop
NM,Reeves,2024,8,Natural Gas Steam Turbine,935.0,13403.0,0.189,3960.0,202.0,276.0,14.0,23.0,,Fresh,Ground,Wells,NA Closed Loop
NM,Reeves,2024,9,Natural Gas Steam Turbine,1379.0,19734.0,0.212,2957.0,154.0,207.0,11.0,30.0,,Fresh,Ground,Wells,NA Closed Loop
NM,Cunningham,2024,1,Natural Gas Steam Turbine,41486.0,648205.0,29.771,718.0,718.0,46.0,46.0,383.0,,Fresh,Ground,Wells,
NM,Cunningham,2024,2,Natural Gas Steam Turbine,23238.0,250361.0,15.94,686.0,686.0,64.0,64.0,202.0,,Fresh,Ground,Wells,
NM,Cunningham,2024,3,Natural Gas Steam Turbine,90757.0,925804.0,58.157,641.0,641.0,63.0,63.0,667.0,,Fresh,Ground,Wells,
NM,Cunningham,2024,4,Natural Gas Steam Turbine,90892.0,933926.0,60.623,667.0,667.0,65.0,65.0,720.0,,Fresh,Ground,Wells,
NM,Cunningham,2024,5,Natural Gas Steam Turbine,61896.0,620519.0,43.115,697.0,697.0,69.0,69.0,503.0,,Fresh,Ground,Wells,
NM,Cunningham,2024,6,Natural Gas Steam Turbine,104484.0,1057105.0,74.036,709.0,709.0,70.0,70.0,684.0,,Fresh,Ground,Wells,
NM,Cunningham,2024,7,Natural Gas Steam Turbine,102463.0,1030517.0,73.607,718.0,718.0,71.0,71.0,744.0,,Fresh,Ground,Wells,
NM,Cunningham,2024,8,Natural Gas Steam Turbine,126660.0,1243177.0,90.49,714.0,714.0,73.0,73.0,744.0,,Fresh,Ground,Wells,
NM,Cunningham,2024,9,Natural Gas Steam Turbine,117378.0,1148567.0,77.773,663.0,663.0,68.0,68.0,720.0,,Fresh,Ground,Wells,
NM,Cunningham,2024,10,Natural Gas Steam Turbine,109999.0,1086032.0,71.978,654.0,654.0,66.0,66.0,744.0,,Fresh,Ground,Wells,
NM,Cunningham,2024,11,Natural Gas Steam Turbine,117835.0,1165892.0,69.656,591.0,591.0,60.0,60.0,720.0,,Fresh,Ground,Wells,
NM,Cunningham,2024,12,Natural Gas Steam Turbine,71411.0,726967.0,41.744,585.0,585.0,57.0,57.0,633.0,,Fresh,Ground,Wells,
NC,G G Allen,2024,1,Conventional Steam Coal,14717.0,206366.0,7.33,145062.0,498.0,10345.0,36.0,543.0,16.0,Fresh,Surface,Lake Wylie,Lake Wylie
NC,G G Allen,2024,3,Conventional Steam Coal,17996.0,262095.0,5.782,130367.0,321.0,8951.0,22.0,677.0,16.0,Fresh,Surface,Lake Wylie,Lake Wylie
NC,G G Allen,2024,6,Conventional Steam Coal,12875.0,214900.0,6.165,212424.0,479.0,12727.0,29.0,720.0,16.0,Fresh,Surface,Lake Wylie,Lake Wylie
NC,G G Allen,2024,8,Conventional Steam Coal,14934.0,201380.0,9.194,187780.0,616.0,13925.0,46.0,744.0,16.0,Fresh,Surface,Lake Wylie,Lake Wylie
NC,G G Allen,2024,11,Conventional Steam Coal,7147.0,127651.0,0.869,368933.0,122.0,20656.0,7.0,720.0,16.0,Fresh,Surface,Lake Wylie,Lake Wylie
NC,G G Allen,2024,1,Conventional Steam Coal,30003.0,366419.0,5.629,85588.0,188.0,7008.0,15.0,417.0,16.0,Fresh,Surface,Lake Wylie,Lake Wylie
NC,G G Allen,2024,3,Conventional Steam Coal,7841.0,205516.0,2.383,176438.0,304.0,6732.0,12.0,279.0,16.0,Fresh,Surface,Lake Wylie,Lake Wylie
NC,G G Allen,2024,5,Conventional Steam Coal,4260.0,71996.0,0.388,163688.0,91.0,9685.0,5.0,106.0,16.0,Fresh,Surface,Lake Wylie,Lake Wylie
NC,G G Allen,2024,6,Conventional Steam Coal,21137.0,289315.0,4.042,136845.0,191.0,9998.0,14.0,472.0,16.0,Fresh,Surface,Lake Wylie,Lake Wylie
NC,G G Allen,2024,7,Conventional Steam Coal,10045.0,155156.0,1.942,258788.0,193.0,16754.0,13.0,458.0,16.0,Fresh,Surface,Lake Wylie,Lake Wylie
NC,G G Allen,2024,8,Conventional Steam Coal,31966.0,379358.0,3.423,58988.0,107.0,4971.0,9.0,277.0,16.0,Fresh,Surface,Lake Wylie,Lake Wylie
NC,G G Allen,2024,9,Conventional Steam Coal,18456.0,243484.0,1.087,53221.0,59.0,4034.0,4.0,143.0,16.0,Fresh,Surface,Lake Wylie,Lake Wylie
NC,James E. Rogers Energy Complex,2024,1,Conventional Steam Coal,143248.0,1657218.0,98.217,805.0,686.0,70.0,59.0,431.0,,Fresh,Surface,Broad River,Broad River
NC,James E. Rogers Energy Complex,2024,2,Conventional Steam Coal,40570.0,490771.0,35.827,883.0,883.0,73.0,73.0,137.0,,Fresh,Surface,Broad River,Broad River
NC,James E. Rogers Energy Complex,2024,3,Conventional Steam Coal,112416.0,1257161.0,92.627,824.0,824.0,74.0,74.0,328.0,,Fresh,Surface,Broad River,Broad River
NC,James E. Rogers Energy Complex,2024,4,Conventional Steam Coal,143437.0,1287397.0,115.89,1121.0,808.0,125.0,90.0,376.0,,Fresh,Surface,Broad River,Broad River
NC,James E. Rogers Energy Complex,2024,5,Conventional Steam Coal,98165.0,1171635.0,72.036,734.0,734.0,61.0,61.0,228.0,,Fresh,Surface,Broad River,Broad River
NC,James E. Rogers Energy Complex,2024,6,Conventional Steam Coal,144685.0,1435076.0,144.702,1000.0,1000.0,101.0,101.0,401.0,,Fresh,Surface,Broad River,Broad River
NC,James E. Rogers Energy Complex,2024,7,Conventional Steam Coal,269999.0,2981163.0,224.808,833.0,833.0,75.0,75.0,659.0,,Fresh,Surface,Broad River,Broad River
NC,James E. Rogers Energy Complex,2024,9,Conventional Steam Coal,290002.0,3018242.0,230.927,1218.0,796.0,117.0,77.0,697.0,,Fresh,Surface,Broad River,Broad River
NC,James E. Rogers Energy Complex,2024,11,Conventional Steam Coal,20054.0,280135.0,16.252,3520.0,810.0,252.0,58.0,137.0,,Fresh,Surface,Broad River,Broad River
NC,James E. Rogers Energy Complex,2024,12,Conventional Steam Coal,111566.0,1217853.0,73.47,787.0,659.0,72.0,60.0,339.0,,Fresh,Surface,Broad River,Broad River
NC,James E. Rogers Energy Complex,2024,1,Conventional Steam Coal,366750.0,3528424.0,76.848,727.0,210.0,76.0,22.0,629.0,,Fresh,Surface,Broad River,Broad River
NC,James E. Rogers Energy Complex,2024,2,Conventional Steam Coal,324068.0,3213166.0,81.1,885.0,250.0,89.0,25.0,511.0,,Fresh,Surface,Broad River,Broad River
NC,James E. Rogers Energy Complex,2024,3,Conventional Steam Coal,394274.0,3781491.0,101.803,748.0,258.0,78.0,27.0,709.0,,Fresh,Surface,Broad River,Broad River
NC,James E. Rogers Energy Complex,2024,4,Conventional Steam Coal,167206.0,1657838.0,45.06,1130.0,269.0,114.0,27.0,311.0,,Fresh,Surface,Broad River,Broad River
NC,James E. Rogers Energy Complex,2024,5,Conventional Steam Coal,417687.0,3768794.0,101.718,756.0,244.0,84.0,27.0,744.0,,Fresh,Surface,Broad River,Broad River
NC,James E. Rogers Energy Complex,2024,6,Conventional Steam Coal,482906.0,4535326.0,118.463,684.0,245.0,73.0,26.0,720.0,,Fresh,Surface,Broad River,Broad River
NC,James E. Rogers Energy Complex,2024,7,Conventional Steam Coal,454613.0,4651285.0,22.993,649.0,51.0,63.0,5.0,632.0,,Fresh,Surface,Broad River,Broad River
NC,James E. Rogers Energy Complex,2024,11,Conventional Steam Coal,53440.0,634685.0,23.863,4724.0,447.0,398.0,38.0,126.0,,Fresh,Surface,Broad River,Broad River
NC,James E. Rogers Energy Complex,2024,12,Conventional Steam Coal,395557.0,3798441.0,86.017,753.0,217.0,78.0,23.0,640.0,,Fresh,Surface,Broad River,Broad River
NC,Marshall (NC),2024,1,Natural Gas Steam Turbine,51609.0,519821.0,4.51,54544.0,87.0,5415.0,9.0,373.0,31.0,Fresh,Surface,Lake Norman,Lake Norman
NC,Marshall (NC),2024,2,Natural Gas Steam Turbine,53673.0,553691.0,2.117,37318.0,39.0,3617.0,4.0,265.0,31.0,Fresh,Surface,Lake Norman,Lake Norman
NC,Marshall (NC),2024,4,Natural Gas Steam Turbine,103296.0,1097249.0,7.199,52695.0,70.0,4961.0,7.0,720.0,31.0,Fresh,Surface,Lake Norman,Lake Norman
NC,Marshall (NC),2024,5,Natural Gas Steam Turbine,127100.0,1610451.0,6.863,44254.0,54.0,3493.0,4.0,744.0,31.0,Fresh,Surface,Lake Norman,Lake Norman
NC,Marshall (NC),2024,6,Natural Gas Steam Turbine,125977.0,1354779.0,10.746,43546.0,85.0,4049.0,8.0,720.0,31.0,Fresh,Surface,Lake Norman,Lake Norman
NC,Marshall (NC),2024,7,Natural Gas Steam Turbine,168537.0,1731010.0,10.121,34920.0,60.0,3400.0,6.0,744.0,31.0,Fresh,Surface,Lake Norman,Lake Norman
NC,Marshall (NC),2024,8,Natural Gas Steam Turbine,42757.0,473241.0,6.609,198295.0,155.0,17916.0,14.0,744.0,31.0,Fresh,Surface,Lake Norman,Lake Norman
NC,Marshall (NC),2024,12,Natural Gas Steam Turbine,55694.0,569572.0,5.255,70715.0,94.0,6915.0,9.0,523.0,31.0,Fresh,Surface,Lake Norman,Lake Norman
NC,Marshall (NC),2024,1,Conventional Steam Coal,98092.0,939485.0,8.995,57340.0,92.0,5987.0,10.0,744.0,31.0,Fresh,Surface,Lake Norman,Lake Norman
NC,Marshall (NC),2024,2,Conventional Steam Coal,44770.0,456930.0,5.559,117521.0,124.0,11515.0,12.0,696.0,31.0,Fresh,Surface,Lake Norman,Lake Norman
NC,Marshall (NC),2024,3,Conventional Steam Coal,103616.0,1057406.0,4.263,54211.0,41.0,5312.0,4.0,743.0,31.0,Fresh,Surface,Lake Norman,Lake Norman
NC,Marshall (NC),2024,4,Conventional Steam Coal,181262.0,2066960.0,7.199,30029.0,40.0,2633.0,3.0,720.0,31.0,Fresh,Surface,Lake Norman,Lake Norman
NC,Marshall (NC),2024,5,Conventional Steam Coal,74127.0,1081503.0,6.863,75879.0,93.0,5201.0,6.0,744.0,31.0,Fresh,Surface,Lake Norman,Lake Norman
NC,Marshall (NC),2024,6,Conventional Steam Coal,166238.0,1684920.0,10.746,32913.0,65.0,3247.0,6.0,720.0,31.0,Fresh,Surface,Lake Norman,Lake Norman
NC,Marshall (NC),2024,7,Conventional Steam Coal,133376.0,1302015.0,10.121,43926.0,76.0,4500.0,8.0,744.0,31.0,Fresh,Surface,Lake Norman,Lake Norman
NC,Marshall (NC),2024,8,Conventional Steam Coal,46728.0,492176.0,6.591,180480.0,141.0,17135.0,13.0,742.0,31.0,Fresh,Surface,Lake Norman,Lake Norman
NC,Marshall (NC),2024,9,Conventional Steam Coal,55892.0,592135.0,5.831,145588.0,104.0,13742.0,10.0,720.0,31.0,Fresh,Surface,Lake Norman,Lake Norman
NC,Marshall (NC),2024,11,Conventional Steam Coal,101635.0,1037791.0,7.831,41818.0,77.0,4095.0,8.0,563.0,31.0,Fresh,Surface,Lake Norman,Lake Norman
NC,Marshall (NC),2024,12,Conventional Steam Coal,84908.0,869882.0,7.235,64107.0,85.0,6257.0,8.0,720.0,31.0,Fresh,Surface,Lake Norman,Lake Norman
NC,Marshall (NC),2024,1,Natural Gas Steam Turbine,313538.0,3152962.0,8.995,36018.0,29.0,3582.0,3.0,744.0,31.0,Fresh,Surface,Lake Norman,Lake Norman
NC,Marshall (NC),2024,2,Natural Gas Steam Turbine,216316.0,2235319.0,5.559,46495.0,26.0,4499.0,2.0,696.0,31.0,Fresh,Surface,Lake Norman,Lake Norman
NC,Marshall (NC),2024,5,Natural Gas Steam Turbine,124932.0,1076713.0,6.863,74423.0,55.0,8635.0,6.0,744.0,31.0,Fresh,Surface,Lake Norman,Lake Norman
NC,Marshall (NC),2024,6,Natural Gas Steam Turbine,320421.0,3336076.0,10.746,34110.0,34.0,3276.0,3.0,720.0,31.0,Fresh,Surface,Lake Norman,Lake Norman
NC,Marshall (NC),2024,7,Natural Gas Steam Turbine,315833.0,3177538.0,10.121,35378.0,32.0,3516.0,3.0,744.0,31.0,Fresh,Surface,Lake Norman,Lake Norman
NC,Marshall (NC),2024,8,Natural Gas Steam Turbine,262221.0,2742850.0,6.609,43070.0,25.0,4118.0,2.0,744.0,31.0,Fresh,Surface,Lake Norman,Lake Norman
NC,Marshall (NC),2024,9,Natural Gas Steam Turbine,217031.0,2275480.0,5.831,50367.0,27.0,4804.0,3.0,720.0,31.0,Fresh,Surface,Lake Norman,Lake Norman
NC,Marshall (NC),2024,10,Natural Gas Steam Turbine,330764.0,3762982.0,9.284,34211.0,28.0,3007.0,2.0,744.0,31.0,Fresh,Surface,Lake Norman,Lake Norman
NC,Marshall (NC),2024,11,Natural Gas Steam Turbine,282781.0,2948360.0,10.028,38702.0,35.0,3712.0,3.0,720.0,31.0,Fresh,Surface,Lake Norman,Lake Norman
NC,Marshall (NC),2024,12,Natural Gas Steam Turbine,281712.0,2914941.0,7.235,38797.0,26.0,3750.0,2.0,720.0,31.0,Fresh,Surface,Lake Norman,Lake Norman
NC,Marshall (NC),2024,1,Conventional Steam Coal,265313.0,2627363.0,8.995,41274.0,34.0,4168.0,3.0,744.0,31.0,Fresh,Surface,Lake Norman,Lake Norman
NC,Marshall (NC),2024,2,Conventional Steam Coal,147508.0,1547720.0,5.559,62643.0,38.0,5970.0,4.0,696.0,31.0,Fresh,Surface,Lake Norman,Lake Norman
NC,Marshall (NC),2024,3,Conventional Steam Coal,237452.0,2423703.0,4.263,43191.0,18.0,4232.0,2.0,743.0,31.0,Fresh,Surface,Lake Norman,Lake Norman
NC,Marshall (NC),2024,4,Conventional Steam Coal,148658.0,1447844.0,2.97,30302.0,20.0,3111.0,2.0,297.0,31.0,Fresh,Surface,Lake Norman,Lake Norman
NC,Marshall (NC),2024,5,Conventional Steam Coal,152507.0,1776871.0,4.575,45375.0,30.0,3894.0,3.0,496.0,31.0,Fresh,Surface,Lake Norman,Lake Norman
NC,Marshall (NC),2024,6,Conventional Steam Coal,341522.0,3387690.0,10.746,32270.0,31.0,3253.0,3.0,720.0,31.0,Fresh,Surface,Lake Norman,Lake Norman
NC,Marshall (NC),2024,7,Conventional Steam Coal,299533.0,2900137.0,10.121,36555.0,34.0,3775.0,3.0,744.0,31.0,Fresh,Surface,Lake Norman,Lake Norman
NC,Marshall (NC),2024,8,Conventional Steam Coal,292753.0,2900752.0,6.609,48490.0,23.0,4894.0,2.0,744.0,31.0,Fresh,Surface,Lake Norman,Lake Norman
NC,Marshall (NC),2024,9,Conventional Steam Coal,262864.0,2651827.0,5.831,52259.0,22.0,5180.0,2.0,720.0,31.0,Fresh,Surface,Lake Norman,Lake Norman
NC,Marshall (NC),2024,10,Conventional Steam Coal,286129.0,3250008.0,9.284,42252.0,32.0,3720.0,3.0,744.0,31.0,Fresh,Surface,Lake Norman,Lake Norman
NC,Marshall (NC),2024,11,Conventional Steam Coal,291661.0,2950034.0,10.028,37518.0,34.0,3709.0,3.0,720.0,31.0,Fresh,Surface,Lake Norman,Lake Norman
NC,Marshall (NC),2024,12,Conventional Steam Coal,202314.0,2063414.0,7.235,49534.0,36.0,4857.0,4.0,720.0,31.0,Fresh,Surface,Lake Norman,Lake Norman
OH,Cardinal,2024,1,Conventional Steam Coal,382904.0,3997968.0,199.178,626.0,520.0,60.0,50.0,717.0,12.0,Fresh,Surface,Ohio River,
OH,Cardinal,2024,2,Conventional Steam Coal,250312.0,2667609.0,130.207,626.0,520.0,59.0,49.0,506.0,12.0,Fresh,Surface,Ohio River,
OH,Cardinal,2024,3,Conventional Steam Coal,356811.0,3774270.0,185.606,626.0,520.0,59.0,49.0,743.0,12.0,Fresh,Surface,Ohio River,
OH,Cardinal,2024,4,Conventional Steam Coal,174379.0,1896410.0,90.708,626.0,520.0,58.0,48.0,363.0,12.0,Fresh,Surface,Ohio River,
OH,Cardinal,2024,5,Conventional Steam Coal,256044.0,2750327.0,133.189,626.0,520.0,58.0,48.0,518.0,12.0,Fresh,Surface,Ohio River,
OH,Cardinal,2024,6,Conventional Steam Coal,360354.0,3856069.0,187.449,710.0,520.0,66.0,49.0,683.0,12.0,Fresh,Surface,Ohio River,
OH,Cardinal,2024,7,Conventional Steam Coal,354444.0,3784597.0,184.374,626.0,520.0,59.0,49.0,686.0,12.0,Fresh,Surface,Ohio River,
OH,Cardinal,2024,8,Conventional Steam Coal,364038.0,3916764.0,189.365,626.0,520.0,58.0,48.0,744.0,12.0,Fresh,Surface,Ohio River,
OH,Cardinal,2024,9,Conventional Steam Coal,278095.0,3036276.0,144.659,626.0,520.0,57.0,48.0,583.0,12.0,Fresh,Surface,Ohio River,
OH,Cardinal,2024,10,Conventional Steam Coal,383783.0,4086836.0,199.636,626.0,520.0,59.0,49.0,744.0,12.0,Fresh,Surface,Ohio River,
OH,Cardinal,2024,11,Conventional Steam Coal,28614.0,313705.0,14.884,626.0,520.0,57.0,47.0,64.0,12.0,Fresh,Surface,Ohio River,
OH,Cardinal,2024,12,Conventional Steam Coal,11373.0,152061.0,5.916,626.0,520.0,47.0,39.0,33.0,12.0,Fresh,Surface,Ohio River,
OH,Miami Fort,2024,1,Conventional Steam Coal,653333.0,7061283.0,334.199,1813.0,512.0,168.0,47.0,744.0,,Fresh,Surface,Ohio River,Ohio River
OH,Miami Fort,2024,2,Conventional Steam Coal,224477.0,2479848.0,123.673,2847.0,551.0,258.0,50.0,624.0,,Fresh,Surface,Ohio River,Ohio River
OH,Miami Fort,2024,3,Conventional Steam Coal,81805.0,976652.0,44.216,6521.0,541.0,546.0,45.0,696.0,,Fresh,Surface,Ohio River,Ohio River
OH,Miami Fort,2024,4,Conventional Steam Coal,456635.0,4963126.0,245.221,2246.0,537.0,207.0,49.0,672.0,,Fresh,Surface,Ohio River,Ohio River
OH,Miami Fort,2024,5,Conventional Steam Coal,257822.0,2824180.0,35.69,2804.0,138.0,256.0,13.0,672.0,,Fresh,Surface,Ohio River,Ohio River
OH,Miami Fort,2024,6,Conventional Steam Coal,565945.0,5864266.0,300.985,1925.0,532.0,186.0,51.0,672.0,,Fresh,Surface,Ohio River,Ohio River
OH,Miami Fort,2024,7,Conventional Steam Coal,565678.0,5947032.0,291.52,1924.0,515.0,183.0,49.0,672.0,,Fresh,Surface,Ohio River,Ohio River
OH,Miami Fort,2024,8,Conventional Steam Coal,565265.0,6112568.0,291.909,1926.0,516.0,178.0,48.0,672.0,,Fresh,Surface,Ohio River,Ohio River
OH,Miami Fort,2024,9,Conventional Steam Coal,477976.0,5191964.0,259.039,2157.0,542.0,199.0,50.0,672.0,,Fresh,Surface,Ohio River,Ohio River
OH,Miami Fort,2024,10,Conventional Steam Coal,520539.0,5557484.0,271.419,1991.0,521.0,186.0,49.0,672.0,,Fresh,Surface,Ohio River,Ohio River
OH,Miami Fort,2024,11,Conventional Steam Coal,482666.0,5133743.0,261.017,2183.0,541.0,205.0,51.0,672.0,,Fresh,Surface,Ohio River,Ohio River
OH,Miami Fort,2024,12,Conventional Steam Coal,668508.0,7044677.0,344.773,1626.0,516.0,154.0,49.0,672.0,,Fresh,Surface,Ohio River,Ohio River
OK,Horseshoe Lake,2024,1,Natural Gas Steam Turbine,3943.0,61403.0,4.523,19262.0,1147.0,1237.0,74.0,61.0,15.0,Fresh,Surface,Settling Basin Pond,Settling Basin Pond
OK,Horseshoe Lake,2024,3,Natural Gas Steam Turbine,15674.0,208407.0,14.451,3222.0,922.0,242.0,69.0,141.0,15.0,Fresh,Surface,Settling Basin Pond,Settling Basin Pond
OK,Horseshoe Lake,2024,4,Natural Gas Steam Turbine,33242.0,375818.0,23.615,1533.0,710.0,136.0,63.0,119.0,15.0,Fresh,Surface,Settling Basin Pond,Settling Basin Pond
OK,Horseshoe Lake,2024,5,Natural Gas Steam Turbine,89123.0,1106273.0,73.634,2360.0,826.0,190.0,67.0,498.0,15.0,Fresh,Surface,Settling Basin Pond,Settling Basin Pond
OK,Horseshoe Lake,2024,6,Natural Gas Steam Turbine,84832.0,1006074.0,69.143,1670.0,815.0,141.0,69.0,435.0,15.0,Fresh,Surface,Settling Basin Pond,Settling Basin Pond
OK,Horseshoe Lake,2024,7,Natural Gas Steam Turbine,76761.0,932341.0,62.132,1698.0,809.0,140.0,67.0,394.0,15.0,Fresh,Surface,Settling Basin Pond,Settling Basin Pond
OK,Horseshoe Lake,2024,8,Natural Gas Steam Turbine,109826.0,1339103.0,91.846,1717.0,836.0,141.0,69.0,591.0,15.0,Fresh,Surface,Settling Basin Pond,Settling Basin Pond
OK,Horseshoe Lake,2024,9,Natural Gas Steam Turbine,34738.0,403213.0,26.712,1667.0,769.0,144.0,66.0,165.0,15.0,Fresh,Surface,Settling Basin Pond,Settling Basin Pond
OK,Horseshoe Lake,2024,10,Natural Gas Steam Turbine,23127.0,271705.0,17.996,3681.0,778.0,313.0,66.0,130.0,15.0,Fresh,Surface,Settling Basin Pond,Settling Basin Pond
OK,Muskogee,2024,1,Natural Gas Steam Turbine,91141.0,1002386.0,65.808,1028.0,722.0,93.0,66.0,346.0,30.0,Fresh,Surface,Arkansas River,Arkansas River
OK,Muskogee,2024,2,Natural Gas Steam Turbine,43739.0,528895.0,33.055,934.0,756.0,77.0,62.0,200.0,30.0,Fresh,Surface,Arkansas River,Arkansas River
OK,Muskogee,2024,3,Natural Gas Steam Turbine,101623.0,1119362.0,73.465,935.0,723.0,85.0,66.0,390.0,30.0,Fresh,Surface,Arkansas River,Arkansas River
OK,Muskogee,2024,5,Natural Gas Steam Turbine,47992.0,549920.0,36.416,1029.0,759.0,90.0,66.0,261.0,30.0,Fresh,Surface,Arkansas River,Arkansas River
OK,Muskogee,2024,6,Natural Gas Steam Turbine,111495.0,1257336.0,78.572,878.0,705.0,78.0,62.0,399.0,30.0,Fresh,Surface,Arkansas River,Arkansas River
OK,Muskogee,2024,7,Natural Gas Steam Turbine,197418.0,2164416.0,136.484,892.0,691.0,81.0,63.0,625.0,30.0,Fresh,Surface,Arkansas River,Arkansas River
OK,Muskogee,2024,8,Natural Gas Steam Turbine,167744.0,1819217.0,117.293,960.0,699.0,89.0,64.0,559.0,30.0,Fresh,Surface,Arkansas River,Arkansas River
OK,Muskogee,2024,9,Natural Gas Steam Turbine,42385.0,465574.0,29.628,951.0,699.0,87.0,64.0,144.0,30.0,Fresh,Surface,Arkansas River,Arkansas River
OK,Muskogee,2024,10,Natural Gas Steam Turbine,123740.0,1362724.0,85.083,1103.0,688.0,100.0,62.0,429.0,30.0,Fresh,Surface,Arkansas River,Arkansas River
OK,Muskogee,2024,11,Natural Gas Steam Turbine,44264.0,451772.0,29.323,925.0,662.0,91.0,65.0,105.0,30.0,Fresh,Surface,Arkansas River,Arkansas River
OK,Muskogee,2024,1,Natural Gas Steam Turbine,94743.0,1076350.0,68.373,1071.0,722.0,94.0,64.0,411.0,30.0,Fresh,Surface,Arkansas River,Arkansas River
OK,Muskogee,2024,2,Natural Gas Steam Turbine,16212.0,187498.0,12.107,940.0,747.0,81.0,65.0,80.0,30.0,Fresh,Surface,Arkansas River,Arkansas River
OK,Muskogee,2024,3,Natural Gas Steam Turbine,45773.0,512701.0,32.04,896.0,700.0,80.0,62.0,162.0,30.0,Fresh,Surface,Arkansas River,Arkansas River
OK,Muskogee,2024,4,Natural Gas Steam Turbine,229192.0,2483264.0,151.757,901.0,662.0,83.0,61.0,653.0,30.0,Fresh,Surface,Arkansas River,Arkansas River
OK,Muskogee,2024,5,Natural Gas Steam Turbine,216065.0,2363712.0,147.307,839.0,682.0,77.0,62.0,681.0,30.0,Fresh,Surface,Arkansas River,Arkansas River
OK,Muskogee,2024,6,Natural Gas Steam Turbine,141167.0,1590977.0,99.478,875.0,705.0,78.0,63.0,499.0,30.0,Fresh,Surface,Arkansas River,Arkansas River
OK,Muskogee,2024,7,Natural Gas Steam Turbine,227911.0,2521886.0,156.395,878.0,686.0,79.0,62.0,691.0,30.0,Fresh,Surface,Arkansas River,Arkansas River
OK,Muskogee,2024,8,Natural Gas Steam Turbine,209735.0,2340095.0,146.107,942.0,697.0,84.0,62.0,659.0,30.0,Fresh,Surface,Arkansas River,Arkansas River
OK,Muskogee,2024,9,Natural Gas Steam Turbine,130944.0,1429011.0,90.451,929.0,691.0,85.0,63.0,422.0,30.0,Fresh,Surface,Arkansas River,Arkansas River
OK,Muskogee,2024,10,Natural Gas Steam Turbine,152057.0,1699204.0,109.284,1155.0,719.0,103.0,64.0,554.0,30.0,Fresh,Surface,Arkansas River,Arkansas River
OK,Muskogee,2024,11,Natural Gas Steam Turbine,131976.0,1484452.0,91.694,1065.0,695.0,95.0,62.0,441.0,30.0,Fresh,Surface,Arkansas River,Arkansas River
OK,Muskogee,2024,12,Natural Gas Steam Turbine,17191.0,170675.0,12.704,1461.0,739.0,147.0,74.0,78.0,30.0,Fresh,Surface,Arkansas River,Arkansas River
OK,Muskogee,2024,1,Conventional Steam Coal,112826.0,1340226.0,98.061,962.0,869.0,81.0,73.0,424.0,30.0,Fresh,Surface,Arkansas River,Arkansas River
OK,Muskogee,2024,2,Conventional Steam Coal,24956.0,293999.0,19.93,1276.0,799.0,108.0,68.0,108.0,30.0,Fresh,Surface,Arkansas River,Arkansas River
OK,Muskogee,2024,3,Conventional Steam Coal,15159.0,194875.0,12.42,1277.0,819.0,99.0,64.0,100.0,30.0,Fresh,Surface,Arkansas River,Arkansas River
OK,Muskogee,2024,4,Conventional Steam Coal,10946.0,149298.0,8.114,841.0,741.0,62.0,54.0,75.0,30.0,Fresh,Surface,Arkansas River,Arkansas River
OK,Muskogee,2024,5,Conventional Steam Coal,15710.0,193662.0,10.373,1079.0,660.0,88.0,54.0,68.0,30.0,Fresh,Surface,Arkansas River,Arkansas River
OK,Muskogee,2024,6,Conventional Steam Coal,93340.0,1091758.0,65.871,920.0,706.0,79.0,60.0,428.0,30.0,Fresh,Surface,Arkansas River,Arkansas River
OK,Muskogee,2024,8,Conventional Steam Coal,32806.0,412720.0,23.579,1151.0,719.0,92.0,57.0,214.0,30.0,Fresh,Surface,Arkansas River,Arkansas River
OK,Muskogee,2024,9,Conventional Steam Coal,13889.0,168112.0,10.19,999.0,734.0,83.0,61.0,69.0,30.0,Fresh,Surface,Arkansas River,Arkansas River
OK,Muskogee,2024,10,Conventional Steam Coal,53759.0,634016.0,37.748,912.0,702.0,77.0,60.0,221.0,30.0,Fresh,Surface,Arkansas River,Arkansas River
OK,Muskogee,2024,11,Conventional Steam Coal,68034.0,845291.0,53.14,1131.0,781.0,91.0,63.0,363.0,30.0,Fresh,Surface,Arkansas River,Arkansas River
OK,Muskogee,2024,12,Conventional Steam Coal,68304.0,800836.0,47.3,1573.0,692.0,134.0,59.0,273.0,30.0,Fresh,Surface,Arkansas River,Arkansas River
OK,Seminole (OK),2024,3,Natural Gas Steam Turbine,184354.0,2017551.0,59.486,72506.0,323.0,6625.0,29.0,744.0,20.0,Fresh,Surface,South Canadian River/ Wells,Jumper Creek
OK,Seminole (OK),2024,4,Natural Gas Steam Turbine,292958.0,3029750.0,31.885,34940.0,109.0,3378.0,11.0,720.0,20.0,Fresh,Surface,South Canadian River/ Wells,Jumper Creek
OK,Seminole (OK),2024,5,Natural Gas Steam Turbine,172457.0,1767748.0,185.728,75922.0,1077.0,7407.0,105.0,642.0,20.0,Fresh,Surface,South Canadian River/ Wells,Jumper Creek
OK,Seminole (OK),2024,11,Natural Gas Steam Turbine,50773.0,640483.0,173.135,129523.0,3410.0,10268.0,270.0,381.0,20.0,Fresh,Surface,South Canadian River/ Wells,Jumper Creek
OK,Northeastern,2024,3,Multiple,30979.0,375853.0,2.857,114.0,92.0,9.0,8.0,131.0,,Fresh,Surface,Verdigris River,Verdigris River
OK,Northeastern,2024,4,Multiple,306569.0,3217413.0,123.295,487.0,402.0,46.0,38.0,683.0,,Fresh,Surface,Verdigris River,Verdigris River
OK,Northeastern,2024,5,Multiple,288944.0,3151020.0,106.991,431.0,370.0,40.0,34.0,589.0,,Fresh,Surface,Verdigris River,Verdigris River
OK,Southwestern,2024,1,Natural Gas Steam Turbine,10215.0,121712.0,51.184,7585.0,5011.0,637.0,421.0,615.0,4.0,Fresh,Surface,Municipal,Ft Cobb Reservoir
OK,Southwestern,2024,4,Natural Gas Steam Turbine,7157.0,91315.0,37.919,7965.0,5298.0,624.0,415.0,516.0,4.0,Fresh,Surface,Municipal,Ft Cobb Reservoir
OK,Southwestern,2024,5,Natural Gas Steam Turbine,20087.0,280268.0,53.494,4288.0,2663.0,307.0,191.0,668.0,4.0,Fresh,Surface,Municipal,Ft Cobb Reservoir
OK,Southwestern,2024,6,Natural Gas Steam Turbine,11339.0,146268.0,47.08,6186.0,4152.0,480.0,322.0,472.0,4.0,Fresh,Surface,Municipal,Ft Cobb Reservoir
OK,Southwestern,2024,8,Natural Gas Steam Turbine,13135.0,165578.0,72.304,8628.0,5505.0,684.0,437.0,744.0,4.0,Fresh,Surface,Municipal,Ft Cobb Reservoir
OK,Tulsa,2024,1,Natural Gas Steam Turbine,14215.0,190982.0,7.918,791.0,557.0,59.0,41.0,433.0,2.0,Fresh,Surface,Arkansas River,Arkansas River
OK,Tulsa,2024,2,Natural Gas Steam Turbine,2169.0,35954.0,0.554,363.0,255.0,22.0,15.0,64.0,2.0,Fresh,Surface,Arkansas River,Arkansas River
OK,Tulsa,2024,3,Natural Gas Steam Turbine,17607.0,226381.0,17.565,1417.0,998.0,110.0,78.0,436.0,2.0,Fresh,Surface,Arkansas River,Arkansas River
OK,Tulsa,2024,4,Natural Gas Steam Turbine,3780.0,49913.0,0.875,329.0,231.0,25.0,18.0,102.0,2.0,Fresh,Surface,Arkansas River,Arkansas River
OK,Tulsa,2024,5,Natural Gas Steam Turbine,26346.0,328931.0,14.799,798.0,562.0,64.0,45.0,485.0,2.0,Fresh,Surface,Arkansas River,Arkansas River
OK,Tulsa,2024,6,Natural Gas Steam Turbine,9977.0,134241.0,3.066,437.0,307.0,32.0,23.0,231.0,2.0,Fresh,Surface,Arkansas River,Arkansas River
OK,Tulsa,2024,7,Natural Gas Steam Turbine,23343.0,298499.0,22.129,1347.0,948.0,105.0,74.0,507.0,2.0,Fresh,Surface,Arkansas River,Arkansas River
OK,Tulsa,2024,8,Natural Gas Steam Turbine,23700.0,302306.0,26.015,1559.0,1098.0,122.0,86.0,566.0,2.0,Fresh,Surface,Arkansas River,Arkansas River
OK,Tulsa,2024,9,Natural Gas Steam Turbine,24507.0,314410.0,26.416,1531.0,1078.0,119.0,84.0,531.0,2.0,Fresh,Surface,Arkansas River,Arkansas River
OK,Tulsa,2024,10,Natural Gas Steam Turbine,27255.0,338103.0,1.449,585.0,53.0,47.0,4.0,538.0,2.0,Fresh,Surface,Arkansas River,Arkansas River
OK,Tulsa,2024,11,Natural Gas Steam Turbine,17207.0,217767.0,14.076,1052.0,818.0,83.0,65.0,307.0,2.0,Fresh,Surface,Arkansas River,Arkansas River
OK,Tulsa,2024,12,Natural Gas Steam Turbine,3513.0,47446.0,1.93,681.0,549.0,50.0,41.0,109.0,2.0,Fresh,Surface,Arkansas River,Arkansas River
OK,Tulsa,2024,2,Natural Gas Steam Turbine,2464.0,40852.0,0.597,345.0,242.0,21.0,15.0,74.0,2.0,Fresh,Surface,Arkansas River,Arkansas River
OK,Tulsa,2024,3,Natural Gas Steam Turbine,8657.0,111311.0,4.958,814.0,573.0,63.0,45.0,239.0,2.0,Fresh,Surface,Arkansas River,Arkansas River
OK,Tulsa,2024,4,Natural Gas Steam Turbine,24526.0,323822.0,28.402,1645.0,1158.0,125.0,88.0,560.0,2.0,Fresh,Surface,Arkansas River,Arkansas River
OK,Tulsa,2024,5,Natural Gas Steam Turbine,24910.0,310997.0,12.096,690.0,486.0,55.0,39.0,422.0,2.0,Fresh,Surface,Arkansas River,Arkansas River
OK,Tulsa,2024,6,Natural Gas Steam Turbine,25438.0,342281.0,18.048,1008.0,709.0,75.0,53.0,567.0,2.0,Fresh,Surface,Arkansas River,Arkansas River
OK,Tulsa,2024,7,Natural Gas Steam Turbine,30205.0,386245.0,29.937,1408.0,991.0,110.0,78.0,540.0,2.0,Fresh,Surface,Arkansas River,Arkansas River
OK,Tulsa,2024,8,Natural Gas Steam Turbine,28351.0,389707.0,32.143,1611.0,1134.0,117.0,82.0,584.0,2.0,Fresh,Surface,Arkansas River,Arkansas River
OK,Tulsa,2024,9,Natural Gas Steam Turbine,30605.0,392650.0,41.36,1920.0,1351.0,150.0,105.0,639.0,2.0,Fresh,Surface,Arkansas River,Arkansas River
OK,Tulsa,2024,10,Natural Gas Steam Turbine,917.0,11375.0,0.056,87.0,61.0,7.0,5.0,21.0,2.0,Fresh,Surface,Arkansas River,Arkansas River
OK,Tulsa,2024,11,Natural Gas Steam Turbine,5298.0,67046.0,2.74,665.0,517.0,53.0,41.0,170.0,2.0,Fresh,Surface,Arkansas River,Arkansas River
OK,Tulsa,2024,12,Natural Gas Steam Turbine,9545.0,128932.0,13.047,1695.0,1367.0,125.0,101.0,287.0,2.0,Fresh,Surface,Arkansas River,Arkansas River
OK,Mooreland,2024,1,Natural Gas Steam Turbine,13345.0,156645.0,8.584,2393.0,643.0,204.0,55.0,408.0,,Fresh,Ground,Wells,Canadian River
OK,Mooreland,2024,2,Natural Gas Steam Turbine,1294.0,19739.0,1.318,9776.0,1019.0,641.0,67.0,38.0,,Fresh,Ground,Wells,Canadian River
OK,Mooreland,2024,3,Natural Gas Steam Turbine,2890.0,41162.0,3.076,6529.0,1064.0,458.0,75.0,98.0,,Fresh,Ground,Wells,Canadian River
OK,Mooreland,2024,4,Natural Gas Steam Turbine,7403.0,93324.0,7.877,3754.0,1064.0,298.0,84.0,216.0,,Fresh,Ground,Wells,Canadian River
OK,Mooreland,2024,5,Natural Gas Steam Turbine,7665.0,86958.0,6.426,3149.0,838.0,278.0,74.0,189.0,,Fresh,Ground,Wells,Canadian River
OK,Mooreland,2024,6,Natural Gas Steam Turbine,4218.0,56787.0,4.97,4340.0,1178.0,322.0,88.0,117.0,,Fresh,Ground,Wells,Canadian River
OK,Mooreland,2024,7,Natural Gas Steam Turbine,18034.0,195608.0,15.151,2224.0,840.0,205.0,77.0,412.0,,Fresh,Ground,Wells,Canadian River
OK,Mooreland,2024,8,Natural Gas Steam Turbine,22233.0,249899.0,17.459,2216.0,785.0,197.0,70.0,479.0,,Fresh,Ground,Wells,Canadian River
OK,Mooreland,2024,9,Natural Gas Steam Turbine,16647.0,183894.0,11.516,2199.0,692.0,199.0,63.0,331.0,,Fresh,Ground,Wells,Canadian River
OK,Mooreland,2024,10,Natural Gas Steam Turbine,19436.0,217886.0,13.682,1949.0,704.0,174.0,63.0,443.0,,Fresh,Ground,Wells,Canadian River
OK,Mooreland,2024,11,Natural Gas Steam Turbine,3357.0,37898.0,0.165,3132.0,49.0,277.0,4.0,85.0,,Fresh,Ground,Wells,Canadian River
OK,Mooreland,2024,12,Natural Gas Steam Turbine,3289.0,38221.0,0.546,4201.0,166.0,361.0,14.0,75.0,,Fresh,Ground,Wells,Canadian River
PA,Conemaugh,2024,1,Conventional Steam Coal,203875.0,2128541.0,156.544,864.0,768.0,83.0,74.0,312.0,12.0,Fresh,Surface,Conemaugh River,Conemaugh River
PA,Conemaugh,2024,5,Conventional Steam Coal,94463.0,985838.0,77.66,1451.0,822.0,139.0,79.0,184.0,12.0,Fresh,Surface,Conemaugh River,Conemaugh River
PA,Conemaugh,2024,6,Conventional Steam Coal,212413.0,2206715.0,240.276,1280.0,1131.0,123.0,109.0,366.0,12.0,Fresh,Surface,Conemaugh River,Conemaugh River
PA,Conemaugh,2024,7,Conventional Steam Coal,283670.0,2990361.0,344.506,1365.0,1214.0,129.0,115.0,491.0,12.0,Fresh,Surface,Conemaugh River,Conemaugh River
PA,Conemaugh,2024,8,Conventional Steam Coal,136597.0,1481558.0,173.95,1415.0,1273.0,130.0,117.0,238.0,12.0,Fresh,Surface,Conemaugh River,Conemaugh River
PA,Conemaugh,2024,10,Conventional Steam Coal,270192.0,2879318.0,253.968,1089.0,940.0,102.0,88.0,526.0,12.0,Fresh,Surface,Conemaugh River,Conemaugh River
PA,Conemaugh,2024,11,Conventional Steam Coal,380014.0,3949561.0,330.781,1022.0,870.0,98.0,84.0,720.0,12.0,Fresh,Surface,Conemaugh River,Conemaugh River
PA,Conemaugh,2024,12,Conventional Steam Coal,322317.0,3395050.0,290.914,1015.0,903.0,96.0,86.0,576.0,12.0,Fresh,Surface,Conemaugh River,Conemaugh River
PA,Conemaugh,2024,1,Conventional Steam Coal,467382.0,4692913.0,358.876,864.0,768.0,86.0,76.0,744.0,12.0,Fresh,Surface,Conemaugh River,Conemaugh River
PA,Conemaugh,2024,2,Conventional Steam Coal,137627.0,1426441.0,173.406,1577.0,1260.0,152.0,122.0,273.0,12.0,Fresh,Surface,Conemaugh River,Conemaugh River
PA,Conemaugh,2024,6,Conventional Steam Coal,178638.0,1841301.0,202.071,1280.0,1131.0,124.0,110.0,313.0,12.0,Fresh,Surface,Conemaugh River,Conemaugh River
PA,Conemaugh,2024,7,Conventional Steam Coal,244003.0,2542026.0,296.333,1365.0,1214.0,131.0,117.0,445.0,12.0,Fresh,Surface,Conemaugh River,Conemaugh River
PA,Conemaugh,2024,8,Conventional Steam Coal,405936.0,4169049.0,516.942,1415.0,1273.0,138.0,124.0,721.0,12.0,Fresh,Surface,Conemaugh River,Conemaugh River
PA,Conemaugh,2024,12,Conventional Steam Coal,225330.0,2322589.0,203.376,1015.0,903.0,98.0,88.0,394.0,12.0,Fresh,Surface,Conemaugh River,Conemaugh River
PA,Seward (PA),2024,1,Conventional Steam Coal,214508.0,2589415.0,92.8,495.0,433.0,41.0,36.0,638.0,20.0,Fresh,Surface,Conemaugh River,Conemaugh River
PA,Seward (PA),2024,2,Conventional Steam Coal,257705.0,3075110.0,105.0,454.0,407.0,38.0,34.0,696.0,20.0,Fresh,Surface,Conemaugh River,Conemaugh River
PA,Seward (PA),2024,3,Conventional Steam Coal,342765.0,3847224.0,144.5,460.0,422.0,41.0,38.0,743.0,20.0,Fresh,Surface,Conemaugh River,Conemaugh River
PA,Seward (PA),2024,4,Conventional Steam Coal,309720.0,3535751.0,135.2,498.0,437.0,44.0,38.0,720.0,20.0,Fresh,Surface,Conemaugh River,Conemaugh River
PA,Seward (PA),2024,5,Conventional Steam Coal,193997.0,2300959.0,101.3,609.0,522.0,51.0,44.0,644.0,20.0,Fresh,Surface,Conemaugh River,Conemaugh River
PA,Seward (PA),2024,6,Conventional Steam Coal,249305.0,2912761.0,132.7,594.0,532.0,51.0,46.0,720.0,20.0,Fresh,Surface,Conemaugh River,Conemaugh River
PA,Seward (PA),2024,7,Conventional Steam Coal,346561.0,3865343.0,175.1,571.0,505.0,51.0,45.0,744.0,20.0,Fresh,Surface,Conemaugh River,Conemaugh River
PA,Seward (PA),2024,8,Conventional Steam Coal,40480.0,639982.0,70.9,2228.0,1751.0,141.0,111.0,120.0,20.0,Fresh,Surface,Conemaugh River,Conemaugh River
PA,Seward (PA),2024,12,Conventional Steam Coal,153691.0,1846223.0,11.0,187.0,72.0,16.0,6.0,701.0,20.0,Fresh,Surface,Conemaugh River,Conemaugh River
PA,Shawville,2024,1,Natural Gas Steam Turbine,156698.0,1807931.0,107.616,822.0,687.0,71.0,60.0,436.0,3.0,Fresh,Surface,Susquehanna River,Susquehanna River
PA,Shawville,2024,2,Natural Gas Steam Turbine,42906.0,523285.0,11.107,310.0,259.0,25.0,21.0,45.0,3.0,Fresh,Surface,Susquehanna River,Susquehanna River
PA,Shawville,2024,3,Natural Gas Steam Turbine,70744.0,835454.0,43.688,740.0,618.0,63.0,52.0,177.0,3.0,Fresh,Surface,Susquehanna River,Susquehanna River
PA,Shawville,2024,4,Natural Gas Steam Turbine,71409.0,853479.0,20.24,339.0,283.0,28.0,24.0,82.0,3.0,Fresh,Surface,Susquehanna River,Susquehanna River
PA,Shawville,2024,5,Natural Gas Steam Turbine,143548.0,1660085.0,87.87,733.0,612.0,63.0,53.0,356.0,3.0,Fresh,Surface,Susquehanna River,Susquehanna River
PA,Shawville,2024,6,Natural Gas Steam Turbine,199693.0,2223235.0,129.337,776.0,648.0,70.0,58.0,524.0,3.0,Fresh,Surface,Susquehanna River,Susquehanna River
PA,Shawville,2024,7,Natural Gas Steam Turbine,330600.0,3665238.0,88.24,320.0,267.0,29.0,24.0,715.0,3.0,Fresh,Surface,Susquehanna River,Susquehanna River
PA,Shawville,2024,8,Natural Gas Steam Turbine,166940.0,1968341.0,87.421,627.0,524.0,53.0,44.0,460.0,3.0,Fresh,Surface,Susquehanna River,Susquehanna River
PA,Shawville,2024,9,Natural Gas Steam Turbine,138316.0,1579490.0,67.013,580.0,484.0,51.0,42.0,543.0,3.0,Fresh,Surface,Susquehanna River,Susquehanna River
PA,Shawville,2024,10,Natural Gas Steam Turbine,65015.0,735632.0,41.336,761.0,636.0,67.0,56.0,364.0,3.0,Fresh,Surface,Susquehanna River,Susquehanna River
PA,Shawville,2024,11,Natural Gas Steam Turbine,76989.0,890784.0,62.694,975.0,814.0,84.0,70.0,508.0,3.0,Fresh,Surface,Susquehanna River,Susquehanna River
PA,Shawville,2024,12,Natural Gas Steam Turbine,29651.0,354228.0,15.797,638.0,533.0,53.0,45.0,128.0,3.0,Fresh,Surface,Susquehanna River,Susquehanna River
PA,Keystone,2024,1,Conventional Steam Coal,414069.0,4140190.0,141.0,490.0,341.0,49.0,34.0,570.0,,Fresh,Surface,Crooked Creek,Crooked Creek
PA,Keystone,2024,2,Conventional Steam Coal,300273.0,3022285.0,107.0,689.0,356.0,68.0,35.0,462.0,,Fresh,Surface,Crooked Creek,Crooked Creek
PA,Keystone,2024,5,Conventional Steam Coal,61211.0,627928.0,28.0,2205.0,457.0,215.0,45.0,101.0,,Fresh,Surface,Crooked Creek,Crooked Creek
PA,Keystone,2024,6,Conventional Steam Coal,198769.0,2917357.0,130.0,1041.0,654.0,71.0,45.0,430.0,,Fresh,Surface,Crooked Creek,Crooked Creek
PA,Keystone,2024,7,Conventional Steam Coal,317114.0,3202618.0,144.0,653.0,454.0,65.0,45.0,455.0,,Fresh,Surface,Crooked Creek,Crooked Creek
PA,Keystone,2024,8,Conventional Steam Coal,119793.0,1282265.0,57.0,810.0,476.0,76.0,44.0,187.0,,Fresh,Surface,Crooked Creek,Crooked Creek
PA,Keystone,2024,11,Conventional Steam Coal,45818.0,510943.0,20.0,2073.0,437.0,186.0,39.0,72.0,,Fresh,Surface,Crooked Creek,Crooked Creek
PA,Keystone,2024,12,Conventional Steam Coal,530889.0,5049199.0,20.0,179.0,38.0,19.0,4.0,744.0,,Fresh,Surface,Crooked Creek,Crooked Creek
PA,Keystone,2024,1,Conventional Steam Coal,417972.0,4341487.0,144.0,495.0,345.0,48.0,33.0,581.0,,Fresh,Surface,Crooked Creek,Crooked Creek
PA,Keystone,2024,6,Conventional Steam Coal,86995.0,920928.0,43.0,793.0,494.0,75.0,47.0,144.0,,Fresh,Surface,Crooked Creek,Crooked Creek
PA,Keystone,2024,7,Conventional Steam Coal,394578.0,4055402.0,178.0,654.0,451.0,64.0,44.0,565.0,,Fresh,Surface,Crooked Creek,Crooked Creek
PA,Keystone,2024,8,Conventional Steam Coal,213908.0,2260746.0,95.0,762.0,444.0,72.0,42.0,314.0,,Fresh,Surface,Crooked Creek,Crooked Creek
PA,Brunner Island,2024,1,Natural Gas Steam Turbine,79265.0,878765.0,13.583,35493.0,171.0,3201.0,15.0,744.0,9.0,Fresh,Surface,Susquehanna River,Susquehanna River
PA,Brunner Island,2024,2,Natural Gas Steam Turbine,53652.0,645031.0,6.839,94680.0,127.0,7875.0,11.0,696.0,9.0,Fresh,Surface,Susquehanna River,Susquehanna River
PA,Brunner Island,2024,3,Natural Gas Steam Turbine,5080.0,43200.0,1.28,99134.0,252.0,11657.0,30.0,62.0,9.0,Fresh,Surface,Susquehanna River,Susquehanna River
PA,Brunner Island,2024,4,Natural Gas Steam Turbine,132057.0,1420300.0,39.947,28471.0,302.0,2647.0,28.0,623.0,9.0,Fresh,Surface,Susquehanna River,Susquehanna River
PA,Brunner Island,2024,5,Natural Gas Steam Turbine,116005.0,1267741.0,75.08,44143.0,647.0,4039.0,59.0,744.0,9.0,Fresh,Surface,Susquehanna River,Susquehanna River
PA,Brunner Island,2024,6,Natural Gas Steam Turbine,101126.0,1246232.0,85.186,45690.0,842.0,3708.0,68.0,720.0,9.0,Fresh,Surface,Susquehanna River,Susquehanna River
PA,Brunner Island,2024,7,Natural Gas Steam Turbine,124463.0,1464672.0,91.268,34111.0,733.0,2899.0,62.0,625.0,9.0,Fresh,Surface,Susquehanna River,Susquehanna River
PA,Brunner Island,2024,8,Natural Gas Steam Turbine,146475.0,1663447.0,90.632,34158.0,619.0,3008.0,54.0,744.0,9.0,Fresh,Surface,Susquehanna River,Susquehanna River
PA,Brunner Island,2024,9,Natural Gas Steam Turbine,21304.0,224932.0,23.184,79831.0,1088.0,7561.0,103.0,286.0,9.0,Fresh,Surface,Susquehanna River,Susquehanna River
PA,Brunner Island,2024,10,Natural Gas Steam Turbine,85901.0,971464.0,43.578,43129.0,507.0,3814.0,45.0,694.0,9.0,Fresh,Surface,Susquehanna River,Susquehanna River
PA,Brunner Island,2024,11,Natural Gas Steam Turbine,140522.0,1550740.0,25.805,27481.0,184.0,2490.0,17.0,720.0,9.0,Fresh,Surface,Susquehanna River,Susquehanna River
PA,Brunner Island,2024,12,Natural Gas Steam Turbine,41846.0,474215.0,12.095,53433.0,289.0,4715.0,26.0,744.0,9.0,Fresh,Surface,Susquehanna River,Susquehanna River
PA,Brunner Island,2024,1,Natural Gas Steam Turbine,87214.0,915416.0,13.93,33082.0,160.0,3152.0,15.0,722.0,9.0,Fresh,Surface,Susquehanna River,Susquehanna River
PA,Brunner Island,2024,2,Natural Gas Steam Turbine,25005.0,291977.0,3.812,113221.0,152.0,9696.0,13.0,385.0,9.0,Fresh,Surface,Susquehanna River,Susquehanna River
PA,Brunner Island,2024,3,Natural Gas Steam Turbine,71757.0,829788.0,10.616,58202.0,148.0,5033.0,13.0,743.0,9.0,Fresh,Surface,Susquehanna River,Susquehanna River
PA,Brunner Island,2024,4,Natural Gas Steam Turbine,28958.0,307746.0,48.91,158968.0,1689.0,14958.0,159.0,169.0,9.0,Fresh,Surface,Susquehanna River,Susquehanna River
PA,Brunner Island,2024,5,Natural Gas Steam Turbine,104975.0,1194813.0,68.23,44330.0,650.0,3895.0,57.0,708.0,9.0,Fresh,Surface,Susquehanna River,Susquehanna River
PA,Brunner Island,2024,6,Natural Gas Steam Turbine,141926.0,1605566.0,83.307,31837.0,587.0,2814.0,52.0,720.0,9.0,Fresh,Surface,Susquehanna River,Susquehanna River
PA,Brunner Island,2024,7,Natural Gas Steam Turbine,206295.0,2265099.0,98.959,22315.0,480.0,2032.0,44.0,744.0,9.0,Fresh,Surface,Susquehanna River,Susquehanna River
PA,Brunner Island,2024,8,Natural Gas Steam Turbine,138240.0,1526646.0,77.196,30827.0,558.0,2791.0,51.0,744.0,9.0,Fresh,Surface,Susquehanna River,Susquehanna River
PA,Brunner Island,2024,9,Natural Gas Steam Turbine,121899.0,1304949.0,46.468,27964.0,381.0,2612.0,36.0,660.0,9.0,Fresh,Surface,Susquehanna River,Susquehanna River
PA,Brunner Island,2024,12,Natural Gas Steam Turbine,50725.0,690209.0,13.566,49443.0,267.0,3634.0,20.0,744.0,9.0,Fresh,Surface,Susquehanna River,Susquehanna River
PA,Brunner Island,2024,1,Natural Gas Steam Turbine,38184.0,452925.0,11.148,60472.0,292.0,5098.0,25.0,271.0,15.0,Fresh,Surface,Susquehanna River,Susquehanna River
PA,Brunner Island,2024,4,Natural Gas Steam Turbine,220776.0,2487923.0,81.742,34848.0,370.0,3092.0,33.0,676.0,15.0,Fresh,Surface,Susquehanna River,Susquehanna River
PA,Brunner Island,2024,5,Natural Gas Steam Turbine,135564.0,1394123.0,71.346,35896.0,526.0,3490.0,51.0,352.0,15.0,Fresh,Surface,Susquehanna River,Susquehanna River
PA,Brunner Island,2024,6,Natural Gas Steam Turbine,198200.0,2137493.0,137.971,37757.0,696.0,3501.0,65.0,677.0,15.0,Fresh,Surface,Susquehanna River,Susquehanna River
PA,Brunner Island,2024,7,Natural Gas Steam Turbine,273895.0,2986555.0,193.413,32849.0,706.0,3013.0,65.0,659.0,15.0,Fresh,Surface,Susquehanna River,Susquehanna River
PA,Brunner Island,2024,8,Natural Gas Steam Turbine,90993.0,936843.0,78.302,47505.0,861.0,4614.0,84.0,281.0,15.0,Fresh,Surface,Susquehanna River,Susquehanna River
PA,Brunner Island,2024,9,Natural Gas Steam Turbine,193486.0,2106815.0,116.778,44275.0,604.0,4066.0,55.0,720.0,15.0,Fresh,Surface,Susquehanna River,Susquehanna River
PA,Brunner Island,2024,10,Natural Gas Steam Turbine,59051.0,562476.0,37.932,54610.0,642.0,5733.0,67.0,249.0,15.0,Fresh,Surface,Susquehanna River,Susquehanna River
PA,Brunner Island,2024,12,Natural Gas Steam Turbine,165450.0,1700154.0,32.813,36665.0,198.0,3568.0,19.0,670.0,15.0,Fresh,Surface,Susquehanna River,Susquehanna River
PA,TalenEnergy Martins Creek,2024,1,Natural Gas Steam Turbine,10857.0,148750.0,15.312,1928.0,1410.0,141.0,103.0,76.0,11.0,Fresh,Surface,Delaware River,Delaware River
PA,TalenEnergy Martins Creek,2024,4,Natural Gas Steam Turbine,114253.0,1325446.0,123.806,1778.0,1084.0,153.0,93.0,386.0,11.0,Fresh,Surface,Delaware River,Delaware River
PA,TalenEnergy Martins Creek,2024,5,Natural Gas Steam Turbine,9874.0,127484.0,24.205,2720.0,2451.0,211.0,190.0,56.0,11.0,Fresh,Surface,Delaware River,Delaware River
PA,TalenEnergy Martins Creek,2024,6,Natural Gas Steam Turbine,124813.0,1472286.0,71.202,1519.0,570.0,129.0,48.0,400.0,11.0,Fresh,Surface,Delaware River,Delaware River
PA,TalenEnergy Martins Creek,2024,7,Natural Gas Steam Turbine,312567.0,3508031.0,155.065,1215.0,496.0,108.0,44.0,671.0,11.0,Fresh,Surface,Delaware River,Delaware River
PA,TalenEnergy Martins Creek,2024,8,Natural Gas Steam Turbine,157144.0,1764961.0,56.921,1415.0,362.0,126.0,32.0,430.0,11.0,Fresh,Surface,Delaware River,Delaware River
PA,TalenEnergy Martins Creek,2024,9,Natural Gas Steam Turbine,96875.0,1211799.0,36.5,1402.0,377.0,112.0,30.0,437.0,11.0,Fresh,Surface,Delaware River,Delaware River
PA,TalenEnergy Martins Creek,2024,10,Natural Gas Steam Turbine,275957.0,3093969.0,46.606,966.0,169.0,86.0,15.0,726.0,11.0,Fresh,Surface,Delaware River,Delaware River
PA,TalenEnergy Martins Creek,2024,11,Natural Gas Steam Turbine,122676.0,1333317.0,8.358,1158.0,68.0,107.0,6.0,335.0,11.0,Fresh,Surface,Delaware River,Delaware River
PA,TalenEnergy Martins Creek,2024,1,Natural Gas Steam Turbine,12767.0,163974.0,15.513,1661.0,1215.0,129.0,95.0,77.0,11.0,Fresh,Surface,Delaware River,Delaware River
PA,TalenEnergy Martins Creek,2024,3,Natural Gas Steam Turbine,5288.0,80260.0,31.237,6528.0,5907.0,430.0,389.0,56.0,11.0,Fresh,Surface,Delaware River,Delaware River
PA,TalenEnergy Martins Creek,2024,4,Natural Gas Steam Turbine,17842.0,211194.0,25.98,2389.0,1456.0,202.0,123.0,81.0,11.0,Fresh,Surface,Delaware River,Delaware River
PA,TalenEnergy Martins Creek,2024,5,Natural Gas Steam Turbine,10394.0,151350.0,45.385,4845.0,4366.0,333.0,300.0,105.0,11.0,Fresh,Surface,Delaware River,Delaware River
PA,TalenEnergy Martins Creek,2024,6,Natural Gas Steam Turbine,176151.0,2011198.0,102.529,1551.0,582.0,136.0,51.0,576.0,11.0,Fresh,Surface,Delaware River,Delaware River
PA,TalenEnergy Martins Creek,2024,7,Natural Gas Steam Turbine,235067.0,2654268.0,140.737,1467.0,599.0,130.0,53.0,609.0,11.0,Fresh,Surface,Delaware River,Delaware River
PA,TalenEnergy Martins Creek,2024,8,Natural Gas Steam Turbine,238253.0,2575561.0,73.07,1198.0,307.0,111.0,28.0,552.0,11.0,Fresh,Surface,Delaware River,Delaware River
PA,TalenEnergy Martins Creek,2024,9,Natural Gas Steam Turbine,205439.0,2287553.0,58.802,1065.0,286.0,96.0,26.0,704.0,11.0,Fresh,Surface,Delaware River,Delaware River
PA,TalenEnergy Martins Creek,2024,10,Natural Gas Steam Turbine,208346.0,2270912.0,34.153,938.0,164.0,86.0,15.0,532.0,11.0,Fresh,Surface,Delaware River,Delaware River
PA,TalenEnergy Martins Creek,2024,11,Natural Gas Steam Turbine,242268.0,2559116.0,12.824,900.0,53.0,85.0,5.0,514.0,11.0,Fresh,Surface,Delaware River,Delaware River
PA,TalenEnergy Montour,2024,1,Conventional Steam Coal,124693.0,1203679.0,36.049,351.0,289.0,36.0,30.0,215.0,5.0,Fresh,Surface,Susquehanna River,Susquehanna River
PA,TalenEnergy Montour,2024,5,Conventional Steam Coal,138458.0,1449538.0,203.14,1783.0,1467.0,170.0,140.0,309.0,5.0,Fresh,Surface,Susquehanna River,Susquehanna River
PA,TalenEnergy Montour,2024,6,Conventional Steam Coal,108396.0,1128091.0,58.294,829.0,538.0,80.0,52.0,229.0,5.0,Fresh,Surface,Susquehanna River,Susquehanna River
PA,TalenEnergy Montour,2024,7,Conventional Steam Coal,345543.0,3581377.0,144.876,647.0,419.0,62.0,40.0,572.0,5.0,Fresh,Surface,Susquehanna River,Susquehanna River
PA,TalenEnergy Montour,2024,8,Conventional Steam Coal,169550.0,1743387.0,74.825,636.0,441.0,62.0,43.0,304.0,5.0,Fresh,Surface,Susquehanna River,Susquehanna River
PA,TalenEnergy Montour,2024,9,Conventional Steam Coal,11585.0,76037.0,18.183,3011.0,1570.0,459.0,239.0,24.0,5.0,Fresh,Surface,Susquehanna River,Susquehanna River
PA,TalenEnergy Montour,2024,10,Conventional Steam Coal,307645.0,3117848.0,300.755,1057.0,978.0,104.0,96.0,589.0,5.0,Fresh,Surface,Susquehanna River,Susquehanna River
PA,TalenEnergy Montour,2024,12,Conventional Steam Coal,202383.0,2012273.0,185.138,1010.0,915.0,102.0,92.0,387.0,5.0,Fresh,Surface,Susquehanna River,Susquehanna River
PA,TalenEnergy Montour,2024,1,Natural Gas Steam Turbine,178233.0,1728688.0,62.038,423.0,348.0,44.0,36.0,370.0,5.0,Fresh,Surface,Susquehanna River,Susquehanna River
PA,TalenEnergy Montour,2024,2,Natural Gas Steam Turbine,162652.0,1711359.0,85.753,725.0,527.0,69.0,50.0,413.0,5.0,Fresh,Surface,Susquehanna River,Susquehanna River
PA,TalenEnergy Montour,2024,3,Natural Gas Steam Turbine,68794.0,668773.0,58.741,1047.0,854.0,108.0,88.0,154.0,5.0,Fresh,Surface,Susquehanna River,Susquehanna River
PA,TalenEnergy Montour,2024,6,Natural Gas Steam Turbine,221384.0,2288958.0,104.879,730.0,474.0,71.0,46.0,412.0,5.0,Fresh,Surface,Susquehanna River,Susquehanna River
PA,TalenEnergy Montour,2024,7,Natural Gas Steam Turbine,321393.0,3214194.0,135.251,649.0,421.0,65.0,42.0,534.0,5.0,Fresh,Surface,Susquehanna River,Susquehanna River
PA,TalenEnergy Montour,2024,8,Natural Gas Steam Turbine,316384.0,3174144.0,135.128,615.0,427.0,61.0,43.0,549.0,5.0,Fresh,Surface,Susquehanna River,Susquehanna River
PA,TalenEnergy Montour,2024,9,Natural Gas Steam Turbine,16963.0,128753.0,25.759,2913.0,1519.0,384.0,200.0,34.0,5.0,Fresh,Surface,Susquehanna River,Susquehanna River
PA,TalenEnergy Montour,2024,11,Natural Gas Steam Turbine,267295.0,2684174.0,233.881,960.0,875.0,96.0,87.0,476.0,5.0,Fresh,Surface,Susquehanna River,Susquehanna River
SC,Wateree,2024,1,Conventional Steam Coal,130641.0,1357355.0,50.957,390.0,390.0,38.0,38.0,554.0,20.0,Fresh,Surface,Wateree River,
SC,Wateree,2024,2,Conventional Steam Coal,108117.0,1208244.0,50.947,471.0,471.0,42.0,42.0,580.0,20.0,Fresh,Surface,Wateree River,
SC,Wateree,2024,3,Conventional Steam Coal,158698.0,1689620.0,95.045,599.0,599.0,56.0,56.0,743.0,20.0,Fresh,Surface,Wateree River,
SC,Wateree,2024,4,Conventional Steam Coal,83850.0,843182.0,28.06,335.0,335.0,33.0,33.0,390.0,20.0,Fresh,Surface,Wateree River,
SC,Wateree,2024,5,Conventional Steam Coal,49139.0,546044.0,11.566,235.0,235.0,21.0,21.0,244.0,20.0,Fresh,Surface,Wateree River,
SC,Wateree,2024,6,Conventional Steam Coal,80647.0,842256.0,28.342,351.0,351.0,34.0,34.0,374.0,20.0,Fresh,Surface,Wateree River,
SC,Wateree,2024,7,Conventional Steam Coal,162672.0,1669901.0,111.912,688.0,688.0,67.0,67.0,744.0,20.0,Fresh,Surface,Wateree River,
SC,Wateree,2024,8,Conventional Steam Coal,85104.0,914453.0,30.6,360.0,360.0,33.0,33.0,408.0,20.0,Fresh,Surface,Wateree River,
SC,Wateree,2024,9,Conventional Steam Coal,163986.0,1670314.0,102.427,625.0,625.0,61.0,61.0,720.0,20.0,Fresh,Surface,Wateree River,
SC,Wateree,2024,10,Conventional Steam Coal,165362.0,1831505.0,102.315,619.0,619.0,56.0,56.0,744.0,20.0,Fresh,Surface,Wateree River,
SC,Wateree,2024,11,Conventional Steam Coal,150676.0,1491986.0,90.4,600.0,600.0,61.0,61.0,720.0,20.0,Fresh,Surface,Wateree River,
SC,Wateree,2024,12,Conventional Steam Coal,91389.0,945542.0,36.32,397.0,397.0,38.0,38.0,470.0,20.0,Fresh,Surface,Wateree River,
SC,Wateree,2024,1,Conventional Steam Coal,66418.0,693942.0,11.369,171.0,171.0,16.0,16.0,319.0,20.0,Fresh,Surface,Wateree River,
SC,Wateree,2024,3,Conventional Steam Coal,27.0,3248.0,0.003,111.0,111.0,1.0,1.0,3.0,20.0,Fresh,Surface,Wateree River,
SC,Wateree,2024,4,Conventional Steam Coal,54841.0,557792.0,11.344,207.0,207.0,20.0,20.0,276.0,20.0,Fresh,Surface,Wateree River,
SC,Wateree,2024,6,Conventional Steam Coal,160379.0,1671091.0,81.994,511.0,511.0,49.0,49.0,720.0,20.0,Fresh,Surface,Wateree River,
SC,Wateree,2024,7,Conventional Steam Coal,151559.0,1566693.0,77.183,509.0,509.0,49.0,49.0,744.0,20.0,Fresh,Surface,Wateree River,
SC,Wateree,2024,8,Conventional Steam Coal,143084.0,1548497.0,67.302,470.0,470.0,43.0,43.0,689.0,20.0,Fresh,Surface,Wateree River,
SC,Wateree,2024,11,Conventional Steam Coal,89796.0,915899.0,32.003,356.0,356.0,35.0,35.0,488.0,20.0,Fresh,Surface,Wateree River,
SC,Wateree,2024,12,Conventional Steam Coal,118395.0,1229693.0,35.972,304.0,304.0,29.0,29.0,564.0,20.0,Fresh,Surface,Wateree River,
SC,Williams,2024,1,Conventional Steam Coal,228291.0,2345967.0,4.2,44918.0,18.0,4371.0,2.0,744.0,17.0,Fresh,Surface,Back River Reservoir,Cooper River
SC,Williams,2024,2,Conventional Steam Coal,165671.0,1771443.0,8.07,65436.0,49.0,6120.0,5.0,696.0,17.0,Fresh,Surface,Back River Reservoir,Cooper River
SC,Williams,2024,3,Conventional Steam Coal,187444.0,2004877.0,11.2,60960.0,60.0,5699.0,6.0,744.0,17.0,Fresh,Surface,Back River Reservoir,Cooper River
SC,Williams,2024,4,Conventional Steam Coal,111461.0,1193914.0,0.73,42109.0,7.0,3931.0,1.0,632.0,17.0,Fresh,Surface,Back River Reservoir,Cooper River
SC,Williams,2024,6,Conventional Steam Coal,200262.0,2140272.0,9.12,55305.0,46.0,5175.0,4.0,720.0,17.0,Fresh,Surface,Back River Reservoir,Cooper River
SC,Williams,2024,7,Conventional Steam Coal,211072.0,2337412.0,11.58,53384.0,55.0,4821.0,5.0,744.0,17.0,Fresh,Surface,Back River Reservoir,Cooper River
SC,Williams,2024,8,Conventional Steam Coal,90689.0,1001341.0,6.83,70671.0,75.0,6401.0,7.0,422.0,17.0,Fresh,Surface,Back River Reservoir,Cooper River
SC,Williams,2024,9,Conventional Steam Coal,219521.0,2380436.0,15.99,49668.0,73.0,4580.0,7.0,720.0,17.0,Fresh,Surface,Back River Reservoir,Cooper River
SC,Williams,2024,10,Conventional Steam Coal,182880.0,2163897.0,12.81,63516.0,70.0,5368.0,6.0,744.0,17.0,Fresh,Surface,Back River Reservoir,Cooper River
SC,Williams,2024,11,Conventional Steam Coal,190608.0,2151368.0,14.51,31198.0,76.0,2764.0,7.0,720.0,17.0,Fresh,Surface,Back River Reservoir,Cooper River
SC,Williams,2024,12,Conventional Steam Coal,104263.0,1225679.0,7.73,70061.0,74.0,5960.0,6.0,448.0,17.0,Fresh,Surface,Back River Reservoir,Cooper River
TX,Lake Hubbard,2024,1,Natural Gas Steam Turbine,73151.0,867612.0,28.977,325516.0,396.0,27445.0,33.0,744.0,,Fresh,Surface,Lake Ray Hubbard,Lake Ray Hubbard
TX,Lake Hubbard,2024,2,Natural Gas Steam Turbine,12187.0,145261.0,9.102,325804.0,747.0,27334.0,63.0,696.0,,Fresh,Surface,Lake Ray Hubbard,Lake Ray Hubbard
TX,Lake Hubbard,2024,3,Natural Gas Steam Turbine,167181.0,1914205.0,32.945,162761.0,197.0,14215.0,17.0,744.0,,Fresh,Surface,Lake Ray Hubbard,Lake Ray Hubbard
TX,Lake Hubbard,2024,6,Natural Gas Steam Turbine,117272.0,1347457.0,43.331,325500.0,369.0,28329.0,32.0,720.0,,Fresh,Surface,Lake Ray Hubbard,Lake Ray Hubbard
TX,Lake Hubbard,2024,9,Natural Gas Steam Turbine,138576.0,1624775.0,49.984,325484.0,361.0,27760.0,31.0,720.0,,Fresh,Surface,Lake Ray Hubbard,Lake Ray Hubbard
TX,Lake Hubbard,2024,10,Natural Gas Steam Turbine,230464.0,2676209.0,81.003,329707.0,351.0,28393.0,30.0,744.0,,Fresh,Surface,Lake Ray Hubbard,Lake Ray Hubbard
TX,Newman,2024,1,Natural Gas Steam Turbine,7281.0,96265.0,3.9,670.0,536.0,51.0,41.0,183.0,,Fresh,Ground,Wells/Treated Municipal Waste,Not Applicable
TX,Newman,2024,3,Natural Gas Steam Turbine,13238.0,169172.0,7.03,663.0,531.0,52.0,42.0,324.0,,Fresh,Ground,Wells/Treated Municipal Waste,Not Applicable
TX,Newman,2024,4,Natural Gas Steam Turbine,36573.0,447905.0,19.02,650.0,520.0,53.0,42.0,720.0,,Fresh,Ground,Wells/Treated Municipal Waste,Not Applicable
TX,Newman,2024,5,Natural Gas Steam Turbine,34555.0,504527.0,18.14,656.0,525.0,45.0,36.0,744.0,,Fresh,Ground,Wells/Treated Municipal Waste,Not Applicable
TX,Newman,2024,6,Natural Gas Steam Turbine,32417.0,486560.0,17.11,660.0,528.0,44.0,35.0,720.0,,Fresh,Ground,Wells/Treated Municipal Waste,Not Applicable
TX,Newman,2024,7,Natural Gas Steam Turbine,17609.0,264307.0,9.49,674.0,539.0,45.0,36.0,526.0,,Fresh,Ground,Wells/Treated Municipal Waste,Not Applicable
TX,Newman,2024,8,Natural Gas Steam Turbine,19549.0,270473.0,10.42,666.0,533.0,48.0,39.0,621.0,,Fresh,Ground,Wells/Treated Municipal Waste,Not Applicable
TX,Newman,2024,9,Natural Gas Steam Turbine,3955.0,57597.0,2.22,703.0,561.0,48.0,39.0,121.0,,Fresh,Ground,Wells/Treated Municipal Waste,Not Applicable
TX,Newman,2024,5,Natural Gas Steam Turbine,52.0,31825.0,0.03,577.0,577.0,1.0,1.0,241.0,,Fresh,Ground,Wells/Treated Municipal Waste,Not Applicable
TX,Newman,2024,6,Natural Gas Steam Turbine,20206.0,275750.0,10.47,648.0,518.0,47.0,38.0,635.0,,Fresh,Ground,Wells/Treated Municipal Waste,Not Applicable
TX,Newman,2024,7,Natural Gas Steam Turbine,12850.0,196579.0,7.29,709.0,567.0,46.0,37.0,506.0,,Fresh,Ground,Wells/Treated Municipal Waste,Not Applicable
TX,Newman,2024,8,Natural Gas Steam Turbine,29717.0,389735.0,15.56,655.0,524.0,50.0,40.0,694.0,,Fresh,Ground,Wells/Treated Municipal Waste,Not Applicable
TX,Newman,2024,9,Natural Gas Steam Turbine,18842.0,278710.0,10.41,690.0,552.0,47.0,37.0,532.0,,Fresh,Ground,Wells/Treated Municipal Waste,Not Applicable
TX,Newman,2024,10,Natural Gas Steam Turbine,23998.0,327780.0,13.1,683.0,546.0,50.0,40.0,563.0,,Fresh,Ground,Wells/Treated Municipal Waste,Not Applicable
TX,Newman,2024,11,Natural Gas Steam Turbine,1595.0,49688.0,2.0,1574.0,1254.0,51.0,40.0,95.0,,Fresh,Ground,Wells/Treated Municipal Waste,Not Applicable
TX,Newman,2024,12,Natural Gas Steam Turbine,35587.0,433099.0,18.61,654.0,523.0,54.0,43.0,744.0,,Fresh,Ground,Wells/Treated Municipal Waste,Not Applicable
TX,Newman,2024,4,Natural Gas Steam Turbine,3824.0,61122.0,2.31,756.0,604.0,47.0,38.0,229.0,,Fresh,Ground,Wells/Treated Municipal Waste,Not Applicable
TX,Newman,2024,5,Natural Gas Steam Turbine,47831.0,546711.0,24.78,647.0,518.0,57.0,45.0,730.0,,Fresh,Ground,Wells/Treated Municipal Waste,Not Applicable
TX,Newman,2024,6,Natural Gas Steam Turbine,27468.0,323410.0,14.39,655.0,524.0,56.0,44.0,502.0,,Fresh,Ground,Wells/Treated Municipal Waste,Not Applicable
TX,Newman,2024,7,Natural Gas Steam Turbine,33531.0,409052.0,17.82,664.0,531.0,54.0,44.0,668.0,,Fresh,Ground,Wells/Treated Municipal Waste,Not Applicable
TX,Newman,2024,8,Natural Gas Steam Turbine,53828.0,626360.0,28.23,656.0,524.0,56.0,45.0,744.0,,Fresh,Ground,Wells/Treated Municipal Waste,Not Applicable
TX,Newman,2024,9,Natural Gas Steam Turbine,53571.0,619569.0,28.07,655.0,524.0,57.0,45.0,719.0,,Fresh,Ground,Wells/Treated Municipal Waste,Not Applicable
TX,Newman,2024,10,Natural Gas Steam Turbine,46014.0,543996.0,24.37,662.0,530.0,56.0,45.0,744.0,,Fresh,Ground,Wells/Treated Municipal Waste,Not Applicable
TX,Newman,2024,11,Natural Gas Steam Turbine,26080.0,309065.0,13.7,657.0,525.0,55.0,44.0,422.0,,Fresh,Ground,Wells/Treated Municipal Waste,Not Applicable
TX,Newman,2024,12,Natural Gas Steam Turbine,33243.0,391264.0,17.44,655.0,525.0,56.0,45.0,574.0,,Fresh,Ground,Wells/Treated Municipal Waste,Not Applicable
TX,Lewis Creek,2024,1,Natural Gas Steam Turbine,209985.0,2224849.0,34.43,53781.0,164.0,5076.0,15.0,744.0,15.0,Fresh,Surface,Lake Conroe,Lewis Creek Reservoir
TX,Lewis Creek,2024,2,Natural Gas Steam Turbine,122008.0,1304943.0,44.403,32526.0,364.0,3041.0,34.0,696.0,15.0,Fresh,Surface,Lake Conroe,Lewis Creek Reservoir
TX,Lewis Creek,2024,3,Natural Gas Steam Turbine,118971.0,1247698.0,157.613,52449.0,1325.0,5001.0,126.0,744.0,15.0,Fresh,Surface,Lake Conroe,Lewis Creek Reservoir
TX,Lewis Creek,2024,4,Natural Gas Steam Turbine,172662.0,1840508.0,63.165,66619.0,366.0,6250.0,34.0,720.0,15.0,Fresh,Surface,Lake Conroe,Lewis Creek Reservoir
TX,Lewis Creek,2024,5,Natural Gas Steam Turbine,218762.0,2345504.0,24.99,70892.0,114.0,6612.0,11.0,744.0,15.0,Fresh,Surface,Lake Conroe,Lewis Creek Reservoir
TX,Lewis Creek,2024,6,Natural Gas Steam Turbine,241487.0,2619079.0,259.021,54615.0,1073.0,5036.0,99.0,720.0,15.0,Fresh,Surface,Lake Conroe,Lewis Creek Reservoir
TX,Lewis Creek,2024,7,Natural Gas Steam Turbine,249120.0,2719089.0,105.066,64043.0,422.0,5868.0,39.0,744.0,15.0,Fresh,Surface,Lake Conroe,Lewis Creek Reservoir
TX,Lewis Creek,2024,8,Natural Gas Steam Turbine,263294.0,2827938.0,381.28,60615.0,1448.0,5644.0,135.0,744.0,15.0,Fresh,Surface,Lake Conroe,Lewis Creek Reservoir
TX,Lewis Creek,2024,9,Natural Gas Steam Turbine,157856.0,1727531.0,335.13,84740.0,2123.0,7743.0,194.0,720.0,15.0,Fresh,Surface,Lake Conroe,Lewis Creek Reservoir
TX,Lewis Creek,2024,10,Natural Gas Steam Turbine,104351.0,1180319.0,414.348,87947.0,3971.0,7775.0,351.0,744.0,15.0,Fresh,Surface,Lake Conroe,Lewis Creek Reservoir
TX,Lewis Creek,2024,11,Natural Gas Steam Turbine,272173.0,2873176.0,15.029,56902.0,55.0,5390.0,5.0,720.0,15.0,Fresh,Surface,Lake Conroe,Lewis Creek Reservoir
TX,Lewis Creek,2024,12,Natural Gas Steam Turbine,109869.0,1143028.0,156.82,74194.0,1427.0,7132.0,137.0,744.0,15.0,Fresh,Surface,Lake Conroe,Lewis Creek Reservoir
TX,Sabine,2024,1,Natural Gas Steam Turbine,19597.0,264045.0,0.248,199832.0,13.0,14831.0,1.0,206.0,15.0,Brackish,Surface,Sabine Lake,Neches River
TX,Sabine,2024,3,Natural Gas Steam Turbine,77310.0,1098674.0,7.925,61405.0,103.0,4321.0,7.0,514.0,15.0,Brackish,Surface,Sabine Lake,Neches River
TX,Sabine,2024,4,Natural Gas Steam Turbine,62434.0,762232.0,9.72,91877.0,156.0,7526.0,13.0,419.0,15.0,Brackish,Surface,Sabine Lake,Neches River
TX,Sabine,2024,7,Natural Gas Steam Turbine,74493.0,953337.0,21.793,82354.0,293.0,6435.0,23.0,711.0,15.0,Brackish,Surface,Sabine Lake,Neches River
TX,Sabine,2024,8,Natural Gas Steam Turbine,86176.0,924427.0,21.669,71233.0,251.0,6640.0,23.0,744.0,15.0,Brackish,Surface,Sabine Lake,Neches River
TX,Sabine,2024,9,Natural Gas Steam Turbine,50955.0,571022.0,26.065,11434.0,512.0,1020.0,46.0,450.0,15.0,Brackish,Surface,Sabine Lake,Neches River
TX,Sabine,2024,10,Natural Gas Steam Turbine,44880.0,530377.0,22.66,124459.0,505.0,10532.0,43.0,459.0,15.0,Brackish,Surface,Sabine Lake,Neches River
TX,Sabine,2024,3,Natural Gas Steam Turbine,55123.0,777756.0,11.678,126914.0,212.0,8995.0,15.0,264.0,17.0,Brackish,Surface,Sabine Lake,Neches River
TX,Sabine,2024,4,Natural Gas Steam Turbine,95405.0,1149293.0,14.324,88606.0,150.0,7355.0,12.0,367.0,17.0,Brackish,Surface,Sabine Lake,Neches River
TX,Sabine,2024,5,Natural Gas Steam Turbine,196823.0,2387469.0,20.255,33490.0,103.0,2761.0,8.0,670.0,17.0,Brackish,Surface,Sabine Lake,Neches River
TX,Sabine,2024,6,Natural Gas Steam Turbine,113620.0,1226813.0,30.474,74924.0,268.0,6939.0,25.0,631.0,17.0,Brackish,Surface,Sabine Lake,Neches River
TX,Sabine,2024,7,Natural Gas Steam Turbine,112222.0,1405535.0,32.116,80561.0,286.0,6432.0,23.0,579.0,17.0,Brackish,Surface,Sabine Lake,Neches River
TX,Sabine,2024,8,Natural Gas Steam Turbine,39462.0,420189.0,31.933,229240.0,809.0,21529.0,76.0,325.0,17.0,Brackish,Surface,Sabine Lake,Neches River
TX,Sabine,2024,9,Natural Gas Steam Turbine,154040.0,1695297.0,38.411,55714.0,249.0,5062.0,23.0,719.0,17.0,Brackish,Surface,Sabine Lake,Neches River
TX,Sabine,2024,10,Natural Gas Steam Turbine,77218.0,898946.0,33.393,106602.0,432.0,9157.0,37.0,456.0,17.0,Brackish,Surface,Sabine Lake,Neches River
TX,Sabine,2024,11,Natural Gas Steam Turbine,93032.0,1106224.0,27.554,84877.0,296.0,7138.0,25.0,371.0,17.0,Brackish,Surface,Sabine Lake,Neches River
TX,Sabine,2024,12,Natural Gas Steam Turbine,19007.0,418411.0,1.734,303563.0,91.0,13790.0,4.0,123.0,17.0,Brackish,Surface,Sabine Lake,Neches River
TX,Sabine,2024,2,Natural Gas Steam Turbine,87994.0,929451.0,8.759,40641.0,100.0,3848.0,9.0,242.0,20.0,Brackish,Surface,Sabine Lake,Neches River
TX,Sabine,2024,5,Natural Gas Steam Turbine,22191.0,269926.0,23.148,339478.0,1043.0,27909.0,86.0,91.0,20.0,Brackish,Surface,Sabine Lake,Neches River
TX,Sabine,2024,6,Natural Gas Steam Turbine,234649.0,2514295.0,34.827,41462.0,148.0,3869.0,14.0,706.0,20.0,Brackish,Surface,Sabine Lake,Neches River
TX,Sabine,2024,7,Natural Gas Steam Turbine,181280.0,2265692.0,36.704,56996.0,202.0,4560.0,16.0,744.0,20.0,Brackish,Surface,Sabine Lake,Neches River
TX,Sabine,2024,8,Natural Gas Steam Turbine,239931.0,2502973.0,36.495,43090.0,152.0,4131.0,15.0,744.0,20.0,Brackish,Surface,Sabine Lake,Neches River
TX,Sabine,2024,9,Natural Gas Steam Turbine,234488.0,2559113.0,43.899,41828.0,187.0,3833.0,17.0,720.0,20.0,Brackish,Surface,Sabine Lake,Neches River
TX,Sabine,2024,10,Natural Gas Steam Turbine,260331.0,2988565.0,38.164,36137.0,147.0,3148.0,13.0,744.0,20.0,Brackish,Surface,Sabine Lake,Neches River
TX,Sabine,2024,11,Natural Gas Steam Turbine,222351.0,2630697.0,31.49,40586.0,142.0,3430.0,12.0,648.0,20.0,Brackish,Surface,Sabine Lake,Neches River
TX,Sabine,2024,1,Natural Gas Steam Turbine,70510.0,952648.0,69.764,1014.0,989.0,75.0,73.0,836.0,18.0,Fresh,Surface,Sabine River,Neches River
TX,Sabine,2024,3,Natural Gas Steam Turbine,97825.0,1384042.0,45.294,470.0,463.0,33.0,33.0,726.0,18.0,Fresh,Surface,Sabine River,Neches River
TX,Sabine,2024,4,Natural Gas Steam Turbine,208108.0,2533769.0,101.764,510.0,489.0,42.0,40.0,1440.0,18.0,Fresh,Surface,Sabine River,Neches River
TX,Sabine,2024,5,Natural Gas Steam Turbine,185568.0,2282316.0,164.848,893.0,888.0,73.0,72.0,1416.0,18.0,Fresh,Surface,Sabine River,Neches River
TX,Sabine,2024,6,Natural Gas Steam Turbine,173669.0,1904387.0,155.692,932.0,896.0,85.0,82.0,1440.0,18.0,Fresh,Surface,Sabine River,Neches River
TX,Sabine,2024,7,Natural Gas Steam Turbine,119212.0,1505051.0,157.842,1328.0,1324.0,105.0,105.0,854.0,18.0,Fresh,Surface,Sabine River,Neches River
TX,Sabine,2024,8,Natural Gas Steam Turbine,179665.0,1914051.0,125.388,717.0,698.0,67.0,66.0,1392.0,18.0,Fresh,Surface,Sabine River,Neches River
TX,Sabine,2024,9,Natural Gas Steam Turbine,43391.0,490144.0,170.126,3927.0,3921.0,348.0,347.0,524.0,18.0,Fresh,Surface,Sabine River,Neches River
TX,Sabine,2024,10,Natural Gas Steam Turbine,121330.0,1438629.0,85.568,730.0,705.0,62.0,59.0,1244.0,18.0,Fresh,Surface,Sabine River,Neches River
TX,Sabine,2024,11,Natural Gas Steam Turbine,138035.0,1661810.0,132.262,969.0,958.0,80.0,80.0,988.0,18.0,Fresh,Surface,Sabine River,Neches River
TX,Cedar Bayou,2024,1,Natural Gas Steam Turbine,205807.0,2276211.0,146.448,23719.0,712.0,2145.0,64.0,360.0,,Brackish,Surface,Upper Galveston Bay,Upper Galveston Bay
TX,Cedar Bayou,2024,3,Natural Gas Steam Turbine,16240.0,219736.0,29.29,60118.0,1804.0,4443.0,133.0,72.0,,Brackish,Surface,Upper Galveston Bay,Upper Galveston Bay
TX,Cedar Bayou,2024,4,Natural Gas Steam Turbine,229836.0,2517695.0,214.79,31151.0,935.0,2844.0,85.0,528.0,,Brackish,Surface,Upper Galveston Bay,Upper Galveston Bay
TX,Cedar Bayou,2024,5,Natural Gas Steam Turbine,336972.0,3597900.0,302.659,29939.0,898.0,2804.0,84.0,744.0,,Brackish,Surface,Upper Galveston Bay,Upper Galveston Bay
TX,Cedar Bayou,2024,6,Natural Gas Steam Turbine,293314.0,3245398.0,263.606,29957.0,899.0,2707.0,81.0,648.0,,Brackish,Surface,Upper Galveston Bay,Upper Galveston Bay
TX,Cedar Bayou,2024,7,Natural Gas Steam Turbine,500901.0,5507089.0,302.659,20141.0,604.0,1832.0,55.0,744.0,,Brackish,Surface,Upper Galveston Bay,Upper Galveston Bay
TX,Cedar Bayou,2024,8,Natural Gas Steam Turbine,639516.0,6906156.0,302.659,15775.0,473.0,1461.0,44.0,744.0,,Brackish,Surface,Upper Galveston Bay,Upper Galveston Bay
TX,Cedar Bayou,2024,9,Natural Gas Steam Turbine,433601.0,4944552.0,292.896,22517.0,675.0,1975.0,59.0,720.0,,Brackish,Surface,Upper Galveston Bay,Upper Galveston Bay
TX,Cedar Bayou,2024,10,Natural Gas Steam Turbine,216569.0,2476027.0,244.08,37568.0,1127.0,3286.0,99.0,600.0,,Brackish,Surface,Upper Galveston Bay,Upper Galveston Bay
TX,Cedar Bayou,2024,11,Natural Gas Steam Turbine,175847.0,1974853.0,195.264,37014.0,1110.0,3296.0,99.0,480.0,,Brackish,Surface,Upper Galveston Bay,Upper Galveston Bay
TX,Cedar Bayou,2024,12,Natural Gas Steam Turbine,81374.0,885277.0,78.106,31994.0,960.0,2941.0,88.0,192.0,,Brackish,Surface,Upper Galveston Bay,Upper Galveston Bay
TX,W A Parish,2024,1,Conventional Steam Coal,275258.0,3021962.0,130.436,1687.0,474.0,154.0,43.0,744.0,,Fresh,Surface,Smithers Lake,Smithers Lake
TX,W A Parish,2024,3,Conventional Steam Coal,86312.0,1072756.0,133.577,5379.0,1548.0,433.0,125.0,744.0,,Fresh,Surface,Smithers Lake,Smithers Lake
TX,W A Parish,2024,4,Conventional Steam Coal,132200.0,1526819.0,145.075,3399.0,1097.0,294.0,95.0,720.0,,Fresh,Surface,Smithers Lake,Smithers Lake
TX,W A Parish,2024,5,Conventional Steam Coal,256670.0,2902889.0,137.765,1809.0,537.0,160.0,47.0,744.0,,Fresh,Surface,Smithers Lake,Smithers Lake
TX,W A Parish,2024,6,Conventional Steam Coal,103871.0,1227691.0,126.229,4326.0,1215.0,366.0,103.0,720.0,,Fresh,Surface,Smithers Lake,Smithers Lake
TX,W A Parish,2024,7,Conventional Steam Coal,273830.0,3060385.0,140.127,1696.0,512.0,152.0,46.0,744.0,,Fresh,Surface,Smithers Lake,Smithers Lake
TX,W A Parish,2024,8,Conventional Steam Coal,268032.0,3116612.0,115.778,1732.0,432.0,149.0,37.0,744.0,,Fresh,Surface,Smithers Lake,Smithers Lake
TX,W A Parish,2024,9,Conventional Steam Coal,258596.0,3034738.0,108.43,1738.0,419.0,148.0,36.0,720.0,,Fresh,Surface,Smithers Lake,Smithers Lake
TX,W A Parish,2024,10,Conventional Steam Coal,300720.0,3367837.0,106.355,1544.0,354.0,138.0,32.0,744.0,,Fresh,Surface,Smithers Lake,Smithers Lake
TX,W A Parish,2024,11,Conventional Steam Coal,257583.0,2914369.0,110.524,1744.0,429.0,154.0,38.0,720.0,,Fresh,Surface,Smithers Lake,Smithers Lake
TX,W A Parish,2024,12,Conventional Steam Coal,218142.0,2454640.0,123.107,2128.0,564.0,189.0,50.0,744.0,,Fresh,Surface,Smithers Lake,Smithers Lake
TX,W A Parish,2024,1,Conventional Steam Coal,256867.0,2854368.0,143.53,1944.0,559.0,175.0,50.0,744.0,,Fresh,Surface,Smithers Lake,Smithers Lake
TX,W A Parish,2024,2,Conventional Steam Coal,123791.0,1486593.0,194.625,3774.0,1572.0,314.0,131.0,696.0,,Fresh,Surface,Smithers Lake,Smithers Lake
TX,W A Parish,2024,3,Conventional Steam Coal,244276.0,2817504.0,140.389,2044.0,575.0,177.0,50.0,744.0,,Fresh,Surface,Smithers Lake,Smithers Lake
TX,W A Parish,2024,4,Conventional Steam Coal,175815.0,2079574.0,128.768,2749.0,732.0,232.0,62.0,720.0,,Fresh,Surface,Smithers Lake,Smithers Lake
TX,W A Parish,2024,5,Conventional Steam Coal,309929.0,3426008.0,154.0,1611.0,497.0,146.0,45.0,744.0,,Fresh,Surface,Smithers Lake,Smithers Lake
TX,W A Parish,2024,6,Conventional Steam Coal,263896.0,2894198.0,147.614,1831.0,559.0,167.0,51.0,720.0,,Fresh,Surface,Smithers Lake,Smithers Lake
TX,W A Parish,2024,7,Conventional Steam Coal,251612.0,2744657.0,167.611,1985.0,666.0,182.0,61.0,744.0,,Fresh,Surface,Smithers Lake,Smithers Lake
TX,W A Parish,2024,8,Conventional Steam Coal,331001.0,3705433.0,167.611,1509.0,506.0,135.0,45.0,744.0,,Fresh,Surface,Smithers Lake,Smithers Lake
TX,W A Parish,2024,9,Conventional Steam Coal,310833.0,3515588.0,151.802,1555.0,488.0,137.0,43.0,720.0,,Fresh,Surface,Smithers Lake,Smithers Lake
TX,W A Parish,2024,10,Conventional Steam Coal,307630.0,3381923.0,158.188,1623.0,514.0,148.0,47.0,744.0,,Fresh,Surface,Smithers Lake,Smithers Lake
TX,W A Parish,2024,11,Conventional Steam Coal,118883.0,1313575.0,224.799,4065.0,1891.0,368.0,171.0,576.0,,Fresh,Surface,Smithers Lake,Smithers Lake
TX,W A Parish,2024,12,Conventional Steam Coal,318021.0,3373320.0,158.188,1570.0,497.0,148.0,47.0,744.0,,Fresh,Surface,Smithers Lake,Smithers Lake
TX,Knox Lee,2024,1,Natural Gas Steam Turbine,37018.0,403153.0,9.384,204906.0,253.0,18815.0,23.0,744.0,12.0,Fresh,Surface,LAKE CHEROKEE,LAKE CHEROKEE
TX,Knox Lee,2024,5,Natural Gas Steam Turbine,43405.0,526711.0,15.718,178154.0,362.0,14681.0,30.0,744.0,12.0,Fresh,Surface,LAKE CHEROKEE,LAKE CHEROKEE
TX,Knox Lee,2024,6,Natural Gas Steam Turbine,45959.0,547986.0,16.836,186317.0,366.0,15626.0,31.0,720.0,12.0,Fresh,Surface,LAKE CHEROKEE,LAKE CHEROKEE
TX,Knox Lee,2024,7,Natural Gas Steam Turbine,51139.0,618678.0,18.641,219519.0,365.0,18145.0,30.0,744.0,12.0,Fresh,Surface,LAKE CHEROKEE,LAKE CHEROKEE
TX,Knox Lee,2024,8,Natural Gas Steam Turbine,44677.0,553372.0,16.523,257549.0,370.0,20793.0,30.0,744.0,12.0,Fresh,Surface,LAKE CHEROKEE,LAKE CHEROKEE
TX,Knox Lee,2024,10,Natural Gas Steam Turbine,54831.0,655941.0,19.414,199781.0,354.0,16700.0,30.0,744.0,12.0,Fresh,Surface,LAKE CHEROKEE,LAKE CHEROKEE
TX,Knox Lee,2024,12,Natural Gas Steam Turbine,20764.0,258182.0,5.894,185609.0,284.0,14927.0,23.0,744.0,12.0,Fresh,Surface,LAKE CHEROKEE,LAKE CHEROKEE
TX,Wilkes,2024,1,Natural Gas Steam Turbine,136984.0,1442703.0,39.388,88367.0,288.0,8390.0,27.0,744.0,20.0,Fresh,Surface,Johnson Creek Reservoir,Johnson Creek Reservoir
TX,Wilkes,2024,2,Natural Gas Steam Turbine,33264.0,427410.0,10.346,249769.0,311.0,19439.0,24.0,672.0,20.0,Fresh,Surface,Johnson Creek Reservoir,Johnson Creek Reservoir
TX,Wilkes,2024,3,Natural Gas Steam Turbine,98895.0,1155237.0,33.728,125395.0,341.0,10735.0,29.0,744.0,20.0,Fresh,Surface,Johnson Creek Reservoir,Johnson Creek Reservoir
TX,Wilkes,2024,4,Natural Gas Steam Turbine,170734.0,1831059.0,61.716,79072.0,361.0,7373.0,34.0,720.0,20.0,Fresh,Surface,Johnson Creek Reservoir,Johnson Creek Reservoir
TX,Wilkes,2024,5,Natural Gas Steam Turbine,81104.0,885878.0,30.462,88311.0,376.0,8085.0,34.0,744.0,20.0,Fresh,Surface,Johnson Creek Reservoir,Johnson Creek Reservoir
TX,Wilkes,2024,6,Natural Gas Steam Turbine,69310.0,807304.0,48.861,103913.0,705.0,8921.0,61.0,720.0,20.0,Fresh,Surface,Johnson Creek Reservoir,Johnson Creek Reservoir
TX,Wilkes,2024,7,Natural Gas Steam Turbine,190291.0,2122551.0,215.499,83252.0,1132.0,7464.0,102.0,744.0,20.0,Fresh,Surface,Johnson Creek Reservoir,Johnson Creek Reservoir
TX,Wilkes,2024,8,Natural Gas Steam Turbine,184538.0,2088596.0,214.061,92808.0,1160.0,8200.0,102.0,744.0,20.0,Fresh,Surface,Johnson Creek Reservoir,Johnson Creek Reservoir
TX,Wilkes,2024,9,Natural Gas Steam Turbine,73191.0,839466.0,47.795,137048.0,653.0,11949.0,57.0,720.0,20.0,Fresh,Surface,Johnson Creek Reservoir,Johnson Creek Reservoir
TX,Wilkes,2024,10,Natural Gas Steam Turbine,11569.0,132660.0,4.124,155260.0,356.0,13540.0,31.0,744.0,20.0,Fresh,Surface,Johnson Creek Reservoir,Johnson Creek Reservoir
TX,Wilkes,2024,11,Natural Gas Steam Turbine,89122.0,936578.0,29.507,69343.0,331.0,6598.0,32.0,720.0,20.0,Fresh,Surface,Johnson Creek Reservoir,Johnson Creek Reservoir
TX,Wilkes,2024,12,Natural Gas Steam Turbine,51336.0,589105.0,15.028,172123.0,293.0,14999.0,26.0,744.0,20.0,Fresh,Surface,Johnson Creek Reservoir,Johnson Creek Reservoir
TX,Jones,2024,1,Natural Gas Steam Turbine,149547.0,1588950.0,129.147,864.0,864.0,81.0,81.0,676.0,,Reclaimed,Discharge,Municipal,
TX,Jones,2024,2,Natural Gas Steam Turbine,145822.0,1568735.0,86.881,596.0,596.0,55.0,55.0,675.0,,Reclaimed,Discharge,Municipal,
TX,Jones,2024,3,Natural Gas Steam Turbine,94773.0,985908.0,44.748,472.0,472.0,45.0,45.0,661.0,,Reclaimed,Discharge,Municipal,
TX,Jones,2024,6,Natural Gas Steam Turbine,168229.0,1809153.0,121.753,724.0,724.0,67.0,67.0,682.0,,Reclaimed,Discharge,Municipal,
TX,Jones,2024,7,Natural Gas Steam Turbine,287793.0,3001235.0,37.632,131.0,131.0,13.0,13.0,744.0,,Reclaimed,Discharge,Municipal,
TX,Jones,2024,8,Natural Gas Steam Turbine,276821.0,2824726.0,184.966,668.0,668.0,65.0,65.0,731.0,,Reclaimed,Discharge,Municipal,
TX,Jones,2024,9,Natural Gas Steam Turbine,268732.0,2773057.0,175.53,653.0,653.0,63.0,63.0,720.0,,Reclaimed,Discharge,Municipal,
TX,Jones,2024,10,Natural Gas Steam Turbine,210539.0,2243644.0,143.873,683.0,683.0,64.0,64.0,741.0,,Reclaimed,Discharge,Municipal,
TX,Jones,2024,11,Natural Gas Steam Turbine,168935.0,1818033.0,109.304,647.0,647.0,60.0,60.0,660.0,,Reclaimed,Discharge,Municipal,
TX,Jones,2024,12,Natural Gas Steam Turbine,98336.0,1069278.0,52.848,537.0,537.0,49.0,49.0,702.0,,Reclaimed,Discharge,Municipal,
TX,Nichols,2024,1,Natural Gas Steam Turbine,79526.0,865402.0,48.414,609.0,609.0,56.0,56.0,724.0,,Reclaimed,Discharge,Municipal,
TX,Nichols,2024,2,Natural Gas Steam Turbine,56883.0,646320.0,56.354,991.0,991.0,87.0,87.0,613.0,,Reclaimed,Discharge,Municipal,
TX,Nichols,2024,3,Natural Gas Steam Turbine,106816.0,1175179.0,80.746,756.0,756.0,69.0,69.0,737.0,,Reclaimed,Discharge,Municipal,
TX,Nichols,2024,4,Natural Gas Steam Turbine,90615.0,993345.0,79.773,880.0,880.0,80.0,80.0,708.0,,Reclaimed,Discharge,Municipal,
TX,Nichols,2024,5,Natural Gas Steam Turbine,107246.0,1169038.0,99.311,926.0,926.0,85.0,85.0,743.0,,Reclaimed,Discharge,Municipal,
TX,Nichols,2024,6,Natural Gas Steam Turbine,119757.0,1269216.0,111.115,928.0,928.0,88.0,88.0,720.0,,Reclaimed,Discharge,Municipal,
TX,Nichols,2024,7,Natural Gas Steam Turbine,154419.0,1640113.0,143.678,930.0,930.0,88.0,88.0,744.0,,Reclaimed,Discharge,Municipal,
TX,Nichols,2024,8,Natural Gas Steam Turbine,198917.0,2085957.0,177.685,893.0,893.0,85.0,85.0,744.0,,Reclaimed,Discharge,Municipal,
TX,Nichols,2024,9,Natural Gas Steam Turbine,118135.0,1240538.0,116.808,989.0,989.0,94.0,94.0,720.0,,Reclaimed,Discharge,Municipal,
TX,Nichols,2024,10,Natural Gas Steam Turbine,105519.0,1156210.0,100.962,957.0,957.0,87.0,87.0,744.0,,Reclaimed,Discharge,Municipal,
TX,Nichols,2024,11,Natural Gas Steam Turbine,96197.0,1089181.0,76.03,790.0,790.0,70.0,70.0,683.0,,Reclaimed,Discharge,Municipal,
TX,Nichols,2024,12,Natural Gas Steam Turbine,64987.0,765153.0,56.232,865.0,865.0,73.0,73.0,668.0,,Reclaimed,Discharge,Municipal,
TX,Plant X,2024,1,Natural Gas Steam Turbine,30602.0,353509.0,19.605,641.0,641.0,55.0,55.0,418.0,,Fresh,Ground,Wells,
TX,Plant X,2024,2,Natural Gas Steam Turbine,17587.0,206035.0,9.02,513.0,513.0,44.0,44.0,194.0,,Fresh,Ground,Wells,
TX,Plant X,2024,3,Natural Gas Steam Turbine,54545.0,597677.0,35.191,645.0,645.0,59.0,59.0,509.0,,Fresh,Ground,Wells,
TX,Plant X,2024,4,Natural Gas Steam Turbine,87827.0,845731.0,59.763,680.0,680.0,71.0,71.0,698.0,,Fresh,Ground,Wells,
TX,Plant X,2024,5,Natural Gas Steam Turbine,71157.0,594687.0,52.29,735.0,735.0,88.0,88.0,538.0,,Fresh,Ground,Wells,
TX,Plant X,2024,6,Natural Gas Steam Turbine,79915.0,695833.0,57.913,713.0,725.0,82.0,83.0,639.0,,Fresh,Ground,Wells,
TX,Plant X,2024,7,Natural Gas Steam Turbine,119901.0,1042060.0,86.954,725.0,725.0,83.0,83.0,744.0,,Fresh,Ground,Wells,
TX,Plant X,2024,8,Natural Gas Steam Turbine,111884.0,950491.0,71.025,635.0,635.0,75.0,75.0,682.0,,Fresh,Ground,Wells,
TX,Plant X,2024,9,Natural Gas Steam Turbine,83450.0,799664.0,66.18,793.0,793.0,83.0,83.0,570.0,,Fresh,Ground,Wells,
TX,Plant X,2024,10,Natural Gas Steam Turbine,40298.0,348938.0,23.958,595.0,595.0,69.0,69.0,372.0,,Fresh,Ground,Wells,
TX,Plant X,2024,11,Natural Gas Steam Turbine,71016.0,717645.0,40.61,572.0,572.0,57.0,57.0,670.0,,Fresh,Ground,Wells,
TX,Plant X,2024,12,Natural Gas Steam Turbine,50427.0,564092.0,26.089,517.0,517.0,46.0,46.0,601.0,,Fresh,Ground,Wells,
TX,Graham,2024,1,Natural Gas Steam Turbine,76302.0,819536.0,42.162,124771.0,553.0,11617.0,51.0,744.0,,Fresh,Surface,Lake Graham Reservoir,Lake Graham Reservoir
TX,Graham,2024,3,Natural Gas Steam Turbine,30659.0,350413.0,28.078,180878.0,916.0,15826.0,80.0,744.0,,Fresh,Surface,Lake Graham Reservoir,Lake Graham Reservoir
TX,Graham,2024,5,Natural Gas Steam Turbine,128148.0,1424812.0,59.142,96733.0,462.0,8700.0,42.0,744.0,,Fresh,Surface,Lake Graham Reservoir,Lake Graham Reservoir
TX,Graham,2024,6,Natural Gas Steam Turbine,103258.0,1126243.0,50.371,116620.0,488.0,10692.0,45.0,720.0,,Fresh,Surface,Lake Graham Reservoir,Lake Graham Reservoir
TX,Graham,2024,7,Natural Gas Steam Turbine,121746.0,1424445.0,57.123,103235.0,469.0,8823.0,40.0,744.0,,Fresh,Surface,Lake Graham Reservoir,Lake Graham Reservoir
TX,Graham,2024,8,Natural Gas Steam Turbine,214164.0,2372270.0,86.792,44998.0,405.0,4062.0,37.0,744.0,,Fresh,Surface,Lake Graham Reservoir,Lake Graham Reservoir
TX,Graham,2024,9,Natural Gas Steam Turbine,110049.0,1302445.0,53.338,118903.0,485.0,10047.0,41.0,720.0,,Fresh,Surface,Lake Graham Reservoir,Lake Graham Reservoir
TX,Graham,2024,10,Natural Gas Steam Turbine,97311.0,1116565.0,49.139,128382.0,505.0,11189.0,44.0,744.0,,Fresh,Surface,Lake Graham Reservoir,Lake Graham Reservoir
TX,Graham,2024,11,Natural Gas Steam Turbine,84949.0,906504.0,44.525,122099.0,524.0,11442.0,49.0,720.0,,Fresh,Surface,Lake Graham Reservoir,Lake Graham Reservoir
TX,Graham,2024,12,Natural Gas Steam Turbine,49255.0,545331.0,33.415,265661.0,678.0,23995.0,61.0,744.0,,Fresh,Surface,Lake Graham Reservoir,Lake Graham Reservoir
TX,Handley,2024,2,Natural Gas Steam Turbine,16693.0,243008.0,9.848,356412.0,590.0,24483.0,41.0,696.0,15.0,Fresh,Surface,Lake Arlington,Lake Arlington
TX,Handley,2024,3,Natural Gas Steam Turbine,60038.0,844272.0,30.729,158020.0,512.0,11237.0,36.0,744.0,15.0,Fresh,Surface,Lake Arlington,Lake Arlington
TX,Handley,2024,4,Natural Gas Steam Turbine,42242.0,613461.0,22.301,173701.0,528.0,11961.0,36.0,720.0,15.0,Fresh,Surface,Lake Arlington,Lake Arlington
TX,Handley,2024,5,Natural Gas Steam Turbine,66793.0,908366.0,33.614,142784.0,503.0,10499.0,37.0,744.0,15.0,Fresh,Surface,Lake Arlington,Lake Arlington
TX,Handley,2024,6,Natural Gas Steam Turbine,141079.0,1828777.0,65.463,11030.0,464.0,851.0,36.0,720.0,15.0,Fresh,Surface,Lake Arlington,Lake Arlington
TX,Handley,2024,7,Natural Gas Steam Turbine,83700.0,1081575.0,37.296,120364.0,446.0,9315.0,34.0,744.0,15.0,Fresh,Surface,Lake Arlington,Lake Arlington
TX,Handley,2024,8,Natural Gas Steam Turbine,281683.0,3543387.0,120.875,74272.0,429.0,5904.0,34.0,744.0,15.0,Fresh,Surface,Lake Arlington,Lake Arlington
TX,Handley,2024,9,Natural Gas Steam Turbine,33412.0,449744.0,16.355,190884.0,489.0,14181.0,36.0,720.0,15.0,Fresh,Surface,Lake Arlington,Lake Arlington
TX,Handley,2024,10,Natural Gas Steam Turbine,69454.0,869021.0,30.569,180512.0,440.0,14427.0,35.0,744.0,15.0,Fresh,Surface,Lake Arlington,Lake Arlington
TX,Handley,2024,11,Natural Gas Steam Turbine,22749.0,294074.0,10.328,105966.0,454.0,8197.0,35.0,720.0,15.0,Fresh,Surface,Lake Arlington,Lake Arlington
TX,Handley,2024,12,Natural Gas Steam Turbine,37776.0,488879.0,16.727,130836.0,443.0,10110.0,34.0,744.0,15.0,Fresh,Surface,Lake Arlington,Lake Arlington
TX,Stryker Creek,2024,1,Natural Gas Steam Turbine,125193.0,1314008.0,41.557,138753.0,332.0,13220.0,32.0,744.0,,Fresh,Surface,Stryker Creek Reservoir,Stryker Creek Reservoir
TX,Stryker Creek,2024,3,Natural Gas Steam Turbine,85559.0,931899.0,28.736,154212.0,336.0,14158.0,31.0,744.0,,Fresh,Surface,Stryker Creek Reservoir,Stryker Creek Reservoir
TX,Stryker Creek,2024,4,Natural Gas Steam Turbine,69176.0,783845.0,23.486,149145.0,340.0,13162.0,30.0,720.0,,Fresh,Surface,Stryker Creek Reservoir,Stryker Creek Reservoir
TX,Stryker Creek,2024,5,Natural Gas Steam Turbine,87757.0,1001718.0,29.82,148364.0,340.0,12998.0,30.0,744.0,,Fresh,Surface,Stryker Creek Reservoir,Stryker Creek Reservoir
TX,Stryker Creek,2024,6,Natural Gas Steam Turbine,152060.0,1726257.0,51.047,121553.0,336.0,10707.0,30.0,720.0,,Fresh,Surface,Stryker Creek Reservoir,Stryker Creek Reservoir
TX,Stryker Creek,2024,7,Natural Gas Steam Turbine,154770.0,1741263.0,51.738,117838.0,334.0,10474.0,30.0,744.0,,Fresh,Surface,Stryker Creek Reservoir,Stryker Creek Reservoir
TX,Stryker Creek,2024,8,Natural Gas Steam Turbine,119989.0,1636134.0,40.984,159177.0,342.0,11674.0,25.0,744.0,,Fresh,Surface,Stryker Creek Reservoir,Stryker Creek Reservoir
TX,Stryker Creek,2024,12,Natural Gas Steam Turbine,64255.0,744959.0,22.045,260562.0,343.0,22474.0,30.0,744.0,,Fresh,Surface,Stryker Creek Reservoir,Stryker Creek Reservoir
TX,Trinidad (TX),2024,1,Natural Gas Steam Turbine,18383.0,190300.0,5.896,149047.0,321.0,14398.0,31.0,744.0,,Fresh,Surface,Trinidad Lake Reservoir,Trinidad Lake Reservoir
TX,Trinidad (TX),2024,4,Natural Gas Steam Turbine,45413.0,479333.0,14.566,119865.0,321.0,11356.0,30.0,720.0,,Fresh,Surface,Trinidad Lake Reservoir,Trinidad Lake Reservoir
TX,Trinidad (TX),2024,5,Natural Gas Steam Turbine,47245.0,497782.0,15.154,109598.0,321.0,10402.0,30.0,744.0,,Fresh,Surface,Trinidad Lake Reservoir,Trinidad Lake Reservoir
TX,Trinidad (TX),2024,6,Natural Gas Steam Turbine,58432.0,614976.0,18.742,88136.0,321.0,8374.0,30.0,720.0,,Fresh,Surface,Trinidad Lake Reservoir,Trinidad Lake Reservoir
TX,Trinidad (TX),2024,7,Natural Gas Steam Turbine,51298.0,724059.0,16.454,109828.0,321.0,7781.0,23.0,744.0,,Fresh,Surface,Trinidad Lake Reservoir,Trinidad Lake Reservoir
TX,Trinidad (TX),2024,8,Natural Gas Steam Turbine,53898.0,588534.0,17.288,109327.0,321.0,10012.0,29.0,744.0,,Fresh,Surface,Trinidad Lake Reservoir,Trinidad Lake Reservoir
TX,Trinidad (TX),2024,9,Natural Gas Steam Turbine,27056.0,313120.0,8.678,210763.0,321.0,18212.0,28.0,720.0,,Fresh,Surface,Trinidad Lake Reservoir,Trinidad Lake Reservoir
TX,Trinidad (TX),2024,10,Natural Gas Steam Turbine,50673.0,559292.0,16.253,116284.0,321.0,10536.0,29.0,744.0,,Fresh,Surface,Trinidad Lake Reservoir,Trinidad Lake Reservoir
TX,O W Sommers,2024,3,Natural Gas Steam Turbine,10983.0,128083.0,5.383,144439.0,490.0,12385.0,42.0,204.0,10.0,Fresh,Surface,Calaveras Lake,Calaveras Lake
TX,O W Sommers,2024,4,Natural Gas Steam Turbine,215275.0,2162041.0,185.966,47612.0,864.0,4741.0,86.0,720.0,10.0,Fresh,Surface,Calaveras Lake,Calaveras Lake
TX,O W Sommers,2024,5,Natural Gas Steam Turbine,200226.0,2017041.0,189.404,49589.0,946.0,4923.0,94.0,744.0,10.0,Fresh,Surface,Calaveras Lake,Calaveras Lake
TX,O W Sommers,2024,6,Natural Gas Steam Turbine,201054.0,2022414.0,231.019,51720.0,1149.0,5142.0,114.0,720.0,10.0,Fresh,Surface,Calaveras Lake,Calaveras Lake
TX,O W Sommers,2024,7,Natural Gas Steam Turbine,136850.0,1464605.0,223.874,79261.0,1636.0,7406.0,153.0,744.0,10.0,Fresh,Surface,Calaveras Lake,Calaveras Lake
TX,O W Sommers,2024,8,Natural Gas Steam Turbine,130881.0,1366917.0,243.92,67882.0,1864.0,6500.0,178.0,744.0,10.0,Fresh,Surface,Calaveras Lake,Calaveras Lake
TX,O W Sommers,2024,9,Natural Gas Steam Turbine,104297.0,1101641.0,96.367,57292.0,924.0,5424.0,87.0,720.0,10.0,Fresh,Surface,Calaveras Lake,Calaveras Lake
TX,O W Sommers,2024,10,Natural Gas Steam Turbine,135187.0,1429088.0,332.059,71947.0,2456.0,6806.0,232.0,744.0,10.0,Fresh,Surface,Calaveras Lake,Calaveras Lake
TX,O W Sommers,2024,11,Natural Gas Steam Turbine,125283.0,1278426.0,247.327,61561.0,1974.0,6033.0,193.0,720.0,10.0,Fresh,Surface,Calaveras Lake,Calaveras Lake
TX,O W Sommers,2024,12,Natural Gas Steam Turbine,115753.0,1172341.0,152.967,62564.0,1321.0,6177.0,130.0,672.0,10.0,Fresh,Surface,Calaveras Lake,Calaveras Lake
TX,O W Sommers,2024,3,Natural Gas Steam Turbine,136320.0,1467662.0,25.129,54328.0,184.0,5046.0,17.0,742.0,10.0,Fresh,Surface,Calaveras Lake,Calaveras Lake
TX,O W Sommers,2024,4,Natural Gas Steam Turbine,7372.0,95459.0,46.243,345735.0,6273.0,26700.0,484.0,384.0,10.0,Fresh,Surface,Calaveras Lake,Calaveras Lake
TX,O W Sommers,2024,5,Natural Gas Steam Turbine,165274.0,1764123.0,179.514,56938.0,1086.0,5334.0,102.0,744.0,10.0,Fresh,Surface,Calaveras Lake,Calaveras Lake
TX,O W Sommers,2024,6,Natural Gas Steam Turbine,148898.0,1632674.0,225.331,68117.0,1513.0,6212.0,138.0,720.0,10.0,Fresh,Surface,Calaveras Lake,Calaveras Lake
TX,O W Sommers,2024,7,Natural Gas Steam Turbine,25940.0,369200.0,159.702,298293.0,6157.0,20958.0,433.0,744.0,10.0,Fresh,Surface,Calaveras Lake,Calaveras Lake
TX,O W Sommers,2024,8,Natural Gas Steam Turbine,108257.0,1298409.0,275.986,92858.0,2549.0,7742.0,213.0,744.0,10.0,Fresh,Surface,Calaveras Lake,Calaveras Lake
TX,O W Sommers,2024,9,Natural Gas Steam Turbine,157022.0,1791990.0,168.662,66603.0,1074.0,5836.0,94.0,720.0,10.0,Fresh,Surface,Calaveras Lake,Calaveras Lake
TX,O W Sommers,2024,10,Natural Gas Steam Turbine,108791.0,1241841.0,316.111,85109.0,2906.0,7456.0,255.0,744.0,10.0,Fresh,Surface,Calaveras Lake,Calaveras Lake
TX,O W Sommers,2024,11,Natural Gas Steam Turbine,107946.0,1192255.0,247.479,71491.0,2293.0,6473.0,208.0,720.0,10.0,Fresh,Surface,Calaveras Lake,Calaveras Lake
TX,O W Sommers,2024,12,Natural Gas Steam Turbine,71425.0,771330.0,125.788,83377.0,1761.0,7721.0,163.0,744.0,10.0,Fresh,Surface,Calaveras Lake,Calaveras Lake
TX,V H Braunig,2024,1,Natural Gas Steam Turbine,14880.0,169138.0,3.873,15658.0,260.0,1377.0,23.0,29.0,6.0,Fresh,Surface,Braunig Lake,Braunig Lake
TX,V H Braunig,2024,4,Natural Gas Steam Turbine,10074.0,128228.0,2.219,217102.0,220.0,17056.0,17.0,204.0,6.0,Fresh,Surface,Braunig Lake,Braunig Lake
TX,V H Braunig,2024,6,Natural Gas Steam Turbine,22677.0,265628.0,21.803,121095.0,961.0,10338.0,82.0,272.0,6.0,Fresh,Surface,Braunig Lake,Braunig Lake
TX,V H Braunig,2024,7,Natural Gas Steam Turbine,4545.0,56990.0,6.066,150067.0,1335.0,11968.0,106.0,73.0,6.0,Fresh,Surface,Braunig Lake,Braunig Lake
TX,V H Braunig,2024,8,Natural Gas Steam Turbine,41737.0,484413.0,56.637,119080.0,1357.0,10260.0,117.0,464.0,6.0,Fresh,Surface,Braunig Lake,Braunig Lake
TX,V H Braunig,2024,9,Natural Gas Steam Turbine,13397.0,154659.0,23.919,244132.0,1785.0,21147.0,155.0,297.0,6.0,Fresh,Surface,Braunig Lake,Braunig Lake
TX,V H Braunig,2024,10,Natural Gas Steam Turbine,52692.0,601746.0,46.465,86571.0,882.0,7581.0,77.0,416.0,6.0,Fresh,Surface,Braunig Lake,Braunig Lake
TX,V H Braunig,2024,11,Natural Gas Steam Turbine,43237.0,490875.0,12.756,85411.0,295.0,7523.0,26.0,353.0,6.0,Fresh,Surface,Braunig Lake,Braunig Lake
TX,V H Braunig,2024,1,Natural Gas Steam Turbine,5899.0,76447.0,1.826,18618.0,310.0,1437.0,24.0,15.0,6.0,Fresh,Surface,Braunig Lake,Braunig Lake
TX,V H Braunig,2024,4,Natural Gas Steam Turbine,2533.0,38965.0,0.755,293681.0,298.0,19091.0,19.0,80.0,6.0,Fresh,Surface,Braunig Lake,Braunig Lake
TX,V H Braunig,2024,6,Natural Gas Steam Turbine,7433.0,101712.0,14.34,242979.0,1929.0,17757.0,141.0,136.0,6.0,Fresh,Surface,Braunig Lake,Braunig Lake
TX,V H Braunig,2024,8,Natural Gas Steam Turbine,19525.0,242138.0,43.728,196532.0,2240.0,15847.0,181.0,380.0,6.0,Fresh,Surface,Braunig Lake,Braunig Lake
TX,V H Braunig,2024,9,Natural Gas Steam Turbine,3098.0,42382.0,2.523,111352.0,814.0,8139.0,60.0,36.0,6.0,Fresh,Surface,Braunig Lake,Braunig Lake
TX,V H Braunig,2024,10,Natural Gas Steam Turbine,19112.0,229931.0,30.679,157589.0,1605.0,13099.0,133.0,282.0,6.0,Fresh,Surface,Braunig Lake,Braunig Lake
TX,V H Braunig,2024,11,Natural Gas Steam Turbine,21650.0,242162.0,8.186,109460.0,378.0,9786.0,34.0,222.0,6.0,Fresh,Surface,Braunig Lake,Braunig Lake
TX,V H Braunig,2024,1,Natural Gas Steam Turbine,38316.0,461667.0,32.991,51792.0,861.0,4299.0,71.0,150.0,6.0,Fresh,Surface,Braunig Lake,Braunig Lake
TX,V H Braunig,2024,4,Natural Gas Steam Turbine,126534.0,1320386.0,6.867,53475.0,54.0,5125.0,5.0,504.0,6.0,Fresh,Surface,Braunig Lake,Braunig Lake
TX,V H Braunig,2024,6,Natural Gas Steam Turbine,150665.0,1597050.0,63.654,53211.0,422.0,5020.0,40.0,632.0,6.0,Fresh,Surface,Braunig Lake,Braunig Lake
TX,V H Braunig,2024,7,Natural Gas Steam Turbine,136847.0,1523666.0,90.953,74732.0,665.0,6712.0,60.0,744.0,6.0,Fresh,Surface,Braunig Lake,Braunig Lake
TX,V H Braunig,2024,8,Natural Gas Steam Turbine,143920.0,1578316.0,102.726,62635.0,714.0,5711.0,65.0,664.0,6.0,Fresh,Surface,Braunig Lake,Braunig Lake
TX,V H Braunig,2024,9,Natural Gas Steam Turbine,160702.0,1761737.0,72.38,61586.0,450.0,5618.0,41.0,720.0,6.0,Fresh,Surface,Braunig Lake,Braunig Lake
TX,V H Braunig,2024,10,Natural Gas Steam Turbine,150270.0,1711148.0,104.173,68057.0,693.0,5977.0,61.0,744.0,6.0,Fresh,Surface,Braunig Lake,Braunig Lake
TX,V H Braunig,2024,11,Natural Gas Steam Turbine,190270.0,2018207.0,32.133,48891.0,169.0,4609.0,16.0,673.0,6.0,Fresh,Surface,Braunig Lake,Braunig Lake
UT,Gadsby,2024,1,Natural Gas Steam Turbine,6483.0,186436.0,8.849,2145.0,1365.0,75.0,47.0,367.0,6.0,Fresh,Surface,Jordan River,Salt Lake Abatement Canal
UT,Gadsby,2024,2,Natural Gas Steam Turbine,3886.0,98587.0,3.429,1751.0,882.0,69.0,35.0,300.0,6.0,Fresh,Surface,Jordan River,Salt Lake Abatement Canal
UT,Gadsby,2024,3,Natural Gas Steam Turbine,3701.0,96500.0,2.371,1826.0,641.0,70.0,25.0,300.0,6.0,Fresh,Surface,Jordan River,Salt Lake Abatement Canal
UT,Gadsby,2024,4,Natural Gas Steam Turbine,2770.0,62245.0,4.317,2623.0,1558.0,117.0,69.0,177.0,6.0,Fresh,Surface,Jordan River,Salt Lake Abatement Canal
UT,Gadsby,2024,5,Natural Gas Steam Turbine,1816.0,50539.0,1.576,2323.0,868.0,83.0,31.0,187.0,6.0,Fresh,Surface,Jordan River,Salt Lake Abatement Canal
UT,Gadsby,2024,6,Natural Gas Steam Turbine,6239.0,123010.0,2.661,966.0,427.0,49.0,22.0,304.0,6.0,Fresh,Surface,Jordan River,Salt Lake Abatement Canal
UT,Gadsby,2024,7,Natural Gas Steam Turbine,6431.0,127219.0,2.255,957.0,351.0,48.0,18.0,321.0,6.0,Fresh,Surface,Jordan River,Salt Lake Abatement Canal
UT,Gadsby,2024,8,Natural Gas Steam Turbine,6990.0,137813.0,2.069,942.0,296.0,48.0,15.0,345.0,6.0,Fresh,Surface,Jordan River,Salt Lake Abatement Canal
UT,Gadsby,2024,9,Natural Gas Steam Turbine,4728.0,97234.0,3.241,1562.0,685.0,76.0,33.0,251.0,6.0,Fresh,Surface,Jordan River,Salt Lake Abatement Canal
UT,Gadsby,2024,10,Natural Gas Steam Turbine,4846.0,100133.0,3.868,1298.0,798.0,63.0,39.0,256.0,6.0,Fresh,Surface,Jordan River,Salt Lake Abatement Canal
UT,Gadsby,2024,11,Natural Gas Steam Turbine,6677.0,131860.0,2.685,735.0,402.0,37.0,20.0,321.0,6.0,Fresh,Surface,Jordan River,Salt Lake Abatement Canal
UT,Gadsby,2024,12,Natural Gas Steam Turbine,3954.0,83615.0,1.136,761.0,287.0,36.0,14.0,227.0,6.0,Fresh,Surface,Jordan River,Salt Lake Abatement Canal
UT,Gadsby,2024,1,Natural Gas Steam Turbine,1609.0,38427.0,1.824,1781.0,1134.0,75.0,47.0,109.0,6.0,Fresh,Surface,Jordan River,Salt Lake Abatement Canal
UT,Gadsby,2024,2,Natural Gas Steam Turbine,7693.0,132913.0,4.622,1192.0,601.0,69.0,35.0,358.0,6.0,Fresh,Surface,Jordan River,Salt Lake Abatement Canal
UT,Gadsby,2024,3,Natural Gas Steam Turbine,7253.0,122623.0,3.013,1184.0,415.0,70.0,25.0,348.0,6.0,Fresh,Surface,Jordan River,Salt Lake Abatement Canal
UT,Gadsby,2024,4,Natural Gas Steam Turbine,7336.0,128274.0,8.897,2041.0,1213.0,117.0,69.0,339.0,6.0,Fresh,Surface,Jordan River,Salt Lake Abatement Canal
UT,Gadsby,2024,5,Natural Gas Steam Turbine,8262.0,153595.0,4.791,1552.0,580.0,83.0,31.0,382.0,6.0,Fresh,Surface,Jordan River,Salt Lake Abatement Canal
UT,Gadsby,2024,6,Natural Gas Steam Turbine,7473.0,136169.0,2.945,893.0,394.0,49.0,22.0,348.0,6.0,Fresh,Surface,Jordan River,Salt Lake Abatement Canal
UT,Gadsby,2024,7,Natural Gas Steam Turbine,12738.0,211507.0,3.749,803.0,294.0,48.0,18.0,457.0,6.0,Fresh,Surface,Jordan River,Salt Lake Abatement Canal
UT,Gadsby,2024,8,Natural Gas Steam Turbine,12024.0,205532.0,3.086,817.0,257.0,48.0,15.0,440.0,6.0,Fresh,Surface,Jordan River,Salt Lake Abatement Canal
UT,Gadsby,2024,9,Natural Gas Steam Turbine,8136.0,149004.0,4.966,1391.0,610.0,76.0,33.0,366.0,6.0,Fresh,Surface,Jordan River,Salt Lake Abatement Canal
UT,Gadsby,2024,10,Natural Gas Steam Turbine,8422.0,152084.0,5.875,1135.0,698.0,63.0,39.0,359.0,6.0,Fresh,Surface,Jordan River,Salt Lake Abatement Canal
UT,Gadsby,2024,11,Natural Gas Steam Turbine,9749.0,167807.0,3.417,641.0,350.0,37.0,20.0,386.0,6.0,Fresh,Surface,Jordan River,Salt Lake Abatement Canal
UT,Gadsby,2024,12,Natural Gas Steam Turbine,7625.0,138768.0,1.885,655.0,247.0,36.0,14.0,352.0,6.0,Fresh,Surface,Jordan River,Salt Lake Abatement Canal
UT,Gadsby,2024,1,Natural Gas Steam Turbine,22205.0,235124.0,11.16,790.0,503.0,75.0,47.0,543.0,6.0,Fresh,Surface,Jordan River,Salt Lake Abatement Canal
UT,Gadsby,2024,2,Natural Gas Steam Turbine,13328.0,180751.0,6.286,936.0,472.0,69.0,35.0,420.0,6.0,Fresh,Surface,Jordan River,Salt Lake Abatement Canal
UT,Gadsby,2024,3,Natural Gas Steam Turbine,12778.0,178735.0,4.392,979.0,344.0,70.0,25.0,418.0,6.0,Fresh,Surface,Jordan River,Salt Lake Abatement Canal
UT,Gadsby,2024,4,Natural Gas Steam Turbine,12166.0,171246.0,11.877,1643.0,976.0,117.0,69.0,398.0,6.0,Fresh,Surface,Jordan River,Salt Lake Abatement Canal
UT,Gadsby,2024,5,Natural Gas Steam Turbine,13877.0,192847.0,6.015,1160.0,433.0,83.0,31.0,432.0,6.0,Fresh,Surface,Jordan River,Salt Lake Abatement Canal
UT,Gadsby,2024,6,Natural Gas Steam Turbine,14535.0,207825.0,4.495,700.0,309.0,49.0,22.0,419.0,6.0,Fresh,Surface,Jordan River,Salt Lake Abatement Canal
UT,Gadsby,2024,7,Natural Gas Steam Turbine,16709.0,231117.0,4.097,669.0,245.0,48.0,18.0,428.0,6.0,Fresh,Surface,Jordan River,Salt Lake Abatement Canal
UT,Gadsby,2024,8,Natural Gas Steam Turbine,19115.0,264317.0,3.969,661.0,208.0,48.0,15.0,483.0,6.0,Fresh,Surface,Jordan River,Salt Lake Abatement Canal
UT,Gadsby,2024,9,Natural Gas Steam Turbine,15368.0,213263.0,7.108,1054.0,463.0,76.0,33.0,428.0,6.0,Fresh,Surface,Jordan River,Salt Lake Abatement Canal
UT,Gadsby,2024,10,Natural Gas Steam Turbine,15990.0,228590.0,8.83,898.0,552.0,63.0,39.0,458.0,6.0,Fresh,Surface,Jordan River,Salt Lake Abatement Canal
UT,Gadsby,2024,11,Natural Gas Steam Turbine,15228.0,212346.0,4.324,519.0,284.0,37.0,20.0,429.0,6.0,Fresh,Surface,Jordan River,Salt Lake Abatement Canal
UT,Gadsby,2024,12,Natural Gas Steam Turbine,15147.0,209327.0,2.844,498.0,188.0,36.0,14.0,453.0,6.0,Fresh,Surface,Jordan River,Salt Lake Abatement Canal
VA,Clinch River,2024,1,Natural Gas Steam Turbine,18297.0,252768.0,29.505,2607.0,1613.0,189.0,117.0,202.0,,Fresh,Surface,Clinch River,Clinch River
VA,Clinch River,2024,4,Natural Gas Steam Turbine,16780.0,217867.0,15.513,1495.0,924.0,115.0,71.0,104.0,,Fresh,Surface,Clinch River,Clinch River
VA,Clinch River,2024,5,Natural Gas Steam Turbine,20662.0,259742.0,14.457,1131.0,700.0,90.0,56.0,123.0,,Fresh,Surface,Clinch River,Clinch River
VA,Clinch River,2024,6,Natural Gas Steam Turbine,38309.0,483004.0,37.064,1564.0,968.0,124.0,77.0,244.0,,Fresh,Surface,Clinch River,Clinch River
VA,Clinch River,2024,7,Natural Gas Steam Turbine,41399.0,512013.0,39.497,1542.0,954.0,125.0,77.0,241.0,,Fresh,Surface,Clinch River,Clinch River
VA,Clinch River,2024,8,Natural Gas Steam Turbine,33771.0,392303.0,35.214,1686.0,1043.0,145.0,90.0,233.0,,Fresh,Surface,Clinch River,Clinch River
VA,Clinch River,2024,9,Natural Gas Steam Turbine,8896.0,115623.0,8.961,1628.0,1007.0,125.0,78.0,67.0,,Fresh,Surface,Clinch River,Clinch River
VA,Clinch River,2024,10,Natural Gas Steam Turbine,2368.0,36622.0,3.977,2715.0,1679.0,176.0,109.0,33.0,,Fresh,Surface,Clinch River,Clinch River
VA,Clinch River,2024,11,Natural Gas Steam Turbine,9230.0,117366.0,6.57,1151.0,712.0,91.0,56.0,44.0,,Fresh,Surface,Clinch River,Clinch River
WA,Transalta Centralia Generation,2024,1,Conventional Steam Coal,303737.0,3414542.0,245.925,1367.0,810.0,122.0,72.0,488.0,,Fresh,Surface,Skookumchuck River,Big Hanaford Creek
WA,Transalta Centralia Generation,2024,2,Conventional Steam Coal,306733.0,3598711.0,306.458,1508.0,999.0,129.0,85.0,564.0,,Fresh,Surface,Skookumchuck River,Big Hanaford Creek
WA,Transalta Centralia Generation,2024,3,Conventional Steam Coal,201080.0,2406144.0,238.339,2027.0,1185.0,169.0,99.0,410.0,,Fresh,Surface,Skookumchuck River,Big Hanaford Creek
WA,Transalta Centralia Generation,2024,7,Conventional Steam Coal,351501.0,4030036.0,232.758,1383.0,662.0,121.0,58.0,678.0,,Fresh,Surface,Skookumchuck River,Big Hanaford Creek
WA,Transalta Centralia Generation,2024,8,Conventional Steam Coal,353129.0,4159530.0,316.022,1512.0,895.0,128.0,76.0,744.0,,Fresh,Surface,Skookumchuck River,Big Hanaford Creek
WA,Transalta Centralia Generation,2024,9,Conventional Steam Coal,273309.0,3235965.0,294.973,1827.0,1079.0,154.0,91.0,554.0,,Fresh,Surface,Skookumchuck River,Big Hanaford Creek
WA,Transalta Centralia Generation,2024,10,Conventional Steam Coal,382309.0,4521154.0,336.388,1384.0,880.0,117.0,74.0,687.0,,Fresh,Surface,Skookumchuck River,Big Hanaford Creek
WA,Transalta Centralia Generation,2024,11,Conventional Steam Coal,350283.0,4230030.0,376.831,1565.0,1076.0,130.0,89.0,720.0,,Fresh,Surface,Skookumchuck River,Big Hanaford Creek
WA,Transalta Centralia Generation,2024,12,Conventional Steam Coal,307942.0,3640517.0,404.386,1853.0,1313.0,157.0,111.0,622.0,,Fresh,Surface,Skookumchuck River,Big Hanaford Creek
WV,John E Amos,2024,1,Conventional Steam Coal,307327.0,3071975.0,168.761,631.0,549.0,63.0,55.0,744.0,5.0,Fresh,Surface,Kanawha River,Kanawha River
WV,John E Amos,2024,2,Conventional Steam Coal,222117.0,2286302.0,121.97,631.0,549.0,61.0,53.0,696.0,5.0,Fresh,Surface,Kanawha River,Kanawha River
WV,John E Amos,2024,3,Conventional Steam Coal,55408.0,560417.0,7.238,150.0,131.0,15.0,13.0,177.0,5.0,Fresh,Surface,Kanawha River,Kanawha River
WV,John E Amos,2024,5,Conventional Steam Coal,72055.0,829031.0,11.434,182.0,159.0,16.0,14.0,215.0,5.0,Fresh,Surface,Kanawha River,Kanawha River
WV,John E Amos,2024,6,Conventional Steam Coal,242081.0,2536201.0,124.07,589.0,513.0,56.0,49.0,672.0,5.0,Fresh,Surface,Kanawha River,Kanawha River
WV,John E Amos,2024,7,Conventional Steam Coal,313143.0,3166114.0,171.514,629.0,548.0,62.0,54.0,744.0,5.0,Fresh,Surface,Kanawha River,Kanawha River
WV,John E Amos,2024,8,Conventional Steam Coal,293555.0,2973983.0,161.199,631.0,549.0,62.0,54.0,744.0,5.0,Fresh,Surface,Kanawha River,Kanawha River
WV,John E Amos,2024,9,Conventional Steam Coal,228557.0,2379835.0,125.506,631.0,549.0,61.0,53.0,720.0,5.0,Fresh,Surface,Kanawha River,Kanawha River
WV,John E Amos,2024,10,Conventional Steam Coal,245092.0,2573069.0,134.586,631.0,549.0,60.0,52.0,744.0,5.0,Fresh,Surface,Kanawha River,Kanawha River
WV,John E Amos,2024,11,Conventional Steam Coal,157286.0,1653765.0,54.581,399.0,347.0,38.0,33.0,455.0,5.0,Fresh,Surface,Kanawha River,Kanawha River
WV,John E Amos,2024,12,Conventional Steam Coal,152617.0,1677735.0,51.004,384.0,334.0,35.0,30.0,452.0,5.0,Fresh,Surface,Kanawha River,Kanawha River
WV,John E Amos,2024,1,Conventional Steam Coal,284801.0,2888394.0,152.187,614.0,534.0,61.0,53.0,724.0,5.0,Fresh,Surface,Kanawha River,Kanawha River
WV,John E Amos,2024,2,Conventional Steam Coal,235239.0,2441624.0,129.175,631.0,549.0,61.0,53.0,696.0,5.0,Fresh,Surface,Kanawha River,Kanawha River
WV,John E Amos,2024,3,Conventional Steam Coal,259271.0,2601147.0,133.761,593.0,516.0,59.0,51.0,699.0,5.0,Fresh,Surface,Kanawha River,Kanawha River
WV,John E Amos,2024,4,Conventional Steam Coal,116297.0,1215545.0,30.246,299.0,260.0,29.0,25.0,341.0,5.0,Fresh,Surface,Kanawha River,Kanawha River
WV,John E Amos,2024,5,Conventional Steam Coal,327480.0,3363141.0,179.643,630.0,549.0,61.0,53.0,744.0,5.0,Fresh,Surface,Kanawha River,Kanawha River
WV,John E Amos,2024,6,Conventional Steam Coal,290423.0,2920127.0,159.478,631.0,549.0,63.0,55.0,720.0,5.0,Fresh,Surface,Kanawha River,Kanawha River
WV,John E Amos,2024,7,Conventional Steam Coal,307958.0,3162115.0,168.669,629.0,548.0,61.0,53.0,744.0,5.0,Fresh,Surface,Kanawha River,Kanawha River
WV,John E Amos,2024,8,Conventional Steam Coal,247357.0,2628599.0,135.83,631.0,549.0,59.0,52.0,744.0,5.0,Fresh,Surface,Kanawha River,Kanawha River
WV,John E Amos,2024,9,Conventional Steam Coal,34513.0,378855.0,3.343,111.0,97.0,10.0,9.0,127.0,5.0,Fresh,Surface,Kanawha River,Kanawha River
WV,John E Amos,2024,11,Conventional Steam Coal,107651.0,1134258.0,25.205,269.0,234.0,26.0,22.0,307.0,5.0,Fresh,Surface,Kanawha River,Kanawha River
WV,John E Amos,2024,12,Conventional Steam Coal,363544.0,3650444.0,199.78,631.0,550.0,63.0,55.0,744.0,5.0,Fresh,Surface,Kanawha River,Kanawha River
WV,John E Amos,2024,1,Conventional Steam Coal,475521.0,4487118.0,178.991,451.0,376.0,48.0,40.0,532.0,8.0,Fresh,Surface,Kanawha River,Kanawha River
WV,John E Amos,2024,2,Conventional Steam Coal,266693.0,2930800.0,89.962,404.0,337.0,37.0,31.0,446.0,8.0,Fresh,Surface,Kanawha River,Kanawha River
WV,John E Amos,2024,3,Conventional Steam Coal,515768.0,5387185.0,271.14,630.0,526.0,60.0,50.0,743.0,8.0,Fresh,Surface,Kanawha River,Kanawha River
WV,John E Amos,2024,4,Conventional Steam Coal,522872.0,5478708.0,275.245,631.0,526.0,60.0,50.0,720.0,8.0,Fresh,Surface,Kanawha River,Kanawha River
WV,John E Amos,2024,5,Conventional Steam Coal,208615.0,2377370.0,56.975,327.0,273.0,29.0,24.0,386.0,8.0,Fresh,Surface,Kanawha River,Kanawha River
WV,John E Amos,2024,6,Conventional Steam Coal,523420.0,5421128.0,275.245,630.0,526.0,61.0,51.0,720.0,8.0,Fresh,Surface,Kanawha River,Kanawha River
WV,John E Amos,2024,7,Conventional Steam Coal,381667.0,3960491.0,129.453,67.0,339.0,6.0,33.0,481.0,8.0,Fresh,Surface,Kanawha River,Kanawha River
WV,John E Amos,2024,8,Conventional Steam Coal,439743.0,4744012.0,217.173,592.0,494.0,55.0,46.0,698.0,8.0,Fresh,Surface,Kanawha River,Kanawha River
WV,John E Amos,2024,9,Conventional Steam Coal,495260.0,5286584.0,260.71,631.0,526.0,59.0,49.0,720.0,8.0,Fresh,Surface,Kanawha River,Kanawha River
WV,John E Amos,2024,10,Conventional Steam Coal,237526.0,2585114.0,57.644,291.0,243.0,27.0,22.0,343.0,8.0,Fresh,Surface,Kanawha River,Kanawha River
WV,John E Amos,2024,11,Conventional Steam Coal,412685.0,4461331.0,71.632,208.0,174.0,19.0,16.0,375.0,8.0,Fresh,Surface,Kanawha River,Kanawha River
WV,John E Amos,2024,12,Conventional Steam Coal,269472.0,2866813.0,71.632,319.0,266.0,30.0,25.0,375.0,8.0,Fresh,Surface,Kanawha River,Kanawha River
WV,FirstEnergy Fort Martin Power Station,2024,1,Conventional Steam Coal,329158.0,3363134.0,11.036,215.0,34.0,21.0,3.0,744.0,14.0,Fresh,Surface,Monongahela River,MONONGAHELA RIVER
WV,FirstEnergy Fort Martin Power Station,2024,2,Conventional Steam Coal,172677.0,1784509.0,1.208,309.0,7.0,30.0,1.0,579.0,14.0,Fresh,Surface,Monongahela River,MONONGAHELA RIVER
WV,FirstEnergy Fort Martin Power Station,2024,6,Conventional Steam Coal,14833.0,283162.0,1.548,146.0,104.0,8.0,5.0,49.0,14.0,Fresh,Surface,Monongahela River,MONONGAHELA RIVER
WV,FirstEnergy Fort Martin Power Station,2024,7,Conventional Steam Coal,36593.0,454091.0,8.106,299.0,222.0,24.0,18.0,99.0,14.0,Fresh,Surface,Monongahela River,MONONGAHELA RIVER
WV,FirstEnergy Fort Martin Power Station,2024,8,Conventional Steam Coal,288872.0,2876382.0,145.536,651.0,504.0,65.0,51.0,577.0,14.0,Fresh,Surface,Monongahela River,MONONGAHELA RIVER
WV,FirstEnergy Fort Martin Power Station,2024,9,Conventional Steam Coal,75371.0,740228.0,5.053,113.0,67.0,12.0,7.0,147.0,14.0,Fresh,Surface,Monongahela River,MONONGAHELA RIVER
WV,FirstEnergy Fort Martin Power Station,2024,11,Conventional Steam Coal,44336.0,557063.0,8.955,361.0,202.0,29.0,16.0,110.0,14.0,Fresh,Surface,Monongahela River,MONONGAHELA RIVER
WV,FirstEnergy Fort Martin Power Station,2024,12,Conventional Steam Coal,304385.0,3099246.0,142.141,607.0,467.0,60.0,46.0,586.0,14.0,Fresh,Surface,Monongahela River,MONONGAHELA RIVER
WV,FirstEnergy Fort Martin Power Station,2024,1,Conventional Steam Coal,334040.0,3307504.0,134.145,581.0,402.0,59.0,41.0,744.0,14.0,Fresh,Surface,Monongahela River,MONONGAHELA RIVER
WV,FirstEnergy Fort Martin Power Station,2024,2,Conventional Steam Coal,50015.0,526501.0,2.024,245.0,40.0,23.0,4.0,171.0,14.0,Fresh,Surface,Monongahela River,MONONGAHELA RIVER
WV,FirstEnergy Fort Martin Power Station,2024,3,Conventional Steam Coal,142057.0,1539453.0,29.243,692.0,206.0,64.0,19.0,423.0,14.0,Fresh,Surface,Monongahela River,MONONGAHELA RIVER
WV,FirstEnergy Fort Martin Power Station,2024,4,Conventional Steam Coal,192220.0,1964690.0,49.099,650.0,255.0,64.0,25.0,506.0,14.0,Fresh,Surface,Monongahela River,MONONGAHELA RIVER
WV,FirstEnergy Fort Martin Power Station,2024,5,Conventional Steam Coal,271399.0,2765715.0,49.099,958.0,181.0,94.0,18.0,727.0,14.0,Fresh,Surface,Monongahela River,MONONGAHELA RIVER
WV,FirstEnergy Fort Martin Power Station,2024,6,Conventional Steam Coal,279323.0,2820448.0,143.414,988.0,513.0,98.0,51.0,720.0,14.0,Fresh,Surface,Monongahela River,MONONGAHELA RIVER
WV,FirstEnergy Fort Martin Power Station,2024,7,Conventional Steam Coal,251176.0,2587625.0,114.945,876.0,458.0,85.0,44.0,600.0,14.0,Fresh,Surface,Monongahela River,MONONGAHELA RIVER
WV,FirstEnergy Fort Martin Power Station,2024,8,Conventional Steam Coal,307584.0,3140670.0,202.633,843.0,659.0,83.0,65.0,667.0,14.0,Fresh,Surface,Monongahela River,MONONGAHELA RIVER
WV,FirstEnergy Fort Martin Power Station,2024,9,Conventional Steam Coal,340184.0,3381967.0,164.904,730.0,485.0,73.0,49.0,720.0,14.0,Fresh,Surface,Monongahela River,MONONGAHELA RIVER
WV,FirstEnergy Fort Martin Power Station,2024,10,Conventional Steam Coal,234919.0,2270531.0,49.245,475.0,210.0,49.0,22.0,487.0,14.0,Fresh,Surface,Monongahela River,MONONGAHELA RIVER
WV,FirstEnergy Fort Martin Power Station,2024,12,Conventional Steam Coal,209729.0,2094596.0,60.113,391.0,287.0,39.0,29.0,421.0,14.0,Fresh,Surface,Monongahela River,MONONGAHELA RIVER
WV,FirstEnergy Harrison Power Station,2024,1,Conventional Steam Coal,839884.0,8863939.0,234.112,701.0,279.0,66.0,26.0,1488.0,10.0,Fresh,Surface,West Fork River,WEST FORK RIVER
WV,FirstEnergy Harrison Power Station,2024,2,Conventional Steam Coal,389573.0,3934048.0,6.299,657.0,16.0,65.0,2.0,1392.0,10.0,Fresh,Surface,West Fork River,WEST FORK RIVER
WV,FirstEnergy Harrison Power Station,2024,3,Conventional Steam Coal,828346.0,8178957.0,271.126,701.0,327.0,71.0,33.0,1486.0,10.0,Fresh,Surface,West Fork River,WEST FORK RIVER
WV,FirstEnergy Harrison Power Station,2024,4,Conventional Steam Coal,1024740.0,10412313.0,298.744,675.0,292.0,66.0,29.0,1440.0,10.0,Fresh,Surface,West Fork River,WEST FORK RIVER
WV,FirstEnergy Harrison Power Station,2024,5,Conventional Steam Coal,1233707.0,12603375.0,397.846,699.0,322.0,68.0,32.0,1488.0,10.0,Fresh,Surface,West Fork River,WEST FORK RIVER
WV,FirstEnergy Harrison Power Station,2024,6,Conventional Steam Coal,1066039.0,11080715.0,359.343,681.0,337.0,66.0,32.0,1440.0,10.0,Fresh,Surface,West Fork River,WEST FORK RIVER
WV,FirstEnergy Harrison Power Station,2024,7,Conventional Steam Coal,1149079.0,11819204.0,495.066,702.0,431.0,68.0,42.0,1488.0,10.0,Fresh,Surface,West Fork River,WEST FORK RIVER
WV,FirstEnergy Harrison Power Station,2024,8,Conventional Steam Coal,1208591.0,12489538.0,530.501,702.0,439.0,68.0,42.0,1488.0,10.0,Fresh,Surface,West Fork River,WEST FORK RIVER
WV,FirstEnergy Harrison Power Station,2024,9,Conventional Steam Coal,830945.0,8489840.0,299.122,678.0,360.0,66.0,35.0,1440.0,10.0,Fresh,Surface,West Fork River,WEST FORK RIVER
WV,FirstEnergy Harrison Power Station,2024,10,Conventional Steam Coal,874447.0,8912096.0,325.29,697.0,372.0,68.0,36.0,1488.0,10.0,Fresh,Surface,West Fork River,WEST FORK RIVER
WV,FirstEnergy Harrison Power Station,2024,11,Conventional Steam Coal,480020.0,4938139.0,6.376,680.0,13.0,66.0,1.0,1440.0,10.0,Fresh,Surface,West Fork River,WEST FORK RIVER
WV,FirstEnergy Harrison Power Station,2024,12,Conventional Steam Coal,692781.0,7012475.0,139.528,698.0,201.0,69.0,20.0,1488.0,10.0,Fresh,Surface,West Fork River,WEST FORK RIVER
WV,Mitchell (WV),2024,1,Conventional Steam Coal,351783.0,3657191.0,169.68,639.0,482.0,61.0,46.0,744.0,,Fresh,Surface,Ohio River,
WV,Mitchell (WV),2024,2,Conventional Steam Coal,293018.0,3413708.0,135.894,615.0,464.0,53.0,40.0,651.0,,Fresh,Surface,Ohio River,
WV,Mitchell (WV),2024,3,Conventional Steam Coal,413375.0,4515638.0,131.174,421.0,317.0,38.0,29.0,743.0,,Fresh,Surface,Ohio River,
WV,Mitchell (WV),2024,4,Conventional Steam Coal,145852.0,1578935.0,32.749,298.0,225.0,27.0,21.0,314.0,,Fresh,Surface,Ohio River,
WV,Mitchell (WV),2024,5,Conventional Steam Coal,67164.0,748611.0,9.676,191.0,144.0,17.0,13.0,193.0,,Fresh,Surface,Ohio River,
WV,Mitchell (WV),2024,6,Conventional Steam Coal,568277.0,6008425.0,270.145,630.0,475.0,60.0,45.0,720.0,,Fresh,Surface,Ohio River,
WV,Mitchell (WV),2024,7,Conventional Steam Coal,535749.0,5703008.0,227.861,564.0,425.0,53.0,40.0,663.0,,Fresh,Surface,Ohio River,
WV,Mitchell (WV),2024,8,Conventional Steam Coal,448310.0,4914189.0,210.71,623.0,470.0,57.0,43.0,721.0,,Fresh,Surface,Ohio River,
WV,Mitchell (WV),2024,9,Conventional Steam Coal,53588.0,643372.0,8.973,222.0,167.0,18.0,14.0,199.0,,Fresh,Surface,Ohio River,
WV,Mitchell (WV),2024,10,Conventional Steam Coal,304988.0,3395305.0,2.357,10.0,8.0,1.0,1.0,626.0,,Fresh,Surface,Ohio River,
WV,Mitchell (WV),2024,11,Conventional Steam Coal,416052.0,4728511.0,46.968,150.0,113.0,13.0,10.0,720.0,,Fresh,Surface,Ohio River,
WV,Mitchell (WV),2024,12,Conventional Steam Coal,492021.0,5432317.0,236.72,638.0,481.0,58.0,44.0,744.0,,Fresh,Surface,Ohio River,
WI,Weston,2024,1,Conventional Steam Coal,125198.0,1392678.0,26.276,432.0,210.0,39.0,19.0,489.0,8.0,Fresh,Surface,Wisconsin River,Wisconsin River
WI,Weston,2024,2,Conventional Steam Coal,7341.0,92914.0,0.584,545.0,80.0,43.0,6.0,51.0,8.0,Fresh,Surface,Wisconsin River,Wisconsin River
WI,Weston,2024,5,Conventional Steam Coal,20754.0,237379.0,7.643,616.0,368.0,54.0,32.0,102.0,8.0,Fresh,Surface,Wisconsin River,Wisconsin River
WI,Weston,2024,6,Conventional Steam Coal,76441.0,880972.0,29.104,639.0,381.0,55.0,33.0,427.0,8.0,Fresh,Surface,Wisconsin River,Wisconsin River
WI,Weston,2024,7,Conventional Steam Coal,137979.0,1551262.0,57.427,611.0,416.0,54.0,37.0,661.0,8.0,Fresh,Surface,Wisconsin River,Wisconsin River
WI,Weston,2024,8,Conventional Steam Coal,123133.0,1402028.0,46.321,571.0,376.0,50.0,33.0,615.0,8.0,Fresh,Surface,Wisconsin River,Wisconsin River
WI,Weston,2024,9,Conventional Steam Coal,61034.0,733302.0,17.722,839.0,290.0,70.0,24.0,283.0,8.0,Fresh,Surface,Wisconsin River,Wisconsin River
WI,Weston,2024,10,Conventional Steam Coal,60070.0,669211.0,10.218,701.0,170.0,63.0,15.0,324.0,8.0,Fresh,Surface,Wisconsin River,Wisconsin River
WI,Weston,2024,11,Conventional Steam Coal,50429.0,576383.0,6.063,717.0,120.0,63.0,11.0,289.0,8.0,Fresh,Surface,Wisconsin River,Wisconsin River
WI,Weston,2024,12,Conventional Steam Coal,73802.0,837141.0,13.188,647.0,179.0,57.0,16.0,346.0,8.0,Fresh,Surface,Wisconsin River,Wisconsin River
WI,Weston,2024,1,Conventional Steam Coal,353669.0,3258709.0,93.418,332.0,264.0,36.0,29.0,744.0,8.0,Fresh,Surface,Wisconsin River,Wisconsin River
WI,Weston,2024,2,Conventional Steam Coal,214156.0,2057110.0,63.849,360.0,298.0,38.0,31.0,696.0,8.0,Fresh,Surface,Wisconsin River,Wisconsin River
WI,Weston,2024,3,Conventional Steam Coal,252675.0,2407204.0,76.705,370.0,304.0,39.0,32.0,743.0,8.0,Fresh,Surface,Wisconsin River,Wisconsin River
WI,Weston,2024,4,Conventional Steam Coal,274334.0,2606501.0,88.714,374.0,323.0,39.0,34.0,720.0,8.0,Fresh,Surface,Wisconsin River,Wisconsin River
WI,Weston,2024,5,Conventional Steam Coal,304304.0,2850252.0,106.092,397.0,349.0,42.0,37.0,744.0,8.0,Fresh,Surface,Wisconsin River,Wisconsin River
WI,Weston,2024,6,Conventional Steam Coal,255216.0,2426791.0,96.593,415.0,378.0,44.0,40.0,720.0,8.0,Fresh,Surface,Wisconsin River,Wisconsin River
WI,Weston,2024,7,Conventional Steam Coal,270972.0,2546717.0,103.417,441.0,382.0,47.0,41.0,744.0,8.0,Fresh,Surface,Wisconsin River,Wisconsin River
WI,Weston,2024,8,Conventional Steam Coal,293875.0,2780730.0,110.411,457.0,376.0,48.0,40.0,744.0,8.0,Fresh,Surface,Wisconsin River,Wisconsin River
WI,Weston,2024,9,Conventional Steam Coal,304811.0,2980513.0,111.539,432.0,366.0,44.0,37.0,720.0,8.0,Fresh,Surface,Wisconsin River,Wisconsin River
WI,Weston,2024,10,Conventional Steam Coal,268707.0,2545825.0,87.61,397.0,326.0,42.0,34.0,744.0,8.0,Fresh,Surface,Wisconsin River,Wisconsin River
WI,Weston,2024,11,Conventional Steam Coal,181018.0,1713889.0,55.39,362.0,306.0,38.0,32.0,541.0,8.0,Fresh,Surface,Wisconsin River,Wisconsin River
WI,Weston,2024,12,Conventional Steam Coal,271287.0,2544320.0,73.951,363.0,273.0,39.0,29.0,675.0,8.0,Fresh,Surface,Wisconsin River,Wisconsin River
WY,Dave Johnston,2024,1,Conventional Steam Coal,41432.0,498968.0,26.047,32593.0,629.0,2706.0,52.0,744.0,7.0,Fresh,Surface,North Platte River,North Platte River
WY,Dave Johnston,2024,2,Conventional Steam Coal,35095.0,422938.0,18.743,41497.0,534.0,3443.0,44.0,696.0,7.0,Fresh,Surface,North Platte River,North Platte River
WY,Dave Johnston,2024,6,Conventional Steam Coal,42798.0,492263.0,34.901,37195.0,815.0,3234.0,71.0,720.0,7.0,Fresh,Surface,North Platte River,North Platte River
WY,Dave Johnston,2024,8,Conventional Steam Coal,41945.0,509256.0,44.079,39217.0,1051.0,3230.0,87.0,744.0,7.0,Fresh,Surface,North Platte River,North Platte River
WY,Dave Johnston,2024,9,Conventional Steam Coal,28781.0,335846.0,35.0,56548.0,1216.0,4846.0,104.0,542.0,7.0,Fresh,Surface,North Platte River,North Platte River
WY,Dave Johnston,2024,10,Conventional Steam Coal,51801.0,596848.0,10.017,31210.0,193.0,2709.0,17.0,744.0,7.0,Fresh,Surface,North Platte River,North Platte River
WY,Dave Johnston,2024,11,Conventional Steam Coal,45277.0,514139.0,25.743,35414.0,569.0,3119.0,50.0,683.0,7.0,Fresh,Surface,North Platte River,North Platte River
WY,Dave Johnston,2024,12,Conventional Steam Coal,59757.0,602168.0,36.064,27527.0,604.0,2732.0,60.0,744.0,7.0,Fresh,Surface,North Platte River,North Platte River
WY,Dave Johnston,2024,1,Conventional Steam Coal,41874.0,522194.0,25.532,31612.0,610.0,2535.0,49.0,729.0,7.0,Fresh,Surface,North Platte River,North Platte River
WY,Dave Johnston,2024,2,Conventional Steam Coal,32848.0,411488.0,16.935,40058.0,516.0,3198.0,41.0,629.0,7.0,Fresh,Surface,North Platte River,North Platte River
WY,Dave Johnston,2024,6,Conventional Steam Coal,44175.0,534484.0,34.901,36035.0,790.0,2978.0,65.0,720.0,7.0,Fresh,Surface,North Platte River,North Platte River
WY,Dave Johnston,2024,8,Conventional Steam Coal,42926.0,539369.0,44.077,38319.0,1027.0,3050.0,82.0,744.0,7.0,Fresh,Surface,North Platte River,North Platte River
WY,Dave Johnston,2024,9,Conventional Steam Coal,40052.0,474484.0,34.901,39745.0,871.0,3355.0,74.0,720.0,7.0,Fresh,Surface,North Platte River,North Platte River
WY,Dave Johnston,2024,10,Conventional Steam Coal,54837.0,655009.0,10.018,29485.0,183.0,2468.0,15.0,744.0,7.0,Fresh,Surface,North Platte River,North Platte River
WY,Dave Johnston,2024,11,Conventional Steam Coal,51986.0,621535.0,25.206,30547.0,485.0,2555.0,41.0,720.0,7.0,Fresh,Surface,North Platte River,North Platte River
WY,Dave Johnston,2024,12,Conventional Steam Coal,62829.0,757330.0,36.062,26180.0,574.0,2172.0,48.0,744.0,7.0,Fresh,Surface,North Platte River,North Platte River
WY,Dave Johnston,2024,1,Conventional Steam Coal,108998.0,1466669.0,30.054,13492.0,276.0,1003.0,20.0,744.0,7.0,Fresh,Surface,North Platte River,North Platte River
WY,Dave Johnston,2024,2,Conventional Steam Coal,99387.0,1337382.0,20.617,15955.0,207.0,1186.0,15.0,696.0,7.0,Fresh,Surface,North Platte River,North Platte River
WY,Dave Johnston,2024,6,Conventional Steam Coal,84038.0,1114732.0,33.172,18552.0,395.0,1399.0,30.0,648.0,7.0,Fresh,Surface,North Platte River,North Platte River
WY,Dave Johnston,2024,8,Conventional Steam Coal,105923.0,1389686.0,46.082,16891.0,435.0,1287.0,33.0,744.0,7.0,Fresh,Surface,North Platte River,North Platte River
WY,Dave Johnston,2024,9,Conventional Steam Coal,90175.0,1190460.0,36.593,19073.0,406.0,1445.0,31.0,715.0,7.0,Fresh,Surface,North Platte River,North Platte River
WY,Dave Johnston,2024,10,Conventional Steam Coal,106359.0,1402831.0,10.018,16539.0,94.0,1254.0,7.0,744.0,7.0,Fresh,Surface,North Platte River,North Platte River
WY,Dave Johnston,2024,11,Conventional Steam Coal,113253.0,1300026.0,29.084,15271.0,257.0,1330.0,22.0,720.0,7.0,Fresh,Surface,North Platte River,North Platte River
WY,Dave Johnston,2024,12,Conventional Steam Coal,133786.0,1528084.0,38.068,13374.0,285.0,1171.0,25.0,744.0,7.0,Fresh,Surface,North Platte River,North Platte River
WY,Dave Johnston,2024,1,Conventional Steam Coal,138248.0,1618576.0,69.361,502.0,502.0,43.0,43.0,744.0,7.0,Fresh,Surface,North Platte River,North Platte River
WY,Dave Johnston,2024,2,Conventional Steam Coal,122125.0,1431446.0,60.139,492.0,492.0,42.0,42.0,696.0,7.0,Fresh,Surface,North Platte River,North Platte River
WY,Dave Johnston,2024,3,Conventional Steam Coal,133697.0,1536871.0,66.694,499.0,499.0,43.0,43.0,740.0,7.0,Fresh,Surface,North Platte River,North Platte River
WY,Dave Johnston,2024,4,Conventional Steam Coal,84223.0,975786.0,41.813,496.0,496.0,43.0,43.0,468.0,7.0,Fresh,Surface,North Platte River,North Platte River
WY,Dave Johnston,2024,5,Conventional Steam Coal,139630.0,1621634.0,80.556,577.0,577.0,50.0,50.0,744.0,7.0,Fresh,Surface,North Platte River,North Platte River
WY,Dave Johnston,2024,6,Conventional Steam Coal,144287.0,1627269.0,87.588,607.0,607.0,54.0,54.0,720.0,7.0,Fresh,Surface,North Platte River,North Platte River
WY,Dave Johnston,2024,7,Conventional Steam Coal,145473.0,1597279.0,88.882,611.0,611.0,56.0,56.0,562.0,7.0,Fresh,Surface,North Platte River,North Platte River
WY,Dave Johnston,2024,8,Conventional Steam Coal,161322.0,1802853.0,103.947,644.0,644.0,58.0,58.0,702.0,7.0,Fresh,Surface,North Platte River,North Platte River
WY,Dave Johnston,2024,9,Conventional Steam Coal,175243.0,1926104.0,113.66,649.0,649.0,59.0,59.0,720.0,7.0,Fresh,Surface,North Platte River,North Platte River
WY,Dave Johnston,2024,10,Conventional Steam Coal,135677.0,1519610.0,80.096,590.0,590.0,53.0,53.0,606.0,7.0,Fresh,Surface,North Platte River,North Platte River
WY,Dave Johnston,2024,11,Conventional Steam Coal,128142.0,1427616.0,64.008,500.0,500.0,45.0,45.0,574.0,7.0,Fresh,Surface,North Platte River,North Platte River
WY,Dave Johnston,2024,12,Conventional Steam Coal,164929.0,1821600.0,89.02,540.0,540.0,49.0,49.0,611.0,7.0,Fresh,Surface,North Platte River,North Platte River
WY,Naughton,2024,1,Conventional Steam Coal,105119.0,1090337.0,56.163,689.0,534.0,66.0,52.0,744.0,5.0,Fresh,Surface,Hams Fork River,Muddy Creek
WY,Naughton,2024,2,Conventional Steam Coal,81325.0,839105.0,43.238,717.0,532.0,70.0,52.0,696.0,5.0,Fresh,Surface,Hams Fork River,Muddy Creek
WY,Naughton,2024,3,Conventional Steam Coal,56556.0,595822.0,32.083,802.0,567.0,76.0,54.0,688.0,5.0,Fresh,Surface,Hams Fork River,Muddy Creek
WY,Naughton,2024,4,Conventional Steam Coal,34534.0,415667.0,31.53,1087.0,913.0,90.0,76.0,525.0,5.0,Fresh,Surface,Hams Fork River,Muddy Creek
WY,Naughton,2024,5,Conventional Steam Coal,31927.0,366842.0,24.253,1070.0,760.0,93.0,66.0,690.0,5.0,Fresh,Surface,Hams Fork River,Muddy Creek
WY,Naughton,2024,6,Conventional Steam Coal,47223.0,534354.0,25.976,816.0,550.0,72.0,49.0,718.0,5.0,Fresh,Surface,Hams Fork River,Muddy Creek
WY,Naughton,2024,7,Conventional Steam Coal,67806.0,705111.0,36.597,728.0,540.0,70.0,52.0,664.0,5.0,Fresh,Surface,Hams Fork River,Muddy Creek
WY,Naughton,2024,8,Conventional Steam Coal,56194.0,612227.0,54.065,1170.0,962.0,107.0,88.0,691.0,5.0,Fresh,Surface,Hams Fork River,Muddy Creek
WY,Naughton,2024,9,Conventional Steam Coal,54099.0,585589.0,56.029,1170.0,1036.0,108.0,96.0,658.0,5.0,Fresh,Surface,Hams Fork River,Muddy Creek
WY,Naughton,2024,10,Conventional Steam Coal,66711.0,676363.0,64.512,967.0,967.0,95.0,95.0,599.0,5.0,Fresh,Surface,Hams Fork River,Muddy Creek
WY,Naughton,2024,11,Conventional Steam Coal,69506.0,745383.0,40.156,578.0,578.0,54.0,54.0,687.0,5.0,Fresh,Surface,Hams Fork River,Muddy Creek
WY,Naughton,2024,12,Conventional Steam Coal,65150.0,702674.0,47.33,839.0,726.0,78.0,67.0,617.0,5.0,Fresh,Surface,Hams Fork River,Muddy Creek
WY,Naughton,2024,1,Conventional Steam Coal,128790.0,1407486.0,72.483,726.0,563.0,66.0,51.0,702.0,5.0,Fresh,Surface,Hams Fork River,Muddy Creek
WY,Naughton,2024,2,Conventional Steam Coal,106296.0,1165018.0,59.894,760.0,563.0,69.0,51.0,696.0,5.0,Fresh,Surface,Hams Fork River,Muddy Creek
WY,Naughton,2024,3,Conventional Steam Coal,79169.0,907903.0,48.887,873.0,618.0,76.0,54.0,731.0,5.0,Fresh,Surface,Hams Fork River,Muddy Creek
WY,Naughton,2024,4,Conventional Steam Coal,60854.0,725402.0,55.027,1076.0,904.0,90.0,76.0,667.0,5.0,Fresh,Surface,Hams Fork River,Muddy Creek
WY,Naughton,2024,5,Conventional Steam Coal,57304.0,711919.0,47.705,1163.0,832.0,94.0,67.0,744.0,5.0,Fresh,Surface,Hams Fork River,Muddy Creek
WY,Naughton,2024,6,Conventional Steam Coal,66986.0,804879.0,39.127,866.0,584.0,72.0,49.0,720.0,5.0,Fresh,Surface,Hams Fork River,Muddy Creek
WY,Naughton,2024,7,Conventional Steam Coal,96508.0,1076134.0,55.862,780.0,579.0,70.0,52.0,738.0,5.0,Fresh,Surface,Hams Fork River,Muddy Creek
WY,Naughton,2024,8,Conventional Steam Coal,66662.0,781800.0,69.039,1260.0,1036.0,107.0,88.0,677.0,5.0,Fresh,Surface,Hams Fork River,Muddy Creek
WY,Naughton,2024,9,Conventional Steam Coal,76183.0,886621.0,84.826,1195.0,1113.0,103.0,96.0,676.0,5.0,Fresh,Surface,Hams Fork River,Muddy Creek
WY,Naughton,2024,10,Conventional Steam Coal,77711.0,914193.0,85.9,1105.0,1105.0,94.0,94.0,638.0,5.0,Fresh,Surface,Hams Fork River,Muddy Creek
WY,Naughton,2024,11,Conventional Steam Coal,61257.0,745518.0,40.16,656.0,656.0,54.0,54.0,605.0,5.0,Fresh,Surface,Hams Fork River,Muddy Creek
WY,Naughton,2024,12,Conventional Steam Coal,44881.0,523935.0,35.305,908.0,787.0,78.0,67.0,385.0,5.0,Fresh,Surface,Hams Fork River,Muddy Creek
WY,Naughton,2024,1,Natural Gas Steam Turbine,123290.0,1461990.0,68.076,712.0,552.0,60.0,47.0,736.0,5.0,Fresh,Surface,Hams Fork River,Muddy Creek
WY,Naughton,2024,2,Natural Gas Steam Turbine,106547.0,1283830.0,60.828,770.0,571.0,64.0,47.0,687.0,5.0,Fresh,Surface,Hams Fork River,Muddy Creek
WY,Naughton,2024,3,Natural Gas Steam Turbine,104181.0,1248761.0,67.256,912.0,646.0,76.0,54.0,671.0,5.0,Fresh,Surface,Hams Fork River,Muddy Creek
WY,Naughton,2024,4,Natural Gas Steam Turbine,92697.0,1108593.0,84.07,1079.0,907.0,90.0,76.0,642.0,5.0,Fresh,Surface,Hams Fork River,Muddy Creek
WY,Naughton,2024,5,Natural Gas Steam Turbine,94569.0,1159892.0,77.305,1142.0,817.0,93.0,67.0,625.0,5.0,Fresh,Surface,Hams Fork River,Muddy Creek
WY,Naughton,2024,6,Natural Gas Steam Turbine,99336.0,1215636.0,59.092,882.0,595.0,72.0,49.0,661.0,5.0,Fresh,Surface,Hams Fork River,Muddy Creek
WY,Naughton,2024,7,Natural Gas Steam Turbine,85722.0,1050766.0,54.549,858.0,636.0,70.0,52.0,578.0,5.0,Fresh,Surface,Hams Fork River,Muddy Creek
WY,Naughton,2024,8,Natural Gas Steam Turbine,104063.0,1271957.0,112.325,1313.0,1079.0,107.0,88.0,690.0,5.0,Fresh,Surface,Hams Fork River,Muddy Creek
WY,Naughton,2024,9,Natural Gas Steam Turbine,66671.0,822659.0,78.68,1333.0,1180.0,108.0,96.0,570.0,5.0,Fresh,Surface,Hams Fork River,Muddy Creek
WY,Naughton,2024,10,Natural Gas Steam Turbine,100606.0,1225172.0,121.657,1214.0,1209.0,100.0,99.0,741.0,5.0,Fresh,Surface,Hams Fork River,Muddy Creek
WY,Naughton,2024,11,Natural Gas Steam Turbine,64132.0,821336.0,44.225,690.0,690.0,54.0,54.0,645.0,5.0,Fresh,Surface,Hams Fork River,Muddy Creek
WY,Naughton,2024,12,Natural Gas Steam Turbine,78134.0,1010462.0,68.1,1006.0,872.0,78.0,67.0,709.0,5.0,Fresh,Surface,Hams Fork River,Muddy Creek
TX,Spencer,2024,4,Natural Gas Steam Turbine,105.0,2013.0,0.387,4590.0,3686.0,239.0,192.0,8.0,,Reclaimed,Discharge,Municipality,Municipality
TX,Spencer,2024,5,Natural Gas Steam Turbine,1090.0,18586.0,1.093,1097.0,1003.0,64.0,59.0,21.0,,Reclaimed,Discharge,Municipality,Municipality
TX,Spencer,2024,6,Natural Gas Steam Turbine,1847.0,29753.0,2.443,1378.0,1323.0,86.0,82.0,45.0,,Reclaimed,Discharge,Municipality,Municipality
TX,Spencer,2024,7,Natural Gas Steam Turbine,298.0,4753.0,0.294,1070.0,987.0,67.0,62.0,6.0,,Reclaimed,Discharge,Municipality,Municipality
TX,Spencer,2024,8,Natural Gas Steam Turbine,4350.0,68085.0,5.624,1301.0,1293.0,83.0,83.0,99.0,,Reclaimed,Discharge,Municipality,Municipality
TX,Spencer,2024,9,Natural Gas Steam Turbine,738.0,11791.0,0.89,1237.0,1206.0,77.0,75.0,16.0,,Reclaimed,Discharge,Municipality,Municipality
TX,Spencer,2024,10,Natural Gas Steam Turbine,948.0,15157.0,1.084,1223.0,1143.0,76.0,72.0,20.0,,Reclaimed,Discharge,Municipality,Municipality
TX,Spencer,2024,11,Natural Gas Steam Turbine,1466.0,23879.0,1.335,937.0,911.0,58.0,56.0,240.0,,Reclaimed,Discharge,Municipality,Municipality
OK,Riverside (OK),2024,3,Natural Gas Steam Turbine,14056.0,163738.0,1.701,568.0,121.0,49.0,10.0,102.0,3.0,Fresh,Surface,Arkansas River,Arkansas River
OK,Riverside (OK),2024,4,Natural Gas Steam Turbine,27266.0,328227.0,1.652,193.0,61.0,16.0,5.0,166.0,3.0,Fresh,Surface,Arkansas River,Arkansas River
OK,Riverside (OK),2024,5,Natural Gas Steam Turbine,17702.0,250891.0,11.846,954.0,669.0,67.0,47.0,133.0,3.0,Fresh,Surface,Arkansas River,Arkansas River
OK,Riverside (OK),2024,6,Natural Gas Steam Turbine,102759.0,1177241.0,64.042,833.0,623.0,73.0,54.0,519.0,3.0,Fresh,Surface,Arkansas River,Arkansas River
OK,Riverside (OK),2024,7,Natural Gas Steam Turbine,132539.0,1495511.0,266.516,2383.0,2011.0,211.0,178.0,725.0,3.0,Fresh,Surface,Arkansas River,Arkansas River
OK,Riverside (OK),2024,8,Natural Gas Steam Turbine,131859.0,1492797.0,75.317,1304.0,571.0,115.0,50.0,667.0,3.0,Fresh,Surface,Arkansas River,Arkansas River
OK,Riverside (OK),2024,9,Natural Gas Steam Turbine,25738.0,291408.0,14.19,2465.0,551.0,218.0,49.0,447.0,3.0,Fresh,Surface,Arkansas River,Arkansas River
OK,Riverside (OK),2024,10,Natural Gas Steam Turbine,116298.0,1288349.0,54.015,947.0,464.0,85.0,42.0,532.0,3.0,Fresh,Surface,Arkansas River,Arkansas River
OK,Riverside (OK),2024,11,Natural Gas Steam Turbine,16862.0,163342.0,7.104,666.0,421.0,69.0,43.0,73.0,3.0,Fresh,Surface,Arkansas River,Arkansas River
AL,James H Miller Jr,2024,1,Conventional Steam Coal,766190.0,7846504.0,209.125,499.0,273.0,49.0,27.0,730.0,40.0,Fresh,Surface,Black Warrior River,Black Warrior River
AL,James H Miller Jr,2024,2,Conventional Steam Coal,634408.0,6659049.0,275.68,562.0,435.0,54.0,41.0,696.0,40.0,Fresh,Surface,Black Warrior River,Black Warrior River
AL,James H Miller Jr,2024,3,Conventional Steam Coal,610327.0,6420190.0,306.855,647.0,503.0,62.0,48.0,743.0,40.0,Fresh,Surface,Black Warrior River,Black Warrior River
AL,James H Miller Jr,2024,4,Conventional Steam Coal,845539.0,8488873.0,552.146,805.0,653.0,80.0,65.0,720.0,40.0,Fresh,Surface,Black Warrior River,Black Warrior River
AL,James H Miller Jr,2024,5,Conventional Steam Coal,898117.0,9192748.0,552.73,743.0,615.0,73.0,60.0,744.0,40.0,Fresh,Surface,Black Warrior River,Black Warrior River
AL,James H Miller Jr,2024,6,Conventional Steam Coal,820412.0,8452833.0,488.557,731.0,596.0,71.0,58.0,687.0,40.0,Fresh,Surface,Black Warrior River,Black Warrior River
AL,James H Miller Jr,2024,7,Conventional Steam Coal,743113.0,7805470.0,470.199,779.0,633.0,74.0,60.0,687.0,40.0,Fresh,Surface,Black Warrior River,Black Warrior River
AL,James H Miller Jr,2024,8,Conventional Steam Coal,704768.0,7424001.0,507.097,889.0,720.0,84.0,68.0,740.0,40.0,Fresh,Surface,Black Warrior River,Black Warrior River
AL,James H Miller Jr,2024,9,Conventional Steam Coal,751146.0,7785605.0,271.158,485.0,361.0,47.0,35.0,720.0,40.0,Fresh,Surface,Black Warrior River,Black Warrior River
AL,James H Miller Jr,2024,10,Conventional Steam Coal,794882.0,8113359.0,406.963,605.0,512.0,59.0,50.0,744.0,40.0,Fresh,Surface,Black Warrior River,Black Warrior River
AL,James H Miller Jr,2024,11,Conventional Steam Coal,680680.0,7069037.0,433.387,730.0,637.0,70.0,61.0,720.0,40.0,Fresh,Surface,Black Warrior River,Black Warrior River
AL,James H Miller Jr,2024,12,Conventional Steam Coal,822001.0,8337919.0,465.986,635.0,567.0,63.0,56.0,744.0,40.0,Fresh,Surface,Black Warrior River,Black Warrior River
AL,James H Miller Jr,2024,1,Conventional Steam Coal,830797.0,8215915.0,222.856,460.0,268.0,47.0,27.0,744.0,40.0,Fresh,Surface,Black Warrior River,Black Warrior River
AL,James H Miller Jr,2024,2,Conventional Steam Coal,608377.0,6386440.0,290.062,606.0,477.0,58.0,45.0,693.0,40.0,Fresh,Surface,Black Warrior River,Black Warrior River
AL,James H Miller Jr,2024,3,Conventional Steam Coal,691783.0,7062571.0,301.723,573.0,436.0,56.0,43.0,743.0,40.0,Fresh,Surface,Black Warrior River,Black Warrior River
AL,James H Miller Jr,2024,4,Conventional Steam Coal,713439.0,7101535.0,399.6,693.0,560.0,70.0,56.0,720.0,40.0,Fresh,Surface,Black Warrior River,Black Warrior River
AL,James H Miller Jr,2024,5,Conventional Steam Coal,934436.0,9362898.0,542.739,715.0,581.0,71.0,58.0,744.0,40.0,Fresh,Surface,Black Warrior River,Black Warrior River
AL,James H Miller Jr,2024,6,Conventional Steam Coal,857375.0,8638795.0,500.61,705.0,584.0,70.0,58.0,693.0,40.0,Fresh,Surface,Black Warrior River,Black Warrior River
AL,James H Miller Jr,2024,7,Conventional Steam Coal,798779.0,8268016.0,522.532,785.0,654.0,76.0,63.0,744.0,40.0,Fresh,Surface,Black Warrior River,Black Warrior River
AL,James H Miller Jr,2024,8,Conventional Steam Coal,773710.0,7932696.0,535.978,814.0,693.0,79.0,68.0,744.0,40.0,Fresh,Surface,Black Warrior River,Black Warrior River
AL,James H Miller Jr,2024,9,Conventional Steam Coal,802251.0,8178124.0,286.036,454.0,357.0,45.0,35.0,715.0,40.0,Fresh,Surface,Black Warrior River,Black Warrior River
AL,James H Miller Jr,2024,10,Conventional Steam Coal,829920.0,8238110.0,417.811,579.0,503.0,58.0,51.0,744.0,40.0,Fresh,Surface,Black Warrior River,Black Warrior River
AL,James H Miller Jr,2024,11,Conventional Steam Coal,775378.0,7792902.0,443.297,641.0,572.0,64.0,57.0,720.0,40.0,Fresh,Surface,Black Warrior River,Black Warrior River
AL,James H Miller Jr,2024,12,Conventional Steam Coal,909464.0,8912034.0,455.366,574.0,501.0,59.0,51.0,744.0,40.0,Fresh,Surface,Black Warrior River,Black Warrior River
WV,Pleasants Power Station,2024,1,Conventional Steam Coal,125746.0,1449674.0,9.649,91.0,77.0,8.0,7.0,267.0,10.0,Fresh,Surface,Ohio River,OHIO RIVER
WV,Pleasants Power Station,2024,2,Conventional Steam Coal,37395.0,466551.0,2.071,71.0,55.0,6.0,4.0,100.0,10.0,Fresh,Surface,Ohio River,OHIO RIVER
WV,Pleasants Power Station,2024,4,Conventional Steam Coal,14835.0,220155.0,0.327,39.0,22.0,3.0,1.0,73.0,10.0,Fresh,Surface,Ohio River,OHIO RIVER
WV,Pleasants Power Station,2024,6,Conventional Steam Coal,155220.0,1884703.0,21.442,236.0,138.0,19.0,11.0,414.0,10.0,Fresh,Surface,Ohio River,OHIO RIVER
WV,Pleasants Power Station,2024,7,Conventional Steam Coal,29688.0,428698.0,4.913,271.0,165.0,19.0,11.0,140.0,10.0,Fresh,Surface,Ohio River,OHIO RIVER
WV,Pleasants Power Station,2024,8,Conventional Steam Coal,34449.0,455765.0,0.269,62.0,8.0,5.0,1.0,101.0,10.0,Fresh,Surface,Ohio River,OHIO RIVER
WV,Pleasants Power Station,2024,1,Conventional Steam Coal,113327.0,1300067.0,33.084,308.0,292.0,27.0,25.0,269.0,10.0,Fresh,Surface,Ohio River,OHIO RIVER
WV,Pleasants Power Station,2024,2,Conventional Steam Coal,29448.0,369839.0,1.297,56.0,44.0,4.0,4.0,77.0,10.0,Fresh,Surface,Ohio River,OHIO RIVER
WV,Pleasants Power Station,2024,5,Conventional Steam Coal,26555.0,325054.0,0.333,25.0,13.0,2.0,1.0,77.0,10.0,Fresh,Surface,Ohio River,OHIO RIVER
WV,Pleasants Power Station,2024,6,Conventional Steam Coal,172812.0,1991092.0,79.998,567.0,463.0,49.0,40.0,453.0,10.0,Fresh,Surface,Ohio River,OHIO RIVER
WV,Pleasants Power Station,2024,7,Conventional Steam Coal,110232.0,1383183.0,33.528,447.0,304.0,36.0,24.0,313.0,10.0,Fresh,Surface,Ohio River,OHIO RIVER
WV,Pleasants Power Station,2024,8,Conventional Steam Coal,45114.0,572085.0,1.293,102.0,29.0,8.0,2.0,134.0,10.0,Fresh,Surface,Ohio River,OHIO RIVER
WV,Pleasants Power Station,2024,9,Conventional Steam Coal,2238.0,104631.0,0.11,94.0,49.0,2.0,1.0,35.0,10.0,Fresh,Surface,Ohio River,OHIO RIVER
AR,White Bluff,2024,1,Conventional Steam Coal,179900.0,2003819.0,68.537,519.0,381.0,47.0,34.0,510.0,48.0,Fresh,Surface,Arkansas River,Arkansas River
AR,White Bluff,2024,2,Conventional Steam Coal,203459.0,2335818.0,112.818,755.0,554.0,66.0,48.0,696.0,48.0,Fresh,Surface,Arkansas River,Arkansas River
AR,White Bluff,2024,3,Conventional Steam Coal,9603.0,102230.0,0.196,28.0,20.0,3.0,2.0,28.0,48.0,Fresh,Surface,Arkansas River,Arkansas River
AR,White Bluff,2024,7,Conventional Steam Coal,1040.0,21942.0,0.013,17.0,13.0,1.0,1.0,25.0,48.0,Fresh,Surface,Arkansas River,Arkansas River
AR,White Bluff,2024,8,Conventional Steam Coal,136127.0,1712725.0,55.857,559.0,410.0,44.0,33.0,552.0,48.0,Fresh,Surface,Arkansas River,Arkansas River
AR,White Bluff,2024,11,Conventional Steam Coal,23820.0,307812.0,2.281,130.0,96.0,10.0,7.0,125.0,48.0,Fresh,Surface,Arkansas River,Arkansas River
AR,White Bluff,2024,1,Conventional Steam Coal,398581.0,4152520.0,202.025,690.0,507.0,66.0,49.0,674.0,48.0,Fresh,Surface,Arkansas River,Arkansas River
AR,White Bluff,2024,3,Conventional Steam Coal,9275.0,136324.0,0.502,74.0,54.0,5.0,4.0,71.0,48.0,Fresh,Surface,Arkansas River,Arkansas River
AR,White Bluff,2024,5,Conventional Steam Coal,81883.0,982646.0,18.909,315.0,231.0,26.0,19.0,306.0,48.0,Fresh,Surface,Arkansas River,Arkansas River
AR,White Bluff,2024,6,Conventional Steam Coal,229723.0,2557411.0,112.236,665.0,489.0,60.0,44.0,629.0,48.0,Fresh,Surface,Arkansas River,Arkansas River
AR,White Bluff,2024,7,Conventional Steam Coal,216491.0,2581069.0,118.964,748.0,550.0,63.0,46.0,729.0,48.0,Fresh,Surface,Arkansas River,Arkansas River
AR,White Bluff,2024,8,Conventional Steam Coal,234174.0,2768978.0,131.448,765.0,561.0,65.0,47.0,744.0,48.0,Fresh,Surface,Arkansas River,Arkansas River
AR,White Bluff,2024,9,Conventional Steam Coal,261301.0,2895438.0,137.566,717.0,526.0,65.0,48.0,676.0,48.0,Fresh,Surface,Arkansas River,Arkansas River
AR,White Bluff,2024,10,Conventional Steam Coal,59813.0,644868.0,6.724,154.0,112.0,14.0,10.0,149.0,48.0,Fresh,Surface,Arkansas River,Arkansas River
KY,East Bend,2024,1,Conventional Steam Coal,228453.0,2498754.0,110.853,485.0,485.0,44.0,44.0,547.0,36.0,Fresh,Surface,Ohio River,Ohio River
KY,East Bend,2024,2,Conventional Steam Coal,263912.0,2856046.0,183.877,697.0,697.0,64.0,64.0,696.0,36.0,Fresh,Surface,Ohio River,Ohio River
KY,East Bend,2024,3,Conventional Steam Coal,272661.0,3107266.0,190.607,699.0,699.0,61.0,61.0,743.0,36.0,Fresh,Surface,Ohio River,Ohio River
KY,East Bend,2024,4,Conventional Steam Coal,108183.0,1104649.0,31.557,292.0,292.0,29.0,29.0,288.0,36.0,Fresh,Surface,Ohio River,Ohio River
KY,East Bend,2024,5,Conventional Steam Coal,89974.0,1306301.0,26.313,292.0,292.0,20.0,20.0,297.0,36.0,Fresh,Surface,Ohio River,Ohio River
KY,East Bend,2024,6,Conventional Steam Coal,284083.0,3105878.0,197.391,695.0,695.0,64.0,64.0,720.0,36.0,Fresh,Surface,Ohio River,Ohio River
KY,East Bend,2024,7,Conventional Steam Coal,306948.0,3468123.0,205.902,671.0,671.0,59.0,59.0,744.0,36.0,Fresh,Surface,Ohio River,Ohio River
KY,East Bend,2024,8,Conventional Steam Coal,294642.0,3335444.0,204.627,694.0,694.0,61.0,61.0,744.0,36.0,Fresh,Surface,Ohio River,Ohio River
KY,East Bend,2024,9,Conventional Steam Coal,47208.0,596105.0,6.868,145.0,145.0,12.0,12.0,133.0,36.0,Fresh,Surface,Ohio River,Ohio River
KY,East Bend,2024,11,Conventional Steam Coal,128953.0,1763056.0,50.055,388.0,388.0,28.0,28.0,385.0,36.0,Fresh,Surface,Ohio River,Ohio River
KY,East Bend,2024,12,Conventional Steam Coal,243874.0,2607192.0,136.821,561.0,561.0,52.0,52.0,639.0,36.0,Fresh,Surface,Ohio River,Ohio River
CO,Craig (CO),2024,1,Conventional Steam Coal,185996.0,2014502.0,77.03,414.0,414.0,38.0,38.0,739.0,8.0,Fresh,Surface,Yampa River,PD
CO,Craig (CO),2024,2,Conventional Steam Coal,154270.0,1710497.0,69.58,451.0,451.0,41.0,41.0,664.0,8.0,Fresh,Surface,Yampa River,PD
CO,Craig (CO),2024,3,Conventional Steam Coal,159552.0,1766928.0,77.6,486.0,486.0,44.0,44.0,743.0,8.0,Fresh,Surface,Yampa River,PD
CO,Craig (CO),2024,4,Conventional Steam Coal,129604.0,1519058.0,70.97,548.0,548.0,47.0,47.0,720.0,8.0,Fresh,Surface,Yampa River,PD
CO,Craig (CO),2024,5,Conventional Steam Coal,118928.0,1448691.0,67.43,567.0,567.0,47.0,47.0,734.0,8.0,Fresh,Surface,Yampa River,PD
CO,Craig (CO),2024,6,Conventional Steam Coal,129430.0,1539049.0,77.46,598.0,598.0,50.0,50.0,720.0,8.0,Fresh,Surface,Yampa River,PD
CO,Craig (CO),2024,7,Conventional Steam Coal,141911.0,1634853.0,65.65,463.0,463.0,40.0,40.0,744.0,8.0,Fresh,Surface,Yampa River,PD
CO,Craig (CO),2024,8,Conventional Steam Coal,137074.0,1595815.0,83.02,606.0,606.0,52.0,52.0,744.0,8.0,Fresh,Surface,Yampa River,PD
CO,Craig (CO),2024,9,Conventional Steam Coal,126164.0,1499164.0,80.36,637.0,637.0,54.0,54.0,720.0,8.0,Fresh,Surface,Yampa River,PD
CO,Craig (CO),2024,10,Conventional Steam Coal,122721.0,1494149.0,82.13,669.0,669.0,55.0,55.0,744.0,8.0,Fresh,Surface,Yampa River,PD
CO,Craig (CO),2024,11,Conventional Steam Coal,80385.0,952289.0,47.13,586.0,586.0,49.0,49.0,488.0,8.0,Fresh,Surface,Yampa River,PD
CO,Craig (CO),2024,12,Conventional Steam Coal,132875.0,1558818.0,69.67,524.0,524.0,45.0,45.0,719.0,8.0,Fresh,Surface,Yampa River,PD
CO,Craig (CO),2024,1,Conventional Steam Coal,184652.0,1984164.0,76.47,414.0,414.0,39.0,39.0,744.0,8.0,Fresh,Surface,Yampa River,PD
CO,Craig (CO),2024,2,Conventional Steam Coal,164238.0,1788194.0,74.08,451.0,451.0,41.0,41.0,696.0,8.0,Fresh,Surface,Yampa River,PD
CO,Craig (CO),2024,3,Conventional Steam Coal,158884.0,1794726.0,77.28,486.0,486.0,43.0,43.0,743.0,8.0,Fresh,Surface,Yampa River,PD
CO,Craig (CO),2024,4,Conventional Steam Coal,86686.0,981016.0,47.47,548.0,548.0,48.0,48.0,504.0,8.0,Fresh,Surface,Yampa River,PD
CO,Craig (CO),2024,5,Conventional Steam Coal,106346.0,1329873.0,60.3,567.0,567.0,45.0,45.0,656.0,8.0,Fresh,Surface,Yampa River,PD
CO,Craig (CO),2024,6,Conventional Steam Coal,129116.0,1452005.0,77.27,598.0,598.0,53.0,53.0,720.0,8.0,Fresh,Surface,Yampa River,PD
CO,Craig (CO),2024,7,Conventional Steam Coal,144740.0,1627276.0,87.36,604.0,604.0,54.0,54.0,744.0,8.0,Fresh,Surface,Yampa River,PD
CO,Craig (CO),2024,8,Conventional Steam Coal,137814.0,1544717.0,83.47,606.0,606.0,54.0,54.0,744.0,8.0,Fresh,Surface,Yampa River,PD
CO,Craig (CO),2024,9,Conventional Steam Coal,125411.0,1433903.0,79.88,637.0,637.0,56.0,56.0,720.0,8.0,Fresh,Surface,Yampa River,PD
CO,Craig (CO),2024,10,Conventional Steam Coal,121027.0,1394840.0,81.0,669.0,669.0,58.0,58.0,733.0,8.0,Fresh,Surface,Yampa River,PD
CO,Craig (CO),2024,11,Conventional Steam Coal,94022.0,1109400.0,55.13,586.0,586.0,50.0,50.0,594.0,8.0,Fresh,Surface,Yampa River,PD
CO,Craig (CO),2024,12,Conventional Steam Coal,140673.0,1670433.0,73.76,524.0,524.0,44.0,44.0,744.0,8.0,Fresh,Surface,Yampa River,PD
CO,Craig (CO),2024,1,Conventional Steam Coal,226238.0,2446201.0,93.7,414.0,414.0,38.0,38.0,744.0,8.0,Fresh,Surface,Yampa River,PD
CO,Craig (CO),2024,2,Conventional Steam Coal,165640.0,1844292.0,74.71,451.0,451.0,41.0,41.0,692.0,8.0,Fresh,Surface,Yampa River,PD
CO,Craig (CO),2024,3,Conventional Steam Coal,46286.0,447476.0,22.51,486.0,486.0,50.0,50.0,190.0,8.0,Fresh,Surface,Yampa River,PD
CO,Craig (CO),2024,5,Conventional Steam Coal,63948.0,818673.0,36.26,567.0,567.0,44.0,44.0,385.0,8.0,Fresh,Surface,Yampa River,PD
CO,Craig (CO),2024,6,Conventional Steam Coal,124631.0,1447018.0,74.58,598.0,598.0,52.0,52.0,567.0,8.0,Fresh,Surface,Yampa River,PD
CO,Craig (CO),2024,7,Conventional Steam Coal,173748.0,1966798.0,104.87,604.0,604.0,53.0,53.0,744.0,8.0,Fresh,Surface,Yampa River,PD
CO,Craig (CO),2024,8,Conventional Steam Coal,164119.0,1821366.0,99.4,606.0,606.0,55.0,55.0,741.0,8.0,Fresh,Surface,Yampa River,PD
CO,Craig (CO),2024,9,Conventional Steam Coal,122567.0,1466715.0,78.07,637.0,637.0,53.0,53.0,720.0,8.0,Fresh,Surface,Yampa River,PD
CO,Craig (CO),2024,10,Conventional Steam Coal,41784.0,459546.0,27.96,669.0,669.0,61.0,61.0,240.0,8.0,Fresh,Surface,Yampa River,PD
CO,Craig (CO),2024,11,Conventional Steam Coal,90471.0,1184524.0,53.05,586.0,586.0,45.0,45.0,577.0,8.0,Fresh,Surface,Yampa River,PD
CO,Craig (CO),2024,12,Conventional Steam Coal,81045.0,898395.0,42.5,524.0,524.0,47.0,47.0,426.0,8.0,Fresh,Surface,Yampa River,PD
ND,Coal Creek,2024,1,Conventional Steam Coal,775172.0,8420898.0,358.575,463.0,463.0,43.0,43.0,744.0,1.0,Fresh,Surface,Missouri River,
ND,Coal Creek,2024,2,Conventional Steam Coal,650881.0,7177964.0,288.881,444.0,444.0,40.0,40.0,696.0,1.0,Fresh,Surface,Missouri River,
ND,Coal Creek,2024,3,Conventional Steam Coal,662122.0,7384451.0,308.644,466.0,466.0,42.0,42.0,744.0,1.0,Fresh,Surface,Missouri River,
ND,Coal Creek,2024,4,Conventional Steam Coal,527220.0,5862821.0,286.913,544.0,544.0,49.0,49.0,720.0,1.0,Fresh,Surface,Missouri River,
ND,Coal Creek,2024,5,Conventional Steam Coal,681374.0,7417425.0,387.44,569.0,569.0,52.0,52.0,744.0,1.0,Fresh,Surface,Missouri River,
ND,Coal Creek,2024,6,Conventional Steam Coal,636442.0,6898674.0,331.297,521.0,521.0,48.0,48.0,720.0,1.0,Fresh,Surface,Missouri River,
ND,Coal Creek,2024,7,Conventional Steam Coal,732878.0,7902046.0,417.162,569.0,569.0,53.0,53.0,744.0,1.0,Fresh,Surface,Missouri River,
ND,Coal Creek,2024,8,Conventional Steam Coal,670237.0,7224389.0,365.698,546.0,546.0,51.0,51.0,744.0,1.0,Fresh,Surface,Missouri River,
ND,Coal Creek,2024,9,Conventional Steam Coal,710653.0,7666299.0,384.793,541.0,541.0,50.0,50.0,720.0,1.0,Fresh,Surface,Missouri River,
ND,Coal Creek,2024,10,Conventional Steam Coal,713627.0,7746836.0,385.807,541.0,541.0,50.0,50.0,744.0,1.0,Fresh,Surface,Missouri River,
ND,Coal Creek,2024,11,Conventional Steam Coal,696589.0,7579171.0,330.966,475.0,475.0,44.0,44.0,720.0,1.0,Fresh,Surface,Missouri River,
ND,Coal Creek,2024,12,Conventional Steam Coal,801419.0,8731513.0,371.363,463.0,463.0,43.0,43.0,744.0,1.0,Fresh,Surface,Missouri River,
KY,H L Spurlock,2024,1,Conventional Steam Coal,200459.0,2156338.0,21.947,206.0,109.0,19.0,10.0,733.0,5.0,Fresh,Surface,Wells and River Water,Ohio River
KY,H L Spurlock,2024,2,Conventional Steam Coal,138632.0,1525855.0,12.765,218.0,92.0,20.0,8.0,595.0,5.0,Fresh,Surface,Wells and River Water,Ohio River
KY,H L Spurlock,2024,3,Conventional Steam Coal,158383.0,1872651.0,8.821,196.0,56.0,17.0,5.0,720.0,5.0,Fresh,Surface,Wells and River Water,Ohio River
KY,H L Spurlock,2024,4,Conventional Steam Coal,59998.0,714681.0,8.188,282.0,136.0,24.0,11.0,263.0,5.0,Fresh,Surface,Wells and River Water,Ohio River
KY,H L Spurlock,2024,5,Conventional Steam Coal,183197.0,1925164.0,30.755,262.0,168.0,25.0,16.0,744.0,5.0,Fresh,Surface,Wells and River Water,Ohio River
KY,H L Spurlock,2024,6,Conventional Steam Coal,170535.0,1766719.0,29.505,279.0,173.0,27.0,17.0,663.0,5.0,Fresh,Surface,Wells and River Water,Ohio River
KY,H L Spurlock,2024,7,Conventional Steam Coal,191014.0,1950895.0,39.851,298.0,209.0,29.0,20.0,744.0,5.0,Fresh,Surface,Wells and River Water,Ohio River
KY,H L Spurlock,2024,8,Conventional Steam Coal,187307.0,1975530.0,29.812,244.0,159.0,23.0,15.0,744.0,5.0,Fresh,Surface,Wells and River Water,Ohio River
KY,H L Spurlock,2024,9,Conventional Steam Coal,179194.0,1930605.0,28.123,237.0,157.0,22.0,15.0,720.0,5.0,Fresh,Surface,Wells and River Water,Ohio River
KY,H L Spurlock,2024,10,Conventional Steam Coal,3676.0,68307.0,1.698,783.0,462.0,42.0,25.0,26.0,5.0,Fresh,Surface,Wells and River Water,Ohio River
KY,H L Spurlock,2024,11,Conventional Steam Coal,125829.0,1349028.0,13.062,162.0,104.0,15.0,10.0,503.0,5.0,Fresh,Surface,Wells and River Water,Ohio River
KY,H L Spurlock,2024,12,Conventional Steam Coal,208115.0,2198047.0,26.729,190.0,128.0,18.0,12.0,744.0,5.0,Fresh,Surface,Wells and River Water,Ohio River
KY,H L Spurlock,2024,1,Conventional Steam Coal,261372.0,2899108.0,22.469,156.0,86.0,14.0,8.0,662.0,5.0,Fresh,Surface,Wells and River Water,Ohio River
KY,H L Spurlock,2024,2,Conventional Steam Coal,227487.0,2586696.0,13.579,131.0,60.0,12.0,5.0,553.0,5.0,Fresh,Surface,Wells and River Water,Ohio River
KY,H L Spurlock,2024,4,Conventional Steam Coal,236203.0,2696611.0,13.829,112.0,59.0,10.0,5.0,717.0,5.0,Fresh,Surface,Wells and River Water,Ohio River
KY,H L Spurlock,2024,5,Conventional Steam Coal,238339.0,2584560.0,28.075,229.0,118.0,21.0,11.0,626.0,5.0,Fresh,Surface,Wells and River Water,Ohio River
KY,H L Spurlock,2024,6,Conventional Steam Coal,225784.0,2453326.0,32.252,225.0,143.0,21.0,13.0,551.0,5.0,Fresh,Surface,Wells and River Water,Ohio River
KY,H L Spurlock,2024,7,Conventional Steam Coal,309519.0,3335523.0,28.926,193.0,93.0,18.0,9.0,744.0,5.0,Fresh,Surface,Wells and River Water,Ohio River
KY,H L Spurlock,2024,8,Conventional Steam Coal,312514.0,3416256.0,26.231,194.0,84.0,18.0,8.0,744.0,5.0,Fresh,Surface,Wells and River Water,Ohio River
KY,H L Spurlock,2024,9,Conventional Steam Coal,218717.0,2438321.0,16.033,186.0,73.0,17.0,7.0,597.0,5.0,Fresh,Surface,Wells and River Water,Ohio River
KY,H L Spurlock,2024,10,Conventional Steam Coal,234976.0,2578707.0,8.335,166.0,35.0,15.0,3.0,563.0,5.0,Fresh,Surface,Wells and River Water,Ohio River
KY,H L Spurlock,2024,11,Conventional Steam Coal,141147.0,1558168.0,8.234,174.0,58.0,16.0,5.0,362.0,5.0,Fresh,Surface,Wells and River Water,Ohio River
KY,H L Spurlock,2024,12,Conventional Steam Coal,217754.0,2293489.0,24.637,166.0,113.0,16.0,11.0,530.0,5.0,Fresh,Surface,Wells and River Water,Ohio River
KY,H L Spurlock,2024,1,Conventional Steam Coal,195598.0,1902193.0,24.757,183.0,127.0,19.0,13.0,744.0,5.0,Fresh,Surface,Ohio River and Wells,Ohio River
KY,H L Spurlock,2024,2,Conventional Steam Coal,124174.0,1244823.0,13.905,182.0,112.0,18.0,11.0,531.0,5.0,Fresh,Surface,Ohio River and Wells,Ohio River
KY,H L Spurlock,2024,6,Conventional Steam Coal,155848.0,1598563.0,34.207,317.0,219.0,31.0,21.0,660.0,5.0,Fresh,Surface,Ohio River and Wells,Ohio River
KY,H L Spurlock,2024,7,Conventional Steam Coal,163821.0,1667197.0,36.444,327.0,222.0,32.0,22.0,707.0,5.0,Fresh,Surface,Ohio River and Wells,Ohio River
KY,H L Spurlock,2024,8,Conventional Steam Coal,179149.0,1818849.0,27.873,264.0,156.0,26.0,15.0,744.0,5.0,Fresh,Surface,Ohio River and Wells,Ohio River
KY,H L Spurlock,2024,9,Conventional Steam Coal,175578.0,1780279.0,26.975,260.0,154.0,26.0,15.0,720.0,5.0,Fresh,Surface,Ohio River and Wells,Ohio River
KY,H L Spurlock,2024,10,Conventional Steam Coal,192133.0,1945103.0,7.941,126.0,41.0,12.0,4.0,744.0,5.0,Fresh,Surface,Ohio River and Wells,Ohio River
KY,H L Spurlock,2024,11,Conventional Steam Coal,181633.0,1816772.0,12.871,156.0,71.0,16.0,7.0,720.0,5.0,Fresh,Surface,Ohio River and Wells,Ohio River
KY,H L Spurlock,2024,12,Conventional Steam Coal,195206.0,1941227.0,22.581,187.0,116.0,19.0,12.0,744.0,5.0,Fresh,Surface,Ohio River and Wells,Ohio River
KY,H L Spurlock,2024,1,Conventional Steam Coal,192835.0,1908015.0,22.608,193.0,117.0,20.0,12.0,744.0,5.0,Fresh,Surface,Ohio River,Ohio River
KY,H L Spurlock,2024,2,Conventional Steam Coal,168499.0,1698358.0,12.485,147.0,74.0,15.0,7.0,696.0,5.0,Fresh,Surface,Ohio River,Ohio River
KY,H L Spurlock,2024,3,Conventional Steam Coal,120753.0,1233721.0,9.284,152.0,77.0,15.0,8.0,530.0,5.0,Fresh,Surface,Ohio River,Ohio River
KY,H L Spurlock,2024,4,Conventional Steam Coal,150936.0,1540217.0,18.253,168.0,121.0,16.0,12.0,720.0,5.0,Fresh,Surface,Ohio River,Ohio River
KY,H L Spurlock,2024,5,Conventional Steam Coal,176555.0,1796362.0,38.06,286.0,216.0,28.0,21.0,734.0,5.0,Fresh,Surface,Ohio River,Ohio River
KY,H L Spurlock,2024,6,Conventional Steam Coal,173943.0,1728588.0,32.694,274.0,188.0,28.0,19.0,711.0,5.0,Fresh,Surface,Ohio River,Ohio River
KY,H L Spurlock,2024,7,Conventional Steam Coal,181489.0,1799621.0,36.579,305.0,202.0,31.0,20.0,744.0,5.0,Fresh,Surface,Ohio River,Ohio River
KY,H L Spurlock,2024,8,Conventional Steam Coal,181820.0,1808791.0,27.713,263.0,152.0,26.0,15.0,744.0,5.0,Fresh,Surface,Ohio River,Ohio River
KY,H L Spurlock,2024,9,Conventional Steam Coal,67384.0,708010.0,20.453,421.0,304.0,40.0,29.0,329.0,5.0,Fresh,Surface,Ohio River,Ohio River
KY,H L Spurlock,2024,11,Conventional Steam Coal,47890.0,536885.0,7.976,196.0,167.0,18.0,15.0,174.0,5.0,Fresh,Surface,Ohio River,Ohio River
KY,H L Spurlock,2024,12,Conventional Steam Coal,193415.0,1924747.0,23.366,196.0,121.0,20.0,12.0,744.0,5.0,Fresh,Surface,Ohio River,Ohio River
LA,Big Cajun 2,2024,1,Conventional Steam Coal,78902.0,955908.0,48.975,736.0,621.0,61.0,51.0,255.0,10.0,Fresh,Surface,Mississippi River,Mississippi River
LA,Big Cajun 2,2024,5,Conventional Steam Coal,7185.0,107636.0,6.089,922.0,847.0,62.0,57.0,55.0,10.0,Fresh,Surface,Mississippi River,Mississippi River
LA,Big Cajun 2,2024,7,Conventional Steam Coal,8870.0,149068.0,3.696,788.0,417.0,47.0,25.0,76.0,10.0,Fresh,Surface,Mississippi River,Mississippi River
LA,Big Cajun 2,2024,8,Conventional Steam Coal,35771.0,469799.0,22.869,884.0,639.0,67.0,49.0,178.0,10.0,Fresh,Surface,Mississippi River,Mississippi River
LA,Big Cajun 2,2024,9,Conventional Steam Coal,4960.0,75556.0,2.83,691.0,571.0,45.0,37.0,38.0,10.0,Fresh,Surface,Mississippi River,Mississippi River
LA,Big Cajun 2,2024,1,Natural Gas Steam Turbine,50962.0,645972.0,40.105,901.0,787.0,71.0,62.0,216.0,10.0,Fresh,Surface,Mississippi River,Mississippi River
LA,Big Cajun 2,2024,4,Natural Gas Steam Turbine,25069.0,342871.0,22.023,1582.0,878.0,116.0,64.0,150.0,10.0,Fresh,Surface,Mississippi River,Mississippi River
LA,Big Cajun 2,2024,5,Natural Gas Steam Turbine,143415.0,1745417.0,111.046,845.0,774.0,69.0,64.0,524.0,10.0,Fresh,Surface,Mississippi River,Mississippi River
LA,Big Cajun 2,2024,6,Natural Gas Steam Turbine,143756.0,2312378.0,156.228,1313.0,1087.0,82.0,68.0,700.0,10.0,Fresh,Surface,Mississippi River,Mississippi River
LA,Big Cajun 2,2024,7,Natural Gas Steam Turbine,57927.0,817987.0,58.742,1359.0,1014.0,96.0,72.0,364.0,10.0,Fresh,Surface,Mississippi River,Mississippi River
LA,Big Cajun 2,2024,8,Natural Gas Steam Turbine,212524.0,2602402.0,174.042,1054.0,819.0,86.0,67.0,743.0,10.0,Fresh,Surface,Mississippi River,Mississippi River
LA,Big Cajun 2,2024,9,Natural Gas Steam Turbine,75569.0,1008330.0,69.6,1034.0,921.0,77.0,69.0,368.0,10.0,Fresh,Surface,Mississippi River,Mississippi River
LA,Big Cajun 2,2024,11,Natural Gas Steam Turbine,60818.0,809813.0,55.538,1039.0,913.0,78.0,69.0,343.0,10.0,Fresh,Surface,Mississippi River,Mississippi River
MO,Iatan,2024,1,Conventional Steam Coal,323922.0,3205027.0,147.13,505.0,454.0,51.0,46.0,744.0,15.0,Fresh,Surface,Missouri River,No discharge
MO,Iatan,2024,4,Conventional Steam Coal,139050.0,1596826.0,142.384,1138.0,1024.0,99.0,89.0,720.0,15.0,Fresh,Surface,Missouri River,No discharge
MO,Iatan,2024,6,Conventional Steam Coal,322797.0,3103311.0,142.384,490.0,441.0,51.0,46.0,720.0,15.0,Fresh,Surface,Missouri River,No discharge
MO,Iatan,2024,7,Conventional Steam Coal,462529.0,4317508.0,147.13,353.0,318.0,38.0,34.0,744.0,15.0,Fresh,Surface,Missouri River,No discharge
MO,Iatan,2024,8,Conventional Steam Coal,454265.0,4180919.0,147.13,360.0,324.0,39.0,35.0,744.0,15.0,Fresh,Surface,Missouri River,No discharge
MO,Iatan,2024,9,Conventional Steam Coal,264960.0,2524259.0,142.384,597.0,537.0,63.0,56.0,720.0,15.0,Fresh,Surface,Missouri River,No discharge
MO,Iatan,2024,10,Conventional Steam Coal,275434.0,2587292.0,147.13,594.0,534.0,63.0,57.0,744.0,15.0,Fresh,Surface,Missouri River,No discharge
MO,Iatan,2024,11,Conventional Steam Coal,60388.0,669916.0,142.384,2620.0,2358.0,236.0,213.0,720.0,15.0,Fresh,Surface,Missouri River,No discharge
MO,Iatan,2024,12,Conventional Steam Coal,209241.0,2033673.0,147.13,781.0,703.0,80.0,72.0,744.0,15.0,Fresh,Surface,Missouri River,No discharge
KS,Jeffrey Energy Center,2024,1,Conventional Steam Coal,606524.0,7086020.0,970.8,1641.0,1601.0,140.0,137.0,744.0,,Fresh,Surface,Kansas River,Kansas River
KS,Jeffrey Energy Center,2024,2,Conventional Steam Coal,132995.0,1807309.0,541.3,4656.0,4070.0,343.0,300.0,696.0,,Fresh,Surface,Kansas River,Kansas River
KS,Jeffrey Energy Center,2024,3,Conventional Steam Coal,203756.0,2618627.0,613.1,3341.0,3009.0,260.0,234.0,744.0,,Fresh,Surface,Kansas River,Kansas River
KS,Jeffrey Energy Center,2024,4,Conventional Steam Coal,116947.0,1535926.0,525.7,5176.0,4495.0,394.0,342.0,720.0,,Fresh,Surface,Kansas River,Kansas River
KS,Jeffrey Energy Center,2024,5,Conventional Steam Coal,296728.0,3425236.0,627.3,2226.0,2114.0,193.0,183.0,744.0,,Fresh,Surface,Kansas River,Kansas River
KS,Jeffrey Energy Center,2024,6,Conventional Steam Coal,338791.0,4305625.0,711.4,2286.0,2100.0,180.0,165.0,720.0,,Fresh,Surface,Kansas River,Kansas River
KS,Jeffrey Energy Center,2024,7,Conventional Steam Coal,797225.0,8997866.0,1007.4,1393.0,1264.0,123.0,112.0,744.0,,Fresh,Surface,Kansas River,Kansas River
KS,Jeffrey Energy Center,2024,8,Conventional Steam Coal,801175.0,8900468.0,1050.2,1420.0,1311.0,128.0,118.0,744.0,,Fresh,Surface,Kansas River,Kansas River
KS,Jeffrey Energy Center,2024,9,Conventional Steam Coal,831701.0,9156865.0,821.0,1089.0,987.0,99.0,90.0,720.0,,Fresh,Surface,Kansas River,Kansas River
KS,Jeffrey Energy Center,2024,10,Conventional Steam Coal,236620.0,2637669.0,626.6,2877.0,2648.0,258.0,238.0,738.0,,Fresh,Surface,Kansas River,Kansas River
KS,Jeffrey Energy Center,2024,11,Conventional Steam Coal,344949.0,4205943.0,729.0,2154.0,2113.0,177.0,173.0,720.0,,Fresh,Surface,Kansas River,Kansas River
KS,Jeffrey Energy Center,2024,12,Conventional Steam Coal,691853.0,7818501.0,1009.5,1480.0,1459.0,131.0,129.0,744.0,,Fresh,Surface,Kansas River,Kansas River
KY,Trimble County,2024,1,Conventional Steam Coal,322548.0,3430330.0,170.545,819.0,529.0,77.0,50.0,744.0,23.0,Fresh,Surface,Ohio River,Ohio River
KY,Trimble County,2024,2,Conventional Steam Coal,239125.0,2516322.0,92.866,710.0,388.0,67.0,37.0,584.0,23.0,Fresh,Surface,Ohio River,Ohio River
KY,Trimble County,2024,3,Conventional Steam Coal,302954.0,3168486.0,94.876,652.0,313.0,62.0,30.0,720.0,23.0,Fresh,Surface,Ohio River,Ohio River
KY,Trimble County,2024,4,Conventional Steam Coal,295214.0,3118092.0,74.423,558.0,252.0,53.0,24.0,676.0,23.0,Fresh,Surface,Ohio River,Ohio River
KY,Trimble County,2024,5,Conventional Steam Coal,305008.0,3266605.0,74.432,582.0,244.0,54.0,23.0,707.0,23.0,Fresh,Surface,Ohio River,Ohio River
KY,Trimble County,2024,6,Conventional Steam Coal,224121.0,2473049.0,116.052,951.0,518.0,86.0,47.0,665.0,23.0,Fresh,Surface,Ohio River,Ohio River
KY,Trimble County,2024,7,Conventional Steam Coal,287101.0,3056911.0,186.262,1016.0,649.0,95.0,61.0,680.0,23.0,Fresh,Surface,Ohio River,Ohio River
KY,Trimble County,2024,8,Conventional Steam Coal,304928.0,3212629.0,163.203,866.0,535.0,82.0,51.0,706.0,23.0,Fresh,Surface,Ohio River,Ohio River
KY,Trimble County,2024,9,Conventional Steam Coal,250912.0,2733344.0,127.773,906.0,509.0,83.0,47.0,596.0,23.0,Fresh,Surface,Ohio River,Ohio River
KY,Trimble County,2024,10,Conventional Steam Coal,318665.0,3408478.0,146.569,794.0,460.0,74.0,43.0,744.0,23.0,Fresh,Surface,Ohio River,Ohio River
KY,Trimble County,2024,11,Conventional Steam Coal,313198.0,3349456.0,144.217,771.0,460.0,72.0,43.0,720.0,23.0,Fresh,Surface,Ohio River,Ohio River
KY,Trimble County,2024,12,Conventional Steam Coal,327770.0,3494424.0,134.979,695.0,412.0,65.0,39.0,744.0,23.0,Fresh,Surface,Ohio River,Ohio River
KY,Trimble County,2024,1,Conventional Steam Coal,507868.0,4720010.0,15.064,149.0,30.0,16.0,3.0,744.0,23.0,Fresh,Surface,Ohio River,Ohio River
KY,Trimble County,2024,6,Conventional Steam Coal,431340.0,4033087.0,16.908,175.0,39.0,19.0,4.0,720.0,23.0,Fresh,Surface,Ohio River,Ohio River
KY,Trimble County,2024,7,Conventional Steam Coal,449377.0,4211016.0,19.151,179.0,43.0,19.0,5.0,744.0,23.0,Fresh,Surface,Ohio River,Ohio River
KY,Trimble County,2024,8,Conventional Steam Coal,389695.0,3725122.0,12.799,187.0,33.0,20.0,3.0,666.0,23.0,Fresh,Surface,Ohio River,Ohio River
KY,Trimble County,2024,9,Conventional Steam Coal,169127.0,1580756.0,1.959,185.0,12.0,20.0,1.0,290.0,23.0,Fresh,Surface,Ohio River,Ohio River
KY,Trimble County,2024,12,Conventional Steam Coal,298131.0,2847577.0,10.495,240.0,35.0,25.0,4.0,512.0,23.0,Fresh,Surface,Ohio River,Ohio River
MT,Colstrip,2024,1,Conventional Steam Coal,535300.0,5766407.0,217.013,405.0,405.0,38.0,38.0,744.0,15.0,Fresh,Surface,Yellowstone River,No discharge
MT,Colstrip,2024,2,Conventional Steam Coal,398593.0,4253121.0,174.317,437.0,437.0,41.0,41.0,575.0,15.0,Fresh,Surface,Yellowstone River,No discharge
MT,Colstrip,2024,3,Conventional Steam Coal,364612.0,3928526.0,182.818,501.0,501.0,47.0,47.0,568.0,15.0,Fresh,Surface,Yellowstone River,No discharge
MT,Colstrip,2024,4,Conventional Steam Coal,359723.0,4002858.0,189.331,526.0,526.0,47.0,47.0,552.0,15.0,Fresh,Surface,Yellowstone River,No discharge
MT,Colstrip,2024,5,Conventional Steam Coal,194568.0,2350691.0,104.652,538.0,538.0,45.0,45.0,474.0,15.0,Fresh,Surface,Yellowstone River,No discharge
MT,Colstrip,2024,6,Conventional Steam Coal,259967.0,3017554.0,262.741,1011.0,1011.0,87.0,87.0,585.0,15.0,Fresh,Surface,Yellowstone River,No discharge
MT,Colstrip,2024,7,Conventional Steam Coal,315475.0,3465526.0,206.387,654.0,654.0,60.0,60.0,517.0,15.0,Fresh,Surface,Yellowstone River,No discharge
MT,Colstrip,2024,8,Conventional Steam Coal,446155.0,4845578.0,278.089,623.0,623.0,57.0,57.0,709.0,15.0,Fresh,Surface,Yellowstone River,No discharge
MT,Colstrip,2024,9,Conventional Steam Coal,489480.0,5174157.0,290.754,594.0,594.0,56.0,56.0,719.0,15.0,Fresh,Surface,Yellowstone River,No discharge
MT,Colstrip,2024,10,Conventional Steam Coal,416018.0,4604428.0,266.941,642.0,642.0,58.0,58.0,615.0,15.0,Fresh,Surface,Yellowstone River,No discharge
MT,Colstrip,2024,11,Conventional Steam Coal,331045.0,3666897.0,147.75,446.0,446.0,40.0,40.0,518.0,15.0,Fresh,Surface,Yellowstone River,No discharge
MT,Colstrip,2024,12,Conventional Steam Coal,517140.0,5496102.0,181.922,352.0,352.0,33.0,33.0,744.0,15.0,Fresh,Surface,Yellowstone River,No discharge
MT,Colstrip,2024,1,Conventional Steam Coal,436528.0,4878810.0,176.971,405.0,405.0,36.0,36.0,618.0,15.0,Fresh,Surface,Yellowstone River,No discharge
MT,Colstrip,2024,2,Conventional Steam Coal,485870.0,5330258.0,212.485,437.0,437.0,40.0,40.0,696.0,15.0,Fresh,Surface,Yellowstone River,No discharge
MT,Colstrip,2024,3,Conventional Steam Coal,372041.0,4054450.0,186.542,501.0,501.0,46.0,46.0,574.0,15.0,Fresh,Surface,Yellowstone River,No discharge
MT,Colstrip,2024,4,Conventional Steam Coal,295266.0,3231110.0,155.405,526.0,526.0,48.0,48.0,457.0,15.0,Fresh,Surface,Yellowstone River,No discharge
MT,Colstrip,2024,6,Conventional Steam Coal,16924.0,230809.0,17.105,1011.0,1011.0,74.0,74.0,52.0,15.0,Fresh,Surface,Yellowstone River,No discharge
MT,Colstrip,2024,7,Conventional Steam Coal,402464.0,4622107.0,263.295,654.0,654.0,57.0,57.0,639.0,15.0,Fresh,Surface,Yellowstone River,No discharge
MT,Colstrip,2024,8,Conventional Steam Coal,472571.0,4931504.0,294.554,623.0,623.0,60.0,60.0,744.0,15.0,Fresh,Surface,Yellowstone River,No discharge
MT,Colstrip,2024,9,Conventional Steam Coal,447209.0,4924598.0,265.645,594.0,594.0,54.0,54.0,656.0,15.0,Fresh,Surface,Yellowstone River,No discharge
MT,Colstrip,2024,10,Conventional Steam Coal,470297.0,4984658.0,301.77,642.0,642.0,61.0,61.0,687.0,15.0,Fresh,Surface,Yellowstone River,No discharge
MT,Colstrip,2024,11,Conventional Steam Coal,483256.0,4997961.0,215.683,446.0,446.0,43.0,43.0,720.0,15.0,Fresh,Surface,Yellowstone River,No discharge
MT,Colstrip,2024,12,Conventional Steam Coal,517955.0,5539690.0,182.208,352.0,352.0,33.0,33.0,744.0,15.0,Fresh,Surface,Yellowstone River,No discharge
NE,Gerald Gentleman,2024,1,Conventional Steam Coal,323881.0,3243674.0,76.136,31011.0,235.0,3096.0,23.0,744.0,11.0,Fresh,Surface,Sutherland Supply Canal,Sutherland Reservoir
NE,Gerald Gentleman,2024,2,Conventional Steam Coal,239256.0,2450632.0,71.224,39640.0,298.0,3870.0,29.0,696.0,11.0,Fresh,Surface,Sutherland Supply Canal,Sutherland Reservoir
NE,Gerald Gentleman,2024,3,Conventional Steam Coal,143167.0,1475124.0,48.608,37289.0,340.0,3619.0,33.0,475.0,11.0,Fresh,Surface,Sutherland Supply Canal,Sutherland Reservoir
NE,Gerald Gentleman,2024,6,Conventional Steam Coal,161253.0,1616517.0,73.68,79297.0,457.0,7910.0,46.0,720.0,11.0,Fresh,Surface,Sutherland Supply Canal,Sutherland Reservoir
NE,Gerald Gentleman,2024,7,Conventional Steam Coal,359500.0,3560187.0,76.136,32740.0,212.0,3306.0,21.0,744.0,11.0,Fresh,Surface,Sutherland Supply Canal,Sutherland Reservoir
NE,Gerald Gentleman,2024,8,Conventional Steam Coal,369307.0,3650671.0,76.136,30353.0,206.0,3071.0,21.0,744.0,11.0,Fresh,Surface,Sutherland Supply Canal,Sutherland Reservoir
NE,Gerald Gentleman,2024,9,Conventional Steam Coal,355102.0,3569850.0,73.68,29906.0,207.0,2975.0,21.0,720.0,11.0,Fresh,Surface,Sutherland Supply Canal,Sutherland Reservoir
NE,Gerald Gentleman,2024,10,Conventional Steam Coal,248022.0,2565801.0,76.136,52330.0,307.0,5058.0,30.0,744.0,11.0,Fresh,Surface,Sutherland Supply Canal,Sutherland Reservoir
NE,Gerald Gentleman,2024,11,Conventional Steam Coal,202764.0,2111170.0,69.484,49629.0,343.0,4767.0,33.0,679.0,11.0,Fresh,Surface,Sutherland Supply Canal,Sutherland Reservoir
NE,Gerald Gentleman,2024,12,Conventional Steam Coal,303389.0,3081424.0,76.136,31195.0,251.0,3071.0,25.0,744.0,11.0,Fresh,Surface,Sutherland Supply Canal,Sutherland Reservoir
NE,Gerald Gentleman,2024,1,Conventional Steam Coal,380266.0,3800066.0,76.136,26413.0,200.0,2643.0,20.0,744.0,11.0,Fresh,Surface,Sutherland Supply Canal,Sutherland Reservoir
NE,Gerald Gentleman,2024,2,Conventional Steam Coal,273947.0,2792400.0,71.224,34620.0,260.0,3396.0,26.0,696.0,11.0,Fresh,Surface,Sutherland Supply Canal,Sutherland Reservoir
NE,Gerald Gentleman,2024,3,Conventional Steam Coal,262697.0,2717270.0,76.136,31831.0,290.0,3077.0,28.0,744.0,11.0,Fresh,Surface,Sutherland Supply Canal,Sutherland Reservoir
NE,Gerald Gentleman,2024,4,Conventional Steam Coal,256298.0,2707563.0,73.68,28710.0,287.0,2718.0,27.0,720.0,11.0,Fresh,Surface,Sutherland Supply Canal,Sutherland Reservoir
NE,Gerald Gentleman,2024,5,Conventional Steam Coal,307612.0,3120794.0,69.382,40760.0,226.0,4018.0,22.0,678.0,11.0,Fresh,Surface,Sutherland Supply Canal,Sutherland Reservoir
NE,Gerald Gentleman,2024,6,Conventional Steam Coal,302571.0,3018183.0,62.218,35687.0,206.0,3578.0,21.0,608.0,11.0,Fresh,Surface,Sutherland Supply Canal,Sutherland Reservoir
NE,Gerald Gentleman,2024,7,Conventional Steam Coal,414456.0,4081135.0,76.136,28398.0,184.0,2884.0,19.0,744.0,11.0,Fresh,Surface,Sutherland Supply Canal,Sutherland Reservoir
NE,Gerald Gentleman,2024,8,Conventional Steam Coal,429990.0,4223644.0,76.136,26069.0,177.0,2654.0,18.0,744.0,11.0,Fresh,Surface,Sutherland Supply Canal,Sutherland Reservoir
NE,Gerald Gentleman,2024,9,Conventional Steam Coal,369770.0,3698918.0,73.68,28720.0,199.0,2871.0,20.0,720.0,11.0,Fresh,Surface,Sutherland Supply Canal,Sutherland Reservoir
NE,Gerald Gentleman,2024,10,Conventional Steam Coal,261072.0,2741723.0,76.136,49714.0,292.0,4734.0,28.0,744.0,11.0,Fresh,Surface,Sutherland Supply Canal,Sutherland Reservoir
NE,Gerald Gentleman,2024,11,Conventional Steam Coal,252152.0,2669349.0,73.68,42318.0,292.0,3997.0,28.0,720.0,11.0,Fresh,Surface,Sutherland Supply Canal,Sutherland Reservoir
NE,Gerald Gentleman,2024,12,Conventional Steam Coal,317991.0,3258024.0,76.136,29763.0,239.0,2905.0,23.0,744.0,11.0,Fresh,Surface,Sutherland Supply Canal,Sutherland Reservoir
IN,R M Schahfer,2024,1,Conventional Steam Coal,205184.0,2470678.0,115.9,1389.0,565.0,115.0,47.0,744.0,15.0,Fresh,Surface,Kankakee River,Kankakee River
IN,R M Schahfer,2024,5,Conventional Steam Coal,35092.0,521868.0,28.2,1892.0,804.0,127.0,54.0,241.0,15.0,Fresh,Surface,Kankakee River,Kankakee River
IN,R M Schahfer,2024,7,Conventional Steam Coal,119515.0,1595229.0,58.0,1779.0,485.0,133.0,36.0,688.0,15.0,Fresh,Surface,Kankakee River,Kankakee River
IN,R M Schahfer,2024,8,Conventional Steam Coal,101089.0,1289019.0,99.3,2320.0,982.0,182.0,77.0,499.0,15.0,Fresh,Surface,Kankakee River,Kankakee River
IN,R M Schahfer,2024,9,Conventional Steam Coal,79198.0,1052331.0,56.0,2431.0,707.0,183.0,53.0,387.0,15.0,Fresh,Surface,Kankakee River,Kankakee River
IN,R M Schahfer,2024,10,Conventional Steam Coal,46271.0,617706.0,24.1,2343.0,521.0,175.0,39.0,288.0,15.0,Fresh,Surface,Kankakee River,Kankakee River
IN,R M Schahfer,2024,11,Conventional Steam Coal,104715.0,1327471.0,30.0,1468.0,286.0,116.0,23.0,496.0,15.0,Fresh,Surface,Kankakee River,Kankakee River
IN,R M Schahfer,2024,12,Conventional Steam Coal,108581.0,1370144.0,39.0,2962.0,359.0,235.0,28.0,538.0,15.0,Fresh,Surface,Kankakee River,Kankakee River
IN,R M Schahfer,2024,1,Conventional Steam Coal,67018.0,880577.0,55.3,2028.0,825.0,154.0,63.0,355.0,15.0,Fresh,Surface,Kankakee River,Kankakee River
IN,R M Schahfer,2024,3,Conventional Steam Coal,43068.0,542893.0,64.4,4537.0,1495.0,360.0,119.0,284.0,15.0,Fresh,Surface,Kankakee River,Kankakee River
IN,R M Schahfer,2024,5,Conventional Steam Coal,113191.0,1411714.0,70.2,1461.0,620.0,117.0,50.0,600.0,15.0,Fresh,Surface,Kankakee River,Kankakee River
IN,R M Schahfer,2024,6,Conventional Steam Coal,146774.0,1749542.0,62.8,1902.0,428.0,160.0,36.0,720.0,15.0,Fresh,Surface,Kankakee River,Kankakee River
IN,R M Schahfer,2024,7,Conventional Steam Coal,167216.0,2014055.0,62.7,1374.0,375.0,114.0,31.0,744.0,15.0,Fresh,Surface,Kankakee River,Kankakee River
IN,R M Schahfer,2024,8,Conventional Steam Coal,49911.0,622781.0,42.9,2028.0,860.0,162.0,69.0,215.0,15.0,Fresh,Surface,Kankakee River,Kankakee River
IN,R M Schahfer,2024,9,Conventional Steam Coal,64668.0,815485.0,48.9,2596.0,756.0,206.0,60.0,338.0,15.0,Fresh,Surface,Kankakee River,Kankakee River
IN,R M Schahfer,2024,10,Conventional Steam Coal,114096.0,1305325.0,55.6,1320.0,487.0,115.0,43.0,665.0,15.0,Fresh,Surface,Kankakee River,Kankakee River
IN,R M Schahfer,2024,11,Conventional Steam Coal,55615.0,736661.0,22.0,2025.0,396.0,153.0,30.0,363.0,15.0,Fresh,Surface,Kankakee River,Kankakee River
MN,Sherburne County,2024,1,Conventional Steam Coal,324884.0,3497968.0,377.021,1442.0,1160.0,134.0,108.0,744.0,6.0,Fresh,Surface,Mississippi River,Mississippi River
MN,Sherburne County,2024,2,Conventional Steam Coal,150295.0,1662377.0,198.613,1878.0,1321.0,170.0,119.0,507.0,6.0,Fresh,Surface,Mississippi River,Mississippi River
MN,Sherburne County,2024,5,Conventional Steam Coal,209454.0,2038233.0,198.972,1299.0,950.0,133.0,98.0,684.0,6.0,Fresh,Surface,Mississippi River,Mississippi River
MN,Sherburne County,2024,6,Conventional Steam Coal,345467.0,3682871.0,415.02,1487.0,1201.0,139.0,113.0,719.0,6.0,Fresh,Surface,Mississippi River,Mississippi River
MN,Sherburne County,2024,7,Conventional Steam Coal,442315.0,4537656.0,447.641,1239.0,1012.0,121.0,99.0,744.0,6.0,Fresh,Surface,Mississippi River,Mississippi River
MN,Sherburne County,2024,8,Conventional Steam Coal,324155.0,3497847.0,349.633,1394.0,1079.0,129.0,100.0,593.0,6.0,Fresh,Surface,Mississippi River,Mississippi River
MN,Sherburne County,2024,9,Conventional Steam Coal,418704.0,4363764.0,289.434,897.0,691.0,86.0,66.0,720.0,6.0,Fresh,Surface,Mississippi River,Mississippi River
MN,Sherburne County,2024,10,Conventional Steam Coal,189658.0,2184438.0,168.812,1159.0,890.0,101.0,77.0,654.0,6.0,Fresh,Surface,Mississippi River,Mississippi River
MN,Sherburne County,2024,12,Conventional Steam Coal,209832.0,2381270.0,295.674,1748.0,1409.0,154.0,124.0,134.0,6.0,Fresh,Surface,Mississippi River,Mississippi River
OK,Sooner,2024,6,Conventional Steam Coal,168639.0,2123377.0,935.031,140398.0,5545.0,11150.0,440.0,720.0,8.0,Fresh,Surface,Sooner Lake,Greasy Creek
OK,Sooner,2024,7,Conventional Steam Coal,251394.0,3098135.0,1290.092,88388.0,5132.0,7172.0,416.0,744.0,8.0,Fresh,Surface,Sooner Lake,Greasy Creek
OK,Sooner,2024,8,Conventional Steam Coal,337816.0,3915237.0,1533.576,72414.0,4540.0,6248.0,392.0,744.0,8.0,Fresh,Surface,Sooner Lake,Greasy Creek
OK,Sooner,2024,9,Conventional Steam Coal,332216.0,3793587.0,352.952,69503.0,1062.0,6087.0,93.0,720.0,8.0,Fresh,Surface,Sooner Lake,Greasy Creek
NE,Nebraska City,2024,1,Conventional Steam Coal,287998.0,2917542.0,122.632,575.0,426.0,57.0,42.0,711.0,8.0,Fresh,Surface,Missouri River,Missouri River
NE,Nebraska City,2024,2,Conventional Steam Coal,248152.0,2539317.0,90.664,561.0,365.0,55.0,36.0,696.0,8.0,Fresh,Surface,Missouri River,Missouri River
NE,Nebraska City,2024,3,Conventional Steam Coal,268611.0,2757124.0,104.821,602.0,390.0,59.0,38.0,744.0,8.0,Fresh,Surface,Missouri River,Missouri River
NE,Nebraska City,2024,4,Conventional Steam Coal,264832.0,2690168.0,113.238,589.0,428.0,58.0,42.0,720.0,8.0,Fresh,Surface,Missouri River,Missouri River
NE,Nebraska City,2024,5,Conventional Steam Coal,302026.0,3059962.0,135.491,632.0,449.0,62.0,44.0,738.0,8.0,Fresh,Surface,Missouri River,Missouri River
NE,Nebraska City,2024,6,Conventional Steam Coal,320407.0,3155780.0,148.941,601.0,465.0,61.0,47.0,720.0,8.0,Fresh,Surface,Missouri River,Missouri River
NE,Nebraska City,2024,7,Conventional Steam Coal,284655.0,2881237.0,135.862,638.0,477.0,63.0,47.0,744.0,8.0,Fresh,Surface,Missouri River,Missouri River
NE,Nebraska City,2024,8,Conventional Steam Coal,354671.0,3477382.0,162.193,596.0,457.0,61.0,47.0,728.0,8.0,Fresh,Surface,Missouri River,Missouri River
NE,Nebraska City,2024,9,Conventional Steam Coal,244687.0,2468962.0,113.557,643.0,464.0,64.0,46.0,564.0,8.0,Fresh,Surface,Missouri River,Missouri River
NE,Nebraska City,2024,10,Conventional Steam Coal,284808.0,2846638.0,126.374,627.0,444.0,63.0,44.0,741.0,8.0,Fresh,Surface,Missouri River,Missouri River
NE,Nebraska City,2024,11,Conventional Steam Coal,283006.0,2875243.0,96.845,565.0,342.0,56.0,34.0,720.0,8.0,Fresh,Surface,Missouri River,Missouri River
NE,Nebraska City,2024,12,Conventional Steam Coal,342335.0,3357380.0,109.868,507.0,321.0,52.0,33.0,744.0,8.0,Fresh,Surface,Missouri River,Missouri River
SD,Big Stone,2024,11,Conventional Steam Coal,126046.0,1421566.0,110.711,41.0,878.0,4.0,78.0,599.0,13.0,Fresh,Surface,Big Stone Lake,
AR,Flint Creek,2024,1,Conventional Steam Coal,214065.0,2389219.0,81.614,56699.0,381.0,5080.0,34.0,744.0,20.0,Fresh,Surface,Flint Creek Reservoir,Flint Creek Reservoir
AR,Flint Creek,2024,2,Conventional Steam Coal,131208.0,1527959.0,51.482,81027.0,392.0,6958.0,34.0,672.0,20.0,Fresh,Surface,Flint Creek Reservoir,Flint Creek Reservoir
AR,Flint Creek,2024,3,Conventional Steam Coal,174160.0,1990944.0,67.439,66905.0,387.0,5853.0,34.0,744.0,20.0,Fresh,Surface,Flint Creek Reservoir,Flint Creek Reservoir
AR,Flint Creek,2024,4,Conventional Steam Coal,75379.0,861237.0,28.957,65694.0,384.0,5750.0,34.0,456.0,20.0,Fresh,Surface,Flint Creek Reservoir,Flint Creek Reservoir
AR,Flint Creek,2024,5,Conventional Steam Coal,68550.0,773402.0,26.258,67548.0,383.0,5987.0,34.0,504.0,20.0,Fresh,Surface,Flint Creek Reservoir,Flint Creek Reservoir
AR,Flint Creek,2024,6,Conventional Steam Coal,226622.0,2479760.0,86.296,49824.0,381.0,4553.0,35.0,720.0,20.0,Fresh,Surface,Flint Creek Reservoir,Flint Creek Reservoir
AR,Flint Creek,2024,7,Conventional Steam Coal,255614.0,2758082.0,97.065,49248.0,380.0,4564.0,35.0,744.0,20.0,Fresh,Surface,Flint Creek Reservoir,Flint Creek Reservoir
AR,Flint Creek,2024,8,Conventional Steam Coal,261495.0,2831372.0,99.26,48140.0,380.0,4446.0,35.0,744.0,20.0,Fresh,Surface,Flint Creek Reservoir,Flint Creek Reservoir
AR,Flint Creek,2024,9,Conventional Steam Coal,185617.0,2004487.0,70.658,60618.0,381.0,5613.0,35.0,720.0,20.0,Fresh,Surface,Flint Creek Reservoir,Flint Creek Reservoir
AR,Flint Creek,2024,10,Conventional Steam Coal,256485.0,2752399.0,97.174,48465.0,379.0,4516.0,35.0,744.0,20.0,Fresh,Surface,Flint Creek Reservoir,Flint Creek Reservoir
AR,Flint Creek,2024,11,Conventional Steam Coal,222210.0,2473815.0,84.985,54824.0,382.0,4925.0,34.0,720.0,20.0,Fresh,Surface,Flint Creek Reservoir,Flint Creek Reservoir
AR,Flint Creek,2024,12,Conventional Steam Coal,286135.0,3076065.0,108.08,43995.0,378.0,4092.0,35.0,744.0,20.0,Fresh,Surface,Flint Creek Reservoir,Flint Creek Reservoir
TX,Welsh,2024,1,Conventional Steam Coal,425911.0,4902194.0,121.629,39409.0,286.0,3424.0,25.0,744.0,25.0,Fresh,Surface,Swauano Creek Reservoir,Swauano Creek Reservoir
TX,Welsh,2024,2,Conventional Steam Coal,273246.0,3344132.0,92.232,61220.0,338.0,5002.0,28.0,696.0,25.0,Fresh,Surface,Swauano Creek Reservoir,Swauano Creek Reservoir
TX,Welsh,2024,3,Conventional Steam Coal,242684.0,2889614.0,84.969,69674.0,350.0,5852.0,29.0,744.0,25.0,Fresh,Surface,Swauano Creek Reservoir,Swauano Creek Reservoir
TX,Welsh,2024,4,Conventional Steam Coal,246572.0,2909750.0,109.881,68484.0,446.0,5803.0,38.0,720.0,25.0,Fresh,Surface,Swauano Creek Reservoir,Swauano Creek Reservoir
TX,Welsh,2024,5,Conventional Steam Coal,361150.0,4304509.0,137.525,66777.0,381.0,5603.0,32.0,744.0,25.0,Fresh,Surface,Swauano Creek Reservoir,Swauano Creek Reservoir
TX,Welsh,2024,6,Conventional Steam Coal,329988.0,5323733.0,181.329,73801.0,550.0,4575.0,34.0,720.0,25.0,Fresh,Surface,Swauano Creek Reservoir,Swauano Creek Reservoir
TX,Welsh,2024,7,Conventional Steam Coal,461339.0,5390623.0,180.708,54574.0,392.0,4671.0,34.0,744.0,25.0,Fresh,Surface,Swauano Creek Reservoir,Swauano Creek Reservoir
TX,Welsh,2024,8,Conventional Steam Coal,450603.0,5264279.0,178.043,55874.0,395.0,4783.0,34.0,744.0,25.0,Fresh,Surface,Swauano Creek Reservoir,Swauano Creek Reservoir
TX,Welsh,2024,9,Conventional Steam Coal,368976.0,4375292.0,138.223,64444.0,375.0,5435.0,32.0,720.0,25.0,Fresh,Surface,Swauano Creek Reservoir,Swauano Creek Reservoir
TX,Welsh,2024,10,Conventional Steam Coal,374415.0,4248633.0,129.138,59441.0,345.0,5238.0,30.0,744.0,25.0,Fresh,Surface,Swauano Creek Reservoir,Swauano Creek Reservoir
TX,Welsh,2024,11,Conventional Steam Coal,383492.0,4382948.0,133.916,52710.0,349.0,4612.0,31.0,720.0,25.0,Fresh,Surface,Swauano Creek Reservoir,Swauano Creek Reservoir
TX,Welsh,2024,12,Conventional Steam Coal,300107.0,3383720.0,90.27,69460.0,301.0,6161.0,27.0,744.0,25.0,Fresh,Surface,Swauano Creek Reservoir,Swauano Creek Reservoir
TX,Martin Lake,2024,1,Conventional Steam Coal,1059581.0,12765123.0,371.296,44215.0,350.0,3670.0,29.0,744.0,,Fresh,Surface,Martin Lake,Martin Lake
TX,Martin Lake,2024,2,Conventional Steam Coal,686224.0,7560412.0,249.551,55950.0,364.0,5078.0,33.0,696.0,,Fresh,Surface,Martin Lake,Martin Lake
TX,Martin Lake,2024,3,Conventional Steam Coal,790119.0,10361180.0,283.757,61504.0,359.0,4690.0,27.0,744.0,,Fresh,Surface,Martin Lake,Martin Lake
TX,Martin Lake,2024,4,Conventional Steam Coal,818811.0,9783075.0,294.773,51475.0,360.0,4308.0,30.0,720.0,,Fresh,Surface,Martin Lake,Martin Lake
TX,Martin Lake,2024,5,Conventional Steam Coal,566973.0,6568946.0,223.148,46501.0,394.0,4014.0,34.0,744.0,,Fresh,Surface,Martin Lake,Martin Lake
TX,Martin Lake,2024,6,Conventional Steam Coal,954234.0,11314313.0,342.484,55736.0,359.0,4701.0,30.0,720.0,,Fresh,Surface,Martin Lake,Martin Lake
TX,Martin Lake,2024,7,Conventional Steam Coal,933783.0,11171333.0,326.953,77956.0,350.0,6516.0,29.0,744.0,,Fresh,Surface,Martin Lake,Martin Lake
TX,Martin Lake,2024,8,Conventional Steam Coal,1085053.0,12942491.0,374.837,68382.0,345.0,5733.0,29.0,744.0,,Fresh,Surface,Martin Lake,Martin Lake
TX,Martin Lake,2024,9,Conventional Steam Coal,949550.0,11200186.0,332.373,61349.0,350.0,5201.0,30.0,720.0,,Fresh,Surface,Martin Lake,Martin Lake
TX,Martin Lake,2024,10,Conventional Steam Coal,803396.0,9042635.0,284.327,69716.0,354.0,6194.0,31.0,744.0,,Fresh,Surface,Martin Lake,Martin Lake
TX,Martin Lake,2024,11,Conventional Steam Coal,786407.0,9346603.0,274.417,50174.0,349.0,4222.0,29.0,720.0,,Fresh,Surface,Martin Lake,Martin Lake
TX,Martin Lake,2024,12,Conventional Steam Coal,306950.0,3686432.0,143.303,56306.0,467.0,4688.0,39.0,744.0,,Fresh,Surface,Martin Lake,Martin Lake
UT,Hunter,2024,1,Conventional Steam Coal,74976.0,1022916.0,62.352,832.0,832.0,61.0,61.0,659.0,14.0,Fresh,Surface,Cottonwood Creek,no discharge
UT,Hunter,2024,2,Conventional Steam Coal,74870.0,1012865.0,58.936,787.0,787.0,58.0,58.0,696.0,14.0,Fresh,Surface,Cottonwood Creek,no discharge
UT,Hunter,2024,3,Conventional Steam Coal,69990.0,955632.0,58.323,833.0,833.0,61.0,61.0,675.0,14.0,Fresh,Surface,Cottonwood Creek,no discharge
UT,Hunter,2024,4,Conventional Steam Coal,113597.0,1355514.0,82.525,726.0,726.0,61.0,61.0,720.0,14.0,Fresh,Surface,Cottonwood Creek,no discharge
UT,Hunter,2024,5,Conventional Steam Coal,117296.0,1442677.0,89.539,763.0,763.0,62.0,62.0,744.0,14.0,Fresh,Surface,Cottonwood Creek,no discharge
UT,Hunter,2024,6,Conventional Steam Coal,142140.0,1654655.0,115.39,812.0,812.0,70.0,70.0,720.0,14.0,Fresh,Surface,Cottonwood Creek,no discharge
UT,Hunter,2024,7,Conventional Steam Coal,163357.0,1830510.0,131.282,804.0,804.0,72.0,72.0,744.0,14.0,Fresh,Surface,Cottonwood Creek,no discharge
UT,Hunter,2024,8,Conventional Steam Coal,152268.0,1728494.0,111.007,729.0,729.0,64.0,64.0,744.0,14.0,Fresh,Surface,Cottonwood Creek,no discharge
UT,Hunter,2024,9,Conventional Steam Coal,143707.0,1643957.0,103.466,720.0,720.0,63.0,63.0,720.0,14.0,Fresh,Surface,Cottonwood Creek,no discharge
UT,Hunter,2024,10,Conventional Steam Coal,164668.0,1841950.0,109.727,666.0,666.0,60.0,60.0,744.0,14.0,Fresh,Surface,Cottonwood Creek,no discharge
UT,Hunter,2024,11,Conventional Steam Coal,166874.0,1840943.0,91.845,550.0,550.0,50.0,50.0,720.0,14.0,Fresh,Surface,Cottonwood Creek,no discharge
UT,Hunter,2024,12,Conventional Steam Coal,157516.0,1809291.0,89.871,571.0,571.0,50.0,50.0,744.0,14.0,Fresh,Surface,Cottonwood Creek,no discharge
UT,Hunter,2024,1,Conventional Steam Coal,91876.0,1173949.0,71.591,779.0,779.0,61.0,61.0,744.0,14.0,Fresh,Surface,Cottonwood Creek,no discharge
UT,Hunter,2024,2,Conventional Steam Coal,72146.0,998013.0,58.12,806.0,806.0,58.0,58.0,696.0,14.0,Fresh,Surface,Cottonwood Creek,no discharge
UT,Hunter,2024,3,Conventional Steam Coal,83372.0,1089217.0,66.478,797.0,797.0,61.0,61.0,744.0,14.0,Fresh,Surface,Cottonwood Creek,no discharge
UT,Hunter,2024,4,Conventional Steam Coal,105255.0,1240318.0,75.513,717.0,717.0,61.0,61.0,666.0,14.0,Fresh,Surface,Cottonwood Creek,no discharge
UT,Hunter,2024,5,Conventional Steam Coal,118640.0,1376835.0,85.443,720.0,720.0,62.0,62.0,744.0,14.0,Fresh,Surface,Cottonwood Creek,no discharge
UT,Hunter,2024,6,Conventional Steam Coal,144504.0,1604790.0,111.913,774.0,774.0,70.0,70.0,720.0,14.0,Fresh,Surface,Cottonwood Creek,no discharge
UT,Hunter,2024,7,Conventional Steam Coal,151854.0,1689443.0,121.191,798.0,798.0,72.0,72.0,744.0,14.0,Fresh,Surface,Cottonwood Creek,no discharge
UT,Hunter,2024,8,Conventional Steam Coal,153284.0,1702775.0,109.317,713.0,713.0,64.0,64.0,744.0,14.0,Fresh,Surface,Cottonwood Creek,no discharge
UT,Hunter,2024,9,Conventional Steam Coal,143834.0,1588757.0,99.994,695.0,695.0,63.0,63.0,720.0,14.0,Fresh,Surface,Cottonwood Creek,no discharge
UT,Hunter,2024,10,Conventional Steam Coal,162452.0,1764811.0,105.162,647.0,647.0,60.0,60.0,744.0,14.0,Fresh,Surface,Cottonwood Creek,no discharge
UT,Hunter,2024,11,Conventional Steam Coal,160851.0,1745860.0,87.116,542.0,542.0,50.0,50.0,720.0,14.0,Fresh,Surface,Cottonwood Creek,no discharge
UT,Hunter,2024,12,Conventional Steam Coal,139580.0,1590426.0,79.01,566.0,566.0,50.0,50.0,719.0,14.0,Fresh,Surface,Cottonwood Creek,no discharge
UT,Hunter,2024,1,Conventional Steam Coal,71535.0,892721.0,54.399,760.0,760.0,61.0,61.0,741.0,14.0,Fresh,Surface,Cottonwood Creek,no discharge
UT,Hunter,2024,2,Conventional Steam Coal,43300.0,603898.0,36.094,834.0,834.0,60.0,60.0,551.0,14.0,Fresh,Surface,Cottonwood Creek,no discharge
UT,Hunter,2024,6,Conventional Steam Coal,72168.0,922555.0,64.334,891.0,891.0,70.0,70.0,545.0,14.0,Fresh,Surface,Cottonwood Creek,no discharge
UT,Hunter,2024,7,Conventional Steam Coal,123562.0,1445689.0,103.682,839.0,839.0,72.0,72.0,714.0,14.0,Fresh,Surface,Cottonwood Creek,no discharge
UT,Hunter,2024,8,Conventional Steam Coal,113688.0,1308434.0,84.021,739.0,739.0,64.0,64.0,673.0,14.0,Fresh,Surface,Cottonwood Creek,no discharge
UT,Hunter,2024,9,Conventional Steam Coal,122650.0,1405902.0,88.502,722.0,722.0,63.0,63.0,701.0,14.0,Fresh,Surface,Cottonwood Creek,no discharge
UT,Hunter,2024,10,Conventional Steam Coal,155580.0,1676664.0,99.883,642.0,642.0,60.0,60.0,744.0,14.0,Fresh,Surface,Cottonwood Creek,no discharge
UT,Hunter,2024,11,Conventional Steam Coal,155291.0,1690211.0,84.327,543.0,543.0,50.0,50.0,688.0,14.0,Fresh,Surface,Cottonwood Creek,no discharge
UT,Hunter,2024,12,Conventional Steam Coal,144766.0,1615979.0,80.395,555.0,555.0,50.0,50.0,744.0,14.0,Fresh,Surface,Cottonwood Creek,no discharge
IN,Rockport,2024,1,Conventional Steam Coal,342972.0,3761958.0,493.023,1711.0,1438.0,156.0,131.0,499.0,18.0,Fresh,Surface,Ohio River,Ohio River
IN,Rockport,2024,2,Conventional Steam Coal,336503.0,3594702.0,716.615,2535.0,2130.0,237.0,199.0,626.0,18.0,Fresh,Surface,Ohio River,Ohio River
IN,Rockport,2024,1,Conventional Steam Coal,552743.0,6653652.0,163.007,351.0,295.0,29.0,24.0,744.0,18.0,Fresh,Surface,Ohio River,Ohio River
IN,Rockport,2024,2,Conventional Steam Coal,307915.0,3170967.0,39.839,154.0,129.0,15.0,13.0,528.0,18.0,Fresh,Surface,Ohio River,Ohio River
AZ,Coronado,2024,1,Conventional Steam Coal,47991.0,525004.0,18.865,393.0,393.0,36.0,36.0,47.0,,Fresh,Ground,Wells,
AZ,Coronado,2024,2,Conventional Steam Coal,175399.0,1827742.0,72.848,415.0,415.0,40.0,40.0,181.0,,Fresh,Ground,Wells,
AZ,Coronado,2024,3,Conventional Steam Coal,145972.0,1668339.0,65.292,447.0,447.0,39.0,39.0,162.0,,Fresh,Ground,Wells,
AZ,Coronado,2024,4,Conventional Steam Coal,113855.0,1420094.0,56.882,500.0,500.0,40.0,40.0,141.0,,Fresh,Ground,Wells,
AZ,Coronado,2024,5,Conventional Steam Coal,80301.0,922844.0,46.5,579.0,579.0,50.0,50.0,116.0,,Fresh,Ground,Wells,
AZ,Coronado,2024,6,Conventional Steam Coal,130802.0,1429021.0,78.722,602.0,602.0,55.0,55.0,196.0,,Fresh,Ground,Wells,
AZ,Coronado,2024,7,Conventional Steam Coal,166703.0,1771702.0,94.031,564.0,564.0,53.0,53.0,234.0,,Fresh,Ground,Wells,
AZ,Coronado,2024,8,Conventional Steam Coal,145375.0,1585479.0,93.576,644.0,644.0,59.0,59.0,233.0,,Fresh,Ground,Wells,
AZ,Coronado,2024,9,Conventional Steam Coal,127667.0,1411579.0,75.389,591.0,591.0,53.0,53.0,188.0,,Fresh,Ground,Wells,
AZ,Coronado,2024,10,Conventional Steam Coal,111917.0,1284951.0,60.736,543.0,543.0,47.0,47.0,151.0,,Fresh,Ground,Wells,
AZ,Coronado,2024,11,Conventional Steam Coal,85857.0,944356.0,42.553,496.0,496.0,45.0,45.0,106.0,,Fresh,Ground,Wells,
AZ,Coronado,2024,1,Conventional Steam Coal,222282.0,2358175.0,97.525,439.0,439.0,41.0,41.0,243.0,,Fresh,Ground,Wells,
AZ,Coronado,2024,2,Conventional Steam Coal,63555.0,709385.0,29.523,465.0,465.0,42.0,42.0,73.0,,Fresh,Ground,Wells,
AZ,Coronado,2024,4,Conventional Steam Coal,63926.0,830412.0,39.988,626.0,626.0,48.0,48.0,99.0,,Fresh,Ground,Wells,
AZ,Coronado,2024,5,Conventional Steam Coal,113516.0,1362141.0,69.115,609.0,609.0,51.0,51.0,172.0,,Fresh,Ground,Wells,
AZ,Coronado,2024,6,Conventional Steam Coal,130293.0,1491322.0,84.949,652.0,652.0,57.0,57.0,211.0,,Fresh,Ground,Wells,
AZ,Coronado,2024,7,Conventional Steam Coal,154931.0,1760857.0,97.849,632.0,632.0,56.0,56.0,243.0,,Fresh,Ground,Wells,
AZ,Coronado,2024,8,Conventional Steam Coal,138251.0,1573114.0,86.722,627.0,627.0,55.0,55.0,216.0,,Fresh,Ground,Wells,
AZ,Coronado,2024,9,Conventional Steam Coal,128393.0,1498303.0,80.526,627.0,627.0,54.0,54.0,200.0,,Fresh,Ground,Wells,
AZ,Coronado,2024,10,Conventional Steam Coal,101392.0,1164642.0,57.876,571.0,571.0,50.0,50.0,144.0,,Fresh,Ground,Wells,
AZ,Coronado,2024,11,Conventional Steam Coal,130817.0,1507767.0,65.311,499.0,499.0,43.0,43.0,162.0,,Fresh,Ground,Wells,
AZ,Coronado,2024,12,Conventional Steam Coal,93630.0,1046493.0,46.209,494.0,494.0,44.0,44.0,115.0,,Fresh,Ground,Wells,
TX,Coleto Creek,2024,1,Conventional Steam Coal,235112.0,2586231.0,121.74,56373.0,518.0,5125.0,47.0,701.0,5.0,Fresh,Surface,Coleto Creek Reservoir,Coleto Creek Reservoir
TX,Coleto Creek,2024,2,Conventional Steam Coal,81982.0,994542.0,29.871,26044.0,364.0,2147.0,30.0,347.0,5.0,Fresh,Surface,Coleto Creek Reservoir,Coleto Creek Reservoir
TX,Coleto Creek,2024,5,Conventional Steam Coal,313002.0,3318995.0,154.775,53185.0,494.0,5016.0,47.0,744.0,5.0,Fresh,Surface,Coleto Creek Reservoir,Coleto Creek Reservoir
TX,Coleto Creek,2024,6,Conventional Steam Coal,341882.0,3582808.0,159.919,47122.0,468.0,4497.0,45.0,720.0,5.0,Fresh,Surface,Coleto Creek Reservoir,Coleto Creek Reservoir
TX,Coleto Creek,2024,7,Conventional Steam Coal,330056.0,3522374.0,158.251,50550.0,479.0,4737.0,45.0,744.0,5.0,Fresh,Surface,Coleto Creek Reservoir,Coleto Creek Reservoir
TX,Coleto Creek,2024,8,Conventional Steam Coal,279615.0,2946272.0,112.313,39859.0,402.0,3783.0,38.0,618.0,5.0,Fresh,Surface,Coleto Creek Reservoir,Coleto Creek Reservoir
TX,Coleto Creek,2024,9,Conventional Steam Coal,312710.0,3338475.0,158.336,51518.0,506.0,4826.0,47.0,720.0,5.0,Fresh,Surface,Coleto Creek Reservoir,Coleto Creek Reservoir
TX,Coleto Creek,2024,10,Conventional Steam Coal,234760.0,2603140.0,119.284,70773.0,508.0,6383.0,46.0,744.0,5.0,Fresh,Surface,Coleto Creek Reservoir,Coleto Creek Reservoir
TX,Coleto Creek,2024,11,Conventional Steam Coal,163137.0,1783301.0,67.793,49568.0,416.0,4535.0,38.0,529.0,5.0,Fresh,Surface,Coleto Creek Reservoir,Coleto Creek Reservoir
TX,Coleto Creek,2024,12,Conventional Steam Coal,240616.0,2594384.0,120.258,61580.0,500.0,5711.0,46.0,714.0,5.0,Fresh,Surface,Coleto Creek Reservoir,Coleto Creek Reservoir
TX,Fayette Power Project,2024,1,Conventional Steam Coal,247415.0,2695008.0,242.511,34131.0,980.0,3133.0,90.0,744.0,9.0,Fresh,Surface,Lake Fayette,Lake Fayette
TX,Fayette Power Project,2024,2,Conventional Steam Coal,157355.0,1811368.0,185.982,50213.0,1182.0,4362.0,103.0,696.0,9.0,Fresh,Surface,Lake Fayette,Lake Fayette
TX,Fayette Power Project,2024,6,Conventional Steam Coal,228284.0,2456266.0,383.43,49693.0,1680.0,4618.0,156.0,720.0,9.0,Fresh,Surface,Lake Fayette,Lake Fayette
TX,Fayette Power Project,2024,7,Conventional Steam Coal,170585.0,1881420.0,304.629,63324.0,1786.0,5741.0,162.0,744.0,9.0,Fresh,Surface,Lake Fayette,Lake Fayette
TX,Fayette Power Project,2024,8,Conventional Steam Coal,238243.0,2639829.0,308.304,49240.0,1294.0,4444.0,117.0,744.0,9.0,Fresh,Surface,Lake Fayette,Lake Fayette
TX,Fayette Power Project,2024,9,Conventional Steam Coal,231420.0,2475693.0,250.837,49786.0,1084.0,4654.0,101.0,720.0,9.0,Fresh,Surface,Lake Fayette,Lake Fayette
TX,Fayette Power Project,2024,1,Conventional Steam Coal,192363.0,2077907.0,242.541,43904.0,1261.0,4064.0,117.0,744.0,9.0,Fresh,Surface,Fayette County Lake,Fayette County Lake
TX,Fayette Power Project,2024,2,Conventional Steam Coal,161827.0,1828300.0,185.96,48820.0,1149.0,4321.0,102.0,696.0,9.0,Fresh,Surface,Fayette County Lake,Fayette County Lake
TX,Fayette Power Project,2024,6,Conventional Steam Coal,216808.0,2325653.0,380.096,51869.0,1753.0,4835.0,163.0,720.0,9.0,Fresh,Surface,Fayette County Lake,Fayette County Lake
TX,Fayette Power Project,2024,7,Conventional Steam Coal,221349.0,2423635.0,335.283,53712.0,1515.0,4905.0,138.0,744.0,9.0,Fresh,Surface,Fayette County Lake,Fayette County Lake
TX,Fayette Power Project,2024,8,Conventional Steam Coal,239273.0,2701688.0,308.212,49014.0,1288.0,4341.0,114.0,744.0,9.0,Fresh,Surface,Fayette County Lake,Fayette County Lake
TX,Fayette Power Project,2024,9,Conventional Steam Coal,231000.0,2512554.0,250.837,49877.0,1086.0,4586.0,100.0,720.0,9.0,Fresh,Surface,Fayette County Lake,Fayette County Lake
TX,Fayette Power Project,2024,1,Conventional Steam Coal,211313.0,2251608.0,198.709,32744.0,940.0,3073.0,88.0,744.0,9.0,Fresh,Surface,Fayette County Lake,Fayette County Lake
TX,Fayette Power Project,2024,2,Conventional Steam Coal,173561.0,1828151.0,152.358,37294.0,878.0,3541.0,83.0,696.0,9.0,Fresh,Surface,Fayette County Lake,Fayette County Lake
TX,Fayette Power Project,2024,6,Conventional Steam Coal,266478.0,2727960.0,311.012,34530.0,1167.0,3373.0,114.0,720.0,9.0,Fresh,Surface,Fayette County Lake,Fayette County Lake
TX,Fayette Power Project,2024,7,Conventional Steam Coal,246349.0,2603514.0,268.142,38597.0,1088.0,3652.0,103.0,744.0,9.0,Fresh,Surface,Fayette County Lake,Fayette County Lake
TX,Fayette Power Project,2024,8,Conventional Steam Coal,266428.0,2945515.0,249.886,35688.0,938.0,3228.0,85.0,744.0,9.0,Fresh,Surface,Fayette County Lake,Fayette County Lake
TX,Fayette Power Project,2024,9,Conventional Steam Coal,257177.0,2773902.0,200.607,35829.0,780.0,3322.0,72.0,720.0,9.0,Fresh,Surface,Fayette County Lake,Fayette County Lake
TX,Oak Grove (TX),2024,1,Conventional Steam Coal,1085601.0,11683784.0,350.757,34387.0,323.0,3195.0,30.0,744.0,,Fresh,Surface,Twin Oak Reservoir,Twin Oak Reservoir
TX,Oak Grove (TX),2024,2,Conventional Steam Coal,881391.0,10077881.0,285.8,40082.0,324.0,3506.0,28.0,696.0,,Fresh,Surface,Twin Oak Reservoir,Twin Oak Reservoir
TX,Oak Grove (TX),2024,3,Conventional Steam Coal,293788.0,3416399.0,95.395,35391.0,325.0,3043.0,28.0,744.0,,Fresh,Surface,Twin Oak Reservoir,Twin Oak Reservoir
TX,Oak Grove (TX),2024,4,Conventional Steam Coal,812699.0,9072581.0,264.436,34097.0,325.0,3054.0,29.0,720.0,,Fresh,Surface,Twin Oak Reservoir,Twin Oak Reservoir
TX,Oak Grove (TX),2024,5,Conventional Steam Coal,882455.0,11314101.0,284.461,38320.0,322.0,2989.0,25.0,744.0,,Fresh,Surface,Twin Oak Reservoir,Twin Oak Reservoir
TX,Oak Grove (TX),2024,6,Conventional Steam Coal,749451.0,8857037.0,242.225,49735.0,323.0,4208.0,27.0,720.0,,Fresh,Surface,Twin Oak Reservoir,Twin Oak Reservoir
TX,Oak Grove (TX),2024,7,Conventional Steam Coal,964930.0,11020641.0,311.192,15896.0,323.0,1392.0,28.0,744.0,,Fresh,Surface,Twin Oak Reservoir,Twin Oak Reservoir
TX,Oak Grove (TX),2024,8,Conventional Steam Coal,1079660.0,12168134.0,348.391,36178.0,323.0,3210.0,29.0,744.0,,Fresh,Surface,Twin Oak Reservoir,Twin Oak Reservoir
TX,Oak Grove (TX),2024,9,Conventional Steam Coal,1092162.0,12127714.0,352.583,34610.0,323.0,3117.0,29.0,720.0,,Fresh,Surface,Twin Oak Reservoir,Twin Oak Reservoir
TX,Oak Grove (TX),2024,10,Conventional Steam Coal,1086997.0,11837204.0,351.355,35909.0,323.0,3298.0,30.0,744.0,,Fresh,Surface,Twin Oak Reservoir,Twin Oak Reservoir
TX,Oak Grove (TX),2024,11,Conventional Steam Coal,927315.0,10588191.0,299.88,40646.0,323.0,3560.0,28.0,720.0,,Fresh,Surface,Twin Oak Reservoir,Twin Oak Reservoir
TX,Oak Grove (TX),2024,12,Conventional Steam Coal,1075066.0,12078537.0,346.457,36279.0,322.0,3229.0,29.0,744.0,,Fresh,Surface,Twin Oak Reservoir,Twin Oak Reservoir
TX,San Miguel,2024,1,Conventional Steam Coal,161239.0,1820675.0,128.9,799.0,799.0,71.0,71.0,649.0,,Fresh,Ground,Wells,Ash Pond
TX,San Miguel,2024,2,Conventional Steam Coal,153548.0,2244717.0,100.4,654.0,654.0,45.0,45.0,684.0,,Fresh,Ground,Wells,Ash Pond
TX,San Miguel,2024,5,Conventional Steam Coal,144948.0,1754977.0,134.6,929.0,929.0,77.0,77.0,584.0,,Fresh,Ground,Wells,Ash Pond
TX,San Miguel,2024,6,Conventional Steam Coal,151710.0,2016044.0,169.0,1114.0,1114.0,84.0,84.0,670.0,,Fresh,Ground,Wells,Ash Pond
TX,San Miguel,2024,7,Conventional Steam Coal,173475.0,2179837.0,170.2,981.0,981.0,78.0,78.0,697.0,,Fresh,Ground,Wells,Ash Pond
TX,San Miguel,2024,8,Conventional Steam Coal,188255.0,2389461.0,160.1,850.0,850.0,67.0,67.0,700.0,,Fresh,Ground,Wells,Ash Pond
TX,San Miguel,2024,9,Conventional Steam Coal,146465.0,1922893.0,152.6,1042.0,1042.0,79.0,79.0,585.0,,Fresh,Ground,Wells,Ash Pond
TX,San Miguel,2024,10,Conventional Steam Coal,95024.0,1368993.0,168.5,1773.0,1773.0,123.0,123.0,545.0,,Fresh,Ground,Wells,Ash Pond
TX,San Miguel,2024,12,Conventional Steam Coal,90453.0,1259902.0,54.8,606.0,606.0,43.0,43.0,406.0,,Fresh,Ground,Wells,Ash Pond
TX,Harrington,2024,1,Multiple,313859.0,3420839.0,146.734,468.0,468.0,43.0,43.0,735.0,,Reclaimed,Discharge,Municipal,
TX,Harrington,2024,2,Multiple,78176.0,998765.0,52.083,666.0,666.0,52.0,52.0,313.0,,Reclaimed,Discharge,Municipal,
TX,Harrington,2024,3,Multiple,73673.0,981713.0,51.104,694.0,694.0,52.0,52.0,445.0,,Reclaimed,Discharge,Municipal,
TX,Harrington,2024,4,Multiple,143770.0,1764264.0,99.559,692.0,692.0,56.0,56.0,511.0,,Reclaimed,Discharge,Municipal,
TX,Harrington,2024,5,Multiple,236295.0,2739030.0,166.887,706.0,706.0,61.0,61.0,685.0,,Reclaimed,Discharge,Municipal,
TX,Harrington,2024,6,Multiple,234697.0,2749668.0,196.177,836.0,836.0,71.0,71.0,676.0,,Reclaimed,Discharge,Municipal,
TX,Harrington,2024,7,Multiple,247950.0,2912154.0,214.262,864.0,864.0,74.0,74.0,698.0,,Reclaimed,Discharge,Municipal,
TX,Harrington,2024,8,Multiple,310565.0,3520278.0,263.505,848.0,848.0,75.0,75.0,744.0,,Reclaimed,Discharge,Municipal,
TX,Harrington,2024,9,Multiple,206588.0,2385942.0,159.184,771.0,771.0,67.0,67.0,667.0,,Reclaimed,Discharge,Municipal,
TX,Harrington,2024,10,Multiple,153567.0,1650013.0,106.369,693.0,693.0,64.0,64.0,588.0,,Reclaimed,Discharge,Municipal,
TX,Harrington,2024,11,Multiple,110553.0,1238628.0,70.972,642.0,642.0,57.0,57.0,604.0,,Reclaimed,Discharge,Municipal,
TX,Harrington,2024,12,Multiple,124168.0,1601570.0,80.396,647.0,647.0,50.0,50.0,680.0,,Reclaimed,Discharge,Municipal,
TX,Tolk,2024,1,Conventional Steam Coal,299871.0,3283674.0,90.69,302.0,302.0,28.0,28.0,707.0,,Fresh,Ground,Wells,None - Evap Ponds
TX,Tolk,2024,2,Conventional Steam Coal,33664.0,475616.0,59.055,1754.0,1754.0,124.0,124.0,311.0,,Fresh,Ground,Wells,None - Evap Ponds
TX,Tolk,2024,4,Conventional Steam Coal,61035.0,834556.0,2.962,49.0,49.0,4.0,4.0,430.0,,Fresh,Ground,Wells,None - Evap Ponds
TX,Tolk,2024,5,Conventional Steam Coal,119924.0,1546921.0,128.626,1073.0,1073.0,83.0,83.0,698.0,,Fresh,Ground,Wells,None - Evap Ponds
TX,Tolk,2024,6,Conventional Steam Coal,159037.0,2039840.0,111.334,700.0,700.0,55.0,55.0,658.0,,Fresh,Ground,Wells,None - Evap Ponds
TX,Tolk,2024,7,Conventional Steam Coal,276649.0,3344461.0,215.208,778.0,778.0,64.0,64.0,723.0,,Fresh,Ground,Wells,None - Evap Ponds
TX,Tolk,2024,8,Conventional Steam Coal,346204.0,3979909.0,214.326,619.0,619.0,54.0,54.0,744.0,,Fresh,Ground,Wells,None - Evap Ponds
TX,Tolk,2024,9,Conventional Steam Coal,170559.0,1934279.0,132.253,775.0,775.0,68.0,68.0,702.0,,Fresh,Ground,Wells,None - Evap Ponds
TX,Tolk,2024,10,Conventional Steam Coal,145312.0,1853052.0,99.907,688.0,688.0,54.0,54.0,616.0,,Fresh,Ground,Wells,None - Evap Ponds
TX,Tolk,2024,11,Conventional Steam Coal,173276.0,2037716.0,95.495,551.0,551.0,47.0,47.0,670.0,,Fresh,Ground,Wells,None - Evap Ponds
TX,Tolk,2024,12,Conventional Steam Coal,188625.0,1996247.0,93.049,493.0,493.0,47.0,47.0,694.0,,Fresh,Ground,Wells,None - Evap Ponds
MO,John Twitty Energy Center,2024,1,Conventional Steam Coal,109808.0,1196610.0,102.82,1101.0,936.0,101.0,86.0,744.0,,Fresh,Ground,Wells,Wilson's Creek
MO,John Twitty Energy Center,2024,2,Conventional Steam Coal,82417.0,905976.0,96.19,1179.0,1167.0,107.0,106.0,696.0,,Fresh,Ground,Wells,Wilson's Creek
MO,John Twitty Energy Center,2024,3,Conventional Steam Coal,86036.0,926419.0,90.566,1211.0,1053.0,112.0,98.0,655.0,,Fresh,Ground,Wells,Wilson's Creek
MO,John Twitty Energy Center,2024,4,Conventional Steam Coal,30368.0,341856.0,37.08,1385.0,1221.0,123.0,108.0,268.0,,Fresh,Ground,Wells,Wilson's Creek
MO,John Twitty Energy Center,2024,5,Conventional Steam Coal,42469.0,450145.0,46.927,1268.0,1105.0,120.0,104.0,340.0,,Fresh,Ground,Wells,Wilson's Creek
MO,John Twitty Energy Center,2024,6,Conventional Steam Coal,83320.0,903708.0,87.947,1214.0,1056.0,112.0,97.0,636.0,,Fresh,Ground,Wells,Wilson's Creek
MO,John Twitty Energy Center,2024,7,Conventional Steam Coal,104292.0,1154196.0,102.822,970.0,986.0,88.0,89.0,744.0,,Fresh,Ground,Wells,Wilson's Creek
MO,John Twitty Energy Center,2024,8,Conventional Steam Coal,92127.0,995236.0,102.822,1274.0,1116.0,118.0,103.0,744.0,,Fresh,Ground,Wells,Wilson's Creek
MO,John Twitty Energy Center,2024,9,Conventional Steam Coal,78846.0,837113.0,83.228,1214.0,1056.0,114.0,99.0,602.0,,Fresh,Ground,Wells,Wilson's Creek
MO,John Twitty Energy Center,2024,11,Conventional Steam Coal,59889.0,658941.0,73.291,1389.0,1224.0,126.0,111.0,530.0,,Fresh,Ground,Wells,Wilson's Creek
MO,John Twitty Energy Center,2024,12,Conventional Steam Coal,94394.0,1051742.0,102.822,1248.0,1089.0,112.0,98.0,744.0,,Fresh,Ground,Wells,Wilson's Creek
MO,John Twitty Energy Center,2024,2,Conventional Steam Coal,80189.0,800945.0,57.12,413.0,712.0,41.0,71.0,363.0,,Reclaimed,Discharge,SW Wastewater Treatment Plant,SW Wastewater Treatment Plant
MO,John Twitty Energy Center,2024,3,Conventional Steam Coal,165866.0,1624294.0,57.12,430.0,344.0,44.0,35.0,744.0,,Reclaimed,Discharge,SW Wastewater Treatment Plant,SW Wastewater Treatment Plant
MO,John Twitty Energy Center,2024,4,Conventional Steam Coal,108328.0,1162150.0,55.277,573.0,510.0,53.0,48.0,720.0,,Reclaimed,Discharge,SW Wastewater Treatment Plant,SW Wastewater Treatment Plant
MO,John Twitty Energy Center,2024,5,Conventional Steam Coal,125699.0,1302192.0,57.12,515.0,454.0,50.0,44.0,744.0,,Reclaimed,Discharge,SW Wastewater Treatment Plant,SW Wastewater Treatment Plant
MO,John Twitty Energy Center,2024,6,Conventional Steam Coal,125024.0,1304847.0,55.277,521.0,442.0,50.0,42.0,720.0,,Reclaimed,Discharge,SW Wastewater Treatment Plant,SW Wastewater Treatment Plant
MO,John Twitty Energy Center,2024,7,Conventional Steam Coal,136027.0,1396551.0,56.736,512.0,417.0,50.0,41.0,739.0,,Reclaimed,Discharge,SW Wastewater Treatment Plant,SW Wastewater Treatment Plant
MO,John Twitty Energy Center,2024,8,Conventional Steam Coal,127653.0,1325111.0,56.608,524.0,443.0,51.0,43.0,737.0,,Reclaimed,Discharge,SW Wastewater Treatment Plant,SW Wastewater Treatment Plant
MO,John Twitty Energy Center,2024,9,Conventional Steam Coal,113277.0,1177729.0,55.277,568.0,488.0,55.0,47.0,720.0,,Reclaimed,Discharge,SW Wastewater Treatment Plant,SW Wastewater Treatment Plant
MO,John Twitty Energy Center,2024,10,Conventional Steam Coal,126653.0,1295136.0,57.12,526.0,451.0,51.0,44.0,744.0,,Reclaimed,Discharge,SW Wastewater Treatment Plant,SW Wastewater Treatment Plant
MO,John Twitty Energy Center,2024,11,Conventional Steam Coal,100113.0,1073482.0,54.483,605.0,544.0,56.0,51.0,710.0,,Reclaimed,Discharge,SW Wastewater Treatment Plant,SW Wastewater Treatment Plant
MO,John Twitty Energy Center,2024,12,Conventional Steam Coal,103579.0,1057296.0,41.719,465.0,403.0,46.0,39.0,543.0,,Reclaimed,Discharge,SW Wastewater Treatment Plant,SW Wastewater Treatment Plant
WY,Laramie River Station,2024,1,Conventional Steam Coal,33896.0,401696.0,6.94,205.0,205.0,17.0,17.0,152.0,54.0,Fresh,Surface,Grayrocks Dam Laramie River,Grayrocks Dam Laramie River
WY,Laramie River Station,2024,2,Conventional Steam Coal,50807.0,622666.0,12.203,240.0,240.0,20.0,20.0,224.0,54.0,Fresh,Surface,Grayrocks Dam Laramie River,Grayrocks Dam Laramie River
WY,Laramie River Station,2024,3,Conventional Steam Coal,79006.0,927922.0,21.408,271.0,271.0,23.0,23.0,306.0,54.0,Fresh,Surface,Grayrocks Dam Laramie River,Grayrocks Dam Laramie River
WY,Laramie River Station,2024,4,Conventional Steam Coal,138929.0,1622935.0,57.339,413.0,413.0,35.0,35.0,554.0,54.0,Fresh,Surface,Grayrocks Dam Laramie River,Grayrocks Dam Laramie River
WY,Laramie River Station,2024,5,Conventional Steam Coal,182909.0,2103690.0,105.164,575.0,575.0,50.0,50.0,682.0,54.0,Fresh,Surface,Grayrocks Dam Laramie River,Grayrocks Dam Laramie River
WY,Laramie River Station,2024,6,Conventional Steam Coal,170530.0,1952712.0,87.135,511.0,511.0,45.0,45.0,583.0,54.0,Fresh,Surface,Grayrocks Dam Laramie River,Grayrocks Dam Laramie River
WY,Laramie River Station,2024,7,Conventional Steam Coal,204708.0,2306423.0,128.056,626.0,626.0,56.0,56.0,668.0,54.0,Fresh,Surface,Grayrocks Dam Laramie River,Grayrocks Dam Laramie River
WY,Laramie River Station,2024,8,Conventional Steam Coal,188903.0,2132766.0,107.535,569.0,569.0,50.0,50.0,636.0,54.0,Fresh,Surface,Grayrocks Dam Laramie River,Grayrocks Dam Laramie River
WY,Laramie River Station,2024,9,Conventional Steam Coal,164606.0,1873647.0,101.342,616.0,616.0,54.0,54.0,641.0,54.0,Fresh,Surface,Grayrocks Dam Laramie River,Grayrocks Dam Laramie River
WY,Laramie River Station,2024,10,Conventional Steam Coal,46708.0,568739.0,16.553,354.0,354.0,29.0,29.0,242.0,54.0,Fresh,Surface,Grayrocks Dam Laramie River,Grayrocks Dam Laramie River
WY,Laramie River Station,2024,11,Conventional Steam Coal,163605.0,2708062.0,83.376,510.0,510.0,31.0,31.0,720.0,54.0,Fresh,Surface,Grayrocks Dam Laramie River,Grayrocks Dam Laramie River
WY,Laramie River Station,2024,12,Conventional Steam Coal,194202.0,2196146.0,118.388,610.0,610.0,54.0,54.0,739.0,54.0,Fresh,Surface,Grayrocks Dam Laramie River,Grayrocks Dam Laramie River
WY,Laramie River Station,2024,1,Conventional Steam Coal,354654.0,3726578.0,130.215,367.0,367.0,35.0,35.0,744.0,54.0,Fresh,Surface,Grayrocks Dam Laramie River,Grayrocks Dam Laramie River
WY,Laramie River Station,2024,2,Conventional Steam Coal,258949.0,2778092.0,97.134,375.0,375.0,35.0,35.0,696.0,54.0,Fresh,Surface,Grayrocks Dam Laramie River,Grayrocks Dam Laramie River
WY,Laramie River Station,2024,3,Conventional Steam Coal,207723.0,2245777.0,75.431,363.0,363.0,34.0,34.0,668.0,54.0,Fresh,Surface,Grayrocks Dam Laramie River,Grayrocks Dam Laramie River
WY,Laramie River Station,2024,4,Conventional Steam Coal,172490.0,1886892.0,78.246,454.0,454.0,41.0,41.0,621.0,54.0,Fresh,Surface,Grayrocks Dam Laramie River,Grayrocks Dam Laramie River
WY,Laramie River Station,2024,5,Conventional Steam Coal,206534.0,2291636.0,98.431,477.0,477.0,43.0,43.0,744.0,54.0,Fresh,Surface,Grayrocks Dam Laramie River,Grayrocks Dam Laramie River
WY,Laramie River Station,2024,6,Conventional Steam Coal,252132.0,2694685.0,139.882,555.0,555.0,52.0,52.0,720.0,54.0,Fresh,Surface,Grayrocks Dam Laramie River,Grayrocks Dam Laramie River
WY,Laramie River Station,2024,7,Conventional Steam Coal,321960.0,3241774.0,158.918,494.0,494.0,49.0,49.0,744.0,54.0,Fresh,Surface,Grayrocks Dam Laramie River,Grayrocks Dam Laramie River
WY,Laramie River Station,2024,8,Conventional Steam Coal,337837.0,3515020.0,170.614,505.0,505.0,49.0,49.0,744.0,54.0,Fresh,Surface,Grayrocks Dam Laramie River,Grayrocks Dam Laramie River
WY,Laramie River Station,2024,9,Conventional Steam Coal,259409.0,2686933.0,106.757,412.0,412.0,40.0,40.0,623.0,54.0,Fresh,Surface,Grayrocks Dam Laramie River,Grayrocks Dam Laramie River
WY,Laramie River Station,2024,10,Conventional Steam Coal,112829.0,1248447.0,31.145,276.0,276.0,25.0,25.0,461.0,54.0,Fresh,Surface,Grayrocks Dam Laramie River,Grayrocks Dam Laramie River
WY,Laramie River Station,2024,11,Conventional Steam Coal,164856.0,1882248.0,75.561,458.0,458.0,40.0,40.0,637.0,54.0,Fresh,Surface,Grayrocks Dam Laramie River,Grayrocks Dam Laramie River
WY,Laramie River Station,2024,12,Conventional Steam Coal,215343.0,2212681.0,83.299,387.0,387.0,38.0,38.0,554.0,54.0,Fresh,Surface,Grayrocks Dam Laramie River,Grayrocks Dam Laramie River
WY,Laramie River Station,2024,1,Conventional Steam Coal,344334.0,3714902.0,153.383,445.0,445.0,41.0,41.0,744.0,54.0,Fresh,Surface,Grayrocks Dam Laramie River,Grayrocks Dam Laramie River
WY,Laramie River Station,2024,2,Conventional Steam Coal,257379.0,2816120.0,119.893,466.0,466.0,43.0,43.0,696.0,54.0,Fresh,Surface,Grayrocks Dam Laramie River,Grayrocks Dam Laramie River
WY,Laramie River Station,2024,3,Conventional Steam Coal,124750.0,1365465.0,30.343,243.0,243.0,22.0,22.0,362.0,54.0,Fresh,Surface,Grayrocks Dam Laramie River,Grayrocks Dam Laramie River
WY,Laramie River Station,2024,6,Conventional Steam Coal,38094.0,422807.0,6.454,169.0,169.0,15.0,15.0,162.0,54.0,Fresh,Surface,Grayrocks Dam Laramie River,Grayrocks Dam Laramie River
WY,Laramie River Station,2024,7,Conventional Steam Coal,323287.0,3308414.0,142.625,441.0,441.0,43.0,43.0,744.0,54.0,Fresh,Surface,Grayrocks Dam Laramie River,Grayrocks Dam Laramie River
WY,Laramie River Station,2024,8,Conventional Steam Coal,325938.0,3457111.0,169.632,520.0,520.0,49.0,49.0,744.0,54.0,Fresh,Surface,Grayrocks Dam Laramie River,Grayrocks Dam Laramie River
WY,Laramie River Station,2024,9,Conventional Steam Coal,185735.0,1960134.0,64.452,347.0,347.0,33.0,33.0,477.0,54.0,Fresh,Surface,Grayrocks Dam Laramie River,Grayrocks Dam Laramie River
WY,Laramie River Station,2024,10,Conventional Steam Coal,221438.0,2328890.0,98.068,443.0,443.0,42.0,42.0,658.0,54.0,Fresh,Surface,Grayrocks Dam Laramie River,Grayrocks Dam Laramie River
WY,Laramie River Station,2024,11,Conventional Steam Coal,194651.0,2155132.0,78.712,404.0,404.0,37.0,37.0,639.0,54.0,Fresh,Surface,Grayrocks Dam Laramie River,Grayrocks Dam Laramie River
WY,Laramie River Station,2024,12,Conventional Steam Coal,294840.0,3059800.0,127.663,433.0,433.0,42.0,42.0,737.0,54.0,Fresh,Surface,Grayrocks Dam Laramie River,Grayrocks Dam Laramie River
CO,Pawnee,2024,1,Conventional Steam Coal,311479.0,3648603.0,231.478,743.0,743.0,63.0,63.0,744.0,,Fresh,Surface,Wells,Zero Discharge Facility
CO,Pawnee,2024,2,Conventional Steam Coal,265644.0,2969827.0,172.461,649.0,649.0,58.0,58.0,696.0,,Fresh,Surface,Wells,Zero Discharge Facility
CO,Pawnee,2024,4,Conventional Steam Coal,114347.0,1470697.0,48.422,423.0,423.0,33.0,33.0,720.0,,Fresh,Surface,Wells,Zero Discharge Facility
CO,Pawnee,2024,5,Conventional Steam Coal,139499.0,1620947.0,113.101,811.0,811.0,70.0,70.0,744.0,,Fresh,Surface,Wells,Zero Discharge Facility
CO,Pawnee,2024,6,Conventional Steam Coal,227256.0,2474860.0,95.928,422.0,422.0,39.0,39.0,720.0,,Fresh,Surface,Wells,Zero Discharge Facility
CO,Pawnee,2024,7,Conventional Steam Coal,214545.0,2462473.0,120.603,562.0,562.0,49.0,49.0,744.0,,Fresh,Surface,Wells,Zero Discharge Facility
CO,Pawnee,2024,8,Conventional Steam Coal,231435.0,2927201.0,142.159,614.0,614.0,49.0,49.0,744.0,,Fresh,Surface,Wells,Zero Discharge Facility
CO,Pawnee,2024,9,Conventional Steam Coal,267158.0,2685085.0,131.344,492.0,492.0,49.0,49.0,720.0,,Fresh,Surface,Wells,Zero Discharge Facility
CO,Pawnee,2024,10,Conventional Steam Coal,212750.0,2593614.0,90.438,425.0,425.0,35.0,35.0,744.0,,Fresh,Surface,Wells,Zero Discharge Facility
CO,Pawnee,2024,11,Conventional Steam Coal,88685.0,1124396.0,203.892,2299.0,2299.0,181.0,181.0,720.0,,Fresh,Surface,Wells,Zero Discharge Facility
CO,Pawnee,2024,12,Conventional Steam Coal,95026.0,1234666.0,208.436,2193.0,2193.0,169.0,169.0,744.0,,Fresh,Surface,Wells,Zero Discharge Facility
SC,Winyah,2024,2,Conventional Steam Coal,51120.0,579930.0,9.032,160582.0,177.0,14155.0,16.0,394.0,9.0,Fresh,Surface,Wadmacon Creek,North Santee
SC,Winyah,2024,3,Conventional Steam Coal,85133.0,899816.0,0.885,103075.0,10.0,9752.0,1.0,627.0,9.0,Fresh,Surface,Wadmacon Creek,North Santee
SC,Winyah,2024,4,Conventional Steam Coal,109518.0,1148251.0,3.235,77540.0,30.0,7396.0,3.0,720.0,9.0,Fresh,Surface,Wadmacon Creek,North Santee
SC,Winyah,2024,5,Conventional Steam Coal,128463.0,1302226.0,84.995,68308.0,662.0,6739.0,65.0,,9.0,Fresh,Surface,Wadmacon Creek,North Santee
SC,Winyah,2024,6,Conventional Steam Coal,154488.0,1623153.0,70.938,54969.0,459.0,5232.0,44.0,720.0,9.0,Fresh,Surface,Wadmacon Creek,North Santee
SC,Winyah,2024,7,Conventional Steam Coal,138804.0,1467164.0,56.588,63219.0,408.0,5981.0,39.0,397.0,9.0,Fresh,Surface,Wadmacon Creek,North Santee
SC,Winyah,2024,8,Conventional Steam Coal,116569.0,1275844.0,58.695,75278.0,504.0,6878.0,46.0,642.0,9.0,Fresh,Surface,Wadmacon Creek,North Santee
SC,Winyah,2024,9,Conventional Steam Coal,61390.0,730247.0,31.12,138329.0,507.0,11629.0,43.0,359.0,9.0,Fresh,Surface,Wadmacon Creek,North Santee
SC,Winyah,2024,10,Conventional Steam Coal,139968.0,1469883.0,58.466,62693.0,418.0,5970.0,40.0,721.0,9.0,Fresh,Surface,Wadmacon Creek,North Santee
SC,Winyah,2024,11,Conventional Steam Coal,105541.0,1140005.0,35.966,80462.0,341.0,7449.0,32.0,615.0,9.0,Fresh,Surface,Wadmacon Creek,North Santee
SC,Winyah,2024,12,Conventional Steam Coal,123432.0,1274173.0,39.848,71092.0,323.0,6887.0,31.0,714.0,9.0,Fresh,Surface,Wadmacon Creek,North Santee
SC,Winyah,2024,2,Conventional Steam Coal,85900.0,941630.0,13.044,55855.0,152.0,5095.0,14.0,569.0,9.0,Fresh,Surface,Wadmacon Creek,North Santee
SC,Winyah,2024,3,Conventional Steam Coal,37174.0,417606.0,0.353,137968.0,9.0,12281.0,1.0,250.0,9.0,Fresh,Surface,Wadmacon Creek,North Santee
SC,Winyah,2024,6,Conventional Steam Coal,28851.0,354027.0,16.028,172035.0,556.0,14020.0,45.0,163.0,9.0,Fresh,Surface,Wadmacon Creek,North Santee
SC,Winyah,2024,7,Conventional Steam Coal,81257.0,881156.0,58.912,63118.0,725.0,5821.0,67.0,413.0,9.0,Fresh,Surface,Wadmacon Creek,North Santee
SC,Winyah,2024,8,Conventional Steam Coal,92297.0,1021070.0,55.216,55569.0,598.0,5023.0,54.0,604.0,9.0,Fresh,Surface,Wadmacon Creek,North Santee
SC,Winyah,2024,9,Conventional Steam Coal,105078.0,1096378.0,57.767,47235.0,550.0,4527.0,53.0,666.0,9.0,Fresh,Surface,Wadmacon Creek,North Santee
SC,Winyah,2024,10,Conventional Steam Coal,54806.0,588697.0,27.315,93581.0,498.0,8712.0,46.0,337.0,9.0,Fresh,Surface,Wadmacon Creek,North Santee
SC,Winyah,2024,12,Conventional Steam Coal,114112.0,1216530.0,37.286,44945.0,327.0,4216.0,31.0,668.0,9.0,Fresh,Surface,Wadmacon Creek,North Santee
SC,Winyah,2024,2,Conventional Steam Coal,21900.0,288450.0,4.058,724.0,185.0,55.0,14.0,177.0,9.0,Fresh,Surface,Wadmacon Creek,North Santee
SC,Winyah,2024,3,Conventional Steam Coal,8256.0,112302.0,0.124,833.0,15.0,61.0,1.0,85.0,9.0,Fresh,Surface,Wadmacon Creek,North Santee
SC,Winyah,2024,4,Conventional Steam Coal,38062.0,444643.0,1.265,565.0,33.0,48.0,3.0,279.0,9.0,Fresh,Surface,Wadmacon Creek,North Santee
SC,Winyah,2024,5,Conventional Steam Coal,92334.0,1031852.0,75.272,815.0,815.0,73.0,73.0,659.0,9.0,Fresh,Surface,Wadmacon Creek,North Santee
SC,Winyah,2024,6,Conventional Steam Coal,106792.0,1162084.0,63.642,596.0,596.0,55.0,55.0,646.0,9.0,Fresh,Surface,Wadmacon Creek,North Santee
SC,Winyah,2024,7,Conventional Steam Coal,88063.0,988066.0,22.503,256.0,256.0,23.0,23.0,158.0,9.0,Fresh,Surface,Wadmacon Creek,North Santee
SC,Winyah,2024,8,Conventional Steam Coal,91138.0,1043509.0,56.63,621.0,621.0,54.0,54.0,619.0,9.0,Fresh,Surface,Wadmacon Creek,North Santee
SC,Winyah,2024,9,Conventional Steam Coal,57793.0,660064.0,38.059,659.0,659.0,58.0,58.0,439.0,9.0,Fresh,Surface,Wadmacon Creek,North Santee
SC,Winyah,2024,11,Conventional Steam Coal,32820.0,400169.0,11.018,712.0,336.0,58.0,28.0,188.0,9.0,Fresh,Surface,Wadmacon Creek,North Santee
SC,Winyah,2024,12,Conventional Steam Coal,133990.0,1440775.0,41.554,473.0,310.0,44.0,29.0,744.0,9.0,Fresh,Surface,Wadmacon Creek,North Santee
SC,Winyah,2024,2,Conventional Steam Coal,64561.0,713139.0,11.272,682.0,175.0,62.0,16.0,491.0,9.0,Fresh,Surface,Wadmacon Creek,North Santee
SC,Winyah,2024,3,Conventional Steam Coal,51825.0,620667.0,0.742,798.0,14.0,67.0,1.0,513.0,9.0,Fresh,Surface,Wadmacon Creek,North Santee
SC,Winyah,2024,4,Conventional Steam Coal,53708.0,628294.0,2.361,747.0,44.0,64.0,4.0,522.0,9.0,Fresh,Surface,Wadmacon Creek,North Santee
SC,Winyah,2024,5,Conventional Steam Coal,93199.0,1061939.0,70.674,758.0,758.0,67.0,67.0,618.0,9.0,Fresh,Surface,Wadmacon Creek,North Santee
SC,Winyah,2024,6,Conventional Steam Coal,115292.0,1302405.0,70.969,613.0,616.0,54.0,54.0,720.0,9.0,Fresh,Surface,Wadmacon Creek,North Santee
SC,Winyah,2024,7,Conventional Steam Coal,82919.0,943684.0,65.612,791.0,791.0,70.0,70.0,460.0,9.0,Fresh,Surface,Wadmacon Creek,North Santee
SC,Winyah,2024,8,Conventional Steam Coal,66068.0,790655.0,43.22,654.0,654.0,55.0,55.0,472.0,9.0,Fresh,Surface,Wadmacon Creek,North Santee
SC,Winyah,2024,9,Conventional Steam Coal,66216.0,764543.0,39.614,598.0,598.0,52.0,52.0,457.0,9.0,Fresh,Surface,Wadmacon Creek,North Santee
SC,Winyah,2024,10,Conventional Steam Coal,81700.0,949873.0,47.929,779.0,587.0,67.0,50.0,590.0,9.0,Fresh,Surface,Wadmacon Creek,North Santee
SC,Winyah,2024,11,Conventional Steam Coal,60985.0,717993.0,25.78,896.0,423.0,76.0,36.0,441.0,9.0,Fresh,Surface,Wadmacon Creek,North Santee
SC,Winyah,2024,12,Conventional Steam Coal,54916.0,599743.0,35.703,992.0,650.0,91.0,60.0,639.0,9.0,Fresh,Surface,Wadmacon Creek,North Santee
NC,Mayo,2024,1,Conventional Steam Coal,149906.0,1452052.0,33.067,465.0,221.0,48.0,23.0,282.0,12.0,Fresh,Surface,Mayo Lake (Mayo Creek),Mayo Lake (Mayo Creek)
NC,Mayo,2024,3,Conventional Steam Coal,107937.0,1040970.0,28.169,664.0,261.0,69.0,27.0,337.0,12.0,Fresh,Surface,Mayo Lake (Mayo Creek),Mayo Lake (Mayo Creek)
NC,Mayo,2024,4,Conventional Steam Coal,7532.0,204151.0,0.142,1046.0,19.0,39.0,1.0,62.0,12.0,Fresh,Surface,Mayo Lake (Mayo Creek),Mayo Lake (Mayo Creek)
NC,Mayo,2024,5,Conventional Steam Coal,68044.0,714749.0,10.376,562.0,152.0,54.0,15.0,217.0,12.0,Fresh,Surface,Mayo Lake (Mayo Creek),Mayo Lake (Mayo Creek)
NC,Mayo,2024,6,Conventional Steam Coal,69670.0,758434.0,15.354,600.0,220.0,55.0,20.0,205.0,12.0,Fresh,Surface,Mayo Lake (Mayo Creek),Mayo Lake (Mayo Creek)
NC,Mayo,2024,7,Conventional Steam Coal,177929.0,1821823.0,81.922,851.0,460.0,83.0,45.0,537.0,12.0,Fresh,Surface,Mayo Lake (Mayo Creek),Mayo Lake (Mayo Creek)
NC,Mayo,2024,8,Conventional Steam Coal,258178.0,2384165.0,160.432,1015.0,621.0,110.0,67.0,744.0,12.0,Fresh,Surface,Mayo Lake (Mayo Creek),Mayo Lake (Mayo Creek)
NC,Mayo,2024,12,Conventional Steam Coal,87798.0,918282.0,18.01,597.0,205.0,57.0,20.0,274.0,12.0,Fresh,Surface,Mayo Lake (Mayo Creek),Mayo Lake (Mayo Creek)
IA,Ottumwa,2024,1,Conventional Steam Coal,329641.0,3632780.0,128.306,454.0,389.0,41.0,35.0,676.0,15.0,Fresh,Surface,Des Moines River,Des Moines River
IA,Ottumwa,2024,2,Conventional Steam Coal,66960.0,858820.0,34.66,633.0,518.0,49.0,40.0,262.0,15.0,Fresh,Surface,Des Moines River,Des Moines River
IA,Ottumwa,2024,3,Conventional Steam Coal,203335.0,2357431.0,96.166,553.0,473.0,48.0,41.0,673.0,15.0,Fresh,Surface,Des Moines River,Des Moines River
IA,Ottumwa,2024,8,Conventional Steam Coal,137580.0,1717250.0,70.476,522.0,512.0,42.0,41.0,437.0,15.0,Fresh,Surface,Des Moines River,Des Moines River
IA,Ottumwa,2024,9,Conventional Steam Coal,229104.0,2475380.0,127.258,612.0,555.0,57.0,51.0,720.0,15.0,Fresh,Surface,Des Moines River,Des Moines River
IA,Ottumwa,2024,10,Conventional Steam Coal,290135.0,3174764.0,141.579,565.0,488.0,52.0,45.0,731.0,15.0,Fresh,Surface,Des Moines River,Des Moines River
IA,Ottumwa,2024,11,Conventional Steam Coal,260160.0,2940198.0,112.765,487.0,433.0,43.0,38.0,655.0,15.0,Fresh,Surface,Des Moines River,Des Moines River
IA,Ottumwa,2024,12,Conventional Steam Coal,393755.0,4269117.0,158.182,445.0,402.0,41.0,37.0,744.0,15.0,Fresh,Surface,Des Moines River,Des Moines River
GA,Scherer,2024,1,Conventional Steam Coal,274398.0,3032881.0,198.0,1126.0,722.0,102.0,65.0,632.0,26.0,Fresh,Surface,Lake Juliette,Ocmulgee River
GA,Scherer,2024,2,Conventional Steam Coal,238802.0,2622840.0,238.0,2018.0,997.0,184.0,91.0,696.0,26.0,Fresh,Surface,Lake Juliette,Ocmulgee River
GA,Scherer,2024,3,Conventional Steam Coal,213073.0,2484714.0,228.0,2516.0,1070.0,216.0,92.0,744.0,26.0,Fresh,Surface,Lake Juliette,Ocmulgee River
GA,Scherer,2024,4,Conventional Steam Coal,255527.0,2878295.0,206.0,2031.0,806.0,180.0,72.0,720.0,26.0,Fresh,Surface,Lake Juliette,Ocmulgee River
GA,Scherer,2024,5,Conventional Steam Coal,134023.0,1563429.0,92.0,1746.0,686.0,150.0,59.0,412.0,26.0,Fresh,Surface,Lake Juliette,Ocmulgee River
GA,Scherer,2024,6,Conventional Steam Coal,271450.0,3006361.0,139.0,1691.0,512.0,153.0,46.0,676.0,26.0,Fresh,Surface,Lake Juliette,Ocmulgee River
GA,Scherer,2024,7,Conventional Steam Coal,287346.0,3250781.0,160.0,1900.0,557.0,168.0,49.0,744.0,26.0,Fresh,Surface,Lake Juliette,Ocmulgee River
GA,Scherer,2024,8,Conventional Steam Coal,302346.0,3337765.0,165.0,1809.0,546.0,164.0,49.0,744.0,26.0,Fresh,Surface,Lake Juliette,Ocmulgee River
GA,Scherer,2024,9,Conventional Steam Coal,278659.0,3151948.0,276.0,2422.0,990.0,214.0,88.0,720.0,26.0,Fresh,Surface,Lake Juliette,Ocmulgee River
GA,Scherer,2024,10,Conventional Steam Coal,255459.0,2887479.0,227.0,2098.0,889.0,186.0,79.0,744.0,26.0,Fresh,Surface,Lake Juliette,Ocmulgee River
GA,Scherer,2024,11,Conventional Steam Coal,119124.0,1403636.0,132.0,2703.0,1108.0,229.0,94.0,405.0,26.0,Fresh,Surface,Lake Juliette,Ocmulgee River
GA,Scherer,2024,12,Conventional Steam Coal,266860.0,2983600.0,177.0,1608.0,663.0,144.0,59.0,734.0,26.0,Fresh,Surface,Lake Juliette,Ocmulgee River
GA,Scherer,2024,1,Conventional Steam Coal,303699.0,3461201.0,230.0,1185.0,757.0,104.0,66.0,744.0,26.0,Fresh,Surface,Lake Juliette,Ocmulgee River
GA,Scherer,2024,2,Conventional Steam Coal,244084.0,2805859.0,230.0,1475.0,942.0,128.0,82.0,96.0,26.0,Fresh,Surface,Lake Juliette,Ocmulgee River
GA,Scherer,2024,3,Conventional Steam Coal,206652.0,2497810.0,223.0,2545.0,1079.0,211.0,89.0,736.0,26.0,Fresh,Surface,Lake Juliette,Ocmulgee River
GA,Scherer,2024,5,Conventional Steam Coal,203474.0,2469011.0,155.0,1931.0,762.0,159.0,63.0,686.0,26.0,Fresh,Surface,Lake Juliette,Ocmulgee River
GA,Scherer,2024,6,Conventional Steam Coal,274195.0,3088811.0,148.0,1780.0,540.0,158.0,48.0,720.0,26.0,Fresh,Surface,Lake Juliette,Ocmulgee River
GA,Scherer,2024,7,Conventional Steam Coal,276416.0,3223401.0,160.0,1975.0,579.0,169.0,50.0,744.0,26.0,Fresh,Surface,Lake Juliette,Ocmulgee River
GA,Scherer,2024,8,Conventional Steam Coal,257550.0,2899570.0,155.0,2000.0,602.0,178.0,53.0,698.0,26.0,Fresh,Surface,Lake Juliette,Ocmulgee River
GA,Scherer,2024,11,Conventional Steam Coal,187526.0,2193392.0,179.0,725.0,955.0,62.0,82.0,552.0,26.0,Fresh,Surface,Lake Juliette,Ocmulgee River
GA,Scherer,2024,12,Conventional Steam Coal,272498.0,3033003.0,177.0,1574.0,650.0,141.0,58.0,744.0,26.0,Fresh,Surface,Lake Juliette,Ocmulgee River
GA,Scherer,2024,1,Conventional Steam Coal,308182.0,3323426.0,230.0,1168.0,746.0,108.0,69.0,744.0,26.0,Fresh,Surface,Lake Juliette,Ocmulgee River
GA,Scherer,2024,2,Conventional Steam Coal,13817.0,139530.0,20.0,2895.0,1447.0,287.0,143.0,61.0,26.0,Fresh,Surface,Lake Juliette,Ocmulgee River
GA,Scherer,2024,4,Conventional Steam Coal,182917.0,2188622.0,206.0,2837.0,1126.0,237.0,94.0,711.0,26.0,Fresh,Surface,Lake Juliette,Ocmulgee River
GA,Scherer,2024,5,Conventional Steam Coal,200042.0,2392832.0,168.0,2125.0,840.0,178.0,70.0,744.0,26.0,Fresh,Surface,Lake Juliette,Ocmulgee River
GA,Scherer,2024,6,Conventional Steam Coal,243021.0,2834006.0,148.0,2008.0,609.0,172.0,52.0,720.0,26.0,Fresh,Surface,Lake Juliette,Ocmulgee River
GA,Scherer,2024,7,Conventional Steam Coal,217209.0,2596616.0,155.0,2440.0,714.0,204.0,60.0,732.0,26.0,Fresh,Surface,Lake Juliette,Ocmulgee River
GA,Scherer,2024,8,Conventional Steam Coal,245576.0,2878909.0,165.0,2227.0,672.0,190.0,57.0,744.0,26.0,Fresh,Surface,Lake Juliette,Ocmulgee River
GA,Scherer,2024,9,Conventional Steam Coal,142136.0,1694739.0,176.0,3039.0,1238.0,255.0,104.0,467.0,26.0,Fresh,Surface,Lake Juliette,Ocmulgee River
GA,Scherer,2024,10,Conventional Steam Coal,200245.0,2287602.0,218.0,2572.0,1089.0,225.0,95.0,720.0,26.0,Fresh,Surface,Lake Juliette,Ocmulgee River
GA,Scherer,2024,11,Conventional Steam Coal,86747.0,996071.0,111.0,3112.0,1280.0,271.0,111.0,342.0,26.0,Fresh,Surface,Lake Juliette,Ocmulgee River
GA,Scherer,2024,12,Conventional Steam Coal,86755.0,1082060.0,89.0,2478.0,1026.0,199.0,82.0,375.0,26.0,Fresh,Surface,Lake Juliette,Ocmulgee River
WV,Mountaineer,2024,1,Conventional Steam Coal,688774.0,6913774.0,167.738,277.0,244.0,28.0,24.0,744.0,19.0,Fresh,Surface,Ohio River,Ohio River
WV,Mountaineer,2024,2,Conventional Steam Coal,540050.0,5465746.0,132.54,279.0,245.0,28.0,24.0,696.0,19.0,Fresh,Surface,Ohio River,Ohio River
WV,Mountaineer,2024,3,Conventional Steam Coal,435827.0,4442460.0,83.283,217.0,191.0,21.0,19.0,578.0,19.0,Fresh,Surface,Ohio River,Ohio River
WV,Mountaineer,2024,4,Conventional Steam Coal,537412.0,5574229.0,132.222,279.0,246.0,27.0,24.0,720.0,19.0,Fresh,Surface,Ohio River,Ohio River
WV,Mountaineer,2024,5,Conventional Steam Coal,557616.0,5663357.0,137.007,279.0,246.0,27.0,24.0,744.0,19.0,Fresh,Surface,Ohio River,Ohio River
WV,Mountaineer,2024,6,Conventional Steam Coal,597337.0,6022639.0,140.425,267.0,235.0,26.0,23.0,693.0,19.0,Fresh,Surface,Ohio River,Ohio River
WV,Mountaineer,2024,7,Conventional Steam Coal,398010.0,4006493.0,58.009,166.0,146.0,16.0,14.0,443.0,19.0,Fresh,Surface,Ohio River,Ohio River
WV,Mountaineer,2024,8,Conventional Steam Coal,628124.0,6350462.0,153.438,277.0,244.0,27.0,24.0,744.0,19.0,Fresh,Surface,Ohio River,Ohio River
WV,Mountaineer,2024,9,Conventional Steam Coal,85920.0,709531.0,3.569,47.0,42.0,6.0,5.0,122.0,19.0,Fresh,Surface,Ohio River,Ohio River
WV,Mountaineer,2024,12,Conventional Steam Coal,256130.0,2880333.0,28.277,125.0,110.0,11.0,10.0,333.0,19.0,Fresh,Surface,Ohio River,Ohio River
ND,Antelope Valley,2024,1,Conventional Steam Coal,266253.0,3063525.0,129.051,485.0,485.0,42.0,42.0,693.0,67.0,Fresh,Surface,Lake Sakakawea,Lake Sakakawea
ND,Antelope Valley,2024,2,Conventional Steam Coal,233117.0,2710880.0,117.614,505.0,505.0,43.0,43.0,612.0,67.0,Fresh,Surface,Lake Sakakawea,Lake Sakakawea
ND,Antelope Valley,2024,3,Conventional Steam Coal,242394.0,2917593.0,122.183,504.0,504.0,42.0,42.0,688.0,67.0,Fresh,Surface,Lake Sakakawea,Lake Sakakawea
ND,Antelope Valley,2024,4,Conventional Steam Coal,17032.0,258237.0,9.291,546.0,546.0,36.0,36.0,62.0,67.0,Fresh,Surface,Lake Sakakawea,Lake Sakakawea
ND,Antelope Valley,2024,6,Conventional Steam Coal,173395.0,1925406.0,110.72,639.0,639.0,58.0,58.0,424.0,67.0,Fresh,Surface,Lake Sakakawea,Lake Sakakawea
ND,Antelope Valley,2024,7,Conventional Steam Coal,213878.0,2427760.0,130.246,609.0,609.0,54.0,54.0,562.0,67.0,Fresh,Surface,Lake Sakakawea,Lake Sakakawea
ND,Antelope Valley,2024,8,Conventional Steam Coal,237234.0,2658886.0,144.52,609.0,609.0,54.0,54.0,621.0,67.0,Fresh,Surface,Lake Sakakawea,Lake Sakakawea
ND,Antelope Valley,2024,9,Conventional Steam Coal,252801.0,2734304.0,154.954,613.0,613.0,57.0,57.0,712.0,67.0,Fresh,Surface,Lake Sakakawea,Lake Sakakawea
ND,Antelope Valley,2024,10,Conventional Steam Coal,223627.0,2599349.0,128.13,573.0,573.0,49.0,49.0,650.0,67.0,Fresh,Surface,Lake Sakakawea,Lake Sakakawea
ND,Antelope Valley,2024,11,Conventional Steam Coal,234165.0,2820059.0,120.375,514.0,514.0,43.0,43.0,671.0,67.0,Fresh,Surface,Lake Sakakawea,Lake Sakakawea
ND,Antelope Valley,2024,12,Conventional Steam Coal,195603.0,2169085.0,96.106,491.0,491.0,44.0,44.0,539.0,67.0,Fresh,Surface,Lake Sakakawea,Lake Sakakawea
ND,Antelope Valley,2024,1,Conventional Steam Coal,286744.0,3119700.0,137.089,478.0,478.0,44.0,44.0,744.0,67.0,Fresh,Surface,Lake Sakakawea,Lake Sakakawea
ND,Antelope Valley,2024,2,Conventional Steam Coal,225985.0,2430633.0,112.686,499.0,499.0,46.0,46.0,618.0,67.0,Fresh,Surface,Lake Sakakawea,Lake Sakakawea
ND,Antelope Valley,2024,3,Conventional Steam Coal,218693.0,2532481.0,108.917,498.0,498.0,43.0,43.0,640.0,67.0,Fresh,Surface,Lake Sakakawea,Lake Sakakawea
ND,Antelope Valley,2024,4,Conventional Steam Coal,219175.0,2241348.0,119.044,543.0,543.0,53.0,53.0,720.0,67.0,Fresh,Surface,Lake Sakakawea,Lake Sakakawea
ND,Antelope Valley,2024,5,Conventional Steam Coal,257664.0,2819602.0,147.24,571.0,571.0,52.0,52.0,715.0,67.0,Fresh,Surface,Lake Sakakawea,Lake Sakakawea
ND,Antelope Valley,2024,6,Conventional Steam Coal,141504.0,1723147.0,90.37,639.0,639.0,52.0,52.0,437.0,67.0,Fresh,Surface,Lake Sakakawea,Lake Sakakawea
ND,Antelope Valley,2024,7,Conventional Steam Coal,289612.0,3090243.0,174.424,602.0,602.0,56.0,56.0,744.0,67.0,Fresh,Surface,Lake Sakakawea,Lake Sakakawea
ND,Antelope Valley,2024,8,Conventional Steam Coal,251722.0,2774977.0,151.81,603.0,603.0,55.0,55.0,666.0,67.0,Fresh,Surface,Lake Sakakawea,Lake Sakakawea
ND,Antelope Valley,2024,9,Conventional Steam Coal,236886.0,2529742.0,143.896,607.0,607.0,57.0,57.0,678.0,67.0,Fresh,Surface,Lake Sakakawea,Lake Sakakawea
ND,Antelope Valley,2024,10,Conventional Steam Coal,252530.0,2827710.0,143.39,568.0,568.0,51.0,51.0,744.0,67.0,Fresh,Surface,Lake Sakakawea,Lake Sakakawea
ND,Antelope Valley,2024,11,Conventional Steam Coal,236759.0,2656323.0,120.615,509.0,509.0,45.0,45.0,694.0,67.0,Fresh,Surface,Lake Sakakawea,Lake Sakakawea
ND,Antelope Valley,2024,12,Conventional Steam Coal,300007.0,3313464.0,145.184,484.0,484.0,44.0,44.0,744.0,67.0,Fresh,Surface,Lake Sakakawea,Lake Sakakawea
UT,Intermountain Power Project,2024,1,Conventional Steam Coal,287109.0,2982263.0,420.4,1464.0,1464.0,141.0,141.0,744.0,20.0,Fresh,Surface,DMAD Reservoir,none (zero discharge)
UT,Intermountain Power Project,2024,2,Conventional Steam Coal,219534.0,2386543.0,124.4,567.0,567.0,52.0,52.0,672.0,20.0,Fresh,Surface,DMAD Reservoir,none (zero discharge)
UT,Intermountain Power Project,2024,3,Conventional Steam Coal,226858.0,2313399.0,25.5,112.0,112.0,11.0,11.0,744.0,20.0,Fresh,Surface,DMAD Reservoir,none (zero discharge)
UT,Intermountain Power Project,2024,6,Conventional Steam Coal,47858.0,554161.0,18.8,393.0,393.0,34.0,34.0,139.0,20.0,Fresh,Surface,DMAD Reservoir,none (zero discharge)
UT,Intermountain Power Project,2024,7,Conventional Steam Coal,286311.0,2955341.0,118.6,414.0,414.0,40.0,40.0,358.0,20.0,Fresh,Surface,DMAD Reservoir,none (zero discharge)
UT,Intermountain Power Project,2024,8,Conventional Steam Coal,323817.0,3179393.0,53.4,165.0,165.0,17.0,17.0,395.0,20.0,Fresh,Surface,DMAD Reservoir,none (zero discharge)
UT,Intermountain Power Project,2024,9,Conventional Steam Coal,407935.0,3903852.0,352.1,863.0,863.0,90.0,90.0,354.0,20.0,Fresh,Surface,DMAD Reservoir,none (zero discharge)
UT,Intermountain Power Project,2024,10,Conventional Steam Coal,411454.0,3941969.0,260.3,633.0,633.0,66.0,66.0,371.0,20.0,Fresh,Surface,DMAD Reservoir,none (zero discharge)
UT,Intermountain Power Project,2024,11,Conventional Steam Coal,372732.0,3694514.0,192.5,516.0,516.0,52.0,52.0,367.0,20.0,Fresh,Surface,DMAD Reservoir,none (zero discharge)
UT,Intermountain Power Project,2024,12,Conventional Steam Coal,410931.0,3859958.0,239.0,582.0,582.0,62.0,62.0,375.0,20.0,Fresh,Surface,DMAD Reservoir,none (zero discharge)
UT,Intermountain Power Project,2024,4,Conventional Steam Coal,161580.0,1603115.0,282.6,1749.0,1749.0,176.0,176.0,476.0,20.0,Fresh,Surface,DMAD Reservoir,none (zero discharge)
UT,Intermountain Power Project,2024,5,Conventional Steam Coal,219420.0,2219249.0,101.3,462.0,462.0,46.0,46.0,744.0,20.0,Fresh,Surface,DMAD Reservoir,none (zero discharge)
UT,Intermountain Power Project,2024,6,Conventional Steam Coal,219309.0,2237194.0,78.9,360.0,360.0,35.0,35.0,581.0,20.0,Fresh,Surface,DMAD Reservoir,none (zero discharge)
UT,Intermountain Power Project,2024,7,Conventional Steam Coal,305722.0,3168893.0,126.5,414.0,414.0,40.0,40.0,382.0,20.0,Fresh,Surface,DMAD Reservoir,none (zero discharge)
UT,Intermountain Power Project,2024,8,Conventional Steam Coal,283693.0,2843616.0,47.3,167.0,167.0,17.0,17.0,333.0,20.0,Fresh,Surface,DMAD Reservoir,none (zero discharge)
UT,Intermountain Power Project,2024,9,Conventional Steam Coal,412111.0,3960388.0,357.4,867.0,867.0,90.0,90.0,363.0,20.0,Fresh,Surface,DMAD Reservoir,none (zero discharge)
UT,Intermountain Power Project,2024,10,Conventional Steam Coal,410650.0,3953822.0,260.5,634.0,634.0,66.0,66.0,372.0,20.0,Fresh,Surface,DMAD Reservoir,none (zero discharge)
UT,Intermountain Power Project,2024,11,Conventional Steam Coal,353804.0,3545953.0,183.9,520.0,520.0,52.0,52.0,343.0,20.0,Fresh,Surface,DMAD Reservoir,none (zero discharge)
UT,Intermountain Power Project,2024,12,Conventional Steam Coal,380628.0,3810407.0,235.2,618.0,618.0,62.0,62.0,365.0,20.0,Fresh,Surface,DMAD Reservoir,none (zero discharge)
KY,R D Green,2024,2,Natural Gas Steam Turbine,17163.0,241387.0,8.51,496.0,496.0,35.0,35.0,181.0,10.0,Fresh,Surface,Green River,Green River
KY,R D Green,2024,3,Natural Gas Steam Turbine,25589.0,328969.0,15.39,601.0,601.0,47.0,47.0,271.0,10.0,Fresh,Surface,Green River,Green River
KY,R D Green,2024,4,Natural Gas Steam Turbine,70669.0,809374.0,41.28,584.0,584.0,51.0,51.0,488.0,10.0,Fresh,Surface,Green River,Green River
KY,R D Green,2024,5,Natural Gas Steam Turbine,72581.0,861922.0,47.19,650.0,650.0,55.0,55.0,512.0,10.0,Fresh,Surface,Green River,Green River
KY,R D Green,2024,6,Natural Gas Steam Turbine,28558.0,371572.0,22.64,793.0,793.0,61.0,61.0,284.0,10.0,Fresh,Surface,Green River,Green River
KY,R D Green,2024,7,Natural Gas Steam Turbine,43767.0,585748.0,29.74,680.0,680.0,51.0,51.0,355.0,10.0,Fresh,Surface,Green River,Green River
KY,R D Green,2024,8,Natural Gas Steam Turbine,48166.0,517604.0,38.77,805.0,805.0,75.0,75.0,334.0,10.0,Fresh,Surface,Green River,Green River
KY,R D Green,2024,9,Natural Gas Steam Turbine,42710.0,551127.0,28.97,678.0,678.0,53.0,53.0,358.0,10.0,Fresh,Surface,Green River,Green River
KY,R D Green,2024,10,Natural Gas Steam Turbine,20502.0,289568.0,14.38,701.0,701.0,50.0,50.0,245.0,10.0,Fresh,Surface,Green River,Green River
KY,R D Green,2024,11,Natural Gas Steam Turbine,2747.0,61457.0,2.49,906.0,906.0,41.0,41.0,52.0,10.0,Fresh,Surface,Green River,Green River
KY,R D Green,2024,12,Natural Gas Steam Turbine,14124.0,223859.0,8.2,581.0,581.0,37.0,37.0,206.0,10.0,Fresh,Surface,Green River,Green River
KY,R D Green,2024,2,Natural Gas Steam Turbine,7968.0,131731.0,5.94,745.0,745.0,45.0,45.0,108.0,10.0,Fresh,Surface,Green River,Green River
KY,R D Green,2024,3,Natural Gas Steam Turbine,20824.0,291923.0,15.58,748.0,748.0,53.0,53.0,242.0,10.0,Fresh,Surface,Green River,Green River
KY,R D Green,2024,4,Natural Gas Steam Turbine,23640.0,341770.0,41.28,1746.0,1746.0,121.0,121.0,218.0,10.0,Fresh,Surface,Green River,Green River
KY,R D Green,2024,5,Natural Gas Steam Turbine,62933.0,783981.0,46.79,743.0,743.0,60.0,60.0,492.0,10.0,Fresh,Surface,Green River,Green River
KY,R D Green,2024,6,Natural Gas Steam Turbine,25544.0,349305.0,19.91,779.0,779.0,57.0,57.0,259.0,10.0,Fresh,Surface,Green River,Green River
KY,R D Green,2024,7,Natural Gas Steam Turbine,30813.0,381342.0,23.64,767.0,767.0,62.0,62.0,290.0,10.0,Fresh,Surface,Green River,Green River
KY,R D Green,2024,8,Natural Gas Steam Turbine,43632.0,525322.0,32.1,736.0,736.0,61.0,61.0,315.0,10.0,Fresh,Surface,Green River,Green River
KY,R D Green,2024,9,Natural Gas Steam Turbine,32101.0,422591.0,28.77,896.0,896.0,68.0,68.0,287.0,10.0,Fresh,Surface,Green River,Green River
KY,R D Green,2024,10,Natural Gas Steam Turbine,16872.0,249997.0,4.61,273.0,273.0,18.0,18.0,205.0,10.0,Fresh,Surface,Green River,Green River
KY,R D Green,2024,11,Natural Gas Steam Turbine,11931.0,170661.0,9.06,759.0,759.0,53.0,53.0,107.0,10.0,Fresh,Surface,Green River,Green River
KY,R D Green,2024,12,Natural Gas Steam Turbine,15986.0,245208.0,10.77,674.0,674.0,44.0,44.0,195.0,10.0,Fresh,Surface,Green River,Green River
AR,Independence Steam Electric Station,2024,1,Conventional Steam Coal,756962.0,7855728.0,77.528,191.0,102.0,18.0,10.0,671.0,,Fresh,Surface,White River,White River
AR,Independence Steam Electric Station,2024,2,Conventional Steam Coal,590119.0,6290011.0,3.493,240.0,6.0,22.0,1.0,696.0,,Fresh,Surface,White River,White River
AR,Independence Steam Electric Station,2024,3,Conventional Steam Coal,179210.0,1861539.0,1.744,394.0,10.0,38.0,1.0,365.0,,Fresh,Surface,White River,White River
AR,Independence Steam Electric Station,2024,5,Conventional Steam Coal,421183.0,4620714.0,161.89,432.0,384.0,39.0,35.0,618.0,,Fresh,Surface,White River,White River
AR,Independence Steam Electric Station,2024,6,Conventional Steam Coal,691771.0,7424278.0,349.701,589.0,506.0,55.0,47.0,720.0,,Fresh,Surface,White River,White River
AR,Independence Steam Electric Station,2024,7,Conventional Steam Coal,666820.0,7234077.0,334.038,590.0,501.0,54.0,46.0,744.0,,Fresh,Surface,White River,White River
AR,Independence Steam Electric Station,2024,8,Conventional Steam Coal,568596.0,6196401.0,311.381,650.0,548.0,60.0,50.0,744.0,,Fresh,Surface,White River,White River
AR,Independence Steam Electric Station,2024,9,Conventional Steam Coal,478153.0,5136411.0,215.468,535.0,451.0,50.0,42.0,720.0,,Fresh,Surface,White River,White River
AR,Independence Steam Electric Station,2024,10,Conventional Steam Coal,467138.0,4997469.0,101.653,493.0,218.0,46.0,20.0,680.0,,Fresh,Surface,White River,White River
AR,Independence Steam Electric Station,2024,11,Conventional Steam Coal,33005.0,364820.0,0.616,756.0,19.0,68.0,2.0,99.0,,Fresh,Surface,White River,White River
AR,Independence Steam Electric Station,2024,12,Conventional Steam Coal,557978.0,5851053.0,269.649,501.0,483.0,48.0,46.0,695.0,,Fresh,Surface,White River,White River
IA,Louisa,2024,1,Conventional Steam Coal,423884.0,4440426.0,84.966,226.0,200.0,22.0,19.0,730.0,,Fresh,Ground,Wells,Mississippi
IA,Louisa,2024,2,Conventional Steam Coal,136065.0,1534877.0,24.798,222.0,182.0,20.0,16.0,367.0,,Fresh,Ground,Wells,Mississippi
IA,Louisa,2024,3,Conventional Steam Coal,14249.0,273848.0,2.644,292.0,186.0,15.0,10.0,99.0,,Fresh,Ground,Wells,Mississippi
IA,Louisa,2024,4,Conventional Steam Coal,25779.0,389520.0,4.957,257.0,192.0,17.0,13.0,107.0,,Fresh,Ground,Wells,Mississippi
IA,Louisa,2024,5,Conventional Steam Coal,152743.0,1711956.0,35.537,271.0,233.0,24.0,21.0,407.0,,Fresh,Ground,Wells,Mississippi
IA,Louisa,2024,6,Conventional Steam Coal,183961.0,2046882.0,45.187,285.0,246.0,26.0,22.0,471.0,,Fresh,Ground,Wells,Mississippi
IA,Louisa,2024,7,Conventional Steam Coal,355378.0,3821604.0,95.347,302.0,268.0,28.0,25.0,725.0,,Fresh,Ground,Wells,Mississippi
IA,Louisa,2024,8,Conventional Steam Coal,302358.0,3342385.0,114.93,401.0,380.0,36.0,34.0,664.0,,Fresh,Ground,Wells,Mississippi
IA,Louisa,2024,9,Conventional Steam Coal,263374.0,2814322.0,22.653,119.0,86.0,11.0,8.0,540.0,,Fresh,Ground,Wells,Mississippi
IA,Louisa,2024,10,Conventional Steam Coal,243755.0,2658108.0,56.0,262.0,230.0,24.0,21.0,586.0,,Fresh,Ground,Wells,Mississippi
IA,Louisa,2024,11,Conventional Steam Coal,228826.0,2541704.0,41.776,217.0,183.0,20.0,16.0,484.0,,Fresh,Ground,Wells,Mississippi
IA,Louisa,2024,12,Conventional Steam Coal,391608.0,4111907.0,97.463,279.0,249.0,27.0,24.0,712.0,,Fresh,Ground,Wells,Mississippi
CO,Rawhide,2024,1,Conventional Steam Coal,133269.0,1342030.0,93.0,54619.0,698.0,5424.0,69.0,744.0,27.0,Reclaimed,Discharge,Municipal,Hamilton Reservoir
CO,Rawhide,2024,2,Conventional Steam Coal,89655.0,957853.0,84.0,75419.0,937.0,7059.0,88.0,672.0,27.0,Reclaimed,Discharge,Municipal,Hamilton Reservoir
CO,Rawhide,2024,3,Conventional Steam Coal,70894.0,784188.0,93.0,105454.0,1312.0,9534.0,119.0,743.0,27.0,Reclaimed,Discharge,Municipal,Hamilton Reservoir
CO,Rawhide,2024,4,Conventional Steam Coal,81947.0,875305.0,90.0,88406.0,1098.0,8277.0,103.0,720.0,27.0,Reclaimed,Discharge,Municipal,Hamilton Reservoir
CO,Rawhide,2024,5,Conventional Steam Coal,100416.0,1035801.0,93.0,74551.0,926.0,7227.0,90.0,744.0,27.0,Reclaimed,Discharge,Municipal,Hamilton Reservoir
CO,Rawhide,2024,6,Conventional Steam Coal,84518.0,902550.0,90.0,85717.0,1065.0,8027.0,100.0,720.0,27.0,Reclaimed,Discharge,Municipal,Hamilton Reservoir
CO,Rawhide,2024,7,Conventional Steam Coal,119125.0,1225520.0,93.0,62843.0,781.0,6109.0,76.0,744.0,27.0,Reclaimed,Discharge,Municipal,Hamilton Reservoir
CO,Rawhide,2024,8,Conventional Steam Coal,103503.0,1103720.0,93.0,72154.0,899.0,6766.0,84.0,744.0,27.0,Reclaimed,Discharge,Municipal,Hamilton Reservoir
CO,Rawhide,2024,9,Conventional Steam Coal,89094.0,951980.0,90.0,81315.0,1010.0,7610.0,95.0,720.0,27.0,Reclaimed,Discharge,Municipal,Hamilton Reservoir
CO,Rawhide,2024,10,Conventional Steam Coal,76002.0,812671.0,93.0,80808.0,1224.0,7557.0,114.0,697.0,27.0,Reclaimed,Discharge,Municipal,Hamilton Reservoir
CO,Rawhide,2024,11,Conventional Steam Coal,103482.0,1100485.0,90.0,70009.0,870.0,6583.0,82.0,720.0,27.0,Reclaimed,Discharge,Municipal,Hamilton Reservoir
CO,Rawhide,2024,12,Conventional Steam Coal,110448.0,1160957.0,93.0,67780.0,842.0,6448.0,80.0,744.0,27.0,Reclaimed,Discharge,Municipal,Hamilton Reservoir
MO,Sikeston Power Station,2024,1,Conventional Steam Coal,162004.0,1715542.0,64.17,674.0,396.0,64.0,37.0,744.0,,Fresh,Ground,WELLS,Richland Drainage ditch
MO,Sikeston Power Station,2024,2,Conventional Steam Coal,125572.0,1352250.0,52.64,749.0,419.0,70.0,39.0,672.0,,Fresh,Ground,WELLS,Richland Drainage ditch
MO,Sikeston Power Station,2024,3,Conventional Steam Coal,128722.0,1328358.0,54.25,727.0,421.0,70.0,41.0,744.0,,Fresh,Ground,WELLS,Richland Drainage ditch
MO,Sikeston Power Station,2024,4,Conventional Steam Coal,110493.0,1147735.0,52.78,788.0,478.0,76.0,46.0,624.0,,Fresh,Ground,WELLS,Richland Drainage ditch
MO,Sikeston Power Station,2024,5,Conventional Steam Coal,27801.0,333339.0,12.4,1024.0,446.0,85.0,37.0,192.0,,Fresh,Ground,WELLS,Richland Drainage ditch
MO,Sikeston Power Station,2024,6,Conventional Steam Coal,118173.0,1293929.0,48.9,726.0,414.0,66.0,38.0,720.0,,Fresh,Ground,WELLS,Richland Drainage ditch
MO,Sikeston Power Station,2024,7,Conventional Steam Coal,146129.0,1565866.0,88.97,1139.0,609.0,106.0,57.0,744.0,,Fresh,Ground,WELLS,Richland Drainage ditch
MO,Sikeston Power Station,2024,8,Conventional Steam Coal,124625.0,1346332.0,78.43,1094.0,629.0,101.0,58.0,744.0,,Fresh,Ground,WELLS,Richland Drainage ditch
MO,Sikeston Power Station,2024,9,Conventional Steam Coal,140237.0,1491986.0,64.8,913.0,462.0,86.0,43.0,720.0,,Fresh,Ground,WELLS,Richland Drainage ditch
MO,Sikeston Power Station,2024,10,Conventional Steam Coal,140715.0,1482737.0,106.64,1287.0,758.0,122.0,72.0,744.0,,Fresh,Ground,WELLS,Richland Drainage ditch
MO,Sikeston Power Station,2024,11,Conventional Steam Coal,135397.0,1418213.0,68.4,857.0,505.0,82.0,48.0,720.0,,Fresh,Ground,WELLS,Richland Drainage ditch
MO,Sikeston Power Station,2024,12,Conventional Steam Coal,154930.0,1637250.0,92.69,990.0,598.0,94.0,57.0,744.0,,Fresh,Ground,WELLS,Richland Drainage ditch
OK,Hugo,2024,1,Conventional Steam Coal,160314.0,1786061.0,82.58,692.0,515.0,62.0,46.0,744.0,10.0,Fresh,Surface,Kiamichi River,Red River
OK,Hugo,2024,2,Conventional Steam Coal,75438.0,872525.0,91.978,1505.0,1219.0,130.0,105.0,696.0,10.0,Fresh,Surface,Kiamichi River,Red River
OK,Hugo,2024,3,Conventional Steam Coal,40939.0,468066.0,94.327,2983.0,2304.0,261.0,202.0,744.0,10.0,Fresh,Surface,Kiamichi River,Red River
OK,Hugo,2024,4,Conventional Steam Coal,184098.0,2103251.0,127.157,900.0,691.0,79.0,60.0,720.0,10.0,Fresh,Surface,Kiamichi River,Red River
OK,Hugo,2024,5,Conventional Steam Coal,155652.0,1856386.0,137.927,1115.0,886.0,94.0,74.0,744.0,10.0,Fresh,Surface,Kiamichi River,Red River
OK,Hugo,2024,6,Conventional Steam Coal,194912.0,2286722.0,146.553,992.0,752.0,85.0,64.0,720.0,10.0,Fresh,Surface,Kiamichi River,Red River
OK,Hugo,2024,7,Conventional Steam Coal,151217.0,1742801.0,155.879,1149.0,1031.0,100.0,89.0,744.0,10.0,Fresh,Surface,Kiamichi River,Red River
OK,Hugo,2024,8,Conventional Steam Coal,153540.0,1703919.0,165.522,1087.0,1078.0,98.0,97.0,744.0,10.0,Fresh,Surface,Kiamichi River,Red River
OK,Hugo,2024,9,Conventional Steam Coal,38719.0,433812.0,101.497,2987.0,2621.0,267.0,234.0,720.0,10.0,Fresh,Surface,Kiamichi River,Red River
OK,Hugo,2024,10,Conventional Steam Coal,28905.0,318867.0,134.365,4690.0,4649.0,425.0,421.0,744.0,10.0,Fresh,Surface,Kiamichi River,Red River
OK,Hugo,2024,11,Conventional Steam Coal,105937.0,1187433.0,117.363,1333.0,1108.0,119.0,99.0,720.0,10.0,Fresh,Surface,Kiamichi River,Red River
OK,Hugo,2024,12,Conventional Steam Coal,116417.0,1256000.0,113.789,1269.0,977.0,118.0,91.0,744.0,10.0,Fresh,Surface,Kiamichi River,Red River
KY,D B Wilson,2024,1,Conventional Steam Coal,284531.0,3077546.0,134.172,657.0,472.0,61.0,44.0,722.0,9.0,Fresh,Surface,Green River,Green River
KY,D B Wilson,2024,2,Conventional Steam Coal,217804.0,2404672.0,109.053,702.0,501.0,64.0,45.0,630.0,9.0,Fresh,Surface,Green River,Green River
KY,D B Wilson,2024,3,Conventional Steam Coal,85265.0,955480.0,57.185,1194.0,671.0,107.0,60.0,257.0,9.0,Fresh,Surface,Green River,Green River
KY,D B Wilson,2024,4,Conventional Steam Coal,133980.0,1524611.0,93.153,977.0,695.0,86.0,61.0,425.0,9.0,Fresh,Surface,Green River,Green River
KY,D B Wilson,2024,5,Conventional Steam Coal,258014.0,2880143.0,143.412,711.0,556.0,64.0,50.0,688.0,9.0,Fresh,Surface,Green River,Green River
KY,D B Wilson,2024,6,Conventional Steam Coal,240450.0,2642397.0,160.427,821.0,667.0,75.0,61.0,650.0,9.0,Fresh,Surface,Green River,Green River
KY,D B Wilson,2024,7,Conventional Steam Coal,276377.0,2992129.0,142.9,657.0,517.0,61.0,48.0,744.0,9.0,Fresh,Surface,Green River,Green River
KY,D B Wilson,2024,8,Conventional Steam Coal,251711.0,2735555.0,134.054,665.0,533.0,61.0,49.0,713.0,9.0,Fresh,Surface,Green River,Green River
KY,D B Wilson,2024,9,Conventional Steam Coal,203028.0,2217712.0,127.469,835.0,628.0,76.0,57.0,567.0,9.0,Fresh,Surface,Green River,Green River
KY,D B Wilson,2024,11,Conventional Steam Coal,256130.0,2776920.0,38.495,200.0,150.0,18.0,14.0,715.0,9.0,Fresh,Surface,Green River,Green River
KY,D B Wilson,2024,12,Conventional Steam Coal,61570.0,696179.0,51.207,1537.0,832.0,136.0,74.0,169.0,9.0,Fresh,Surface,Green River,Green River
TX,Major Oak Power,2024,1,Conventional Steam Coal,80032.0,981138.0,50.5,826.0,631.0,67.0,51.0,744.0,,Fresh,Ground,Wells,B-Creek
TX,Major Oak Power,2024,2,Conventional Steam Coal,61255.0,831182.0,47.2,1009.0,771.0,74.0,57.0,696.0,,Fresh,Ground,Wells,B-Creek
TX,Major Oak Power,2024,3,Conventional Steam Coal,73606.0,1049207.0,50.4,895.0,685.0,63.0,48.0,743.0,,Fresh,Ground,Wells,B-Creek
TX,Major Oak Power,2024,4,Conventional Steam Coal,51368.0,642840.0,25.9,660.0,504.0,53.0,40.0,524.0,,Fresh,Ground,Wells,B-Creek
TX,Major Oak Power,2024,5,Conventional Steam Coal,62045.0,785881.0,28.3,598.0,456.0,47.0,36.0,557.0,,Fresh,Ground,Wells,B-Creek
TX,Major Oak Power,2024,6,Conventional Steam Coal,102361.0,1240216.0,48.9,625.0,478.0,52.0,39.0,720.0,,Fresh,Ground,Wells,B-Creek
TX,Major Oak Power,2024,7,Conventional Steam Coal,102253.0,1204569.0,50.5,646.0,494.0,55.0,42.0,744.0,,Fresh,Ground,Wells,B-Creek
TX,Major Oak Power,2024,8,Conventional Steam Coal,107353.0,1258712.0,50.5,616.0,470.0,53.0,40.0,744.0,,Fresh,Ground,Wells,B-Creek
TX,Major Oak Power,2024,9,Conventional Steam Coal,101056.0,1203522.0,48.9,633.0,484.0,53.0,41.0,720.0,,Fresh,Ground,Wells,B-Creek
TX,Major Oak Power,2024,10,Conventional Steam Coal,104625.0,1240944.0,50.5,632.0,483.0,53.0,41.0,744.0,,Fresh,Ground,Wells,B-Creek
TX,Major Oak Power,2024,11,Conventional Steam Coal,95894.0,1173319.0,49.0,669.0,511.0,55.0,42.0,720.0,,Fresh,Ground,Wells,B-Creek
TX,Major Oak Power,2024,12,Conventional Steam Coal,105105.0,1202301.0,50.5,629.0,480.0,55.0,42.0,744.0,,Fresh,Ground,Wells,B-Creek
TX,Major Oak Power,2024,1,Conventional Steam Coal,79332.0,958540.0,50.5,833.0,637.0,69.0,53.0,744.0,,Fresh,Ground,Wells,B-Creek
TX,Major Oak Power,2024,2,Conventional Steam Coal,51848.0,694279.0,35.5,895.0,685.0,67.0,51.0,603.0,,Fresh,Ground,Wells,B-Creek
TX,Major Oak Power,2024,4,Conventional Steam Coal,65257.0,811058.0,39.0,782.0,598.0,63.0,48.0,643.0,,Fresh,Ground,Wells,B-Creek
TX,Major Oak Power,2024,5,Conventional Steam Coal,97457.0,1175606.0,50.5,678.0,518.0,56.0,43.0,744.0,,Fresh,Ground,Wells,B-Creek
TX,Major Oak Power,2024,6,Conventional Steam Coal,98818.0,1180069.0,46.3,613.0,469.0,51.0,39.0,701.0,,Fresh,Ground,Wells,B-Creek
TX,Major Oak Power,2024,7,Conventional Steam Coal,103734.0,1245618.0,50.5,637.0,487.0,53.0,41.0,744.0,,Fresh,Ground,Wells,B-Creek
TX,Major Oak Power,2024,8,Conventional Steam Coal,108793.0,1252225.0,50.5,608.0,464.0,53.0,40.0,744.0,,Fresh,Ground,Wells,B-Creek
TX,Major Oak Power,2024,9,Conventional Steam Coal,101702.0,1197635.0,48.9,600.0,481.0,51.0,41.0,720.0,,Fresh,Ground,Wells,B-Creek
TX,Major Oak Power,2024,10,Conventional Steam Coal,105357.0,1219581.0,50.5,627.0,479.0,54.0,41.0,744.0,,Fresh,Ground,Wells,B-Creek
TX,Major Oak Power,2024,11,Conventional Steam Coal,95856.0,1152421.0,49.0,670.0,511.0,56.0,43.0,720.0,,Fresh,Ground,Wells,B-Creek
TX,Major Oak Power,2024,12,Conventional Steam Coal,105994.0,1182362.0,50.5,624.0,476.0,56.0,43.0,744.0,,Fresh,Ground,Wells,B-Creek
TX,J K Spruce,2024,2,Conventional Steam Coal,164763.0,1872846.0,114.452,89484.0,695.0,7872.0,61.0,696.0,36.0,Fresh,Surface,Calaveras Lake,Calaveras Lake
TX,J K Spruce,2024,3,Conventional Steam Coal,233867.0,2453184.0,53.477,67390.0,229.0,6424.0,22.0,744.0,36.0,Fresh,Surface,Calaveras Lake,Calaveras Lake
TX,J K Spruce,2024,4,Conventional Steam Coal,184108.0,2002084.0,276.724,82843.0,1503.0,7618.0,138.0,720.0,36.0,Fresh,Surface,Calaveras Lake,Calaveras Lake
TX,J K Spruce,2024,5,Conventional Steam Coal,123946.0,1406212.0,300.646,127155.0,2426.0,11208.0,214.0,744.0,36.0,Fresh,Surface,Calaveras Lake,Calaveras Lake
TX,J K Spruce,2024,6,Conventional Steam Coal,167936.0,1858386.0,338.848,90820.0,2018.0,8207.0,182.0,720.0,36.0,Fresh,Surface,Calaveras Lake,Calaveras Lake
TX,J K Spruce,2024,7,Conventional Steam Coal,185112.0,1932826.0,348.192,91135.0,1881.0,8728.0,180.0,744.0,36.0,Fresh,Surface,Calaveras Lake,Calaveras Lake
TX,J K Spruce,2024,8,Conventional Steam Coal,329099.0,3322897.0,519.076,57450.0,1577.0,5690.0,156.0,744.0,36.0,Fresh,Surface,Calaveras Lake,Calaveras Lake
TX,J K Spruce,2024,9,Conventional Steam Coal,285696.0,2927367.0,272.453,59132.0,954.0,5771.0,93.0,720.0,36.0,Fresh,Surface,Calaveras Lake,Calaveras Lake
TX,J K Spruce,2024,10,Conventional Steam Coal,164945.0,1700512.0,412.531,73257.0,2501.0,7106.0,243.0,600.0,36.0,Fresh,Surface,Calaveras Lake,Calaveras Lake
TX,J K Spruce,2024,11,Conventional Steam Coal,253429.0,2630575.0,488.553,60114.0,1928.0,5791.0,186.0,720.0,36.0,Fresh,Surface,Calaveras Lake,Calaveras Lake
TX,J K Spruce,2024,12,Conventional Steam Coal,255827.0,2615314.0,146.809,27168.0,574.0,2658.0,56.0,328.0,36.0,Fresh,Surface,Calaveras Lake,Calaveras Lake
TX,J K Spruce,2024,2,Conventional Steam Coal,164398.0,1664276.0,135.941,106521.0,827.0,10522.0,82.0,696.0,36.0,Fresh,Surface,Calaveras Lake,Calaveras Lake
TX,J K Spruce,2024,3,Conventional Steam Coal,362641.0,3553066.0,54.529,44315.0,150.0,4523.0,15.0,744.0,36.0,Fresh,Surface,Calaveras Lake,Calaveras Lake
TX,J K Spruce,2024,4,Conventional Steam Coal,254486.0,2622592.0,358.133,77564.0,1407.0,7527.0,137.0,720.0,36.0,Fresh,Surface,Calaveras Lake,Calaveras Lake
TX,J K Spruce,2024,5,Conventional Steam Coal,400715.0,4016822.0,408.746,53472.0,1020.0,5334.0,102.0,744.0,36.0,Fresh,Surface,Calaveras Lake,Calaveras Lake
TX,J K Spruce,2024,6,Conventional Steam Coal,368765.0,3687058.0,460.684,56231.0,1249.0,5624.0,125.0,720.0,36.0,Fresh,Surface,Calaveras Lake,Calaveras Lake
TX,J K Spruce,2024,7,Conventional Steam Coal,453303.0,4467887.0,442.245,47269.0,976.0,4796.0,99.0,744.0,36.0,Fresh,Surface,Calaveras Lake,Calaveras Lake
TX,J K Spruce,2024,8,Conventional Steam Coal,216907.0,2190636.0,579.577,97325.0,2672.0,9637.0,265.0,744.0,36.0,Fresh,Surface,Calaveras Lake,Calaveras Lake
TX,J K Spruce,2024,9,Conventional Steam Coal,303037.0,2991828.0,334.416,68427.0,1104.0,6931.0,112.0,720.0,36.0,Fresh,Surface,Calaveras Lake,Calaveras Lake
TX,J K Spruce,2024,10,Conventional Steam Coal,130646.0,1290748.0,269.912,60514.0,2066.0,6125.0,209.0,330.0,36.0,Fresh,Surface,Calaveras Lake,Calaveras Lake
TX,J K Spruce,2024,12,Conventional Steam Coal,366900.0,3603290.0,420.58,54270.0,1146.0,5526.0,117.0,703.0,36.0,Fresh,Surface,Calaveras Lake,Calaveras Lake
SC,Cope,2024,1,Natural Gas Steam Turbine,163336.0,1637959.0,76.459,522.0,468.0,52.0,47.0,744.0,6.0,Fresh,Ground,Wells,Edisto River
SC,Cope,2024,2,Natural Gas Steam Turbine,131607.0,1403038.0,58.243,506.0,443.0,47.0,42.0,696.0,6.0,Fresh,Ground,Wells,Edisto River
SC,Cope,2024,3,Natural Gas Steam Turbine,155154.0,1582456.0,70.749,529.0,456.0,52.0,45.0,672.0,6.0,Fresh,Ground,Wells,Edisto River
SC,Cope,2024,4,Natural Gas Steam Turbine,5553.0,86394.0,5.566,1188.0,1002.0,76.0,64.0,480.0,6.0,Fresh,Ground,Wells,Edisto River
SC,Cope,2024,5,Natural Gas Steam Turbine,162790.0,1632635.0,85.731,601.0,527.0,60.0,53.0,744.0,6.0,Fresh,Ground,Wells,Edisto River
SC,Cope,2024,6,Natural Gas Steam Turbine,137776.0,1485187.0,82.188,688.0,597.0,64.0,55.0,720.0,6.0,Fresh,Ground,Wells,Edisto River
SC,Cope,2024,7,Natural Gas Steam Turbine,154549.0,1564482.0,82.188,669.0,532.0,66.0,53.0,744.0,6.0,Fresh,Ground,Wells,Edisto River
SC,Cope,2024,8,Natural Gas Steam Turbine,160736.0,1606547.0,90.501,634.0,563.0,63.0,56.0,744.0,6.0,Fresh,Ground,Wells,Edisto River
SC,Cope,2024,9,Natural Gas Steam Turbine,99933.0,1109350.0,52.025,584.0,521.0,53.0,47.0,720.0,6.0,Fresh,Ground,Wells,Edisto River
SC,Cope,2024,10,Natural Gas Steam Turbine,209322.0,2079562.0,96.596,519.0,461.0,52.0,46.0,744.0,6.0,Fresh,Ground,Wells,Edisto River
SC,Cope,2024,11,Natural Gas Steam Turbine,160178.0,1613998.0,77.583,543.0,484.0,54.0,48.0,720.0,6.0,Fresh,Ground,Wells,Edisto River
SC,Cope,2024,12,Natural Gas Steam Turbine,125200.0,1293550.0,60.533,541.0,483.0,52.0,47.0,744.0,6.0,Fresh,Ground,Wells,Edisto River
VA,Clover,2024,1,Conventional Steam Coal,248452.0,2706545.0,16.848,82.0,68.0,8.0,6.0,468.0,,Fresh,Surface,Roanoke River,Roanoke River
VA,Clover,2024,2,Conventional Steam Coal,41315.0,498645.0,3.564,101.0,86.0,8.0,7.0,139.0,,Fresh,Surface,Roanoke River,Roanoke River
VA,Clover,2024,3,Conventional Steam Coal,64004.0,817344.0,2.772,64.0,43.0,5.0,3.0,232.0,,Fresh,Surface,Roanoke River,Roanoke River
VA,Clover,2024,4,Conventional Steam Coal,38552.0,454516.0,0.84,42.0,22.0,4.0,2.0,107.0,,Fresh,Surface,Roanoke River,Roanoke River
VA,Clover,2024,5,Conventional Steam Coal,92.0,1239.0,0.464,6707.0,5043.0,498.0,374.0,135.0,,Fresh,Surface,Roanoke River,Roanoke River
VA,Clover,2024,6,Conventional Steam Coal,121122.0,1396219.0,7.553,83.0,62.0,7.0,5.0,303.0,,Fresh,Surface,Roanoke River,Roanoke River
VA,Clover,2024,7,Conventional Steam Coal,122559.0,1398810.0,8.733,97.0,71.0,8.0,6.0,415.0,,Fresh,Surface,Roanoke River,Roanoke River
VA,Clover,2024,8,Conventional Steam Coal,81535.0,940554.0,3.575,74.0,44.0,6.0,4.0,228.0,,Fresh,Surface,Roanoke River,Roanoke River
VA,Clover,2024,10,Conventional Steam Coal,76535.0,842842.0,3.508,79.0,46.0,7.0,4.0,279.0,,Fresh,Surface,Roanoke River,Roanoke River
VA,Clover,2024,11,Conventional Steam Coal,372.0,6224.0,0.004,333.0,11.0,20.0,1.0,25.0,,Fresh,Surface,Roanoke River,Roanoke River
VA,Clover,2024,12,Conventional Steam Coal,108141.0,1239751.0,4.182,65.0,39.0,6.0,3.0,280.0,,Fresh,Surface,Roanoke River,Roanoke River
UT,Bonanza,2024,1,Conventional Steam Coal,298315.0,2993494.0,97.0,325.0,325.0,32.0,32.0,687.0,36.0,Fresh,Surface,Green River,
UT,Bonanza,2024,2,Conventional Steam Coal,268455.0,2710091.0,87.0,324.0,324.0,32.0,32.0,696.0,36.0,Fresh,Surface,Green River,
UT,Bonanza,2024,3,Conventional Steam Coal,264265.0,2661808.0,90.0,341.0,341.0,34.0,34.0,743.0,36.0,Fresh,Surface,Green River,
UT,Bonanza,2024,4,Conventional Steam Coal,213388.0,2274572.0,81.0,380.0,380.0,36.0,36.0,720.0,36.0,Fresh,Surface,Green River,
UT,Bonanza,2024,5,Conventional Steam Coal,196345.0,2100349.0,81.0,413.0,413.0,39.0,39.0,728.0,36.0,Fresh,Surface,Green River,
UT,Bonanza,2024,6,Conventional Steam Coal,225172.0,2222171.0,117.0,520.0,520.0,53.0,53.0,714.0,36.0,Fresh,Surface,Green River,
UT,Bonanza,2024,7,Conventional Steam Coal,298455.0,3229938.0,95.0,318.0,318.0,29.0,29.0,744.0,36.0,Fresh,Surface,Green River,
UT,Bonanza,2024,8,Conventional Steam Coal,267885.0,2803185.0,89.0,332.0,332.0,32.0,32.0,714.0,36.0,Fresh,Surface,Green River,
UT,Bonanza,2024,9,Conventional Steam Coal,278840.0,2890392.0,104.0,373.0,373.0,36.0,36.0,720.0,36.0,Fresh,Surface,Green River,
UT,Bonanza,2024,10,Conventional Steam Coal,311914.0,3514621.0,117.0,375.0,375.0,33.0,33.0,744.0,36.0,Fresh,Surface,Green River,
UT,Bonanza,2024,11,Conventional Steam Coal,286811.0,2999156.0,85.0,296.0,296.0,28.0,28.0,720.0,36.0,Fresh,Surface,Green River,
UT,Bonanza,2024,12,Conventional Steam Coal,309913.0,3296119.0,95.0,307.0,307.0,29.0,29.0,744.0,36.0,Fresh,Surface,Green River,
WI,Columbia (WI),2024,1,Conventional Steam Coal,321202.0,3399902.0,296.4,2579.0,923.0,244.0,87.0,744.0,5.0,Fresh,Surface,Wisconsin River,Wisconsin River
WI,Columbia (WI),2024,2,Conventional Steam Coal,160751.0,1740934.0,206.7,47852.0,1286.0,4418.0,119.0,696.0,5.0,Fresh,Surface,Wisconsin River,Wisconsin River
WI,Columbia (WI),2024,3,Conventional Steam Coal,161496.0,1782299.0,419.38,51137.0,2597.0,4634.0,235.0,744.0,5.0,Fresh,Surface,Wisconsin River,Wisconsin River
WI,Columbia (WI),2024,4,Conventional Steam Coal,86438.0,972566.0,106.435,50146.0,1231.0,4457.0,109.0,397.0,5.0,Fresh,Surface,Wisconsin River,Wisconsin River
WI,Columbia (WI),2024,5,Conventional Steam Coal,74901.0,870906.0,168.806,71578.0,2254.0,6156.0,194.0,582.0,5.0,Fresh,Surface,Wisconsin River,Wisconsin River
WI,Columbia (WI),2024,6,Conventional Steam Coal,182618.0,2023008.0,77.538,43763.0,425.0,3951.0,38.0,720.0,5.0,Fresh,Surface,Wisconsin River,Wisconsin River
WI,Columbia (WI),2024,7,Conventional Steam Coal,222284.0,2484746.0,263.5,37152.0,1185.0,3324.0,106.0,744.0,5.0,Fresh,Surface,Wisconsin River,Wisconsin River
WI,Columbia (WI),2024,8,Conventional Steam Coal,231131.0,2553815.0,232.2,35730.0,1005.0,3234.0,91.0,744.0,5.0,Fresh,Surface,Wisconsin River,Wisconsin River
WI,Columbia (WI),2024,9,Conventional Steam Coal,250732.0,2702608.0,279.6,31875.0,1115.0,2957.0,103.0,720.0,5.0,Fresh,Surface,Wisconsin River,Wisconsin River
WI,Columbia (WI),2024,10,Conventional Steam Coal,162251.0,1726441.0,268.966,39098.0,1658.0,3674.0,156.0,598.0,5.0,Fresh,Surface,Wisconsin River,Wisconsin River
WI,Columbia (WI),2024,11,Conventional Steam Coal,228593.0,2434868.0,174.0,34962.0,761.0,3282.0,71.0,720.0,5.0,Fresh,Surface,Wisconsin River,Wisconsin River
WI,Columbia (WI),2024,12,Conventional Steam Coal,252129.0,2688189.0,222.3,30201.0,882.0,2833.0,83.0,744.0,5.0,Fresh,Surface,Wisconsin River,Wisconsin River
WI,Columbia (WI),2024,1,Conventional Steam Coal,339732.0,3501111.0,296.4,2438.0,872.0,237.0,85.0,744.0,5.0,Fresh,Surface,Wisconsin River,Wisconsin River
WI,Columbia (WI),2024,2,Conventional Steam Coal,157712.0,1745139.0,206.7,48985.0,1311.0,4427.0,118.0,696.0,5.0,Fresh,Surface,Wisconsin River,Wisconsin River
WI,Columbia (WI),2024,3,Conventional Steam Coal,4211.0,65154.0,27.62,96212.0,6559.0,6218.0,424.0,49.0,5.0,Fresh,Surface,Wisconsin River,Wisconsin River
WI,Columbia (WI),2024,4,Conventional Steam Coal,93841.0,1072955.0,143.165,59971.0,1526.0,5245.0,133.0,534.0,5.0,Fresh,Surface,Wisconsin River,Wisconsin River
WI,Columbia (WI),2024,5,Conventional Steam Coal,184442.0,2041697.0,215.794,44775.0,1170.0,4045.0,106.0,744.0,5.0,Fresh,Surface,Wisconsin River,Wisconsin River
WI,Columbia (WI),2024,6,Conventional Steam Coal,142223.0,1603753.0,61.062,42106.0,429.0,3734.0,38.0,567.0,5.0,Fresh,Surface,Wisconsin River,Wisconsin River
WI,Columbia (WI),2024,7,Conventional Steam Coal,204698.0,2291711.0,246.5,36603.0,1204.0,3269.0,108.0,696.0,5.0,Fresh,Surface,Wisconsin River,Wisconsin River
WI,Columbia (WI),2024,8,Conventional Steam Coal,239740.0,2637860.0,232.2,34308.0,969.0,3118.0,88.0,744.0,5.0,Fresh,Surface,Wisconsin River,Wisconsin River
WI,Columbia (WI),2024,9,Conventional Steam Coal,262590.0,2810415.0,279.6,30435.0,1065.0,2844.0,99.0,720.0,5.0,Fresh,Surface,Wisconsin River,Wisconsin River
WI,Columbia (WI),2024,10,Conventional Steam Coal,240098.0,2544757.0,334.634,34396.0,1394.0,3245.0,131.0,744.0,5.0,Fresh,Surface,Wisconsin River,Wisconsin River
WI,Columbia (WI),2024,11,Conventional Steam Coal,243436.0,2559304.0,174.0,32830.0,715.0,3123.0,68.0,720.0,5.0,Fresh,Surface,Wisconsin River,Wisconsin River
WI,Columbia (WI),2024,12,Conventional Steam Coal,339899.0,3453996.0,222.3,24297.0,654.0,2391.0,64.0,744.0,5.0,Fresh,Surface,Wisconsin River,Wisconsin River
NC,Belews Creek,2024,1,Natural Gas Steam Turbine,454282.0,5608003.0,30.81,37683.0,68.0,3053.0,5.0,743.0,18.0,Fresh,Surface,Belews Lake,Belews Lake
NC,Belews Creek,2024,2,Natural Gas Steam Turbine,473762.0,4366826.0,28.86,33848.0,61.0,3672.0,7.0,696.0,18.0,Fresh,Surface,Belews Lake,Belews Lake
NC,Belews Creek,2024,3,Natural Gas Steam Turbine,391583.0,3578073.0,30.81,43717.0,79.0,4784.0,9.0,743.0,18.0,Fresh,Surface,Belews Lake,Belews Lake
NC,Belews Creek,2024,4,Natural Gas Steam Turbine,318887.0,3245615.0,27.468,47854.0,86.0,4702.0,8.0,685.0,18.0,Fresh,Surface,Belews Lake,Belews Lake
NC,Belews Creek,2024,5,Natural Gas Steam Turbine,568427.0,5723199.0,30.855,30156.0,54.0,2995.0,5.0,744.0,18.0,Fresh,Surface,Belews Lake,Belews Lake
NC,Belews Creek,2024,6,Natural Gas Steam Turbine,420392.0,4675841.0,26.528,35058.0,63.0,3152.0,6.0,641.0,18.0,Fresh,Surface,Belews Lake,Belews Lake
NC,Belews Creek,2024,7,Natural Gas Steam Turbine,707956.0,10164177.0,30.855,24213.0,44.0,1686.0,3.0,744.0,18.0,Fresh,Surface,Belews Lake,Belews Lake
NC,Belews Creek,2024,8,Natural Gas Steam Turbine,594848.0,2547668.0,30.855,28817.0,52.0,6728.0,12.0,744.0,18.0,Fresh,Surface,Belews Lake,Belews Lake
NC,Belews Creek,2024,9,Natural Gas Steam Turbine,411569.0,4188973.0,29.86,40306.0,73.0,3960.0,7.0,720.0,18.0,Fresh,Surface,Belews Lake,Belews Lake
NC,Belews Creek,2024,10,Natural Gas Steam Turbine,494449.0,4212335.0,30.855,34668.0,62.0,4069.0,7.0,744.0,18.0,Fresh,Surface,Belews Lake,Belews Lake
NC,Belews Creek,2024,11,Natural Gas Steam Turbine,416552.0,4279730.0,29.887,39861.0,72.0,3880.0,7.0,720.0,18.0,Fresh,Surface,Belews Lake,Belews Lake
NC,Belews Creek,2024,12,Natural Gas Steam Turbine,456595.0,4295839.0,30.855,37543.0,68.0,3990.0,7.0,744.0,18.0,Fresh,Surface,Belews Lake,Belews Lake
NC,Belews Creek,2024,1,Natural Gas Steam Turbine,515567.0,4460020.0,19.71,21242.0,38.0,2456.0,4.0,475.0,18.0,Fresh,Surface,Belews Lake,Belews Lake
NC,Belews Creek,2024,2,Natural Gas Steam Turbine,393998.0,3814155.0,28.99,40876.0,74.0,4222.0,8.0,696.0,18.0,Fresh,Surface,Belews Lake,Belews Lake
NC,Belews Creek,2024,6,Natural Gas Steam Turbine,487356.0,4508842.0,38.887,44329.0,80.0,4791.0,9.0,720.0,18.0,Fresh,Surface,Belews Lake,Belews Lake
NC,Belews Creek,2024,8,Natural Gas Steam Turbine,609434.0,9197081.0,41.14,37503.0,68.0,2485.0,4.0,744.0,18.0,Fresh,Surface,Belews Lake,Belews Lake
NC,Belews Creek,2024,9,Natural Gas Steam Turbine,556331.0,5338146.0,41.14,39758.0,74.0,4143.0,8.0,720.0,18.0,Fresh,Surface,Belews Lake,Belews Lake
NC,Belews Creek,2024,10,Natural Gas Steam Turbine,462914.0,5507616.0,38.265,45923.0,83.0,3860.0,7.0,744.0,18.0,Fresh,Surface,Belews Lake,Belews Lake
NC,Belews Creek,2024,11,Natural Gas Steam Turbine,70356.0,753566.0,29.708,234583.0,422.0,21902.0,39.0,720.0,18.0,Fresh,Surface,Belews Lake,Belews Lake
NC,Belews Creek,2024,12,Natural Gas Steam Turbine,397840.0,3904419.0,30.855,43087.0,78.0,4390.0,8.0,744.0,18.0,Fresh,Surface,Belews Lake,Belews Lake
WY,Jim Bridger,2024,4,Natural Gas Steam Turbine,80058.0,673089.0,51.172,639.0,639.0,76.0,76.0,353.0,8.0,Fresh,Surface,Green River,no discharge
WY,Jim Bridger,2024,5,Natural Gas Steam Turbine,81795.0,834487.0,51.355,628.0,628.0,62.0,62.0,428.0,8.0,Fresh,Surface,Green River,no discharge
WY,Jim Bridger,2024,6,Natural Gas Steam Turbine,178247.0,1471550.0,119.698,672.0,672.0,81.0,81.0,712.0,8.0,Fresh,Surface,Green River,no discharge
WY,Jim Bridger,2024,7,Natural Gas Steam Turbine,276234.0,2907003.0,174.71,632.0,632.0,60.0,60.0,740.0,8.0,Fresh,Surface,Green River,no discharge
WY,Jim Bridger,2024,8,Natural Gas Steam Turbine,278397.0,2874513.0,192.847,693.0,693.0,67.0,67.0,744.0,8.0,Fresh,Surface,Green River,no discharge
WY,Jim Bridger,2024,9,Natural Gas Steam Turbine,198020.0,2135503.0,111.867,565.0,565.0,52.0,52.0,694.0,8.0,Fresh,Surface,Green River,no discharge
WY,Jim Bridger,2024,10,Natural Gas Steam Turbine,96114.0,1149357.0,57.47,598.0,598.0,50.0,50.0,522.0,8.0,Fresh,Surface,Green River,no discharge
WY,Jim Bridger,2024,11,Natural Gas Steam Turbine,150656.0,1578351.0,66.569,442.0,442.0,42.0,42.0,720.0,8.0,Fresh,Surface,Green River,no discharge
WY,Jim Bridger,2024,12,Natural Gas Steam Turbine,199191.0,2109494.0,74.559,374.0,374.0,35.0,35.0,696.0,8.0,Fresh,Surface,Green River,no discharge
WY,Jim Bridger,2024,3,Natural Gas Steam Turbine,18976.0,212105.0,15.856,836.0,836.0,75.0,75.0,302.0,8.0,Fresh,Surface,Green River,no discharge
WY,Jim Bridger,2024,4,Natural Gas Steam Turbine,83482.0,676558.0,52.628,630.0,630.0,78.0,78.0,341.0,8.0,Fresh,Surface,Green River,no discharge
WY,Jim Bridger,2024,5,Natural Gas Steam Turbine,79526.0,913640.0,50.009,629.0,629.0,55.0,55.0,471.0,8.0,Fresh,Surface,Green River,no discharge
WY,Jim Bridger,2024,6,Natural Gas Steam Turbine,185408.0,1550334.0,122.566,661.0,661.0,79.0,79.0,716.0,8.0,Fresh,Surface,Green River,no discharge
WY,Jim Bridger,2024,7,Natural Gas Steam Turbine,281970.0,2945118.0,177.0,628.0,628.0,60.0,60.0,744.0,8.0,Fresh,Surface,Green River,no discharge
WY,Jim Bridger,2024,8,Natural Gas Steam Turbine,282617.0,2892853.0,194.077,687.0,687.0,67.0,67.0,744.0,8.0,Fresh,Surface,Green River,no discharge
WY,Jim Bridger,2024,9,Natural Gas Steam Turbine,202571.0,2083690.0,109.153,539.0,539.0,52.0,52.0,637.0,8.0,Fresh,Surface,Green River,no discharge
WY,Jim Bridger,2024,10,Natural Gas Steam Turbine,157775.0,1727570.0,86.381,547.0,547.0,50.0,50.0,744.0,8.0,Fresh,Surface,Green River,no discharge
WY,Jim Bridger,2024,11,Natural Gas Steam Turbine,156602.0,1677642.0,68.099,435.0,435.0,41.0,41.0,720.0,8.0,Fresh,Surface,Green River,no discharge
WY,Jim Bridger,2024,12,Natural Gas Steam Turbine,196107.0,2087836.0,73.793,376.0,376.0,35.0,35.0,744.0,8.0,Fresh,Surface,Green River,no discharge
WY,Jim Bridger,2024,1,Conventional Steam Coal,315202.0,3388197.0,188.422,598.0,598.0,56.0,56.0,744.0,8.0,Fresh,Surface,Green River,no discharge
WY,Jim Bridger,2024,2,Conventional Steam Coal,248480.0,2615490.0,120.924,487.0,487.0,46.0,46.0,696.0,8.0,Fresh,Surface,Green River,no discharge
WY,Jim Bridger,2024,3,Conventional Steam Coal,172368.0,2000236.0,111.65,648.0,648.0,56.0,56.0,744.0,8.0,Fresh,Surface,Green River,no discharge
WY,Jim Bridger,2024,4,Conventional Steam Coal,120510.0,1478912.0,85.024,706.0,706.0,57.0,57.0,720.0,8.0,Fresh,Surface,Green River,no discharge
WY,Jim Bridger,2024,5,Conventional Steam Coal,71648.0,1008675.0,55.287,772.0,772.0,55.0,55.0,646.0,8.0,Fresh,Surface,Green River,no discharge
WY,Jim Bridger,2024,6,Conventional Steam Coal,95733.0,1270932.0,80.132,837.0,837.0,63.0,63.0,720.0,8.0,Fresh,Surface,Green River,no discharge
WY,Jim Bridger,2024,7,Conventional Steam Coal,191556.0,2146399.0,129.008,673.0,673.0,60.0,60.0,744.0,8.0,Fresh,Surface,Green River,no discharge
WY,Jim Bridger,2024,8,Conventional Steam Coal,153893.0,1779525.0,119.466,776.0,776.0,67.0,67.0,744.0,8.0,Fresh,Surface,Green River,no discharge
WY,Jim Bridger,2024,9,Conventional Steam Coal,164660.0,1855257.0,97.216,590.0,590.0,52.0,52.0,621.0,8.0,Fresh,Surface,Green River,no discharge
WY,Jim Bridger,2024,10,Conventional Steam Coal,269863.0,2941561.0,146.979,545.0,545.0,50.0,50.0,729.0,8.0,Fresh,Surface,Green River,no discharge
WY,Jim Bridger,2024,11,Conventional Steam Coal,185101.0,2074402.0,82.319,445.0,445.0,40.0,40.0,720.0,8.0,Fresh,Surface,Green River,no discharge
WY,Jim Bridger,2024,12,Conventional Steam Coal,240551.0,2591586.0,92.331,384.0,384.0,36.0,36.0,660.0,8.0,Fresh,Surface,Green River,no discharge
WY,Jim Bridger,2024,1,Conventional Steam Coal,329078.0,3599865.0,200.221,608.0,608.0,56.0,56.0,744.0,8.0,Fresh,Surface,Green River,no discharge
WY,Jim Bridger,2024,2,Conventional Steam Coal,285017.0,3026282.0,140.005,491.0,491.0,46.0,46.0,695.0,8.0,Fresh,Surface,Green River,no discharge
WY,Jim Bridger,2024,3,Conventional Steam Coal,183252.0,2197041.0,122.862,670.0,670.0,56.0,56.0,744.0,8.0,Fresh,Surface,Green River,no discharge
WY,Jim Bridger,2024,4,Conventional Steam Coal,89270.0,1148661.0,66.006,739.0,739.0,57.0,57.0,583.0,8.0,Fresh,Surface,Green River,no discharge
WY,Jim Bridger,2024,5,Conventional Steam Coal,95595.0,1302037.0,71.359,746.0,746.0,55.0,55.0,732.0,8.0,Fresh,Surface,Green River,no discharge
WY,Jim Bridger,2024,6,Conventional Steam Coal,109135.0,1412210.0,89.04,816.0,816.0,63.0,63.0,720.0,8.0,Fresh,Surface,Green River,no discharge
WY,Jim Bridger,2024,7,Conventional Steam Coal,228825.0,2601917.0,156.321,683.0,683.0,60.0,60.0,744.0,8.0,Fresh,Surface,Green River,no discharge
WY,Jim Bridger,2024,8,Conventional Steam Coal,174982.0,2063077.0,138.469,791.0,791.0,67.0,67.0,744.0,8.0,Fresh,Surface,Green River,no discharge
WY,Jim Bridger,2024,9,Conventional Steam Coal,208036.0,2382713.0,124.879,600.0,600.0,52.0,52.0,720.0,8.0,Fresh,Surface,Green River,no discharge
WY,Jim Bridger,2024,10,Conventional Steam Coal,234906.0,2639708.0,131.721,561.0,561.0,50.0,50.0,662.0,8.0,Fresh,Surface,Green River,no discharge
WY,Jim Bridger,2024,11,Conventional Steam Coal,186373.0,2175679.0,86.352,463.0,463.0,40.0,40.0,720.0,8.0,Fresh,Surface,Green River,no discharge
WY,Jim Bridger,2024,12,Conventional Steam Coal,269005.0,3072492.0,109.281,406.0,406.0,36.0,36.0,744.0,8.0,Fresh,Surface,Green River,no discharge
UT,Huntington,2024,1,Conventional Steam Coal,115182.0,1308633.0,73.008,634.0,634.0,56.0,56.0,744.0,12.0,Fresh,Surface,Huntington Creek,no discharge
UT,Huntington,2024,2,Conventional Steam Coal,69982.0,935854.0,54.148,774.0,774.0,58.0,58.0,696.0,12.0,Fresh,Surface,Huntington Creek,no discharge
UT,Huntington,2024,3,Conventional Steam Coal,101488.0,1192165.0,104.076,1026.0,1026.0,87.0,87.0,744.0,12.0,Fresh,Surface,Huntington Creek,no discharge
UT,Huntington,2024,4,Conventional Steam Coal,97180.0,1149416.0,92.003,947.0,947.0,80.0,80.0,720.0,12.0,Fresh,Surface,Huntington Creek,no discharge
UT,Huntington,2024,5,Conventional Steam Coal,92752.0,1061024.0,91.021,981.0,981.0,86.0,86.0,744.0,12.0,Fresh,Surface,Huntington Creek,no discharge
UT,Huntington,2024,6,Conventional Steam Coal,94795.0,1079399.0,80.225,846.0,846.0,74.0,74.0,720.0,12.0,Fresh,Surface,Huntington Creek,no discharge
UT,Huntington,2024,7,Conventional Steam Coal,157163.0,1654707.0,111.523,710.0,710.0,67.0,67.0,744.0,12.0,Fresh,Surface,Huntington Creek,no discharge
UT,Huntington,2024,8,Conventional Steam Coal,130914.0,1401829.0,101.807,778.0,778.0,73.0,73.0,744.0,12.0,Fresh,Surface,Huntington Creek,no discharge
UT,Huntington,2024,9,Conventional Steam Coal,111594.0,1186054.0,86.783,778.0,778.0,73.0,73.0,720.0,12.0,Fresh,Surface,Huntington Creek,no discharge
UT,Huntington,2024,10,Conventional Steam Coal,130369.0,1372236.0,100.725,773.0,773.0,73.0,73.0,700.0,12.0,Fresh,Surface,Huntington Creek,no discharge
UT,Huntington,2024,11,Conventional Steam Coal,132734.0,1443937.0,79.425,598.0,598.0,55.0,55.0,720.0,12.0,Fresh,Surface,Huntington Creek,no discharge
UT,Huntington,2024,12,Conventional Steam Coal,133311.0,1472552.0,82.495,619.0,619.0,56.0,56.0,744.0,12.0,Fresh,Surface,Huntington Creek,no discharge
UT,Huntington,2024,1,Conventional Steam Coal,109717.0,1246525.0,62.587,570.0,570.0,50.0,50.0,744.0,12.0,Fresh,Surface,Huntington Creek,no discharge
UT,Huntington,2024,2,Conventional Steam Coal,69117.0,884948.0,46.159,668.0,668.0,52.0,52.0,696.0,12.0,Fresh,Surface,Huntington Creek,no discharge
UT,Huntington,2024,3,Conventional Steam Coal,97364.0,1084473.0,85.17,875.0,875.0,79.0,79.0,744.0,12.0,Fresh,Surface,Huntington Creek,no discharge
UT,Huntington,2024,4,Conventional Steam Coal,97695.0,1093718.0,78.807,807.0,807.0,72.0,72.0,718.0,12.0,Fresh,Surface,Huntington Creek,no discharge
UT,Huntington,2024,5,Conventional Steam Coal,88343.0,977304.0,75.418,854.0,854.0,77.0,77.0,744.0,12.0,Fresh,Surface,Huntington Creek,no discharge
UT,Huntington,2024,6,Conventional Steam Coal,94340.0,1038151.0,69.44,736.0,736.0,67.0,67.0,715.0,12.0,Fresh,Surface,Huntington Creek,no discharge
UT,Huntington,2024,7,Conventional Steam Coal,152085.0,1584744.0,96.111,632.0,632.0,61.0,61.0,744.0,12.0,Fresh,Surface,Huntington Creek,no discharge
UT,Huntington,2024,8,Conventional Steam Coal,126681.0,1334523.0,87.221,689.0,689.0,65.0,65.0,744.0,12.0,Fresh,Surface,Huntington Creek,no discharge
UT,Huntington,2024,9,Conventional Steam Coal,107634.0,1143395.0,75.289,699.0,699.0,66.0,66.0,720.0,12.0,Fresh,Surface,Huntington Creek,no discharge
UT,Huntington,2024,10,Conventional Steam Coal,116342.0,1400971.0,82.133,706.0,706.0,59.0,59.0,703.0,12.0,Fresh,Surface,Huntington Creek,no discharge
UT,Huntington,2024,11,Conventional Steam Coal,107444.0,1211974.0,59.983,558.0,558.0,49.0,49.0,667.0,12.0,Fresh,Surface,Huntington Creek,no discharge
UT,Huntington,2024,12,Conventional Steam Coal,121174.0,1350112.0,68.06,562.0,562.0,50.0,50.0,743.0,12.0,Fresh,Surface,Huntington Creek,no discharge
OH,"Gavin Power, LLC",2024,1,Conventional Steam Coal,1312605.0,12445884.0,969.1,1036.0,738.0,109.0,78.0,695.0,,Fresh,Surface,Ohio River,Ohio River
OH,"Gavin Power, LLC",2024,2,Conventional Steam Coal,259021.0,2643550.0,275.8,1495.0,1065.0,146.0,104.0,220.0,,Fresh,Surface,Ohio River,Ohio River
OH,"Gavin Power, LLC",2024,3,Conventional Steam Coal,166073.0,1638357.0,201.4,1702.0,1213.0,173.0,123.0,195.0,,Fresh,Surface,Ohio River,Ohio River
OH,"Gavin Power, LLC",2024,4,Conventional Steam Coal,1047609.0,9932191.0,470.9,631.0,449.0,67.0,47.0,677.0,,Fresh,Surface,Ohio River,Ohio River
OH,"Gavin Power, LLC",2024,5,Conventional Steam Coal,1382423.0,13222317.0,1216.4,1235.0,880.0,129.0,92.0,744.0,,Fresh,Surface,Ohio River,Ohio River
OH,"Gavin Power, LLC",2024,6,Conventional Steam Coal,1068084.0,10642277.0,1037.7,1364.0,972.0,137.0,98.0,635.0,,Fresh,Surface,Ohio River,Ohio River
OH,"Gavin Power, LLC",2024,7,Conventional Steam Coal,1207150.0,12019301.0,2064.4,2401.0,1710.0,241.0,172.0,627.0,,Fresh,Surface,Ohio River,Ohio River
OH,"Gavin Power, LLC",2024,8,Conventional Steam Coal,1061199.0,10978213.0,1073.8,1421.0,1012.0,137.0,98.0,613.0,,Fresh,Surface,Ohio River,Ohio River
OH,"Gavin Power, LLC",2024,9,Conventional Steam Coal,564251.0,5927158.0,667.7,1661.0,1183.0,158.0,113.0,619.0,,Fresh,Surface,Ohio River,Ohio River
OH,"Gavin Power, LLC",2024,10,Conventional Steam Coal,691682.0,6771979.0,790.1,1604.0,1142.0,164.0,117.0,744.0,,Fresh,Surface,Ohio River,Ohio River
OH,"Gavin Power, LLC",2024,11,Conventional Steam Coal,317009.0,3064826.0,306.3,1356.0,966.0,140.0,100.0,324.0,,Fresh,Surface,Ohio River,Ohio River
OH,"Gavin Power, LLC",2024,12,Conventional Steam Coal,1248807.0,11853722.0,1276.5,1435.0,1022.0,151.0,108.0,744.0,,Fresh,Surface,Ohio River,Ohio River
CO,Ray D Nixon,2024,1,Conventional Steam Coal,94023.0,1013520.0,33.61,357.0,357.0,33.0,33.0,744.0,,Fresh,Ground,Wells,
CO,Ray D Nixon,2024,2,Conventional Steam Coal,106857.0,1152848.0,38.27,358.0,358.0,33.0,33.0,696.0,,Fresh,Ground,Wells,
CO,Ray D Nixon,2024,3,Conventional Steam Coal,76731.0,793699.0,31.44,410.0,410.0,40.0,40.0,717.0,,Fresh,Ground,Wells,
CO,Ray D Nixon,2024,5,Conventional Steam Coal,5005.0,108512.0,1.71,342.0,342.0,16.0,16.0,123.0,,Fresh,Ground,Wells,
CO,Ray D Nixon,2024,6,Conventional Steam Coal,109590.0,1159185.0,50.25,459.0,459.0,43.0,43.0,720.0,,Fresh,Ground,Wells,
CO,Ray D Nixon,2024,7,Conventional Steam Coal,100224.0,1050930.0,46.37,463.0,463.0,44.0,44.0,744.0,,Fresh,Ground,Wells,
CO,Ray D Nixon,2024,8,Conventional Steam Coal,99335.0,1084534.0,47.91,482.0,482.0,44.0,44.0,744.0,,Fresh,Ground,Wells,
CO,Ray D Nixon,2024,9,Conventional Steam Coal,83672.0,887664.0,39.05,467.0,467.0,44.0,44.0,720.0,,Fresh,Ground,Wells,
CO,Ray D Nixon,2024,10,Conventional Steam Coal,113390.0,1203832.0,49.2,434.0,434.0,41.0,41.0,744.0,,Fresh,Ground,Wells,
CO,Ray D Nixon,2024,11,Conventional Steam Coal,114352.0,1247604.0,37.83,331.0,331.0,30.0,30.0,716.0,,Fresh,Ground,Wells,
CO,Ray D Nixon,2024,12,Conventional Steam Coal,115955.0,1259615.0,39.85,344.0,344.0,32.0,32.0,719.0,,Fresh,Ground,Wells,
ND,Coyote,2024,1,Conventional Steam Coal,281020.0,3313375.0,131.745,505.0,469.0,43.0,40.0,744.0,10.0,Fresh,Surface,Missouri River,Missouri River
ND,Coyote,2024,2,Conventional Steam Coal,152104.0,1848327.0,63.81,455.0,420.0,37.0,35.0,505.0,10.0,Fresh,Surface,Missouri River,Missouri River
ND,Coyote,2024,3,Conventional Steam Coal,226140.0,2691634.0,103.727,496.0,459.0,42.0,39.0,715.0,10.0,Fresh,Surface,Missouri River,Missouri River
ND,Coyote,2024,4,Conventional Steam Coal,171912.0,2124846.0,83.438,520.0,485.0,42.0,39.0,720.0,10.0,Fresh,Surface,Missouri River,Missouri River
ND,Coyote,2024,5,Conventional Steam Coal,106481.0,1325403.0,64.553,649.0,606.0,52.0,49.0,408.0,10.0,Fresh,Surface,Missouri River,Missouri River
ND,Coyote,2024,6,Conventional Steam Coal,194221.0,2332928.0,70.197,412.0,361.0,34.0,30.0,720.0,10.0,Fresh,Surface,Missouri River,Missouri River
ND,Coyote,2024,7,Conventional Steam Coal,235370.0,2751336.0,152.582,701.0,648.0,60.0,55.0,696.0,10.0,Fresh,Surface,Missouri River,Missouri River
ND,Coyote,2024,8,Conventional Steam Coal,185457.0,2374052.0,136.98,792.0,739.0,62.0,58.0,744.0,10.0,Fresh,Surface,Missouri River,Missouri River
ND,Coyote,2024,9,Conventional Steam Coal,95411.0,1176001.0,90.022,999.0,944.0,81.0,77.0,395.0,10.0,Fresh,Surface,Missouri River,Missouri River
ND,Coyote,2024,10,Conventional Steam Coal,137151.0,1757234.0,52.318,429.0,381.0,33.0,30.0,582.0,10.0,Fresh,Surface,Missouri River,Missouri River
ND,Coyote,2024,11,Conventional Steam Coal,208539.0,2539565.0,88.309,459.0,423.0,38.0,35.0,720.0,10.0,Fresh,Surface,Missouri River,Missouri River
ND,Coyote,2024,12,Conventional Steam Coal,214309.0,2594041.0,116.439,580.0,543.0,48.0,45.0,660.0,10.0,Fresh,Surface,Missouri River,Missouri River
AZ,Springerville,2024,1,Conventional Steam Coal,818872.0,8381940.0,173.0,442.0,211.0,43.0,21.0,706.0,,Fresh,Ground,Wells,Multiple
AZ,Springerville,2024,2,Conventional Steam Coal,551016.0,5684302.0,149.0,359.0,270.0,35.0,26.0,616.0,,Fresh,Ground,Wells,Multiple
AZ,Springerville,2024,3,Conventional Steam Coal,290556.0,3098716.0,182.0,1153.0,626.0,108.0,59.0,744.0,,Fresh,Ground,Wells,Multiple
AZ,Springerville,2024,4,Conventional Steam Coal,276369.0,2912455.0,127.0,847.0,460.0,80.0,44.0,522.0,,Fresh,Ground,Wells,Multiple
AZ,Springerville,2024,5,Conventional Steam Coal,282125.0,3312402.0,111.0,723.0,393.0,62.0,34.0,455.0,,Fresh,Ground,Wells,Multiple
AZ,Springerville,2024,6,Conventional Steam Coal,512352.0,5782767.0,170.0,664.0,332.0,59.0,29.0,700.0,,Fresh,Ground,Wells,Multiple
AZ,Springerville,2024,7,Conventional Steam Coal,558161.0,6557127.0,165.0,604.0,296.0,51.0,25.0,675.0,,Fresh,Ground,Wells,Multiple
AZ,Springerville,2024,8,Conventional Steam Coal,564533.0,6416980.0,182.0,592.0,322.0,52.0,28.0,743.0,,Fresh,Ground,Wells,Multiple
AZ,Springerville,2024,9,Conventional Steam Coal,488186.0,5697952.0,162.0,610.0,332.0,52.0,28.0,663.0,,Fresh,Ground,Wells,Multiple
AZ,Springerville,2024,10,Conventional Steam Coal,444804.0,5002361.0,107.3,703.0,241.0,63.0,21.0,697.0,,Fresh,Ground,Wells,Multiple
AZ,Springerville,2024,11,Conventional Steam Coal,355244.0,4050107.0,141.0,732.0,397.0,64.0,35.0,580.0,,Fresh,Ground,Wells,Multiple
AZ,Springerville,2024,12,Conventional Steam Coal,467650.0,5198809.0,173.9,683.0,372.0,61.0,33.0,710.0,,Fresh,Ground,Wells,Multiple
NV,North Valmy,2024,1,Conventional Steam Coal,35002.0,576821.0,0.536,14.0,15.0,1.0,1.0,744.0,,Fresh,Ground,Wells,Evaporative Ponds
NV,North Valmy,2024,2,Conventional Steam Coal,35421.0,581406.0,9.808,260.0,277.0,16.0,17.0,672.0,,Fresh,Ground,Wells,Evaporative Ponds
NV,North Valmy,2024,3,Conventional Steam Coal,38451.0,617824.0,0.335,9.0,9.0,1.0,1.0,744.0,,Fresh,Ground,Wells,Evaporative Ponds
NV,North Valmy,2024,4,Conventional Steam Coal,39330.0,610800.0,0.505,13.0,13.0,1.0,1.0,720.0,,Fresh,Ground,Wells,Evaporative Ponds
NV,North Valmy,2024,7,Conventional Steam Coal,67831.0,872154.0,0.826,12.0,12.0,1.0,1.0,744.0,,Fresh,Ground,Wells,Evaporative Ponds
NV,North Valmy,2024,8,Conventional Steam Coal,65796.0,843131.0,0.719,11.0,11.0,1.0,1.0,744.0,,Fresh,Ground,Wells,Evaporative Ponds
NV,North Valmy,2024,9,Conventional Steam Coal,48208.0,637502.0,0.51,11.0,11.0,1.0,1.0,720.0,,Fresh,Ground,Wells,Evaporative Ponds
NV,North Valmy,2024,10,Conventional Steam Coal,39327.0,619363.0,0.567,14.0,14.0,1.0,1.0,744.0,,Fresh,Ground,Wells,Evaporative Ponds
NV,North Valmy,2024,11,Conventional Steam Coal,38892.0,595489.0,0.518,13.0,13.0,1.0,1.0,720.0,,Fresh,Ground,Wells,Evaporative Ponds
NV,North Valmy,2024,12,Conventional Steam Coal,40178.0,623098.0,0.594,15.0,15.0,1.0,1.0,744.0,,Fresh,Ground,Wells,Evaporative Ponds
NV,North Valmy,2024,2,Conventional Steam Coal,51355.0,655608.0,8.185,159.0,159.0,12.0,12.0,672.0,,Fresh,Ground,WELLS,EVAPORATION PONDS
NV,North Valmy,2024,5,Conventional Steam Coal,10282.0,176092.0,0.143,14.0,14.0,1.0,1.0,744.0,,Fresh,Ground,WELLS,EVAPORATION PONDS
NV,North Valmy,2024,6,Conventional Steam Coal,54529.0,661008.0,0.406,7.0,7.0,1.0,1.0,720.0,,Fresh,Ground,WELLS,EVAPORATION PONDS
NV,North Valmy,2024,7,Conventional Steam Coal,77973.0,966018.0,0.625,8.0,8.0,1.0,1.0,744.0,,Fresh,Ground,WELLS,EVAPORATION PONDS
NV,North Valmy,2024,8,Conventional Steam Coal,78215.0,938050.0,0.888,11.0,11.0,1.0,1.0,744.0,,Fresh,Ground,WELLS,EVAPORATION PONDS
NV,North Valmy,2024,9,Conventional Steam Coal,42261.0,639794.0,0.899,21.0,21.0,1.0,1.0,720.0,,Fresh,Ground,WELLS,EVAPORATION PONDS
VA,WestRock-West Point Mill,2024,1,Wood/Wood Waste Biomass,41599.0,1411853.0,8.9,7512.0,214.0,221.0,6.0,744.0,,Fresh,Ground,Wells,Pamunkey River
VA,WestRock-West Point Mill,2024,2,Wood/Wood Waste Biomass,47218.0,1499200.0,8.4,6190.0,178.0,195.0,6.0,696.0,,Fresh,Ground,Wells,Pamunkey River
VA,WestRock-West Point Mill,2024,3,Wood/Wood Waste Biomass,45117.0,1557994.0,8.9,6926.0,197.0,201.0,6.0,744.0,,Fresh,Ground,Wells,Pamunkey River
VA,WestRock-West Point Mill,2024,4,Wood/Wood Waste Biomass,45816.0,1440301.0,8.6,6600.0,188.0,210.0,6.0,720.0,,Fresh,Ground,Wells,Pamunkey River
VA,WestRock-West Point Mill,2024,5,Wood/Wood Waste Biomass,45787.0,1493282.0,8.6,6825.0,188.0,209.0,6.0,744.0,,Fresh,Ground,Wells,Pamunkey River
VA,WestRock-West Point Mill,2024,6,Wood/Wood Waste Biomass,46237.0,1427413.0,8.6,6540.0,186.0,212.0,6.0,720.0,,Fresh,Ground,Wells,Pamunkey River
VA,WestRock-West Point Mill,2024,7,Wood/Wood Waste Biomass,46205.0,1501674.0,8.9,6763.0,193.0,208.0,6.0,744.0,,Fresh,Ground,Wells,Pamunkey River
VA,WestRock-West Point Mill,2024,8,Wood/Wood Waste Biomass,28061.0,743239.0,8.9,11136.0,317.0,420.0,12.0,744.0,,Fresh,Ground,Wells,Pamunkey River
VA,WestRock-West Point Mill,2024,9,Wood/Wood Waste Biomass,26493.0,937184.0,8.6,11414.0,325.0,323.0,9.0,720.0,,Fresh,Ground,Wells,Pamunkey River
VA,WestRock-West Point Mill,2024,10,Wood/Wood Waste Biomass,45910.0,1512844.0,8.9,6807.0,194.0,207.0,6.0,744.0,,Fresh,Ground,Wells,Pamunkey River
VA,WestRock-West Point Mill,2024,11,Wood/Wood Waste Biomass,45208.0,1382785.0,8.9,6689.0,197.0,219.0,6.0,720.0,,Fresh,Ground,Wells,Pamunkey River
VA,WestRock-West Point Mill,2024,12,Wood/Wood Waste Biomass,45293.0,1522658.0,8.9,6677.0,196.0,199.0,6.0,744.0,,Fresh,Ground,Wells,Pamunkey River
PA,Colver Green Energy,2024,1,Conventional Steam Coal,67798.0,783986.0,33.267,491.0,491.0,42.0,42.0,744.0,25.0,Fresh,Surface,VETERA RESERVOIR,Elk Creek
PA,Colver Green Energy,2024,2,Conventional Steam Coal,63097.0,728263.0,31.961,507.0,507.0,44.0,44.0,696.0,25.0,Fresh,Surface,VETERA RESERVOIR,Elk Creek
PA,Colver Green Energy,2024,3,Conventional Steam Coal,56921.0,664198.0,31.089,546.0,546.0,47.0,47.0,656.0,25.0,Fresh,Surface,VETERA RESERVOIR,Elk Creek
PA,Colver Green Energy,2024,4,Conventional Steam Coal,53998.0,633822.0,28.829,534.0,534.0,45.0,45.0,627.0,25.0,Fresh,Surface,VETERA RESERVOIR,Elk Creek
PA,Colver Green Energy,2024,5,Conventional Steam Coal,44453.0,519795.0,36.438,820.0,820.0,70.0,70.0,516.0,25.0,Fresh,Surface,VETERA RESERVOIR,Elk Creek
PA,Colver Green Energy,2024,6,Conventional Steam Coal,64619.0,743130.0,39.072,605.0,605.0,53.0,53.0,720.0,25.0,Fresh,Surface,VETERA RESERVOIR,Elk Creek
PA,Colver Green Energy,2024,7,Conventional Steam Coal,68625.0,782235.0,42.621,621.0,621.0,54.0,54.0,744.0,25.0,Fresh,Surface,VETERA RESERVOIR,Elk Creek
PA,Colver Green Energy,2024,8,Conventional Steam Coal,58429.0,683240.0,38.453,658.0,658.0,56.0,56.0,670.0,25.0,Fresh,Surface,VETERA RESERVOIR,Elk Creek
PA,Colver Green Energy,2024,9,Conventional Steam Coal,65690.0,741952.0,37.863,576.0,576.0,51.0,51.0,720.0,25.0,Fresh,Surface,VETERA RESERVOIR,Elk Creek
PA,Colver Green Energy,2024,10,Conventional Steam Coal,58057.0,666347.0,34.396,592.0,592.0,52.0,52.0,691.0,25.0,Fresh,Surface,VETERA RESERVOIR,Elk Creek
PA,Colver Green Energy,2024,11,Conventional Steam Coal,53503.0,618833.0,28.121,526.0,526.0,45.0,45.0,609.0,25.0,Fresh,Surface,VETERA RESERVOIR,Elk Creek
PA,Colver Green Energy,2024,12,Conventional Steam Coal,63115.0,719012.0,30.845,489.0,489.0,43.0,43.0,744.0,25.0,Fresh,Surface,VETERA RESERVOIR,Elk Creek
ME,Rumford Cogeneration,2024,1,Wood/Wood Waste Biomass,43821.0,1264930.0,1.0,23.0,23.0,1.0,1.0,744.0,19.0,Fresh,Surface,Androscoggin River,Androscoggin River
ME,Rumford Cogeneration,2024,2,Wood/Wood Waste Biomass,39024.0,1157283.0,40.0,1025.0,1025.0,35.0,35.0,696.0,19.0,Fresh,Surface,Androscoggin River,Androscoggin River
ME,Rumford Cogeneration,2024,3,Wood/Wood Waste Biomass,43393.0,1137021.0,39.0,899.0,899.0,34.0,34.0,744.0,19.0,Fresh,Surface,Androscoggin River,Androscoggin River
ME,Rumford Cogeneration,2024,4,Wood/Wood Waste Biomass,37023.0,1059486.0,22.0,594.0,594.0,21.0,21.0,720.0,19.0,Fresh,Surface,Androscoggin River,Androscoggin River
ME,Rumford Cogeneration,2024,5,Wood/Wood Waste Biomass,30079.0,898356.0,37.0,1230.0,1230.0,41.0,41.0,744.0,19.0,Fresh,Surface,Androscoggin River,Androscoggin River
ME,Rumford Cogeneration,2024,6,Wood/Wood Waste Biomass,22817.0,766498.0,65.0,2849.0,2849.0,85.0,85.0,720.0,19.0,Fresh,Surface,Androscoggin River,Androscoggin River
ME,Rumford Cogeneration,2024,7,Wood/Wood Waste Biomass,30769.0,970949.0,123.0,3998.0,3998.0,127.0,127.0,744.0,19.0,Fresh,Surface,Androscoggin River,Androscoggin River
ME,Rumford Cogeneration,2024,8,Wood/Wood Waste Biomass,33757.0,980542.0,129.0,3821.0,3821.0,132.0,132.0,744.0,19.0,Fresh,Surface,Androscoggin River,Androscoggin River
ME,Rumford Cogeneration,2024,9,Wood/Wood Waste Biomass,23246.0,890439.0,78.0,3355.0,3355.0,88.0,88.0,720.0,19.0,Fresh,Surface,Androscoggin River,Androscoggin River
ME,Rumford Cogeneration,2024,10,Wood/Wood Waste Biomass,33399.0,867172.0,64.0,1916.0,1916.0,74.0,74.0,744.0,19.0,Fresh,Surface,Androscoggin River,Androscoggin River
ME,Rumford Cogeneration,2024,11,Wood/Wood Waste Biomass,32714.0,771162.0,26.0,795.0,795.0,34.0,34.0,720.0,19.0,Fresh,Surface,Androscoggin River,Androscoggin River
ME,Rumford Cogeneration,2024,12,Wood/Wood Waste Biomass,45891.0,1301454.0,12.0,261.0,261.0,9.0,9.0,744.0,19.0,Fresh,Surface,Androscoggin River,Androscoggin River
OK,River Valley,2024,1,Conventional Steam Coal,78452.0,962554.0,25.92,378.0,330.0,31.0,27.0,744.0,3.0,Fresh,Surface,Poteau River,Poteau River
OK,River Valley,2024,5,Conventional Steam Coal,46772.0,646337.0,33.993,798.0,727.0,58.0,53.0,744.0,3.0,Fresh,Surface,Poteau River,Poteau River
OK,River Valley,2024,6,Conventional Steam Coal,86421.0,1097699.0,36.244,551.0,419.0,43.0,33.0,720.0,3.0,Fresh,Surface,Poteau River,Poteau River
OK,River Valley,2024,7,Conventional Steam Coal,126453.0,1579584.0,69.899,685.0,553.0,55.0,44.0,744.0,3.0,Fresh,Surface,Poteau River,Poteau River
OK,River Valley,2024,8,Conventional Steam Coal,81466.0,1072569.0,64.377,893.0,790.0,68.0,60.0,744.0,3.0,Fresh,Surface,Poteau River,Poteau River
OK,River Valley,2024,9,Conventional Steam Coal,48864.0,643587.0,45.625,978.0,934.0,74.0,71.0,720.0,3.0,Fresh,Surface,Poteau River,Poteau River
OK,River Valley,2024,10,Conventional Steam Coal,75651.0,974207.0,60.061,851.0,794.0,66.0,62.0,744.0,3.0,Fresh,Surface,Poteau River,Poteau River
OK,River Valley,2024,11,Conventional Steam Coal,79088.0,1040079.0,48.784,660.0,617.0,50.0,47.0,720.0,3.0,Fresh,Surface,Poteau River,Poteau River
OK,River Valley,2024,12,Conventional Steam Coal,5217.0,61425.0,7.517,1730.0,1441.0,147.0,122.0,96.0,3.0,Fresh,Surface,Poteau River,Poteau River
MD,AES Warrior Run Cogeneration Facility,2024,1,Conventional Steam Coal,75464.0,900365.0,33.911,491.0,449.0,41.0,38.0,744.0,,Fresh,Other,City Of Cumberland Water Suppl,Potomac River
MD,AES Warrior Run Cogeneration Facility,2024,2,Conventional Steam Coal,69236.0,824955.0,35.857,557.0,518.0,47.0,43.0,696.0,,Fresh,Other,City Of Cumberland Water Suppl,Potomac River
MD,AES Warrior Run Cogeneration Facility,2024,3,Conventional Steam Coal,85610.0,989941.0,44.824,560.0,524.0,48.0,45.0,744.0,,Fresh,Other,City Of Cumberland Water Suppl,Potomac River
MD,AES Warrior Run Cogeneration Facility,2024,4,Conventional Steam Coal,10734.0,137734.0,11.934,1237.0,1112.0,96.0,87.0,106.0,,Fresh,Other,City Of Cumberland Water Suppl,Potomac River
MD,AES Warrior Run Cogeneration Facility,2024,5,Conventional Steam Coal,85516.0,986088.0,44.206,550.0,517.0,48.0,45.0,744.0,,Fresh,Other,City Of Cumberland Water Suppl,Potomac River
MD,AES Warrior Run Cogeneration Facility,2024,6,Conventional Steam Coal,797.0,9925.0,0.215,598.0,270.0,48.0,22.0,13.0,,Fresh,Other,City Of Cumberland Water Suppl,Potomac River
IA,Archer Daniels Midland Clinton,2024,1,Conventional Steam Coal,59697.0,1536098.0,8.7,276.0,146.0,11.0,6.0,744.0,,Fresh,Ground,Well,Mississippi River
IA,Archer Daniels Midland Clinton,2024,2,Conventional Steam Coal,58771.0,1542913.0,10.9,330.0,185.0,13.0,7.0,672.0,,Fresh,Ground,Well,Mississippi River
IA,Archer Daniels Midland Clinton,2024,3,Conventional Steam Coal,66502.0,1531966.0,17.5,433.0,263.0,19.0,11.0,744.0,,Fresh,Ground,Well,Mississippi River
IA,Archer Daniels Midland Clinton,2024,4,Conventional Steam Coal,55237.0,1405223.0,15.6,480.0,282.0,19.0,11.0,720.0,,Fresh,Ground,Well,Mississippi River
IA,Archer Daniels Midland Clinton,2024,5,Conventional Steam Coal,69708.0,1637910.0,23.2,539.0,333.0,23.0,14.0,744.0,,Fresh,Ground,Well,Mississippi River
IA,Archer Daniels Midland Clinton,2024,6,Conventional Steam Coal,65195.0,1488897.0,24.1,597.0,370.0,26.0,16.0,720.0,,Fresh,Ground,Well,Mississippi River
IA,Archer Daniels Midland Clinton,2024,7,Conventional Steam Coal,71597.0,1645960.0,27.3,609.0,381.0,26.0,17.0,744.0,,Fresh,Ground,Well,Mississippi River
IA,Archer Daniels Midland Clinton,2024,8,Conventional Steam Coal,70353.0,1570583.0,25.6,586.0,364.0,26.0,16.0,744.0,,Fresh,Ground,Well,Mississippi River
IA,Archer Daniels Midland Clinton,2024,9,Conventional Steam Coal,67280.0,1454407.0,30.6,666.0,455.0,31.0,21.0,720.0,,Fresh,Ground,Well,Mississippi River
IA,Archer Daniels Midland Clinton,2024,10,Conventional Steam Coal,67333.0,1559407.0,18.9,472.0,281.0,20.0,12.0,744.0,,Fresh,Ground,Well,Mississippi River
IA,Archer Daniels Midland Clinton,2024,11,Conventional Steam Coal,64514.0,1624670.0,12.6,350.0,195.0,14.0,8.0,720.0,,Fresh,Ground,Well,Mississippi River
IA,Archer Daniels Midland Clinton,2024,12,Conventional Steam Coal,63969.0,1642636.0,11.5,327.0,180.0,13.0,7.0,744.0,,Fresh,Ground,Well,Mississippi River
IA,Archer Daniels Midland Cedar Rapids,2024,1,Conventional Steam Coal,54970.0,1721037.0,10.68,220.0,194.0,7.0,6.0,1488.0,,Fresh,Ground,Municipal,SDD of Cedar Rapids \ Cedar River
IA,Archer Daniels Midland Cedar Rapids,2024,2,Conventional Steam Coal,50499.0,1640089.0,13.91,313.0,275.0,10.0,8.0,1392.0,,Fresh,Ground,Municipal,SDD of Cedar Rapids \ Cedar River
IA,Archer Daniels Midland Cedar Rapids,2024,3,Conventional Steam Coal,59814.0,1966719.0,17.68,332.0,296.0,10.0,9.0,1486.0,,Fresh,Ground,Municipal,SDD of Cedar Rapids \ Cedar River
IA,Archer Daniels Midland Cedar Rapids,2024,4,Conventional Steam Coal,45754.0,1484366.0,15.57,378.0,340.0,12.0,10.0,1440.0,,Fresh,Ground,Municipal,SDD of Cedar Rapids \ Cedar River
IA,Archer Daniels Midland Cedar Rapids,2024,5,Conventional Steam Coal,64311.0,1854039.0,20.73,354.0,322.0,12.0,11.0,1488.0,,Fresh,Ground,Municipal,SDD of Cedar Rapids \ Cedar River
IA,Archer Daniels Midland Cedar Rapids,2024,6,Conventional Steam Coal,67487.0,1847720.0,41.38,647.0,613.0,24.0,22.0,1440.0,,Fresh,Ground,Municipal,SDD of Cedar Rapids \ Cedar River
IA,Archer Daniels Midland Cedar Rapids,2024,7,Conventional Steam Coal,78054.0,2117420.0,40.19,542.0,515.0,20.0,19.0,1488.0,,Fresh,Ground,Municipal,SDD of Cedar Rapids \ Cedar River
IA,Archer Daniels Midland Cedar Rapids,2024,8,Conventional Steam Coal,73253.0,1908633.0,40.19,578.0,549.0,22.0,21.0,1488.0,,Fresh,Ground,Municipal,SDD of Cedar Rapids \ Cedar River
IA,Archer Daniels Midland Cedar Rapids,2024,9,Conventional Steam Coal,64902.0,1793864.0,18.56,318.0,286.0,11.0,10.0,1440.0,,Fresh,Ground,Municipal,SDD of Cedar Rapids \ Cedar River
IA,Archer Daniels Midland Cedar Rapids,2024,10,Conventional Steam Coal,54068.0,1622146.0,12.84,270.0,237.0,9.0,8.0,1488.0,,Fresh,Ground,Municipal,SDD of Cedar Rapids \ Cedar River
IA,Archer Daniels Midland Cedar Rapids,2024,11,Conventional Steam Coal,59892.0,1842837.0,8.06,155.0,135.0,5.0,4.0,1434.0,,Fresh,Ground,Municipal,SDD of Cedar Rapids \ Cedar River
IA,Archer Daniels Midland Cedar Rapids,2024,12,Conventional Steam Coal,55365.0,1884367.0,8.73,193.0,158.0,6.0,5.0,1488.0,,Fresh,Ground,Municipal,SDD of Cedar Rapids \ Cedar River
IL,Archer Daniels Midland Decatur,2024,2,Conventional Steam Coal,50905.0,2309058.0,1.2,218.0,24.0,5.0,1.0,696.0,,Other,Other,NWTP,SDD of Decatur \ Sangamon River
IL,Archer Daniels Midland Decatur,2024,3,Conventional Steam Coal,54691.0,2516964.0,15.1,492.0,276.0,11.0,6.0,744.0,,Other,Other,NWTP,SDD of Decatur \ Sangamon River
IL,Archer Daniels Midland Decatur,2024,4,Conventional Steam Coal,46408.0,2333257.0,26.1,806.0,562.0,16.0,11.0,720.0,,Other,Other,NWTP,SDD of Decatur \ Sangamon River
IL,Archer Daniels Midland Decatur,2024,6,Conventional Steam Coal,54587.0,2331283.0,1.8,236.0,33.0,6.0,1.0,720.0,,Other,Other,NWTP,SDD of Decatur \ Sangamon River
IL,Archer Daniels Midland Decatur,2024,10,Conventional Steam Coal,55259.0,2540634.0,8.1,405.0,147.0,9.0,3.0,744.0,,Other,Other,NWTP,SDD of Decatur \ Sangamon River
IL,Archer Daniels Midland Decatur,2024,11,Conventional Steam Coal,61175.0,2464259.0,9.7,356.0,159.0,9.0,4.0,720.0,,Other,Other,NWTP,SDD of Decatur \ Sangamon River
IL,Archer Daniels Midland Decatur,2024,12,Conventional Steam Coal,83765.0,2748849.0,15.4,329.0,184.0,10.0,6.0,744.0,,Other,Other,NWTP,SDD of Decatur \ Sangamon River
MS,Columbus MS,2024,1,Wood/Wood Waste Biomass,37610.0,1142290.0,35.321,1548.0,939.0,51.0,31.0,633.0,28.0,Fresh,Surface,Tennessee-Tombigbee Waterway,Tennessee-Tombigbee Waterway
MS,Columbus MS,2024,2,Wood/Wood Waste Biomass,36311.0,400209.0,38.837,1634.0,1070.0,148.0,97.0,696.0,28.0,Fresh,Surface,Tennessee-Tombigbee Waterway,Tennessee-Tombigbee Waterway
MS,Columbus MS,2024,3,Wood/Wood Waste Biomass,36014.0,611723.0,38.781,1562.0,1077.0,92.0,63.0,695.0,28.0,Fresh,Surface,Tennessee-Tombigbee Waterway,Tennessee-Tombigbee Waterway
MS,Columbus MS,2024,4,Wood/Wood Waste Biomass,35855.0,702520.0,37.553,1666.0,1047.0,85.0,53.0,673.0,28.0,Fresh,Surface,Tennessee-Tombigbee Waterway,Tennessee-Tombigbee Waterway
MS,Columbus MS,2024,5,Wood/Wood Waste Biomass,36973.0,1010500.0,41.515,1640.0,1123.0,60.0,41.0,744.0,28.0,Fresh,Surface,Tennessee-Tombigbee Waterway,Tennessee-Tombigbee Waterway
MS,Columbus MS,2024,6,Wood/Wood Waste Biomass,34587.0,1012146.0,39.172,1771.0,1133.0,61.0,39.0,702.0,28.0,Fresh,Surface,Tennessee-Tombigbee Waterway,Tennessee-Tombigbee Waterway
MS,Columbus MS,2024,7,Wood/Wood Waste Biomass,32471.0,1303810.0,35.991,1820.0,1108.0,45.0,28.0,645.0,28.0,Fresh,Surface,Tennessee-Tombigbee Waterway,Tennessee-Tombigbee Waterway
MS,Columbus MS,2024,8,Wood/Wood Waste Biomass,32663.0,1526080.0,33.536,1749.0,1027.0,37.0,22.0,601.0,28.0,Fresh,Surface,Tennessee-Tombigbee Waterway,Tennessee-Tombigbee Waterway
MS,Columbus MS,2024,9,Wood/Wood Waste Biomass,40464.0,1634322.0,39.618,1671.0,979.0,41.0,24.0,710.0,28.0,Fresh,Surface,Tennessee-Tombigbee Waterway,Tennessee-Tombigbee Waterway
MS,Columbus MS,2024,10,Wood/Wood Waste Biomass,33115.0,939839.0,32.922,1531.0,994.0,54.0,35.0,590.0,28.0,Fresh,Surface,Tennessee-Tombigbee Waterway,Tennessee-Tombigbee Waterway
MS,Columbus MS,2024,11,Wood/Wood Waste Biomass,35776.0,1014234.0,34.205,1389.0,956.0,49.0,34.0,613.0,28.0,Fresh,Surface,Tennessee-Tombigbee Waterway,Tennessee-Tombigbee Waterway
MS,Columbus MS,2024,12,Wood/Wood Waste Biomass,38151.0,1030621.0,32.866,1289.0,861.0,48.0,32.0,589.0,28.0,Fresh,Surface,Tennessee-Tombigbee Waterway,Tennessee-Tombigbee Waterway
GA,International Paper Savanna Mill,2024,1,Wood/Wood Waste Biomass,25786.0,822504.0,1.112,63.0,43.0,2.0,1.0,744.0,,Fresh,Ground,Wells,Same
GA,International Paper Savanna Mill,2024,2,Wood/Wood Waste Biomass,34070.0,1191203.0,0.759,27.0,22.0,1.0,1.0,336.0,,Fresh,Ground,Wells,Same
GA,International Paper Savanna Mill,2024,3,Wood/Wood Waste Biomass,34773.0,1223427.0,1.232,46.0,35.0,1.0,1.0,744.0,,Fresh,Ground,Wells,Same
GA,International Paper Savanna Mill,2024,4,Wood/Wood Waste Biomass,33218.0,1168381.0,1.786,76.0,54.0,2.0,2.0,720.0,,Fresh,Ground,Wells,Same
GA,International Paper Savanna Mill,2024,5,Wood/Wood Waste Biomass,34852.0,1234367.0,1.634,59.0,47.0,2.0,1.0,744.0,,Fresh,Ground,Wells,Same
GA,International Paper Savanna Mill,2024,6,Wood/Wood Waste Biomass,33130.0,1193023.0,1.17,36.0,35.0,1.0,1.0,720.0,,Fresh,Ground,Wells,Same
GA,International Paper Savanna Mill,2024,7,Wood/Wood Waste Biomass,32552.0,1173391.0,1.272,40.0,39.0,1.0,1.0,744.0,,Fresh,Ground,Wells,Same
GA,International Paper Savanna Mill,2024,8,Wood/Wood Waste Biomass,32656.0,1186827.0,1.183,37.0,36.0,1.0,1.0,744.0,,Fresh,Ground,Wells,Same
GA,International Paper Savanna Mill,2024,9,Wood/Wood Waste Biomass,32049.0,1070987.0,1.049,33.0,33.0,1.0,1.0,720.0,,Fresh,Ground,Wells,Same
GA,International Paper Savanna Mill,2024,10,Wood/Wood Waste Biomass,34289.0,1217617.0,1.0,31.0,29.0,1.0,1.0,744.0,,Fresh,Ground,Wells,Same
GA,International Paper Savanna Mill,2024,11,Wood/Wood Waste Biomass,33128.0,1099826.0,1.612,69.0,49.0,2.0,1.0,720.0,,Fresh,Ground,Wells,Same
GA,International Paper Savanna Mill,2024,12,Wood/Wood Waste Biomass,34039.0,1208251.0,1.701,73.0,50.0,2.0,1.0,744.0,,Fresh,Ground,Wells,Same
GA,International Paper Savanna Mill,2024,1,Natural Gas Steam Turbine,18843.0,589074.0,13.347,1029.0,708.0,33.0,23.0,744.0,,Fresh,Ground,Wells,Same
GA,International Paper Savanna Mill,2024,2,Natural Gas Steam Turbine,23114.0,585972.0,14.865,787.0,643.0,31.0,25.0,336.0,,Fresh,Ground,Wells,Same
GA,International Paper Savanna Mill,2024,3,Natural Gas Steam Turbine,25940.0,656753.0,15.96,801.0,615.0,32.0,24.0,744.0,,Fresh,Ground,Wells,Same
GA,International Paper Savanna Mill,2024,4,Natural Gas Steam Turbine,25476.0,627975.0,16.561,917.0,650.0,37.0,26.0,720.0,,Fresh,Ground,Wells,Same
GA,International Paper Savanna Mill,2024,5,Natural Gas Steam Turbine,25987.0,625393.0,16.874,814.0,649.0,34.0,27.0,744.0,,Fresh,Ground,Wells,Same
GA,International Paper Savanna Mill,2024,6,Natural Gas Steam Turbine,35133.0,620264.0,17.365,506.0,494.0,29.0,28.0,720.0,,Fresh,Ground,Wells,Same
GA,International Paper Savanna Mill,2024,7,Natural Gas Steam Turbine,24944.0,622735.0,18.035,733.0,723.0,29.0,29.0,744.0,,Fresh,Ground,Wells,Same
GA,International Paper Savanna Mill,2024,8,Natural Gas Steam Turbine,24949.0,561390.0,18.168,738.0,728.0,33.0,32.0,744.0,,Fresh,Ground,Wells,Same
GA,International Paper Savanna Mill,2024,9,Natural Gas Steam Turbine,23017.0,595121.0,17.722,782.0,770.0,30.0,30.0,720.0,,Fresh,Ground,Wells,Same
GA,International Paper Savanna Mill,2024,10,Natural Gas Steam Turbine,23110.0,614133.0,16.919,787.0,732.0,30.0,28.0,744.0,,Fresh,Ground,Wells,Same
GA,International Paper Savanna Mill,2024,11,Natural Gas Steam Turbine,17317.0,575920.0,15.356,1244.0,887.0,37.0,27.0,720.0,,Fresh,Ground,Wells,Same
GA,International Paper Savanna Mill,2024,12,Natural Gas Steam Turbine,24934.0,658255.0,20.133,1177.0,807.0,45.0,31.0,744.0,,Fresh,Ground,Wells,Same
TN,Tennessee Eastman Operations,2024,1,Multiple,94959.0,4089275.0,91.743,1026.0,966.0,24.0,22.0,744.0,9.0,Fresh,Surface,South Fork - Holston River,South Fork - Holston River
TN,Tennessee Eastman Operations,2024,2,Multiple,91803.0,3462036.0,82.98,960.0,904.0,25.0,24.0,672.0,9.0,Fresh,Surface,South Fork - Holston River,South Fork - Holston River
TN,Tennessee Eastman Operations,2024,3,Multiple,97472.0,4378644.0,91.738,999.0,941.0,22.0,21.0,744.0,9.0,Fresh,Surface,South Fork - Holston River,South Fork - Holston River
TN,Tennessee Eastman Operations,2024,4,Multiple,89519.0,3453274.0,88.038,1044.0,983.0,27.0,25.0,720.0,9.0,Fresh,Surface,South Fork - Holston River,South Fork - Holston River
TN,Tennessee Eastman Operations,2024,5,Multiple,97794.0,3341986.0,91.062,988.0,931.0,29.0,27.0,744.0,9.0,Fresh,Surface,South Fork - Holston River,South Fork - Holston River
TN,Tennessee Eastman Operations,2024,6,Multiple,100015.0,3349436.0,86.292,916.0,863.0,27.0,26.0,720.0,9.0,Fresh,Surface,South Fork - Holston River,South Fork - Holston River
TN,Tennessee Eastman Operations,2024,7,Multiple,102800.0,3612547.0,92.603,956.0,901.0,27.0,26.0,744.0,9.0,Fresh,Surface,South Fork - Holston River,South Fork - Holston River
TN,Tennessee Eastman Operations,2024,8,Multiple,102843.0,3526465.0,92.328,953.0,898.0,28.0,26.0,744.0,9.0,Fresh,Surface,South Fork - Holston River,South Fork - Holston River
TN,Tennessee Eastman Operations,2024,9,Multiple,88392.0,2851151.0,89.842,1079.0,1016.0,33.0,32.0,720.0,9.0,Fresh,Surface,South Fork - Holston River,South Fork - Holston River
TN,Tennessee Eastman Operations,2024,10,Multiple,83518.0,3179347.0,93.353,1187.0,1118.0,31.0,29.0,744.0,9.0,Fresh,Surface,South Fork - Holston River,South Fork - Holston River
TN,Tennessee Eastman Operations,2024,11,Multiple,97843.0,3253381.0,90.206,979.0,922.0,29.0,28.0,720.0,9.0,Fresh,Surface,South Fork - Holston River,South Fork - Holston River
TN,Tennessee Eastman Operations,2024,12,Multiple,97474.0,3369217.0,92.704,1010.0,951.0,29.0,28.0,744.0,9.0,Fresh,Surface,South Fork - Holston River,South Fork - Holston River
ID,Clearwater Paper IPP Lewiston,2024,1,Wood/Wood Waste Biomass,27739.0,1019634.0,0.7,1403.0,25.0,38.0,1.0,51.0,20.0,Fresh,Surface,Clearwater River,Snake River
ID,Clearwater Paper IPP Lewiston,2024,4,Wood/Wood Waste Biomass,35263.0,1387402.0,6.106,12946.0,173.0,329.0,4.0,472.0,20.0,Fresh,Surface,Clearwater River,Snake River
ID,Clearwater Paper IPP Lewiston,2024,5,Wood/Wood Waste Biomass,36114.0,1413784.0,10.327,20466.0,286.0,523.0,7.0,744.0,20.0,Fresh,Surface,Clearwater River,Snake River
ID,Clearwater Paper IPP Lewiston,2024,6,Wood/Wood Waste Biomass,11965.0,424776.0,12.956,60669.0,1083.0,1709.0,31.0,720.0,20.0,Fresh,Surface,Clearwater River,Snake River
ID,Clearwater Paper IPP Lewiston,2024,7,Wood/Wood Waste Biomass,18385.0,685084.0,11.0,43095.0,598.0,1157.0,16.0,744.0,20.0,Fresh,Surface,Clearwater River,Snake River
ID,Clearwater Paper IPP Lewiston,2024,8,Wood/Wood Waste Biomass,32085.0,1170796.0,10.743,24835.0,335.0,681.0,9.0,744.0,20.0,Fresh,Surface,Clearwater River,Snake River
ID,Clearwater Paper IPP Lewiston,2024,9,Wood/Wood Waste Biomass,29195.0,1189631.0,8.02,26730.0,275.0,656.0,7.0,720.0,20.0,Fresh,Surface,Clearwater River,Snake River
ID,Clearwater Paper IPP Lewiston,2024,10,Wood/Wood Waste Biomass,34825.0,1342913.0,7.965,22665.0,229.0,588.0,6.0,744.0,20.0,Fresh,Surface,Clearwater River,Snake River
ID,Clearwater Paper IPP Lewiston,2024,11,Wood/Wood Waste Biomass,38736.0,1294908.0,3.862,9799.0,100.0,293.0,3.0,373.0,20.0,Fresh,Surface,Clearwater River,Snake River
VA,Covanta Fairfax Energy,2024,1,Municipal Solid Waste,60956.0,1010522.0,36.3,683.0,596.0,41.0,36.0,744.0,,Reclaimed,Discharge,Municipal,Municipal
VA,Covanta Fairfax Energy,2024,2,Municipal Solid Waste,59932.0,1024670.0,6.9,210.0,115.0,12.0,7.0,696.0,,Reclaimed,Discharge,Municipal,Municipal
VA,Covanta Fairfax Energy,2024,3,Municipal Solid Waste,53698.0,974042.0,48.52,685.0,904.0,38.0,50.0,744.0,,Reclaimed,Discharge,Municipal,Municipal
VA,Covanta Fairfax Energy,2024,4,Municipal Solid Waste,59872.0,1070492.0,31.15,615.0,520.0,34.0,29.0,720.0,,Reclaimed,Discharge,Municipal,Municipal
VA,Covanta Fairfax Energy,2024,5,Municipal Solid Waste,63316.0,1096640.0,37.4,703.0,591.0,41.0,34.0,744.0,,Reclaimed,Discharge,Municipal,Municipal
VA,Covanta Fairfax Energy,2024,6,Municipal Solid Waste,56480.0,1055410.0,44.5,910.0,788.0,49.0,42.0,720.0,,Reclaimed,Discharge,Municipal,Municipal
VA,Covanta Fairfax Energy,2024,7,Municipal Solid Waste,47136.0,959460.0,32.7,812.0,694.0,40.0,34.0,744.0,,Reclaimed,Discharge,Municipal,Municipal
VA,Covanta Fairfax Energy,2024,8,Municipal Solid Waste,55282.0,970200.0,35.8,769.0,648.0,44.0,37.0,720.0,,Reclaimed,Discharge,Municipal,Municipal
VA,Covanta Fairfax Energy,2024,9,Municipal Solid Waste,52416.0,967958.0,36.7,832.0,700.0,45.0,38.0,720.0,,Reclaimed,Discharge,Municipal,Municipal
VA,Covanta Fairfax Energy,2024,10,Municipal Solid Waste,50998.0,996400.0,36.5,841.0,716.0,43.0,37.0,744.0,,Reclaimed,Discharge,Municipal,Municipal
VA,Covanta Fairfax Energy,2024,11,Municipal Solid Waste,30744.0,859700.0,33.8,1296.0,1099.0,46.0,39.0,720.0,,Reclaimed,Discharge,Municipal,Municipal
VA,Covanta Fairfax Energy,2024,12,Municipal Solid Waste,50828.0,968080.0,35.8,832.0,704.0,44.0,37.0,744.0,,Reclaimed,Discharge,Municipal,Municipal
PA,Northampton Generating Company LP,2024,1,Conventional Steam Coal,70324.0,812700.0,39.727,565.0,565.0,49.0,49.0,744.0,5.0,Fresh,Surface,Lehigh River,
PA,Northampton Generating Company LP,2024,2,Conventional Steam Coal,61604.0,719699.0,37.884,615.0,615.0,53.0,53.0,696.0,5.0,Fresh,Surface,Lehigh River,
PA,Northampton Generating Company LP,2024,3,Conventional Steam Coal,29344.0,347933.0,18.777,640.0,640.0,54.0,54.0,339.0,5.0,Fresh,Surface,Lehigh River,
PA,Northampton Generating Company LP,2024,4,Conventional Steam Coal,37395.0,430833.0,24.738,662.0,662.0,57.0,57.0,433.0,5.0,Fresh,Surface,Lehigh River,
PA,Northampton Generating Company LP,2024,5,Conventional Steam Coal,796.0,31082.0,1.897,2383.0,2383.0,61.0,61.0,74.0,5.0,Fresh,Surface,Lehigh River,
PA,Northampton Generating Company LP,2024,6,Conventional Steam Coal,50592.0,612135.0,40.596,802.0,802.0,66.0,66.0,615.0,5.0,Fresh,Surface,Lehigh River,
PA,Northampton Generating Company LP,2024,7,Conventional Steam Coal,46703.0,563089.0,38.46,824.0,824.0,68.0,68.0,532.0,5.0,Fresh,Surface,Lehigh River,
PA,Northampton Generating Company LP,2024,8,Conventional Steam Coal,45239.0,562426.0,37.014,818.0,818.0,66.0,66.0,651.0,5.0,Fresh,Surface,Lehigh River,
PA,Northampton Generating Company LP,2024,9,Conventional Steam Coal,11344.0,126429.0,9.202,811.0,811.0,73.0,73.0,189.0,5.0,Fresh,Surface,Lehigh River,
PA,Northampton Generating Company LP,2024,10,Conventional Steam Coal,64450.0,711802.0,19.737,306.0,306.0,28.0,28.0,732.0,5.0,Fresh,Surface,Lehigh River,
PA,Northampton Generating Company LP,2024,11,Conventional Steam Coal,23301.0,297159.0,29.876,1282.0,1282.0,101.0,101.0,312.0,5.0,Fresh,Surface,Lehigh River,
PA,Northampton Generating Company LP,2024,12,Conventional Steam Coal,53464.0,651712.0,41.863,783.0,783.0,64.0,64.0,574.0,5.0,Fresh,Surface,Lehigh River,
DE,Delaware City Plant,2024,1,Other Gases,23270.0,853459.0,315.002,322338.0,13537.0,8789.0,369.0,744.0,,Brackish,Surface,Delaware River,Delaware River
DE,Delaware City Plant,2024,5,Other Gases,30977.0,771714.0,243.66,325273.0,7866.0,13057.0,316.0,744.0,,Brackish,Surface,Delaware River,Delaware River
DE,Delaware City Plant,2024,6,Other Gases,23037.0,681593.0,148.81,423982.0,6460.0,14330.0,218.0,720.0,,Brackish,Surface,Delaware River,Delaware River
DE,Delaware City Plant,2024,8,Other Gases,22953.0,687085.0,257.722,498265.0,11228.0,16645.0,375.0,744.0,,Brackish,Surface,Delaware River,Delaware River
DE,Delaware City Plant,2024,9,Other Gases,20545.0,691371.0,10.877,503418.0,529.0,14960.0,16.0,720.0,,Brackish,Surface,Delaware River,Delaware River
DE,Delaware City Plant,2024,10,Other Gases,21902.0,773442.0,220.642,424412.0,10074.0,12018.0,285.0,744.0,,Brackish,Surface,Delaware River,Delaware River
DE,Delaware City Plant,2024,11,Other Gases,20002.0,801085.0,243.229,411693.0,12160.0,10279.0,304.0,720.0,,Brackish,Surface,Delaware River,Delaware River
DE,Delaware City Plant,2024,12,Other Gases,20294.0,905182.0,199.623,352933.0,9837.0,7913.0,221.0,744.0,,Brackish,Surface,Delaware River,Delaware River
VA,Spruance Operating Services LLC,2024,1,Natural Gas Steam Turbine,6556.0,518792.0,0.531,223.0,81.0,3.0,1.0,744.0,30.0,Fresh,Surface,James River,James River
VA,Spruance Operating Services LLC,2024,4,Natural Gas Steam Turbine,4020.0,423106.0,0.497,341.0,124.0,3.0,1.0,720.0,30.0,Fresh,Surface,James River,James River
VA,Spruance Operating Services LLC,2024,5,Natural Gas Steam Turbine,4497.0,436295.0,2.519,744.0,560.0,8.0,6.0,744.0,30.0,Fresh,Surface,James River,James River
VA,Spruance Operating Services LLC,2024,6,Natural Gas Steam Turbine,5085.0,427615.0,6.02,1430.0,1184.0,17.0,14.0,720.0,30.0,Fresh,Surface,James River,James River
VA,Spruance Operating Services LLC,2024,7,Natural Gas Steam Turbine,4854.0,464110.0,3.338,1115.0,688.0,12.0,7.0,744.0,30.0,Fresh,Surface,James River,James River
VA,Spruance Operating Services LLC,2024,8,Natural Gas Steam Turbine,4745.0,478686.0,2.19,737.0,462.0,7.0,5.0,744.0,30.0,Fresh,Surface,James River,James River
VA,Spruance Operating Services LLC,2024,11,Natural Gas Steam Turbine,5061.0,469149.0,0.342,203.0,68.0,2.0,1.0,720.0,30.0,Fresh,Surface,James River,James River
FL,Okeelanta Cogeneration,2024,1,Other Waste Biomass,3822.0,1083341.0,2.7,2381.0,706.0,8.0,2.0,744.0,,Fresh,Surface,Canal (Lake Okeechobee),Percolation Pond
FL,Okeelanta Cogeneration,2024,2,Other Waste Biomass,4777.0,891066.0,3.6,2554.0,754.0,14.0,4.0,696.0,,Fresh,Surface,Canal (Lake Okeechobee),Percolation Pond
FL,Okeelanta Cogeneration,2024,3,Other Waste Biomass,3761.0,926399.0,4.3,3829.0,1143.0,16.0,5.0,744.0,,Fresh,Surface,Canal (Lake Okeechobee),Percolation Pond
FL,Okeelanta Cogeneration,2024,4,Other Waste Biomass,2165.0,725560.0,5.9,8961.0,2725.0,27.0,8.0,633.0,,Fresh,Surface,Canal (Lake Okeechobee),Percolation Pond
FL,Okeelanta Cogeneration,2024,5,Other Waste Biomass,409.0,313293.0,3.5,29095.0,8557.0,38.0,11.0,651.0,,Fresh,Surface,Canal (Lake Okeechobee),Percolation Pond
FL,Okeelanta Cogeneration,2024,6,Other Waste Biomass,556.0,236387.0,2.6,15647.0,4676.0,37.0,11.0,554.0,,Fresh,Surface,Canal (Lake Okeechobee),Percolation Pond
FL,Okeelanta Cogeneration,2024,7,Other Waste Biomass,907.0,331602.0,2.7,10143.0,2977.0,28.0,8.0,687.0,,Fresh,Surface,Canal (Lake Okeechobee),Percolation Pond
FL,Okeelanta Cogeneration,2024,8,Other Waste Biomass,1437.0,336118.0,3.3,7655.0,2296.0,33.0,10.0,509.0,,Fresh,Surface,Canal (Lake Okeechobee),Percolation Pond
FL,Okeelanta Cogeneration,2024,9,Other Waste Biomass,1134.0,272143.0,3.1,9083.0,2734.0,38.0,11.0,405.0,,Fresh,Surface,Canal (Lake Okeechobee),Percolation Pond
FL,Okeelanta Cogeneration,2024,10,Other Waste Biomass,7506.0,611458.0,4.7,2065.0,626.0,25.0,8.0,647.0,,Fresh,Surface,Canal (Lake Okeechobee),Percolation Pond
FL,Okeelanta Cogeneration,2024,11,Other Waste Biomass,6245.0,1142325.0,4.5,2370.0,721.0,13.0,4.0,720.0,,Fresh,Surface,Canal (Lake Okeechobee),Percolation Pond
FL,Okeelanta Cogeneration,2024,12,Other Waste Biomass,8439.0,1086426.0,6.6,2619.0,782.0,20.0,6.0,713.0,,Fresh,Surface,Canal (Lake Okeechobee),Percolation Pond
MS,Red Hills Generating Facility,2024,1,Conventional Steam Coal,109567.0,1352845.0,14.419,132.0,132.0,11.0,11.0,585.0,,Saline,Ground,Wells,
MS,Red Hills Generating Facility,2024,2,Conventional Steam Coal,123525.0,1502449.0,40.605,329.0,329.0,27.0,27.0,594.0,,Saline,Ground,Wells,
MS,Red Hills Generating Facility,2024,3,Conventional Steam Coal,150005.0,1823382.0,47.3,315.0,315.0,26.0,26.0,744.0,,Saline,Ground,Wells,
MS,Red Hills Generating Facility,2024,4,Conventional Steam Coal,70788.0,900051.0,40.042,566.0,566.0,44.0,44.0,367.0,,Saline,Ground,Wells,
MS,Red Hills Generating Facility,2024,5,Conventional Steam Coal,144377.0,1798667.0,109.539,759.0,759.0,61.0,61.0,728.0,,Saline,Ground,Wells,
MS,Red Hills Generating Facility,2024,6,Conventional Steam Coal,141228.0,1796632.0,145.157,1028.0,1028.0,81.0,81.0,720.0,,Saline,Ground,Wells,
MS,Red Hills Generating Facility,2024,7,Conventional Steam Coal,143518.0,1903204.0,107.416,748.0,748.0,56.0,56.0,744.0,,Saline,Ground,Wells,
MS,Red Hills Generating Facility,2024,8,Conventional Steam Coal,223714.0,2753165.0,58.369,261.0,261.0,21.0,21.0,653.0,,Saline,Ground,Wells,
MS,Red Hills Generating Facility,2024,10,Conventional Steam Coal,33049.0,458741.0,27.002,817.0,817.0,59.0,59.0,189.0,,Saline,Ground,Wells,
MS,Red Hills Generating Facility,2024,11,Conventional Steam Coal,183142.0,2229658.0,20.127,110.0,110.0,9.0,9.0,720.0,,Saline,Ground,Wells,
MS,Red Hills Generating Facility,2024,12,Conventional Steam Coal,296310.0,3343090.0,46.26,156.0,156.0,14.0,14.0,744.0,,Saline,Ground,Wells,
TX,Nacogdoches Power,2024,1,Wood/Wood Waste Biomass,33239.0,494485.0,15.976,599.0,481.0,40.0,32.0,720.0,,Fresh,Surface,Lake Striker,Angelina River
TX,Nacogdoches Power,2024,2,Wood/Wood Waste Biomass,2202.0,34785.0,2.713,1950.0,1232.0,123.0,78.0,313.0,,Fresh,Surface,Lake Striker,Angelina River
TX,Nacogdoches Power,2024,5,Wood/Wood Waste Biomass,24513.0,385871.0,18.161,913.0,741.0,58.0,47.0,744.0,,Fresh,Surface,Lake Striker,Angelina River
TX,Nacogdoches Power,2024,6,Wood/Wood Waste Biomass,45978.0,686281.0,32.526,817.0,707.0,55.0,47.0,720.0,,Fresh,Surface,Lake Striker,Angelina River
TX,Nacogdoches Power,2024,7,Wood/Wood Waste Biomass,23453.0,408179.0,16.689,867.0,712.0,50.0,41.0,744.0,,Fresh,Surface,Lake Striker,Angelina River
TX,Nacogdoches Power,2024,8,Wood/Wood Waste Biomass,30005.0,494523.0,24.023,971.0,801.0,59.0,49.0,744.0,,Fresh,Surface,Lake Striker,Angelina River
TX,Nacogdoches Power,2024,10,Wood/Wood Waste Biomass,9682.0,185334.0,8.967,1160.0,926.0,61.0,48.0,744.0,,Fresh,Surface,Lake Striker,Angelina River
TX,Nacogdoches Power,2024,12,Wood/Wood Waste Biomass,20956.0,312966.0,10.226,695.0,488.0,47.0,33.0,744.0,,Fresh,Surface,Lake Striker,Angelina River
MT,Hardin Generator Project,2024,1,Conventional Steam Coal,59555.0,773771.0,56.619,951.0,951.0,73.0,73.0,699.0,3.0,Fresh,Surface,BIGHORN RIVER,
MT,Hardin Generator Project,2024,2,Conventional Steam Coal,57637.0,726008.0,56.295,977.0,977.0,78.0,78.0,695.0,3.0,Fresh,Surface,BIGHORN RIVER,
MT,Hardin Generator Project,2024,3,Conventional Steam Coal,59555.0,807725.0,57.834,971.0,971.0,72.0,72.0,714.0,3.0,Fresh,Surface,BIGHORN RIVER,
MT,Hardin Generator Project,2024,4,Conventional Steam Coal,46325.0,594877.0,51.759,1117.0,1117.0,87.0,87.0,639.0,3.0,Fresh,Surface,BIGHORN RIVER,
MT,Hardin Generator Project,2024,5,Conventional Steam Coal,6380.0,61792.0,8.505,1333.0,1333.0,138.0,138.0,105.0,3.0,Fresh,Surface,BIGHORN RIVER,
MT,Hardin Generator Project,2024,7,Conventional Steam Coal,12890.0,145856.0,14.256,1106.0,1106.0,98.0,98.0,176.0,3.0,Fresh,Surface,BIGHORN RIVER,
MT,Hardin Generator Project,2024,8,Conventional Steam Coal,50085.0,644348.0,51.273,1024.0,1024.0,80.0,80.0,633.0,3.0,Fresh,Surface,BIGHORN RIVER,
MT,Hardin Generator Project,2024,9,Conventional Steam Coal,39833.0,507147.0,41.148,1033.0,1033.0,81.0,81.0,508.0,3.0,Fresh,Surface,BIGHORN RIVER,
MT,Hardin Generator Project,2024,10,Conventional Steam Coal,58077.0,757591.0,58.887,1014.0,1014.0,78.0,78.0,727.0,3.0,Fresh,Surface,BIGHORN RIVER,
MT,Hardin Generator Project,2024,11,Conventional Steam Coal,40928.0,606104.0,43.578,1065.0,1065.0,72.0,72.0,538.0,3.0,Fresh,Surface,BIGHORN RIVER,
MT,Hardin Generator Project,2024,12,Conventional Steam Coal,49736.0,626361.0,51.597,1037.0,1037.0,82.0,82.0,637.0,3.0,Fresh,Surface,BIGHORN RIVER,
IL,Prairie State Generating Station,2024,1,Conventional Steam Coal,531934.0,5089540.0,181.079,396.0,340.0,41.0,36.0,744.0,10.0,Fresh,Surface,Kaskaskia River,Kaskaskia River
IL,Prairie State Generating Station,2024,2,Conventional Steam Coal,558860.0,5310452.0,198.893,411.0,356.0,43.0,37.0,696.0,10.0,Fresh,Surface,Kaskaskia River,Kaskaskia River
IL,Prairie State Generating Station,2024,3,Conventional Steam Coal,578384.0,5596059.0,219.311,429.0,379.0,44.0,39.0,743.0,10.0,Fresh,Surface,Kaskaskia River,Kaskaskia River
IL,Prairie State Generating Station,2024,4,Conventional Steam Coal,530653.0,5104513.0,214.77,452.0,405.0,47.0,42.0,720.0,10.0,Fresh,Surface,Kaskaskia River,Kaskaskia River
IL,Prairie State Generating Station,2024,5,Conventional Steam Coal,420842.0,4062982.0,187.234,495.0,445.0,51.0,46.0,744.0,10.0,Fresh,Surface,Kaskaskia River,Kaskaskia River
IL,Prairie State Generating Station,2024,6,Conventional Steam Coal,366619.0,3605575.0,177.594,527.0,484.0,54.0,49.0,720.0,10.0,Fresh,Surface,Kaskaskia River,Kaskaskia River
IL,Prairie State Generating Station,2024,7,Conventional Steam Coal,595488.0,5750541.0,260.923,482.0,438.0,50.0,45.0,744.0,10.0,Fresh,Surface,Kaskaskia River,Kaskaskia River
IL,Prairie State Generating Station,2024,8,Conventional Steam Coal,575939.0,5589897.0,256.043,494.0,445.0,51.0,46.0,744.0,10.0,Fresh,Surface,Kaskaskia River,Kaskaskia River
IL,Prairie State Generating Station,2024,9,Conventional Steam Coal,481901.0,4631199.0,211.337,482.0,439.0,50.0,46.0,720.0,10.0,Fresh,Surface,Kaskaskia River,Kaskaskia River
IL,Prairie State Generating Station,2024,10,Conventional Steam Coal,526061.0,4977957.0,216.208,464.0,411.0,49.0,43.0,744.0,10.0,Fresh,Surface,Kaskaskia River,Kaskaskia River
IL,Prairie State Generating Station,2024,11,Conventional Steam Coal,539846.0,5175144.0,200.938,430.0,372.0,45.0,39.0,720.0,10.0,Fresh,Surface,Kaskaskia River,Kaskaskia River
IL,Prairie State Generating Station,2024,12,Conventional Steam Coal,311285.0,2937208.0,122.558,444.0,394.0,47.0,42.0,744.0,10.0,Fresh,Surface,Kaskaskia River,Kaskaskia River
IL,Prairie State Generating Station,2024,1,Conventional Steam Coal,607441.0,5784874.0,147.953,301.0,244.0,32.0,26.0,744.0,10.0,Fresh,Surface,Kaskaskia River,Kaskaskia River
IL,Prairie State Generating Station,2024,2,Conventional Steam Coal,439292.0,4193057.0,117.706,323.0,268.0,34.0,28.0,696.0,10.0,Fresh,Surface,Kaskaskia River,Kaskaskia River
IL,Prairie State Generating Station,2024,3,Conventional Steam Coal,582076.0,5567102.0,171.194,346.0,294.0,36.0,31.0,743.0,10.0,Fresh,Surface,Kaskaskia River,Kaskaskia River
IL,Prairie State Generating Station,2024,4,Conventional Steam Coal,504736.0,4833220.0,156.67,360.0,310.0,38.0,32.0,720.0,10.0,Fresh,Surface,Kaskaskia River,Kaskaskia River
IL,Prairie State Generating Station,2024,5,Conventional Steam Coal,595769.0,5668744.0,206.223,402.0,346.0,42.0,36.0,744.0,10.0,Fresh,Surface,Kaskaskia River,Kaskaskia River
IL,Prairie State Generating Station,2024,6,Conventional Steam Coal,570080.0,5491345.0,209.988,414.0,368.0,43.0,38.0,720.0,10.0,Fresh,Surface,Kaskaskia River,Kaskaskia River
IL,Prairie State Generating Station,2024,7,Conventional Steam Coal,563069.0,5357996.0,206.306,411.0,366.0,43.0,39.0,744.0,10.0,Fresh,Surface,Kaskaskia River,Kaskaskia River
IL,Prairie State Generating Station,2024,8,Conventional Steam Coal,596807.0,5770660.0,219.729,411.0,368.0,43.0,38.0,744.0,10.0,Fresh,Surface,Kaskaskia River,Kaskaskia River
IL,Prairie State Generating Station,2024,9,Conventional Steam Coal,574627.0,5491756.0,203.064,399.0,353.0,42.0,37.0,720.0,10.0,Fresh,Surface,Kaskaskia River,Kaskaskia River
IL,Prairie State Generating Station,2024,10,Conventional Steam Coal,392019.0,3679772.0,134.068,393.0,342.0,42.0,36.0,744.0,10.0,Fresh,Surface,Kaskaskia River,Kaskaskia River
IL,Prairie State Generating Station,2024,11,Conventional Steam Coal,4020.0,61894.0,1.73,12025.0,430.0,781.0,28.0,720.0,10.0,Fresh,Surface,Kaskaskia River,Kaskaskia River
NV,TS Power Plant,2024,1,Conventional Steam Coal,139176.0,1389598.0,26.2,220.0,188.0,22.0,19.0,744.0,,Fresh,Ground,Wells,
NV,TS Power Plant,2024,2,Conventional Steam Coal,75121.0,774988.0,15.1,254.0,201.0,25.0,19.0,672.0,,Fresh,Ground,Wells,
NV,TS Power Plant,2024,3,Conventional Steam Coal,88164.0,937992.0,15.1,222.0,171.0,21.0,16.0,744.0,,Fresh,Ground,Wells,
NV,TS Power Plant,2024,4,Conventional Steam Coal,41309.0,453320.0,8.4,266.0,203.0,24.0,19.0,720.0,,Fresh,Ground,Wells,
NV,TS Power Plant,2024,5,Conventional Steam Coal,64935.0,671873.0,13.5,240.0,208.0,23.0,20.0,744.0,,Fresh,Ground,Wells,
NV,TS Power Plant,2024,6,Conventional Steam Coal,105048.0,1065741.0,25.9,290.0,247.0,29.0,24.0,720.0,,Fresh,Ground,Wells,
NV,TS Power Plant,2024,7,Conventional Steam Coal,120914.0,1193807.0,29.0,280.0,240.0,28.0,24.0,744.0,,Fresh,Ground,Wells,
NV,TS Power Plant,2024,8,Conventional Steam Coal,131756.0,1294509.0,26.4,238.0,200.0,24.0,20.0,744.0,,Fresh,Ground,Wells,
NV,TS Power Plant,2024,9,Conventional Steam Coal,111505.0,1124310.0,28.08,295.0,252.0,29.0,25.0,720.0,,Fresh,Ground,Wells,
NV,TS Power Plant,2024,10,Conventional Steam Coal,82806.0,840288.0,21.66,305.0,262.0,30.0,26.0,744.0,,Fresh,Ground,Wells,
NV,TS Power Plant,2024,11,Conventional Steam Coal,85106.0,908855.0,27.85,371.0,327.0,35.0,31.0,720.0,,Fresh,Ground,Wells,
NV,TS Power Plant,2024,12,Conventional Steam Coal,118494.0,1210741.0,26.68,258.0,225.0,25.0,22.0,744.0,,Fresh,Ground,Wells,
AR,Plum Point Energy Station,2024,1,Conventional Steam Coal,341260.0,3401817.0,139.915,480.0,410.0,48.0,41.0,712.0,35.0,Fresh,Surface,Mississippi River,Mississippi River
AR,Plum Point Energy Station,2024,2,Conventional Steam Coal,230856.0,2384536.0,71.818,362.0,311.0,35.0,30.0,696.0,35.0,Fresh,Surface,Mississippi River,Mississippi River
AR,Plum Point Energy Station,2024,3,Conventional Steam Coal,239528.0,2548933.0,116.3,553.0,486.0,52.0,46.0,743.0,35.0,Fresh,Surface,Mississippi River,Mississippi River
AR,Plum Point Energy Station,2024,4,Conventional Steam Coal,38284.0,410621.0,7.387,217.0,193.0,20.0,18.0,120.0,35.0,Fresh,Surface,Mississippi River,Mississippi River
AR,Plum Point Energy Station,2024,5,Conventional Steam Coal,237928.0,2341665.0,51.064,243.0,215.0,25.0,22.0,661.0,35.0,Fresh,Surface,Mississippi River,Mississippi River
AR,Plum Point Energy Station,2024,6,Conventional Steam Coal,296948.0,3029460.0,151.39,582.0,510.0,57.0,50.0,720.0,35.0,Fresh,Surface,Mississippi River,Mississippi River
AR,Plum Point Energy Station,2024,7,Conventional Steam Coal,291864.0,2965298.0,152.211,644.0,522.0,63.0,51.0,744.0,35.0,Fresh,Surface,Mississippi River,Mississippi River
AR,Plum Point Energy Station,2024,8,Conventional Steam Coal,241204.0,2509763.0,131.487,673.0,545.0,65.0,52.0,596.0,35.0,Fresh,Surface,Mississippi River,Mississippi River
AR,Plum Point Energy Station,2024,9,Conventional Steam Coal,311000.0,3299119.0,121.052,505.0,389.0,48.0,37.0,720.0,35.0,Fresh,Surface,Mississippi River,Mississippi River
AR,Plum Point Energy Station,2024,10,Conventional Steam Coal,300199.0,3169704.0,150.246,633.0,500.0,60.0,47.0,744.0,35.0,Fresh,Surface,Mississippi River,Mississippi River
AR,Plum Point Energy Station,2024,11,Conventional Steam Coal,300658.0,3122225.0,32.6,137.0,108.0,13.0,10.0,720.0,35.0,Fresh,Surface,Mississippi River,Mississippi River
AR,Plum Point Energy Station,2024,12,Conventional Steam Coal,290248.0,2952867.0,82.142,347.0,283.0,34.0,28.0,581.0,35.0,Fresh,Surface,Mississippi River,Mississippi River
AR,John W Turk Jr Power Plant,2024,1,Conventional Steam Coal,325127.0,3034756.0,119.678,430.0,368.0,46.0,39.0,627.0,,Fresh,Surface,Little Arkansas River,Little Arkansas River
AR,John W Turk Jr Power Plant,2024,2,Conventional Steam Coal,151236.0,1443616.0,62.617,478.0,414.0,50.0,43.0,439.0,,Fresh,Surface,Little Arkansas River,Little Arkansas River
AR,John W Turk Jr Power Plant,2024,3,Conventional Steam Coal,233278.0,2230606.0,84.416,370.0,362.0,39.0,38.0,640.0,,Fresh,Surface,Little Arkansas River,Little Arkansas River
AR,John W Turk Jr Power Plant,2024,4,Conventional Steam Coal,315261.0,2959365.0,158.62,582.0,503.0,62.0,54.0,713.0,,Fresh,Surface,Little Arkansas River,Little Arkansas River
AR,John W Turk Jr Power Plant,2024,5,Conventional Steam Coal,259621.0,2458368.0,101.208,469.0,390.0,50.0,41.0,596.0,,Fresh,Surface,Little Arkansas River,Little Arkansas River
AR,John W Turk Jr Power Plant,2024,6,Conventional Steam Coal,325094.0,2567709.0,187.607,649.0,577.0,82.0,73.0,720.0,,Fresh,Surface,Little Arkansas River,Little Arkansas River
AR,John W Turk Jr Power Plant,2024,7,Conventional Steam Coal,334314.0,3145168.0,186.548,630.0,558.0,67.0,59.0,744.0,,Fresh,Surface,Little Arkansas River,Little Arkansas River
AR,John W Turk Jr Power Plant,2024,8,Conventional Steam Coal,300382.0,2769487.0,177.329,659.0,590.0,72.0,64.0,656.0,,Fresh,Surface,Little Arkansas River,Little Arkansas River
AR,John W Turk Jr Power Plant,2024,9,Conventional Steam Coal,231586.0,2175250.0,113.821,557.0,491.0,59.0,52.0,518.0,,Fresh,Surface,Little Arkansas River,Little Arkansas River
AR,John W Turk Jr Power Plant,2024,10,Conventional Steam Coal,208322.0,3295348.0,204.322,1064.0,981.0,67.0,62.0,744.0,,Fresh,Surface,Little Arkansas River,Little Arkansas River
AR,John W Turk Jr Power Plant,2024,11,Conventional Steam Coal,33564.0,309907.0,8.453,551.0,252.0,60.0,27.0,71.0,,Fresh,Surface,Little Arkansas River,Little Arkansas River
TX,Sandy Creek Energy Station,2024,1,Conventional Steam Coal,369714.0,3561690.0,96.726,336.0,262.0,35.0,27.0,744.0,,Reclaimed,Discharge,WMARSS,Brazos River
TX,Sandy Creek Energy Station,2024,2,Conventional Steam Coal,112306.0,1137560.0,12.124,155.0,108.0,15.0,11.0,286.0,,Reclaimed,Discharge,WMARSS,Brazos River
TX,Sandy Creek Energy Station,2024,4,Conventional Steam Coal,102894.0,988313.0,20.256,266.0,197.0,28.0,20.0,427.0,,Reclaimed,Discharge,WMARSS,Brazos River
TX,Sandy Creek Energy Station,2024,5,Conventional Steam Coal,281265.0,2812990.0,93.327,441.0,332.0,44.0,33.0,744.0,,Reclaimed,Discharge,WMARSS,Brazos River
TX,Sandy Creek Energy Station,2024,6,Conventional Steam Coal,329047.0,3230287.0,101.304,407.0,308.0,41.0,31.0,720.0,,Reclaimed,Discharge,WMARSS,Brazos River
TX,Sandy Creek Energy Station,2024,7,Conventional Steam Coal,336551.0,3353293.0,100.381,409.0,298.0,41.0,30.0,722.0,,Reclaimed,Discharge,WMARSS,Brazos River
TX,Sandy Creek Energy Station,2024,8,Conventional Steam Coal,336149.0,3340730.0,108.285,440.0,322.0,44.0,32.0,743.0,,Reclaimed,Discharge,WMARSS,Brazos River
TX,Sandy Creek Energy Station,2024,9,Conventional Steam Coal,305548.0,3059008.0,105.805,461.0,346.0,46.0,35.0,719.0,,Reclaimed,Discharge,WMARSS,Brazos River
TX,Sandy Creek Energy Station,2024,10,Conventional Steam Coal,130504.0,1274413.0,46.924,522.0,360.0,53.0,37.0,744.0,,Reclaimed,Discharge,WMARSS,Brazos River
TX,Sandy Creek Energy Station,2024,11,Conventional Steam Coal,340196.0,3331117.0,85.867,353.0,252.0,36.0,26.0,720.0,,Reclaimed,Discharge,WMARSS,Brazos River
TX,Sandy Creek Energy Station,2024,12,Conventional Steam Coal,393073.0,3711152.0,93.955,325.0,239.0,34.0,25.0,740.0,,Reclaimed,Discharge,WMARSS,Brazos River
WV,Longview Power Plant,2024,1,Conventional Steam Coal,500692.0,4434473.0,178.155,361.0,356.0,41.0,40.0,744.0,9.3,Fresh,Surface,Monongahela River,Monongahela River
WV,Longview Power Plant,2024,2,Conventional Steam Coal,327049.0,2909829.0,125.604,385.0,384.0,43.0,43.0,555.0,9.3,Fresh,Surface,Monongahela River,Monongahela River
WV,Longview Power Plant,2024,3,Conventional Steam Coal,193601.0,1872830.0,78.558,410.0,406.0,42.0,42.0,382.0,9.3,Fresh,Surface,Monongahela River,Monongahela River
WV,Longview Power Plant,2024,4,Conventional Steam Coal,428971.0,3821219.0,178.049,425.0,415.0,48.0,47.0,688.0,9.3,Fresh,Surface,Monongahela River,Monongahela River
WV,Longview Power Plant,2024,5,Conventional Steam Coal,432041.0,3867131.0,187.129,450.0,433.0,50.0,48.0,666.0,9.3,Fresh,Surface,Monongahela River,Monongahela River
WV,Longview Power Plant,2024,6,Conventional Steam Coal,452847.0,4183382.0,217.12,262.0,479.0,28.0,52.0,720.0,9.3,Fresh,Surface,Monongahela River,Monongahela River
WV,Longview Power Plant,2024,7,Conventional Steam Coal,495336.0,4390710.0,236.641,504.0,478.0,57.0,54.0,744.0,9.3,Fresh,Surface,Monongahela River,Monongahela River
WV,Longview Power Plant,2024,8,Conventional Steam Coal,478857.0,4347383.0,227.63,503.0,475.0,55.0,52.0,744.0,9.3,Fresh,Surface,Monongahela River,Monongahela River
WV,Longview Power Plant,2024,9,Conventional Steam Coal,318762.0,2822688.0,152.409,497.0,478.0,56.0,54.0,507.0,9.3,Fresh,Surface,Monongahela River,Monongahela River
WV,Longview Power Plant,2024,10,Conventional Steam Coal,173709.0,1556582.0,166.411,431.0,958.0,48.0,107.0,278.0,9.3,Fresh,Surface,Monongahela River,Monongahela River
WV,Longview Power Plant,2024,11,Conventional Steam Coal,437220.0,3883738.0,176.399,393.0,403.0,44.0,45.0,650.0,9.3,Fresh,Surface,Monongahela River,Monongahela River
WV,Longview Power Plant,2024,12,Conventional Steam Coal,457104.0,4128477.0,180.905,383.0,396.0,42.0,44.0,668.0,9.3,Fresh,Surface,Monongahela River,Monongahela River
TX,CFB Power Plant,2024,2,Natural Gas Steam Turbine,40961.0,525272.0,41.814,1021.0,1021.0,80.0,80.0,589.0,29.0,Fresh,Surface,Lake Texana,
TX,CFB Power Plant,2024,3,Natural Gas Steam Turbine,58508.0,720444.0,57.791,988.0,988.0,80.0,80.0,743.0,29.0,Fresh,Surface,Lake Texana,
TX,CFB Power Plant,2024,4,Natural Gas Steam Turbine,43907.0,581089.0,45.2,1029.0,1029.0,78.0,78.0,720.0,29.0,Fresh,Surface,Lake Texana,
TX,CFB Power Plant,2024,5,Natural Gas Steam Turbine,50285.0,650218.0,51.274,1020.0,1020.0,79.0,79.0,744.0,29.0,Fresh,Surface,Lake Texana,
TX,CFB Power Plant,2024,6,Natural Gas Steam Turbine,46619.0,654404.0,47.469,1018.0,1018.0,73.0,73.0,720.0,29.0,Fresh,Surface,Lake Texana,
TX,CFB Power Plant,2024,7,Natural Gas Steam Turbine,39074.0,664476.0,40.826,1045.0,1045.0,61.0,61.0,618.0,29.0,Fresh,Surface,Lake Texana,
TX,CFB Power Plant,2024,8,Natural Gas Steam Turbine,30674.0,519953.0,31.899,1040.0,1040.0,61.0,61.0,526.0,29.0,Fresh,Surface,Lake Texana,
TX,CFB Power Plant,2024,9,Natural Gas Steam Turbine,33937.0,592742.0,35.027,1032.0,1032.0,59.0,59.0,572.0,29.0,Fresh,Surface,Lake Texana,
TX,CFB Power Plant,2024,12,Natural Gas Steam Turbine,29019.0,708024.0,32.861,1132.0,1132.0,46.0,46.0,534.0,29.0,Fresh,Surface,Lake Texana,
TX,CFB Power Plant,2024,1,Natural Gas Steam Turbine,46367.0,598998.0,47.832,1032.0,1032.0,80.0,80.0,680.0,29.0,Fresh,Surface,Lake Texana,
TX,CFB Power Plant,2024,2,Natural Gas Steam Turbine,41897.0,521952.0,41.895,1000.0,1000.0,80.0,80.0,604.0,29.0,Fresh,Surface,Lake Texana,
TX,CFB Power Plant,2024,3,Natural Gas Steam Turbine,59324.0,714124.0,58.257,982.0,982.0,82.0,82.0,743.0,29.0,Fresh,Surface,Lake Texana,
TX,CFB Power Plant,2024,4,Natural Gas Steam Turbine,34072.0,433768.0,34.392,1009.0,1009.0,79.0,79.0,563.0,29.0,Fresh,Surface,Lake Texana,
TX,CFB Power Plant,2024,5,Natural Gas Steam Turbine,37419.0,483387.0,38.389,1026.0,1026.0,79.0,79.0,744.0,29.0,Fresh,Surface,Lake Texana,
TX,CFB Power Plant,2024,6,Natural Gas Steam Turbine,47420.0,634303.0,47.995,1012.0,1012.0,76.0,76.0,720.0,29.0,Fresh,Surface,Lake Texana,
TX,CFB Power Plant,2024,7,Natural Gas Steam Turbine,40308.0,647755.0,42.112,1045.0,1045.0,65.0,65.0,567.0,29.0,Fresh,Surface,Lake Texana,
TX,CFB Power Plant,2024,8,Natural Gas Steam Turbine,43643.0,675929.0,45.182,1035.0,1035.0,67.0,67.0,744.0,29.0,Fresh,Surface,Lake Texana,
TX,CFB Power Plant,2024,9,Natural Gas Steam Turbine,41213.0,749702.0,42.767,1038.0,1038.0,57.0,57.0,720.0,29.0,Fresh,Surface,Lake Texana,
TX,CFB Power Plant,2024,10,Natural Gas Steam Turbine,38661.0,848046.0,41.324,1069.0,1069.0,49.0,49.0,744.0,29.0,Fresh,Surface,Lake Texana,
TX,CFB Power Plant,2024,11,Natural Gas Steam Turbine,38494.0,768666.0,41.902,1089.0,1089.0,55.0,55.0,720.0,29.0,Fresh,Surface,Lake Texana,
TX,CFB Power Plant,2024,12,Natural Gas Steam Turbine,11799.0,199906.0,44.607,3781.0,3781.0,223.0,223.0,227.0,29.0,Fresh,Surface,Lake Texana,
ND,Spiritwood Station,2024,1,Natural Gas Steam Turbine,24361.0,500901.0,8.602,367.0,353.0,18.0,17.0,744.0,,Fresh,Ground,Jamestown water treatment facility,
ND,Spiritwood Station,2024,2,Natural Gas Steam Turbine,15106.0,424764.0,4.443,296.0,294.0,11.0,10.0,696.0,,Fresh,Ground,Jamestown water treatment facility,
ND,Spiritwood Station,2024,3,Natural Gas Steam Turbine,16922.0,452501.0,5.272,314.0,312.0,12.0,12.0,744.0,,Fresh,Ground,Jamestown water treatment facility,
ND,Spiritwood Station,2024,4,Natural Gas Steam Turbine,10731.0,389204.0,3.637,345.0,339.0,10.0,9.0,475.0,,Fresh,Ground,Jamestown water treatment facility,
ND,Spiritwood Station,2024,5,Natural Gas Steam Turbine,7603.0,338818.0,3.375,444.0,444.0,10.0,10.0,360.0,,Fresh,Ground,Jamestown water treatment facility,
ND,Spiritwood Station,2024,6,Natural Gas Steam Turbine,16902.0,430310.0,6.484,402.0,384.0,16.0,15.0,720.0,,Fresh,Ground,Jamestown water treatment facility,
ND,Spiritwood Station,2024,7,Natural Gas Steam Turbine,20446.0,476716.0,8.388,443.0,410.0,19.0,18.0,744.0,,Fresh,Ground,Jamestown water treatment facility,
ND,Spiritwood Station,2024,8,Natural Gas Steam Turbine,18218.0,436839.0,7.955,463.0,437.0,19.0,18.0,744.0,,Fresh,Ground,Jamestown water treatment facility,
ND,Spiritwood Station,2024,9,Natural Gas Steam Turbine,17416.0,443410.0,7.487,436.0,430.0,17.0,17.0,720.0,,Fresh,Ground,Jamestown water treatment facility,
ND,Spiritwood Station,2024,10,Natural Gas Steam Turbine,17777.0,453604.0,6.924,393.0,389.0,15.0,15.0,744.0,,Fresh,Ground,Jamestown water treatment facility,
ND,Spiritwood Station,2024,11,Natural Gas Steam Turbine,16614.0,430839.0,5.288,319.0,318.0,12.0,12.0,720.0,,Fresh,Ground,Jamestown water treatment facility,
ND,Spiritwood Station,2024,12,Natural Gas Steam Turbine,19342.0,472342.0,6.41,332.0,331.0,14.0,14.0,744.0,,Fresh,Ground,Jamestown water treatment facility,
FL,Deerhaven Renewable,2024,1,Wood/Wood Waste Biomass,36397.0,549507.0,23.286,640.0,640.0,42.0,42.0,659.0,,Fresh,Ground,Wells Reclaimed Water,(this is a zero discharge site)
FL,Deerhaven Renewable,2024,2,Wood/Wood Waste Biomass,32477.0,457331.0,20.55,633.0,633.0,45.0,45.0,694.0,,Fresh,Ground,Wells Reclaimed Water,(this is a zero discharge site)
FL,Deerhaven Renewable,2024,4,Wood/Wood Waste Biomass,26298.0,370942.0,19.1,726.0,726.0,51.0,51.0,613.0,,Fresh,Ground,Wells Reclaimed Water,(this is a zero discharge site)
FL,Deerhaven Renewable,2024,5,Wood/Wood Waste Biomass,36590.0,510043.0,25.571,699.0,699.0,50.0,50.0,744.0,,Fresh,Ground,Wells Reclaimed Water,(this is a zero discharge site)
FL,Deerhaven Renewable,2024,6,Wood/Wood Waste Biomass,39638.0,547139.0,8.683,219.0,219.0,16.0,16.0,714.0,,Fresh,Ground,Wells Reclaimed Water,(this is a zero discharge site)
FL,Deerhaven Renewable,2024,7,Wood/Wood Waste Biomass,40162.0,577055.0,4.596,114.0,114.0,8.0,8.0,741.0,,Fresh,Ground,Wells Reclaimed Water,(this is a zero discharge site)
FL,Deerhaven Renewable,2024,8,Wood/Wood Waste Biomass,37380.0,621447.0,4.187,112.0,112.0,7.0,7.0,742.0,,Fresh,Ground,Wells Reclaimed Water,(this is a zero discharge site)
FL,Deerhaven Renewable,2024,9,Wood/Wood Waste Biomass,4200.0,68809.0,0.957,228.0,228.0,14.0,14.0,88.0,,Fresh,Ground,Wells Reclaimed Water,(this is a zero discharge site)
