STATE,COUNTY,YEAR,Public_Supply_GW,Public_Supply_SW,Public_Supply,Industrial_GW,Industrial_SW,Industrial,Irrigation_GW,Irrigation_SW,Irrigation,County_Standardized
AL,Autauga County,2000,2086.2000000000003,0.0,2086.2000000000003,618.54,9735.6,10354.14,113.46,0.0,113.46,Autauga County
AL,Baldwin County,2000,7210.2,0.0,7210.2,289.14,2086.2000000000003,2375.34,1496.94,691.74,2188.6800000000003,Baldwin County
AL,Barbour County,2000,1775.1,0.0,1775.1,344.04,0.0,344.04,21.96,387.96,409.92,Barbour County
AL,Butler County,2000,1226.1,0.0,1226.1,91.5,0.0,91.5,51.24,0.0,51.24,Butler County
AL,Calhoun County,2000,6880.8,1174.86,8055.660000000001,468.48,0.0,468.48,0.0,197.64,197.64,Calhoun County
AL,Chambers County,2000,3.66,2269.2000000000003,2272.86,0.0,2086.2000000000003,2086.2000000000003,0.0,29.28,29.28,Chambers County
AL,Chilton County,2000,772.26,512.4,1284.66,179.34,0.0,179.34,3.66,0.0,3.66,Chilton County
AL,Coffee County,2000,2609.58,0.0,2609.58,1098.0,0.0,1098.0,18.3,644.16,662.46,Coffee County
AL,Colbert County,2000,270.84,2675.46,2946.3,1098.0,30231.6,31329.6,109.8,230.58,340.38,Colbert County
AL,Covington County,2000,2426.58,0.0,2426.58,172.01999999999998,0.0,172.01999999999998,3.66,267.18,270.84,Covington County
AL,Cullman County,2000,0.0,14493.6,14493.6,0.0,420.9,420.9,0.0,58.56,58.56,Cullman County
AL,Dallas County,2000,3667.32,0.0,3667.32,124.44,14640.0,14764.44,172.01999999999998,139.08,311.1,Dallas County
AL,De Kalb County,2000,384.3,5709.599999999999,6093.9,314.76,0.0,314.76,0.0,32.94,32.94,DeKalb County
AL,Escambia County,2000,2049.6,0.0,2049.6,486.78,12444.0,12930.78,300.12,142.74,442.86,Escambia County
AL,Etowah County,2000,1431.06,6954.0,8385.06,0.0,35026.200000000004,35026.200000000004,0.0,241.56,241.56,Etowah County
AL,Geneva County,2000,618.54,0.0,618.54,51.24,0.0,51.24,7.32,340.38,347.7,Geneva County
AL,Greene County,2000,285.48,0.0,285.48,3.66,0.0,3.66,497.7600000000001,0.0,497.7600000000001,Greene County
AL,Hale County,2000,871.0799999999999,0.0,871.0799999999999,14.64,0.0,14.64,47.58,0.0,47.58,Hale County
AL,Henry County,2000,669.78,0.0,669.78,91.5,0.0,91.5,230.58,669.78,900.36,Henry County
AL,Houston County,2000,6924.72,0.0,6924.72,486.78,0.0,486.78,585.6,750.3,1335.9,Houston County
AL,Jackson County,2000,464.82,2177.7000000000003,2642.52,14.64,3359.88,3374.5200000000004,0.0,73.2,73.2,Jackson County
AL,Lamar County,2000,625.86,0.0,625.86,25.62,0.0,25.62,0.0,102.48,102.48,Lamar County
AL,Lawrence County,2000,0.0,768.6,768.6,0.0,20422.8,20422.8,0.0,314.76,314.76,Lawrence County
AL,Lee County,2000,439.2,4209.0,4648.2,0.0,878.4,878.4,3.66,344.04,347.7,Lee County
AL,Macon County,2000,131.76,1098.0,1229.76,21.96,0.0,21.96,14.64,329.40000000000003,344.04,Macon County
AL,Madison County,2000,10965.36,7320.0,18285.36,0.0,490.44000000000005,490.44000000000005,387.96,446.52,834.4799999999999,Madison County
AL,Marengo County,2000,797.8800000000001,0.0,797.8800000000001,292.8,6661.2,6954.0,87.84,14.64,102.48,Marengo County
AL,Marshall County,2000,925.98,5709.599999999999,6635.58,278.16,0.0,278.16,51.24,54.9,106.14,Marshall County
AL,Mobile County,2000,4036.98,45750.0,49786.98,7751.88,6588.0,14339.88,285.48,95.16,380.64,Mobile County
AL,Monroe County,2000,1939.8,0.0,1939.8,142.74,21594.0,21736.74,69.54,25.62,95.16,Monroe County
AL,Montgomery County,2000,7722.6,8491.199999999999,16213.8,106.14,256.2,362.34,3.66,7.32,10.98,Montgomery County
AL,Morgan County,2000,0.0,11975.52,11975.52,1141.92,45501.12,46643.04,0.0,91.5,91.5,Morgan County
AL,Pickens County,2000,988.2,0.0,988.2,43.92,0.0,43.92,29.28,131.76,161.04,Pickens County
AL,Russell County,2000,417.24,2562.0,2979.24,40.26,8344.800000000001,8385.06,0.0,245.22000000000003,245.22000000000003,Russell County
AL,Shelby County,2000,4095.54,563.64,4659.18,0.0,3.66,3.66,128.1,117.12,245.22000000000003,Shelby County
AL,Talladega County,2000,2583.96,3074.4,5658.360000000001,552.66,26937.6,27490.26,0.0,76.86,76.86,Talladega County
AL,Tuscaloosa County,2000,1233.42,8491.199999999999,9724.62,128.1,717.36,845.46,157.38,168.36,325.74,Tuscaloosa County
AL,Walker County,2000,40.26,21352.44,21392.7,40.26,0.0,40.26,0.0,58.56,58.56,Walker County
AL,Washington County,2000,391.62,117.12,508.74,3356.22,1756.8,5113.02,0.0,18.3,18.3,Washington County
AL,Wilcox County,2000,241.56,0.0,241.56,0.0,8418.0,8418.0,3.66,25.62,29.28,Wilcox County
AK,Municipality of Anchorage County,2000,3345.24,10039.38,13384.62,91.5,0.0,91.5,87.84,0.0,87.84,Anchorage Municipality
AK,Fairbanks North Star Borough County,2000,2942.64,0.0,2942.64,201.3,0.0,201.3,54.9,0.0,54.9,Fairbanks North Star Borough
AK,Kenai Peninsula Borough County,2000,1006.5,307.44,1313.94,1017.48,0.0,1017.48,29.28,0.0,29.28,Kenai Peninsula Borough
AK,Matanuska Susitna Borough County,2000,442.86,0.0,442.86,54.9,0.0,54.9,124.44,7.32,131.76,Matanuska-Susitna Borough
AZ,Cochise County,2000,4000.38,0.0,4000.38,21.96,0.0,21.96,77668.86,717.36,78386.22,Cochise County
AZ,La Paz County,2000,1200.48,0.0,1200.48,29.28,0.0,29.28,104342.94,215800.92,320143.86,La Paz County
AZ,Maricopa County,2000,56565.3,213744.0,270309.3,2016.66,0.0,2016.66,369396.48,127185.0,496581.48,Maricopa County
AZ,Mohave County,2000,6950.339999999999,344.04,7294.38,18.3,0.0,18.3,35714.28,12648.96,48363.24,Mohave County
AZ,Navajo County,2000,3769.8,0.0,3769.8,4450.56,0.0,4450.56,9969.84,490.44000000000005,10460.28,Navajo County
AZ,Pima County,2000,62150.46,0.0,62150.46,14.64,0.0,14.64,26461.8,6057.3,32519.1,Pima County
AZ,Pinal County,2000,10577.4,1983.72,12561.12,680.76,0.0,680.76,185858.46,183713.7,369572.16,Pinal County
AR,Ashley County,2000,797.8800000000001,0.0,797.8800000000001,3195.1800000000003,12418.38,15613.56,35809.44,3261.06,39070.5,Ashley County
AR,Clark County,2000,21.96,936.96,958.92,84.18,3.66,87.84,0.0,219.6,219.6,Clark County
AR,Conway County,2000,0.0,636.84,636.84,0.0,2862.12,2862.12,475.8,1723.86,2199.66,Conway County
AR,Crawford County,2000,0.0,6273.24,6273.24,0.0,164.70000000000002,164.70000000000002,36.6,387.96,424.56,Crawford County
AR,Crittenden County,2000,3810.06,0.0,3810.06,69.54,0.0,69.54,43707.72,955.26,44662.98,Crittenden County
AR,Cross County,2000,655.14,0.0,655.14,62.220000000000006,0.0,62.220000000000006,149562.24,10028.4,159590.64,Cross County
AR,Desha County,2000,688.0799999999999,0.0,688.0799999999999,1068.72,4516.44,5585.16,113807.7,26736.3,140544.0,Desha County
AR,Garland County,2000,69.54,4904.400000000001,4973.94,10.98,834.4799999999999,845.46,0.0,219.6,219.6,Garland County
AR,Greene County,2000,1526.22,0.0,1526.22,106.14,0.0,106.14,56689.74,790.5600000000001,57480.3,Greene County
AR,Hot Spring County,2000,0.0,801.54,801.54,3.66,7.32,10.98,0.0,1237.08,1237.08,Hot Spring County
AR,Independence County,2000,300.12,2013.0,2313.12,0.0,14.64,14.64,12304.919999999998,3213.48,15518.4,Independence County
AR,Jefferson County,2000,5848.68,0.0,5848.68,13589.580000000002,0.0,13589.580000000002,151282.44,29616.72,180899.16,Jefferson County
AR,Johnson County,2000,0.0,1775.1,1775.1,0.0,3.66,3.66,204.96,3.66,208.62,Johnson County
AR,Little River County,2000,237.9,300.12,538.02,87.84,479.46,567.3000000000001,0.0,226.92,226.92,Little River County
AR,Lonoke County,2000,1149.24,366.0,1515.2399999999998,296.46000000000004,0.0,296.46000000000004,122247.66,32072.58,154320.24,Lonoke County
AR,Mississippi County,2000,2741.34,0.0,2741.34,973.56,0.0,973.56,65166.3,1672.62,66838.92,Mississippi County
AR,Poinsett County,2000,1024.8,0.0,1024.8,40.26,0.0,40.26,212902.2,29071.38,241973.58,Poinsett County
AR,St Francis County,2000,1500.6,0.0,1500.6,25.62,0.0,25.62,89856.66,4088.22,93944.88,St. Francis County
AR,Saline County,2000,603.9,3436.74,4040.64,0.0,190.32,190.32,10.98,223.26,234.24,Saline County
AR,Sevier County,2000,475.8,962.58,1438.38,0.0,10.98,10.98,3.66,0.0,3.66,Sevier County
AR,Sharp County,2000,289.14,274.5,563.64,241.56,3.66,245.22000000000003,0.0,7.32,7.32,Sharp County
AR,White County,2000,322.08,3392.82,3714.9,14.64,0.0,14.64,16696.92,25682.22,42379.14,White County
AR,Yell County,2000,73.2,1065.06,1138.26,7.32,0.0,7.32,0.0,296.46000000000004,296.46000000000004,Yell County
CA,Alameda County,2000,9772.2,70894.2,80666.40000000001,925.98,157.38,1083.36,2829.1800000000003,4472.52,7301.7,Alameda County
CA,Amador County,2000,197.64,1928.82,2126.46,0.0,54.9,54.9,6412.32,2726.7000000000003,9139.02,Amador County
CA,Butte County,2000,10043.04,6566.040000000001,16609.08,95.16,0.0,95.16,104767.5,251529.84,356297.34,Butte County
CA,Contra Costa County,2000,1123.62,57293.64,58417.26,47.58,2851.14,2898.72,12542.820000000002,22549.26,35092.08,Contra Costa County
CA,Fresno County,2000,71018.64,761.28,71779.92,2572.98,1617.72,4190.7,600368.1,676917.0,1277285.1,Fresno County
CA,Glenn County,2000,1599.42,0.0,1599.42,230.58,0.0,230.58,83012.46,163887.47999999998,246899.94,Glenn County
CA,Humboldt County,2000,5599.8,6792.959999999999,12392.76,450.18,0.0,450.18,14570.46,11463.12,26033.58,Humboldt County
CA,Kern County,2000,55533.17999999999,10797.0,66330.18,2664.48,7.32,2671.8,503905.14,441626.58,945531.72,Kern County
CA,Kings County,2000,6514.8,1650.66,8165.459999999999,505.08,135.42,640.5,289447.44,254563.98,544011.4199999999,Kings County
CA,Lake County,2000,1123.62,1383.48,2507.1,73.2,0.0,73.2,13124.76,2884.08,16008.84,Lake County
CA,Lassen County,2000,1226.1,867.4200000000001,2093.52,3.66,0.0,3.66,68910.48,105817.92,174728.4,Lassen County
CA,Los Angeles County,2000,235685.7,340702.08,576387.78,21129.18,0.0,21129.18,13249.2,10387.08,23636.28,Los Angeles County
CA,Madera County,2000,6939.360000000001,91.5,7030.860000000001,757.6199999999999,0.0,757.6199999999999,105246.96,243774.3,349021.26,Madera County
CA,Marin County,2000,5676.66,8117.88,13794.54,0.0,65.88,65.88,292.8,1054.08,1346.88,Marin County
CA,Mendocino County,2000,2228.94,1438.38,3667.32,18.3,0.0,18.3,5760.84,9757.56,15518.4,Mendocino County
CA,Merced County,2000,17304.48,109.8,17414.28,827.16,0.0,827.16,204890.46,433472.1,638362.56,Merced County
CA,Monterey County,2000,15840.48,69.54,15910.02,2086.2000000000003,0.0,2086.2000000000003,272995.74,32614.26,305610.0,Monterey County
CA,Napa County,2000,172.01999999999998,6873.4800000000005,7045.5,2217.96,0.0,2217.96,4732.38,14683.919999999998,19416.3,Napa County
CA,Orange County,2000,95870.04,85687.92,181557.96,172.01999999999998,237.9,409.92,10504.2,6932.040000000001,17436.24,Orange County
CA,Placer County,2000,1061.4,20671.68,21733.08,58.56,0.0,58.56,11642.46,34323.48,45965.94,Placer County
CA,Plumas County,2000,1079.7,395.28,1474.98,0.0,21.96,21.96,2638.86,15221.94,17860.8,Plumas County
CA,Riverside County,2000,110711.34,39374.28,150085.62,1464.0,14.64,1478.64,42042.42,408660.96,450703.38,Riverside County
CA,Sacramento County,2000,47466.54,63281.4,110747.94,2840.16,7.32,2847.48,55811.34,94160.82,149972.16,Sacramento County
CA,San Benito County,2000,2305.8,0.0,2305.8,439.2,0.0,439.2,27113.28,3425.76,30539.04,San Benito County
CA,San Bernardino County,2000,102392.16,33825.72,136217.88,4121.16,0.0,4121.16,21857.52,45226.62,67084.14,San Bernardino County
CA,San Diego County,2000,2441.22,157929.0,160370.22,175.68,896.7,1072.38,8092.26,112479.12,120571.38,San Diego County
CA,San Joaquin County,2000,21370.74,14786.4,36157.14,3272.04,0.0,3272.04,254044.26,330512.64,584556.9,San Joaquin County
CA,San Luis Obispo County,2000,7755.540000000001,4545.72,12301.26,1474.98,0.0,1474.98,57209.46,8224.02,65433.48,San Luis Obispo County
CA,San Mateo County,2000,2638.86,31717.56,34356.42,58.56,0.0,58.56,2013.0,1021.14,3034.14,San Mateo County
CA,Santa Barbara County,2000,10379.76,12857.580000000002,23237.34,508.74,0.0,508.74,103164.42,24013.26,127177.68,Santa Barbara County
CA,Santa Clara County,2000,38634.96,66374.09999999999,105009.06,5039.82,629.52,5669.34,11283.78,2598.6,13882.38,Santa Clara County
CA,Santa Cruz County,2000,5208.18,4564.02,9772.2,1098.0,278.16,1376.16,14819.34,1453.02,16272.36,Santa Cruz County
CA,Shasta County,2000,4692.12,8952.36,13644.48,1065.06,0.0,1065.06,44073.72,63867.0,107940.72,Shasta County
CA,Siskiyou County,2000,1555.5,1343.22,2898.72,36.6,0.0,36.6,48535.26,138073.5,186608.76,Siskiyou County
CA,Solano County,2000,3561.1800000000003,21930.72,25491.9,461.16,0.0,461.16,39370.62,123539.64,162910.26,Solano County
CA,Sonoma County,2000,20389.86,168.36,20558.22,2499.78,14.64,2514.42,5365.56,21802.62,27168.18,Sonoma County
CA,Stanislaus County,2000,31099.02,11400.9,42499.92,4725.06,0.0,4725.06,181682.4,330955.5,512637.9,Stanislaus County
CA,Sutter County,2000,2199.66,3564.84,5764.5,3.66,0.0,3.66,91811.1,239268.84,331079.94,Sutter County
CA,Tulare County,2000,23230.02,6771.0,30001.02,1811.7,25.62,1837.32,438497.28,384252.42,822749.7,Tulare County
CA,Ventura County,2000,12026.76,45552.36,57579.12,146.4,0.0,146.4,50698.32000000001,33551.22,84249.54,Ventura County
CA,Yolo County,2000,11247.18,3561.1800000000003,14808.36,772.26,32.94,805.2,106451.1,253008.48,359459.58,Yolo County
CO,Adams County,2000,1573.8,25894.5,27468.3,1281.0,1087.02,2368.02,5500.98,10859.22,16360.2,Adams County
CO,Arapahoe County,2000,1244.4,33679.32,34923.72,611.22,1273.68,1884.9,925.98,248.88,1174.86,Arapahoe County
CO,Boulder County,2000,113.46,25982.34,26095.8,417.24,453.84,871.0799999999999,1416.42,37094.1,38510.52,Boulder County
CO,Dolores County,2000,0.0,106.14,106.14,7.32,3.66,10.98,625.86,19222.32,19848.18,Dolores County
CO,El Paso County,2000,1705.56,40098.96,41804.52,263.52,256.2,519.72,1321.26,4154.099999999999,5475.360000000001,El Paso County
CO,Fremont County,2000,0.0,3985.74,3985.74,139.08,318.42,457.5,73.2,39191.28,39264.48,Fremont County
CO,Jefferson County,2000,278.16,35772.84,36051.0,2243.58,2935.32,5178.900000000001,204.96,7909.26,8114.22,Jefferson County
CO,Kit Carson County,2000,267.18,0.0,267.18,3.66,0.0,3.66,67827.12,0.0,67827.12,Kit Carson County
CO,La Plata County,2000,453.84,2111.82,2565.66,10.98,3.66,14.64,168.36,77174.76000000001,77343.12,La Plata County
CO,Larimer County,2000,450.18,20433.78,20883.96,183.0,300.12,483.12,8674.199999999999,68939.76000000001,77613.96,Larimer County
CO,Logan County,2000,768.6,0.0,768.6,252.54,7.32,259.86,19167.42,92726.1,111893.52,Logan County
CO,Mesa County,2000,95.16,11620.5,11715.66,109.8,65.88,175.68,1515.2399999999998,408953.76,410469.0,Mesa County
CO,Morgan County,2000,629.52,1116.3,1745.82,21.96,7.32,29.28,38166.48,63442.44,101608.92,Morgan County
CO,Otero County,2000,838.14,402.6,1240.74,36.6,14.64,51.24,2814.54,99039.6,101854.14,Otero County
CO,Prowers County,2000,717.36,3.66,721.02,3.66,0.0,3.66,32006.7,121684.02,153690.72,Prowers County
CO,Pueblo County,2000,296.46000000000004,12444.0,12740.46,856.4399999999999,25931.1,26787.54,2572.98,44937.48,47510.46,Pueblo County
CO,Rio Grande County,2000,259.86,131.76,391.62,7.32,3.66,10.98,62274.9,41493.42,103768.32,Rio Grande County
CO,Washington County,2000,124.44,0.0,124.44,3.66,0.0,3.66,21198.72,2067.9,23266.62,Washington County
CO,Weld County,2000,204.96,13289.46,13494.419999999998,369.66,157.38,527.04,50493.36,322980.36,373473.72,Weld County
CT,Fairfield County,2000,3857.64,54039.9,57897.54,629.52,655.14,1284.66,1720.2,21.96,1742.16,Fairfield County
CT,Hartford County,2000,8059.32,8297.220000000001,16356.54,40.26,193.98,234.24,1712.88,3484.32,5197.2,Hartford County
CT,Litchfield County,2000,3967.44,25184.46,29151.9,168.36,142.74,311.1,552.66,76.86,629.52,Litchfield County
CT,Middlesex County,2000,944.28,1072.38,2016.66,29.28,113.46,142.74,307.44,146.4,453.84,Middlesex County
CT,New Haven County,2000,3864.96,25550.46,29415.42,486.78,549.0,1035.78,1376.16,270.84,1647.0,New Haven County
CT,New London County,2000,1496.94,15858.78,17355.72,14.64,413.58,428.22,289.14,69.54,358.68,New London County
CT,Tolland County,2000,1189.5,969.9,2159.4,10.98,69.54,80.52,219.6,333.06,552.66,Tolland County
CT,Windham County,2000,786.9,197.64,984.54,131.76,281.82,413.58,25.62,505.08,530.6999999999999,Windham County
DE,Kent County,2000,3824.7,0.0,3824.7,559.98,0.0,559.98,3722.22,761.28,4483.5,Kent County
DE,New Castle County,2000,8052.0,18245.1,26297.1,2770.62,5175.24,7945.860000000001,644.16,318.42,962.58,New Castle County
DE,Sussex County,2000,4611.599999999999,0.0,4611.599999999999,2884.08,11558.28,14442.36,8655.9,1808.04,10463.94,Sussex County
FL,Alachua County,2000,10343.16,0.0,10343.16,164.70000000000002,0.0,164.70000000000002,7861.68,197.64,8059.32,Alachua County
FL,Baker County,2000,322.08,0.0,322.08,18.3,0.0,18.3,1072.38,633.18,1705.56,Baker County
FL,Bay County,2000,2298.48,16429.74,18728.22,80.52,0.0,80.52,999.18,289.14,1288.32,Bay County
FL,Brevard County,2000,4999.56,5153.28,10152.84,124.44,3.66,128.1,46313.64,9190.26,55503.9,Brevard County
FL,Charlotte County,2000,1204.14,1460.34,2664.48,10.98,0.0,10.98,10588.38,7956.839999999999,18545.22,Charlotte County
FL,Citrus County,2000,5113.02,0.0,5113.02,51.24,0.0,51.24,2309.46,355.02,2664.48,Citrus County
FL,Clay County,2000,5405.82,0.0,5405.82,574.62,0.0,574.62,2814.54,190.32,3004.86,Clay County
FL,Collier County,2000,17264.22,1914.18,19178.4,21.96,0.0,21.96,55771.08,6112.2,61883.280000000006,Collier County
FL,De Soto County,2000,1643.34,2232.6,3875.94,18.3,0.0,18.3,42353.52,750.3,43103.82,DeSoto County
FL,Dixie County,2000,245.22000000000003,0.0,245.22000000000003,7.32,0.0,7.32,567.3000000000001,10.98,578.28,Dixie County
FL,Duval County,2000,43597.92,0.0,43597.92,3612.42,0.0,3612.42,3627.06,603.9,4230.96,Duval County
FL,Escambia County,2000,16334.580000000002,0.0,16334.580000000002,11818.14,9021.9,20840.04,2649.84,281.82,2931.66,Escambia County
FL,Gadsden County,2000,1119.96,468.48,1588.44,73.2,0.0,73.2,1101.66,2239.92,3341.5800000000004,Gadsden County
FL,Gulf County,2000,538.02,0.0,538.02,212.28,603.9,816.18,117.12,0.0,117.12,Gulf County
FL,Hamilton County,2000,347.7,0.0,347.7,7.32,0.0,7.32,1983.72,36.6,2020.32,Hamilton County
FL,Hardee County,2000,651.48,0.0,651.48,54.9,0.0,54.9,29173.86,215.94,29389.8,Hardee County
FL,Hendry County,2000,347.7,1379.82,1727.52,186.66,0.0,186.66,70685.58,113906.52,184592.1,Hendry County
FL,Hernando County,2000,7415.160000000001,3.66,7418.82,2199.66,0.0,2199.66,2712.06,333.06,3045.12,Hernando County
FL,Highlands County,2000,3345.24,0.0,3345.24,102.48,3.66,106.14,52531.98,6265.92,58797.9,Highlands County
FL,Hillsborough County,2000,31296.660000000003,29602.08,60898.74,3564.84,1577.4599999999998,5142.3,32083.56,2818.2000000000003,34901.76,Hillsborough County
FL,Indian River County,2000,5098.38,0.0,5098.38,43.92,0.0,43.92,26147.04,58958.94,85105.98,Indian River County
FL,Lake County,2000,14610.72,0.0,14610.72,1350.54,0.0,1350.54,13252.86,3356.22,16609.08,Lake County
FL,Lee County,2000,17966.940000000002,1200.48,19167.42,32.94,0.0,32.94,19679.82,10723.8,30403.62,Lee County
FL,Levy County,2000,790.5600000000001,0.0,790.5600000000001,3.66,0.0,3.66,7744.56,223.26,7967.82,Levy County
FL,Liberty County,2000,142.74,0.0,142.74,208.62,0.0,208.62,54.9,0.0,54.9,Liberty County
FL,Madison County,2000,603.9,0.0,603.9,18.3,0.0,18.3,2108.16,54.9,2163.06,Madison County
FL,Manatee County,2000,5076.42,13194.3,18270.72,51.24,3.66,54.9,39099.78,1083.36,40183.14,Manatee County
FL,Marion County,2000,10244.34,0.0,10244.34,402.6,0.0,402.6,7590.839999999999,764.9399999999999,8355.779999999999,Marion County
FL,Martin County,2000,6752.7,0.0,6752.7,303.78,713.6999999999999,1017.48,6950.339999999999,47089.56,54039.9,Martin County
FL,Nassau County,2000,2492.46,0.0,2492.46,11876.7,431.88,12308.580000000002,1379.82,175.68,1555.5,Nassau County
FL,Orange County,2000,77504.16,0.0,77504.16,592.9200000000001,0.0,592.9200000000001,13088.16,6119.52,19207.68,Orange County
FL,Palm Beach County,2000,71212.62,12908.820000000002,84121.44,1917.84,3872.28,5790.12,23134.86,350262.0,373396.86,Palm Beach County
FL,Pasco County,2000,37577.22,0.0,37577.22,1361.52,98.82,1460.34,9794.16,519.72,10313.88,Pasco County
FL,Pinellas County,2000,14596.080000000002,0.0,14596.080000000002,7.32,14.64,21.96,947.94,1105.32,2053.26,Pinellas County
FL,Polk County,2000,27607.38,21.96,27629.34,13197.96,347.7,13545.66,59987.4,4216.32,64203.72,Polk County
FL,Putnam County,2000,1171.2,0.0,1171.2,6145.139999999999,11082.48,17227.62,4512.78,1427.4,5940.18,Putnam County
FL,St Lucie County,2000,6569.7,0.0,6569.7,36.6,0.0,36.6,17904.72,71867.76000000001,89772.48,St. Lucie County
FL,Santa Rosa County,2000,4930.02,0.0,4930.02,1862.94,0.0,1862.94,3795.42,128.1,3923.52,Santa Rosa County
FL,Sarasota County,2000,10196.76,311.1,10507.86,80.52,0.0,80.52,4230.96,1793.4,6024.360000000001,Sarasota County
FL,Seminole County,2000,24485.4,0.0,24485.4,14.64,0.0,14.64,6866.160000000001,651.48,7517.639999999999,Seminole County
FL,Sumter County,2000,1625.0400000000002,0.0,1625.0400000000002,95.16,0.0,95.16,5596.139999999999,234.24,5830.38,Sumter County
FL,Suwannee County,2000,512.4,0.0,512.4,523.38,0.0,523.38,6862.5,109.8,6972.3,Suwannee County
FL,Taylor County,2000,633.18,0.0,633.18,15426.9,0.0,15426.9,699.06,21.96,721.02,Taylor County
FL,Union County,2000,131.76,0.0,131.76,3.66,0.0,3.66,347.7,3.66,351.36,Union County
FL,Volusia County,2000,20093.4,0.0,20093.4,161.04,0.0,161.04,13933.62,2594.94,16528.559999999998,Volusia County
FL,Wakulla County,2000,801.54,0.0,801.54,226.92,0.0,226.92,172.01999999999998,0.0,172.01999999999998,Wakulla County
FL,Walton County,2000,2690.1,0.0,2690.1,300.12,0.0,300.12,680.76,662.46,1343.22,Walton County
GA,Atkinson County,2000,153.72,0.0,153.72,58.56,0.0,58.56,849.1199999999999,1193.16,2042.28,Atkinson County
GA,Bacon County,2000,179.34,0.0,179.34,102.48,0.0,102.48,1211.46,435.54,1647.0,Bacon County
GA,Baldwin County,2000,10.98,2459.52,2470.5,7.32,402.6,409.92,87.84,87.84,175.68,Baldwin County
GA,Bartow County,2000,1105.32,5138.639999999999,6243.959999999999,849.1199999999999,1760.4599999999998,2609.58,0.0,834.4799999999999,834.4799999999999,Bartow County
GA,Berrien County,2000,292.8,0.0,292.8,65.88,0.0,65.88,2529.06,2430.24,4959.3,Berrien County
GA,Bibb County,2000,69.54,12169.5,12239.04,1076.04,4289.52,5365.56,753.96,21.96,775.9200000000001,Bibb County
GA,Bulloch County,2000,1248.06,0.0,1248.06,344.04,0.0,344.04,2554.6800000000003,1010.16,3564.84,Bulloch County
GA,Burke County,2000,1416.42,91.5,1507.92,54.9,0.0,54.9,7876.32,2609.58,10485.9,Burke County
GA,Camden County,2000,1372.5,0.0,1372.5,13117.44,2734.02,15851.46,428.22,0.0,428.22,Camden County
GA,Carroll County,2000,201.3,2979.24,3180.54,0.0,36.6,36.6,0.0,128.1,128.1,Carroll County
GA,Chatham County,2000,12242.7,0.0,12242.7,9903.96,15847.8,25751.76,2982.9,453.84,3436.74,Chatham County
GA,Chattooga County,2000,549.0,995.52,1544.52,1639.68,808.86,2448.54,0.0,29.28,29.28,Chattooga County
GA,Cherokee County,2000,120.78,5460.72,5581.5,0.0,622.1999999999999,622.1999999999999,0.0,431.88,431.88,Cherokee County
GA,Clay County,2000,84.18,0.0,84.18,14.64,0.0,14.64,384.3,1588.44,1972.74,Clay County
GA,Cobb County,2000,73.2,35348.28,35421.48,0.0,347.7,347.7,0.0,662.46,662.46,Cobb County
GA,Colquitt County,2000,1628.7,0.0,1628.7,193.98,0.0,193.98,4212.66,10101.6,14314.26,Colquitt County
GA,Columbia County,2000,344.04,4256.58,4600.62,62.220000000000006,0.0,62.220000000000006,256.2,1138.26,1394.46,Columbia County
GA,Crisp County,2000,457.5,0.0,457.5,43.92,0.0,43.92,4878.78,812.5200000000001,5691.3,Crisp County
GA,Dawson County,2000,0.0,409.92,409.92,0.0,29.28,29.28,0.0,135.42,135.42,Dawson County
GA,Decatur County,2000,969.9,0.0,969.9,237.9,186.66,424.56,18537.9,2543.7000000000003,21081.6,Decatur County
GA,Dougherty County,2000,6983.28,0.0,6983.28,5848.68,0.0,5848.68,7433.459999999999,845.46,8278.92,Dougherty County
GA,Early County,2000,172.01999999999998,0.0,172.01999999999998,131.76,39637.8,39769.56,13739.64,3605.1,17344.74,Early County
GA,Effingham County,2000,699.06,11378.94,12078.0,779.5799999999999,6320.82,7100.4,80.52,153.72,234.24,Effingham County
GA,Evans County,2000,215.94,0.0,215.94,549.0,0.0,549.0,376.98,384.3,761.28,Evans County
GA,Floyd County,2000,109.8,4944.66,5054.46,0.0,10215.06,10215.06,933.3,1482.3,2415.6,Floyd County
GA,Forsyth County,2000,84.18,5866.9800000000005,5951.160000000001,0.0,25.62,25.62,0.0,87.84,87.84,Forsyth County
GA,Fulton County,2000,0.0,60243.6,60243.6,29.28,179.34,208.62,0.0,1614.06,1614.06,Fulton County
GA,Gilmer County,2000,150.06,1716.5400000000002,1866.6,380.64,0.0,380.64,0.0,54.9,54.9,Gilmer County
GA,Glynn County,2000,4545.72,0.0,4545.72,17008.02,8242.32,25250.34,830.82,0.0,830.82,Glynn County
GA,Gordon County,2000,508.74,4417.62,4926.360000000001,183.0,241.56,424.56,0.0,376.98,376.98,Gordon County
GA,Greene County,2000,150.06,450.18,600.24,0.0,336.72,336.72,0.0,3766.14,3766.14,Greene County
GA,Hall County,2000,146.4,6683.160000000001,6829.56,245.22000000000003,36.6,281.82,0.0,215.94,215.94,Hall County
GA,Harris County,2000,87.84,823.5,911.34,0.0,702.72,702.72,0.0,431.88,431.88,Harris County
GA,Houston County,2000,7601.82,0.0,7601.82,29.28,0.0,29.28,1851.96,376.98,2228.94,Houston County
GA,Jackson County,2000,161.04,1024.8,1185.84,201.3,0.0,201.3,69.54,413.58,483.12,Jackson County
GA,Jasper County,2000,142.74,197.64,340.38,197.64,62.220000000000006,259.86,0.0,223.26,223.26,Jasper County
GA,Jeff Davis County,2000,303.78,0.0,303.78,128.1,0.0,128.1,1024.8,732.0,1756.8,Jeff Davis County
GA,Jefferson County,2000,673.44,0.0,673.44,1398.12,1134.6,2532.72,2532.72,3875.94,6408.660000000001,Jefferson County
GA,Jenkins County,2000,197.64,0.0,197.64,3.66,0.0,3.66,1442.04,699.06,2141.1,Jenkins County
GA,Jones County,2000,545.34,0.0,545.34,0.0,3.66,3.66,10.98,80.52,91.5,Jones County
GA,Laurens County,2000,461.16,1145.58,1606.7399999999998,344.04,5614.44,5958.4800000000005,2562.0,1090.68,3652.68,Laurens County
GA,Liberty County,2000,2298.48,0.0,2298.48,2799.9,0.0,2799.9,32.94,32.94,65.88,Liberty County
GA,Lowndes County,2000,3403.8,0.0,3403.8,3817.38,0.0,3817.38,2979.24,1094.34,4073.58,Lowndes County
GA,Macon County,2000,278.16,0.0,278.16,380.64,3872.28,4252.92,5098.38,1672.62,6771.0,Macon County
GA,Madison County,2000,153.72,0.0,153.72,18.3,43.92,62.220000000000006,25.62,164.70000000000002,190.32,Madison County
GA,Muscogee County,2000,29.28,15006.0,15035.28,0.0,713.6999999999999,713.6999999999999,0.0,944.28,944.28,Muscogee County
GA,Newton County,2000,468.48,3985.74,4454.22,21.96,0.0,21.96,0.0,135.42,135.42,Newton County
GA,Polk County,2000,688.0799999999999,1379.82,2067.9,710.04,62.220000000000006,772.26,10.98,190.32,201.3,Polk County
GA,Pulaski County,2000,420.9,0.0,420.9,278.16,0.0,278.16,4252.92,1101.66,5354.58,Pulaski County
GA,Putnam County,2000,131.76,340.38,472.14,3.66,0.0,3.66,117.12,640.5,757.6199999999999,Putnam County
GA,Rabun County,2000,131.76,369.66,501.42,3.66,596.5799999999999,600.24,0.0,292.8,292.8,Rabun County
GA,Randolph County,2000,387.96,0.0,387.96,73.2,0.0,73.2,1306.62,1489.62,2796.24,Randolph County
GA,Richmond County,2000,5446.08,10504.2,15950.28,1050.42,26026.26,27076.68,2368.02,516.06,2884.08,Richmond County
GA,Screven County,2000,420.9,0.0,420.9,666.12,0.0,666.12,5742.54,2163.06,7905.6,Screven County
GA,Thomas County,2000,2609.58,0.0,2609.58,139.08,0.0,139.08,3348.9,1152.9,4501.8,Thomas County
GA,Troup County,2000,10.98,3930.84,3941.82,7.32,0.0,7.32,0.0,567.3000000000001,567.3000000000001,Troup County
GA,Twiggs County,2000,120.78,0.0,120.78,6170.76,0.0,6170.76,285.48,109.8,395.28,Twiggs County
GA,Upson County,2000,135.42,1101.66,1237.08,0.0,721.02,721.02,0.0,223.26,223.26,Upson County
GA,Walker County,2000,2613.24,1365.18,3978.42,592.9200000000001,201.3,794.22,0.0,376.98,376.98,Walker County
GA,Ware County,2000,1409.1,0.0,1409.1,296.46000000000004,0.0,296.46000000000004,1141.92,567.3000000000001,1709.22,Ware County
GA,Warren County,2000,10.98,175.68,186.66,204.96,347.7,552.66,54.9,3.66,58.56,Warren County
GA,Washington County,2000,1533.5400000000002,0.0,1533.5400000000002,4930.02,0.0,4930.02,1972.74,519.72,2492.46,Washington County
GA,Wayne County,2000,699.06,0.0,699.06,21784.32,0.0,21784.32,585.6,131.76,717.36,Wayne County
GA,Wilkinson County,2000,860.1,0.0,860.1,6829.56,311.1,7140.660000000001,7.32,3.66,10.98,Wilkinson County
HI,Hawaii County,2000,11404.56,915.0,12319.56,14.64,0.0,14.64,4886.099999999999,2327.76,7213.860000000001,Hawaii County
HI,Honolulu County,2000,60320.46,0.0,60320.46,4732.38,0.0,4732.38,11382.6,2953.62,14336.22,Honolulu County
HI,Kauai County,2000,5468.04,0.0,5468.04,98.82,0.0,98.82,3886.92,7089.42,10976.34,Kauai County
HI,Maui County,2000,11649.78,1866.6,13516.38,772.26,0.0,772.26,42309.6,58204.98,100514.58,Maui County
ID,Ada County,2000,17685.12,3480.66,21165.78,1237.08,834.4799999999999,2071.56,21908.76,386488.68,408397.44,Ada County
ID,Adams County,2000,190.32,0.0,190.32,14.64,7.32,21.96,739.32,30015.660000000003,30754.98,Adams County
ID,Bannock County,2000,7806.78,0.0,7806.78,226.92,721.02,947.94,10050.36,119129.34,129179.7,Bannock County
ID,Bear Lake County,2000,578.28,0.0,578.28,0.0,7.32,7.32,808.86,37774.86,38583.72,Bear Lake County
ID,Benewah County,2000,329.40000000000003,109.8,439.2,0.0,117.12,117.12,47.58,376.98,424.56,Benewah County
ID,Bingham County,2000,2089.86,0.0,2089.86,1500.6,7.32,1507.92,164619.47999999998,323833.14,488452.62,Bingham County
ID,Blaine County,2000,710.04,479.46,1189.5,223.26,322.08,545.34,22966.5,82306.08,105272.58,Blaine County
ID,Boise County,2000,98.82,73.2,172.01999999999998,0.0,7.32,7.32,128.1,2971.92,3100.0200000000004,Boise County
ID,Bonner County,2000,369.66,1237.08,1606.7399999999998,7.32,296.46000000000004,303.78,578.28,2353.38,2931.66,Bonner County
ID,Bonneville County,2000,7978.8,0.0,7978.8,237.9,14.64,252.54,39714.66,256167.06,295881.72,Bonneville County
ID,Boundary County,2000,98.82,366.0,464.82,0.0,73.2,73.2,329.40000000000003,512.4,841.8,Boundary County
ID,Canyon County,2000,9073.14,0.0,9073.14,1449.36,0.0,1449.36,82851.42,154228.74,237080.16,Canyon County
ID,Caribou County,2000,563.64,0.0,563.64,1588.44,644.16,2232.6,14610.72,76563.54,91174.26,Caribou County
ID,Cassia County,2000,1354.2,0.0,1354.2,1204.14,204.96,1409.1,178984.97999999998,106125.36,285110.34,Cassia County
ID,Clark County,2000,40.26,0.0,40.26,98.82,0.0,98.82,21132.84,37573.56,58706.4,Clark County
ID,Clearwater County,2000,73.2,237.9,311.1,0.0,36.6,36.6,58.56,164.70000000000002,223.26,Clearwater County
ID,Elmore County,2000,1474.98,0.0,1474.98,124.44,43.92,168.36,26831.46,79809.96,106641.42,Elmore County
ID,Franklin County,2000,933.3,0.0,933.3,3.66,0.0,3.66,6481.860000000001,74210.16,80692.02,Franklin County
ID,Gem County,2000,391.62,0.0,391.62,14.64,65.88,80.52,3711.24,260958.0,264669.24,Gem County
ID,Gooding County,2000,629.52,3.66,633.18,746.64,0.0,746.64,38195.76,114495.78,152691.54,Gooding County
ID,Idaho County,2000,431.88,32.94,464.82,0.0,7.32,7.32,87.84,2891.4,2979.24,Idaho County
ID,Jefferson County,2000,574.62,0.0,574.62,234.24,0.0,234.24,161526.78,553402.98,714929.76,Jefferson County
ID,Jerome County,2000,882.0600000000001,0.0,882.0600000000001,684.4200000000001,0.0,684.4200000000001,25652.94,534158.7000000001,559811.64,Jerome County
ID,Kootenai County,2000,8827.92,73.2,8901.12,102.48,212.28,314.76,3696.6,6306.18,10002.78,Kootenai County
ID,Latah County,2000,1826.34,32.94,1859.28,40.26,18.3,58.56,303.78,98.82,402.6,Latah County
ID,Lemhi County,2000,40.26,292.8,333.06,0.0,14.64,14.64,2027.64,97864.74,99892.38,Lemhi County
ID,Lewis County,2000,109.8,87.84,197.64,0.0,14.64,14.64,62.220000000000006,201.3,263.52,Lewis County
ID,Lincoln County,2000,303.78,0.0,303.78,559.98,0.0,559.98,38309.22,102597.12,140906.34,Lincoln County
ID,Madison County,2000,1928.82,0.0,1928.82,36.6,618.54,655.14,35783.82,254172.36,289956.18,Madison County
ID,Minidoka County,2000,944.28,0.0,944.28,984.54,128.1,1112.64,133264.26,138864.06,272128.32,Minidoka County
ID,Nez Perce County,2000,351.36,1756.8,2108.16,325.74,1742.16,2067.9,259.86,790.5600000000001,1050.42,Nez Perce County
ID,Owyhee County,2000,245.22000000000003,0.0,245.22000000000003,7.32,0.0,7.32,30769.62,120597.0,151366.62,Owyhee County
ID,Payette County,2000,860.1,0.0,860.1,197.64,124.44,322.08,8890.14,79132.86,88023.0,Payette County
ID,Power County,2000,516.06,58.56,574.62,549.0,62.220000000000006,611.22,76409.82,42964.74,119374.56,Power County
ID,Shoshone County,2000,369.66,512.4,882.0600000000001,0.0,7.32,7.32,54.9,0.0,54.9,Shoshone County
ID,Twin Falls County,2000,6331.8,0.0,6331.8,702.72,739.32,1442.04,92166.12,412774.8,504940.92,Twin Falls County
ID,Valley County,2000,142.74,256.2,398.94000000000005,0.0,18.3,18.3,717.36,41530.02,42247.380000000005,Valley County
ID,Washington County,2000,395.28,69.54,464.82,7.32,95.16,102.48,11924.28,47623.92,59548.2,Washington County
IL,Adams County,2000,732.0,2686.44,3418.44,3824.7,0.0,3824.7,355.02,0.0,355.02,Adams County
IL,Boone County,2000,1357.86,0.0,1357.86,142.74,0.0,142.74,91.5,0.0,91.5,Boone County
IL,Bureau County,2000,1061.4,0.0,1061.4,10.98,0.0,10.98,1002.84,25.62,1028.46,Bureau County
IL,Carroll County,2000,490.44000000000005,0.0,490.44000000000005,721.02,0.0,721.02,786.9,0.0,786.9,Carroll County
IL,Cass County,2000,589.26,0.0,589.26,732.0,0.0,732.0,1548.18,120.78,1668.9599999999998,Cass County
IL,Champaign County,2000,8289.9,0.0,8289.9,289.14,0.0,289.14,1647.0,0.0,1647.0,Champaign County
IL,Cook County,2000,4084.56,377712.0,381796.56000000006,1372.5,33375.54,34748.04,666.12,0.0,666.12,Cook County
IL,Crawford County,2000,871.0799999999999,0.0,871.0799999999999,318.42,1204.14,1522.56,402.6,0.0,402.6,Crawford County
IL,DeKalb County,2000,2818.2000000000003,0.0,2818.2000000000003,0.0,62.220000000000006,62.220000000000006,73.2,36.6,109.8,DeKalb County
IL,Du Page County,2000,3670.98,0.0,3670.98,109.8,0.0,109.8,168.36,0.0,168.36,DuPage County
IL,Grundy County,2000,1061.4,0.0,1061.4,2514.42,32.94,2547.36,7.32,0.0,7.32,Grundy County
IL,Henry County,2000,1302.96,0.0,1302.96,3.66,0.0,3.66,1200.48,0.0,1200.48,Henry County
IL,Iroquois County,2000,596.5799999999999,0.0,596.5799999999999,25.62,0.0,25.62,896.7,0.0,896.7,Iroquois County
IL,Jo Daviess County,2000,867.4200000000001,0.0,867.4200000000001,936.96,0.0,936.96,47.58,0.0,47.58,Jo Daviess County
IL,Kane County,2000,11583.9,7707.959999999999,19291.86,380.64,7.32,387.96,314.76,0.0,314.76,Kane County
IL,Kankakee County,2000,841.8,4417.62,5259.42,32.94,0.0,32.94,1983.72,281.82,2265.54,Kankakee County
IL,Kendall County,2000,819.84,0.0,819.84,106.14,0.0,106.14,54.9,0.0,54.9,Kendall County
IL,Lake County,2000,3136.62,20854.68,23991.3,161.04,7246.8,7407.839999999999,193.98,0.0,193.98,Lake County
IL,La Salle County,2000,3678.3,355.02,4033.32,1295.64,18.3,1313.94,292.8,0.0,292.8,LaSalle County
IL,Lee County,2000,1566.48,0.0,1566.48,212.28,193.98,406.2600000000001,980.88,300.12,1281.0,Lee County
IL,Livingston County,2000,651.48,1346.88,1998.36,29.28,0.0,29.28,51.24,0.0,51.24,Livingston County
IL,McDonough County,2000,201.3,871.0799999999999,1072.38,7.32,0.0,7.32,54.9,0.0,54.9,McDonough County
IL,McHenry County,2000,7561.56,0.0,7561.56,999.18,0.0,999.18,783.24,14.64,797.8800000000001,McHenry County
IL,Macon County,2000,603.9,13787.22,14391.12,574.62,0.0,574.62,65.88,0.0,65.88,Macon County
IL,Marshall County,2000,633.18,0.0,633.18,362.34,0.0,362.34,893.04,43.92,936.96,Marshall County
IL,Massac County,2000,479.46,0.0,479.46,1368.84,0.0,1368.84,889.3800000000001,0.0,889.3800000000001,Massac County
IL,Morgan County,2000,21.96,109.8,131.76,2049.6,0.0,2049.6,336.72,0.0,336.72,Morgan County
IL,Ogle County,2000,1840.98,0.0,1840.98,234.24,0.0,234.24,179.34,0.0,179.34,Ogle County
IL,Peoria County,2000,6646.56,2755.98,9402.54,4289.52,34920.06,39209.58,1119.96,0.0,1119.96,Peoria County
IL,Piatt County,2000,695.4,0.0,695.4,329.40000000000003,0.0,329.40000000000003,43.92,0.0,43.92,Piatt County
IL,Putnam County,2000,69.54,0.0,69.54,51.24,0.0,51.24,65.88,0.0,65.88,Putnam County
IL,Rock Island County,2000,702.72,5076.42,5779.139999999999,3.66,1302.96,1306.62,662.46,0.0,662.46,Rock Island County
IL,St Clair County,2000,204.96,19522.44,19727.4,4981.26,0.0,4981.26,14.64,0.0,14.64,St. Clair County
IL,Scott County,2000,1734.84,0.0,1734.84,14.64,0.0,14.64,413.58,0.0,413.58,Scott County
IL,Stephenson County,2000,1464.0,0.0,1464.0,530.6999999999999,0.0,530.6999999999999,40.26,0.0,40.26,Stephenson County
IL,Tazewell County,2000,5530.26,0.0,5530.26,5233.8,8304.54,13538.34,6961.32,0.0,6961.32,Tazewell County
IL,Vermilion County,2000,329.40000000000003,3301.32,3630.72,805.2,0.0,805.2,21.96,43.92,65.88,Vermilion County
IL,Whiteside County,2000,1811.7,0.0,1811.7,1515.2399999999998,3.66,1518.9,4062.6,84.18,4146.78,Whiteside County
IL,Will County,2000,14943.78,270.84,15214.62,1888.56,2437.56,4326.12,395.28,80.52,475.8,Will County
IL,Winnebago County,2000,12004.8,0.0,12004.8,629.52,0.0,629.52,153.72,0.0,153.72,Winnebago County
IN,Allen County,2000,1467.66,13413.9,14881.56,395.28,428.22,823.5,10.98,25.62,36.6,Allen County
IN,Bartholomew County,2000,4542.06,0.0,4542.06,413.58,0.0,413.58,457.5,32.94,490.44000000000005,Bartholomew County
IN,Blackford County,2000,519.72,0.0,519.72,150.06,98.82,248.88,0.0,3.66,3.66,Blackford County
IN,Boone County,2000,742.9799999999999,0.0,742.9799999999999,3.66,0.0,3.66,0.0,109.8,109.8,Boone County
IN,Carroll County,2000,420.9,0.0,420.9,230.58,893.04,1123.62,0.0,69.54,69.54,Carroll County
IN,Cass County,2000,1134.6,1185.84,2320.44,150.06,0.0,150.06,87.84,0.0,87.84,Cass County
IN,Daviess County,2000,896.7,0.0,896.7,958.92,51.24,1010.16,7.32,0.0,7.32,Daviess County
IN,DeKalb County,2000,1599.42,0.0,1599.42,1672.62,91.5,1764.12,51.24,21.96,73.2,DeKalb County
IN,Delaware County,2000,988.2,3520.92,4509.12,58.56,867.4200000000001,925.98,10.98,3.66,14.64,Delaware County
IN,Elkhart County,2000,5255.76,0.0,5255.76,2119.14,0.0,2119.14,1734.84,922.32,2657.16,Elkhart County
IN,Fountain County,2000,468.48,0.0,468.48,746.64,0.0,746.64,10.98,0.0,10.98,Fountain County
IN,Franklin County,2000,874.74,0.0,874.74,69.54,43.92,113.46,0.0,3.66,3.66,Franklin County
IN,Fulton County,2000,318.42,0.0,318.42,3.66,0.0,3.66,1456.68,146.4,1603.08,Fulton County
IN,Greene County,2000,973.56,0.0,973.56,0.0,223.26,223.26,7.32,0.0,7.32,Greene County
IN,Hamilton County,2000,6372.06,5588.82,11960.88,545.34,5361.900000000001,5907.24,128.1,43.92,172.01999999999998,Hamilton County
IN,Hancock County,2000,1189.5,0.0,1189.5,14.64,87.84,102.48,7.32,3.66,10.98,Hancock County
IN,Henry County,2000,1288.32,285.48,1573.8,230.58,505.08,735.66,0.0,7.32,7.32,Henry County
IN,Jackson County,2000,874.74,1043.1,1917.84,0.0,395.28,395.28,183.0,21.96,204.96,Jackson County
IN,Jay County,2000,570.96,0.0,570.96,62.220000000000006,175.68,237.9,0.0,14.64,14.64,Jay County
IN,Johnson County,2000,3967.44,0.0,3967.44,248.88,0.0,248.88,36.6,18.3,54.9,Johnson County
IN,Knox County,2000,1976.4,0.0,1976.4,18.3,186.66,204.96,1156.56,102.48,1259.04,Knox County
IN,Kosciusko County,2000,1343.22,0.0,1343.22,925.98,164.70000000000002,1090.68,2093.52,153.72,2247.24,Kosciusko County
IN,Lagrange County,2000,347.7,0.0,347.7,40.26,73.2,113.46,2159.4,801.54,2960.94,LaGrange County
IN,Lake County,2000,1130.94,28485.78,29616.72,662.46,492797.04,493459.5,461.16,4758.0,5219.16,Lake County
IN,La Porte County,2000,1251.72,2466.84,3718.56,10.98,0.0,10.98,2452.2000000000003,1606.7399999999998,4058.94,LaPorte County
IN,Madison County,2000,5285.04,14.64,5299.68,84.18,958.92,1043.1,21.96,43.92,65.88,Madison County
IN,Marion County,2000,12286.62,33324.3,45610.92,4560.360000000001,32.94,4593.3,54.9,14.64,69.54,Marion County
IN,Marshall County,2000,925.98,131.76,1057.74,230.58,0.0,230.58,333.06,128.1,461.16,Marshall County
IN,Miami County,2000,710.04,0.0,710.04,0.0,21.96,21.96,3.66,131.76,135.42,Miami County
IN,Montgomery County,2000,834.4799999999999,0.0,834.4799999999999,183.0,0.0,183.0,54.9,58.56,113.46,Montgomery County
IN,Noble County,2000,1127.28,0.0,1127.28,201.3,281.82,483.12,669.78,32.94,702.72,Noble County
IN,Parke County,2000,329.40000000000003,0.0,329.40000000000003,135.42,0.0,135.42,36.6,0.0,36.6,Parke County
IN,Porter County,2000,1668.9599999999998,3861.3,5530.26,1291.98,155070.54,156362.52000000002,146.4,629.52,775.9200000000001,Porter County
IN,Posey County,2000,128.1,710.04,838.14,0.0,3619.74,3619.74,128.1,0.0,128.1,Posey County
IN,Pulaski County,2000,175.68,0.0,175.68,168.36,1299.3,1467.66,779.5799999999999,431.88,1211.46,Pulaski County
IN,Putnam County,2000,1614.06,0.0,1614.06,322.08,91.5,413.58,36.6,0.0,36.6,Putnam County
IN,Rush County,2000,395.28,0.0,395.28,0.0,204.96,204.96,7.32,0.0,7.32,Rush County
IN,St Joseph County,2000,11335.02,0.0,11335.02,3019.5,380.64,3400.14,1716.5400000000002,274.5,1991.04,St. Joseph County
IN,Shelby County,2000,1467.66,0.0,1467.66,40.26,0.0,40.26,146.4,18.3,164.70000000000002,Shelby County
IN,Starke County,2000,259.86,0.0,259.86,3.66,0.0,3.66,666.12,801.54,1467.66,Starke County
IN,Steuben County,2000,534.36,0.0,534.36,10.98,36.6,47.58,201.3,51.24,252.54,Steuben County
IN,Sullivan County,2000,625.86,0.0,625.86,0.0,376.98,376.98,413.58,0.0,413.58,Sullivan County
IN,Tippecanoe County,2000,4725.06,380.64,5105.7,6342.78,0.0,6342.78,124.44,29.28,153.72,Tippecanoe County
IN,Vermillion County,2000,494.1,0.0,494.1,3436.74,0.0,3436.74,25.62,0.0,25.62,Vermillion County
IN,Vigo County,2000,3590.46,190.32,3780.78,2089.86,0.0,2089.86,245.22000000000003,3.66,248.88,Vigo County
IN,Wabash County,2000,1632.36,0.0,1632.36,274.5,84.18,358.68,113.46,3.66,117.12,Wabash County
IN,Warren County,2000,204.96,0.0,204.96,373.32,0.0,373.32,18.3,0.0,18.3,Warren County
IN,Wayne County,2000,1295.64,1101.66,2397.3,47.58,527.04,574.62,3.66,0.0,3.66,Wayne County
IN,White County,2000,461.16,0.0,461.16,10.98,424.56,435.54,252.54,3.66,256.2,White County
IN,Whitley County,2000,600.24,0.0,600.24,95.16,0.0,95.16,0.0,18.3,18.3,Whitley County
IA,Black Hawk County,2000,6964.9800000000005,0.0,6964.9800000000005,3114.66,0.0,3114.66,36.6,0.0,36.6,Black Hawk County
IA,Buchanan County,2000,530.6999999999999,0.0,530.6999999999999,161.04,0.0,161.04,3.66,0.0,3.66,Buchanan County
IA,Carroll County,2000,918.66,0.0,918.66,84.18,0.0,84.18,0.0,14.64,14.64,Carroll County
IA,Cedar County,2000,435.54,0.0,435.54,7.32,0.0,7.32,10.98,0.0,10.98,Cedar County
IA,Clay County,2000,896.7,0.0,896.7,7.32,0.0,7.32,102.48,7.32,109.8,Clay County
IA,Clayton County,2000,340.38,0.0,340.38,168.36,0.0,168.36,3.66,0.0,3.66,Clayton County
IA,Clinton County,2000,1749.48,0.0,1749.48,45702.42,0.0,45702.42,21.96,0.0,21.96,Clinton County
IA,Dallas County,2000,1010.16,0.0,1010.16,409.92,0.0,409.92,76.86,0.0,76.86,Dallas County
IA,Dubuque County,2000,3070.74,0.0,3070.74,5431.44,0.0,5431.44,29.28,18.3,47.58,Dubuque County
IA,Fayette County,2000,490.44000000000005,0.0,490.44000000000005,80.52,0.0,80.52,18.3,0.0,18.3,Fayette County
IA,Hancock County,2000,270.84,0.0,270.84,95.16,0.0,95.16,7.32,0.0,7.32,Hancock County
IA,Iowa County,2000,311.1,0.0,311.1,84.18,0.0,84.18,25.62,0.0,25.62,Iowa County
IA,Johnson County,2000,1050.42,2093.52,3143.94,18.3,0.0,18.3,3.66,18.3,21.96,Johnson County
IA,Lee County,2000,819.84,3261.06,4080.9,6156.12,0.0,6156.12,43.92,10.98,54.9,Lee County
IA,Linn County,2000,14380.14,0.0,14380.14,3740.52,505.08,4245.599999999999,29.28,0.0,29.28,Linn County
IA,Louisa County,2000,248.88,0.0,248.88,501.42,0.0,501.42,699.06,3.66,702.72,Louisa County
IA,Muscatine County,2000,9794.16,0.0,9794.16,9753.9,618.54,10372.44,721.02,0.0,721.02,Muscatine County
IA,Pottawattamie County,2000,5072.76,0.0,5072.76,29.28,0.0,29.28,76.86,0.0,76.86,Pottawattamie County
IA,Sac County,2000,457.5,0.0,457.5,3.66,0.0,3.66,95.16,32.94,128.1,Sac County
IA,Scott County,2000,479.46,6800.28,7279.74,530.6999999999999,0.0,530.6999999999999,43.92,10.98,54.9,Scott County
IA,Sioux County,2000,2532.72,0.0,2532.72,54.9,0.0,54.9,603.9,3.66,607.56,Sioux County
IA,Tama County,2000,882.0600000000001,0.0,882.0600000000001,483.12,0.0,483.12,3.66,0.0,3.66,Tama County
IA,Winneshiek County,2000,636.84,0.0,636.84,36.6,0.0,36.6,0.0,10.98,10.98,Winneshiek County
IA,Woodbury County,2000,6225.660000000001,0.0,6225.660000000001,3978.42,0.0,3978.42,380.64,76.86,457.5,Woodbury County
IA,Wright County,2000,483.12,0.0,483.12,369.66,0.0,369.66,3.66,0.0,3.66,Wright County
KS,Allen County,2000,0.0,764.9399999999999,764.9399999999999,0.0,322.08,322.08,0.0,95.16,95.16,Allen County
KS,Barton County,2000,1101.66,0.0,1101.66,219.6,0.0,219.6,12334.2,0.0,12334.2,Barton County
KS,Brown County,2000,259.86,208.62,468.48,7.32,0.0,7.32,0.0,25.62,25.62,Brown County
KS,Butler County,2000,51.24,3685.62,3736.86,3.66,10.98,14.64,43.92,387.96,431.88,Butler County
KS,Cherokee County,2000,867.4200000000001,150.06,1017.48,106.14,0.0,106.14,3.66,7.32,10.98,Cherokee County
KS,Coffey County,2000,32.94,241.56,274.5,3.66,0.0,3.66,3.66,69.54,73.2,Coffey County
KS,Douglas County,2000,475.8,5420.46,5896.26,1065.06,0.0,1065.06,329.40000000000003,7.32,336.72,Douglas County
KS,Edwards County,2000,153.72,0.0,153.72,14.64,0.0,14.64,41138.4,0.0,41138.4,Edwards County
KS,Ellis County,2000,841.8,36.6,878.4,14.64,0.0,14.64,556.32,32.94,589.26,Ellis County
KS,Ellsworth County,2000,281.82,219.6,501.42,230.58,0.0,230.58,91.5,18.3,109.8,Ellsworth County
KS,Finney County,2000,2543.7000000000003,0.0,2543.7000000000003,2422.92,0.0,2422.92,105228.66,0.0,105228.66,Finney County
KS,Ford County,2000,1939.8,0.0,1939.8,1917.84,0.0,1917.84,34173.42,98.82,34272.24,Ford County
KS,Grant County,2000,556.32,0.0,556.32,113.46,0.0,113.46,54713.34,0.0,54713.34,Grant County
KS,Hamilton County,2000,285.48,0.0,285.48,3.66,0.0,3.66,13622.52,2265.54,15888.06,Hamilton County
KS,Harvey County,2000,5903.58,0.0,5903.58,3.66,0.0,3.66,9816.12,197.64,10013.76,Harvey County
KS,Haskell County,2000,292.8,0.0,292.8,7.32,0.0,7.32,89911.56,84.18,89995.73999999999,Haskell County
KS,Jackson County,2000,292.8,117.12,409.92,7.32,0.0,7.32,0.0,7.32,7.32,Jackson County
KS,Johnson County,2000,4219.98,823.5,5043.48,36.6,0.0,36.6,109.8,768.6,878.4,Johnson County
KS,Kingman County,2000,402.6,0.0,402.6,25.62,0.0,25.62,5211.84,117.12,5328.96,Kingman County
KS,Labette County,2000,0.0,1054.08,1054.08,0.0,69.54,69.54,0.0,58.56,58.56,Labette County
KS,Leavenworth County,2000,1357.86,1346.88,2704.74,117.12,0.0,117.12,98.82,29.28,128.1,Leavenworth County
KS,McPherson County,2000,1742.16,0.0,1742.16,1002.84,7.32,1010.16,8619.300000000001,761.28,9380.58,McPherson County
KS,Marion County,2000,172.01999999999998,237.9,409.92,3.66,0.0,3.66,197.64,285.48,483.12,Marion County
KS,Marshall County,2000,545.34,0.0,545.34,18.3,0.0,18.3,51.24,296.46000000000004,347.7,Marshall County
KS,Mitchell County,2000,62.220000000000006,494.1,556.32,3.66,0.0,3.66,607.56,4549.38,5156.94,Mitchell County
KS,Montgomery County,2000,0.0,1914.18,1914.18,0.0,1727.52,1727.52,0.0,135.42,135.42,Montgomery County
KS,Nemaha County,2000,501.42,0.0,501.42,18.3,0.0,18.3,0.0,3.66,3.66,Nemaha County
KS,Neosho County,2000,0.0,816.18,816.18,0.0,241.56,241.56,3.66,25.62,29.28,Neosho County
KS,Norton County,2000,193.98,168.36,362.34,7.32,0.0,7.32,3037.8,1551.84,4589.639999999999,Norton County
KS,Rawlins County,2000,183.0,0.0,183.0,29.28,0.0,29.28,7704.3,7.32,7711.62,Rawlins County
KS,Reno County,2000,3056.1,0.0,3056.1,4241.94,0.0,4241.94,15946.62,0.0,15946.62,Reno County
KS,Republic County,2000,344.04,0.0,344.04,7.32,0.0,7.32,9889.32,1862.94,11752.26,Republic County
KS,Rice County,2000,596.5799999999999,0.0,596.5799999999999,530.6999999999999,0.0,530.6999999999999,7598.160000000001,0.0,7598.160000000001,Rice County
KS,Riley County,2000,1277.34,0.0,1277.34,47.58,3.66,51.24,885.72,179.34,1065.06,Riley County
KS,Saline County,2000,1650.66,849.1199999999999,2499.78,3.66,0.0,3.66,878.4,183.0,1061.4,Saline County
KS,Sedgwick County,2000,6152.459999999999,13516.38,19668.84,1668.9599999999998,0.0,1668.9599999999998,12023.1,380.64,12403.74,Sedgwick County
KS,Seward County,2000,1830.0,0.0,1830.0,973.56,0.0,973.56,52660.08,0.0,52660.08,Seward County
KS,Shawnee County,2000,380.64,10522.5,10903.14,1657.98,0.0,1657.98,2697.42,172.01999999999998,2869.44,Shawnee County
KS,Sherman County,2000,629.52,0.0,629.52,47.58,0.0,47.58,46580.82,0.0,46580.82,Sherman County
KS,Stafford County,2000,175.68,0.0,175.68,25.62,0.0,25.62,30758.640000000003,3.66,30762.3,Stafford County
KS,Wabaunsee County,2000,76.86,102.48,179.34,0.0,3.66,3.66,699.06,347.7,1046.76,Wabaunsee County
KS,Wichita County,2000,157.38,0.0,157.38,25.62,0.0,25.62,28350.36,0.0,28350.36,Wichita County
KS,Wilson County,2000,0.0,450.18,450.18,0.0,80.52,80.52,0.0,256.2,256.2,Wilson County
KS,Wyandotte County,2000,728.34,34554.06,35282.4,406.2600000000001,0.0,406.2600000000001,36.6,62.220000000000006,98.82,Wyandotte County
KY,Anderson County,2000,0.0,622.1999999999999,622.1999999999999,0.0,417.24,417.24,3.66,62.220000000000006,65.88,Anderson County
KY,Ballard County,2000,212.28,0.0,212.28,428.22,8886.48,9314.7,0.0,14.64,14.64,Ballard County
KY,Boone County,2000,7.32,0.0,7.32,157.38,0.0,157.38,0.0,62.220000000000006,62.220000000000006,Boone County
KY,Boyd County,2000,0.0,2814.54,2814.54,80.52,17136.12,17216.64,0.0,10.98,10.98,Boyd County
KY,Bracken County,2000,267.18,0.0,267.18,102.48,0.0,102.48,7.32,142.74,150.06,Bracken County
KY,Calloway County,2000,1211.46,0.0,1211.46,581.94,0.0,581.94,3.66,113.46,117.12,Calloway County
KY,Campbell County,2000,0.0,12169.5,12169.5,29.28,0.0,29.28,0.0,21.96,21.96,Campbell County
KY,Carlisle County,2000,62.220000000000006,0.0,62.220000000000006,812.5200000000001,0.0,812.5200000000001,0.0,431.88,431.88,Carlisle County
KY,Carroll County,2000,406.2600000000001,0.0,406.2600000000001,5365.56,384.3,5749.860000000001,3.66,98.82,102.48,Carroll County
KY,Clark County,2000,0.0,2064.24,2064.24,0.0,80.52,80.52,3.66,106.14,109.8,Clark County
KY,Daviess County,2000,5131.32,0.0,5131.32,3553.86,0.0,3553.86,62.220000000000006,395.28,457.5,Daviess County
KY,Estill County,2000,0.0,322.08,322.08,10.98,0.0,10.98,0.0,3.66,3.66,Estill County
KY,Floyd County,2000,76.86,1332.24,1409.1,0.0,21.96,21.96,0.0,18.3,18.3,Floyd County
KY,Franklin County,2000,0.0,2906.04,2906.04,0.0,62.220000000000006,62.220000000000006,7.32,175.68,183.0,Franklin County
KY,Gallatin County,2000,248.88,0.0,248.88,36.6,344.04,380.64,0.0,32.94,32.94,Gallatin County
KY,Graves County,2000,1006.5,0.0,1006.5,2379.0,0.0,2379.0,7.32,150.06,157.38,Graves County
KY,Greenup County,2000,223.26,940.62,1163.88,325.74,2734.02,3059.76,0.0,25.62,25.62,Greenup County
KY,Hancock County,2000,230.58,0.0,230.58,10463.94,0.0,10463.94,0.0,25.62,25.62,Hancock County
KY,Hardin County,2000,2232.6,1160.22,3392.82,150.06,0.0,150.06,0.0,40.26,40.26,Hardin County
KY,Henderson County,2000,0.0,2990.22,2990.22,80.52,128.1,208.62,10.98,285.48,296.46000000000004,Henderson County
KY,Hopkins County,2000,120.78,3001.2,3121.98,0.0,1061.4,1061.4,0.0,7.32,7.32,Hopkins County
KY,Jefferson County,2000,6540.42,44575.14,51115.56,5211.84,21780.66,26992.5,0.0,409.92,409.92,Jefferson County
KY,Lawrence County,2000,0.0,340.38,340.38,0.0,5145.96,5145.96,0.0,10.98,10.98,Lawrence County
KY,Livingston County,2000,106.14,274.5,380.64,893.04,7488.360000000001,8381.4,0.0,58.56,58.56,Livingston County
KY,Logan County,2000,91.5,830.82,922.32,25.62,585.6,611.22,7.32,120.78,128.1,Logan County
KY,McCracken County,2000,285.48,2558.34,2843.82,164.70000000000002,3934.5,4099.2,29.28,14.64,43.92,McCracken County
KY,Marion County,2000,0.0,1420.08,1420.08,0.0,14.64,14.64,3.66,73.2,76.86,Marion County
KY,Marshall County,2000,1321.26,0.0,1321.26,907.68,4747.02,5654.7,0.0,47.58,47.58,Marshall County
KY,Mason County,2000,157.38,936.96,1094.34,62.220000000000006,911.34,973.56,3.66,47.58,51.24,Mason County
KY,Meade County,2000,219.6,43.92,263.52,2862.12,2993.88,5856.0,0.0,47.58,47.58,Meade County
KY,Nelson County,2000,0.0,1518.9,1518.9,0.0,417.24,417.24,3.66,120.78,124.44,Nelson County
KY,Ohio County,2000,47.58,732.0,779.5799999999999,0.0,581.94,581.94,0.0,10.98,10.98,Ohio County
KY,Pulaski County,2000,0.0,2393.64,2393.64,0.0,62.220000000000006,62.220000000000006,0.0,65.88,65.88,Pulaski County
KY,Scott County,2000,710.04,0.0,710.04,139.08,0.0,139.08,14.64,420.9,435.54,Scott County
LA,Acadia County,2000,1808.04,0.0,1808.04,7.32,0.0,7.32,46331.94,12923.46,59255.4,Acadia Parish
LA,Allen County,2000,1167.54,0.0,1167.54,102.48,0.0,102.48,11851.080000000002,673.44,12524.52,Allen Parish
LA,Ascension County,2000,940.62,863.76,1804.38,2770.62,73002.36,75772.98,21.96,0.0,21.96,Ascension Parish
LA,Avoyelles County,2000,1643.34,0.0,1643.34,131.76,0.0,131.76,4633.56,1504.2600000000002,6137.82,Avoyelles Parish
LA,Beauregard County,2000,1518.9,0.0,1518.9,7528.62,0.0,7528.62,1485.9599999999998,0.0,1485.9599999999998,Beauregard Parish
LA,Bossier County,2000,724.68,3546.54,4271.22,252.54,3.66,256.2,80.52,0.0,80.52,Bossier Parish
LA,Caddo County,2000,413.58,17161.74,17575.32,32.94,106.14,139.08,944.28,234.24,1178.52,Caddo Parish
LA,Calcasieu County,2000,8967.0,150.06,9117.06,22062.48,77171.09999999999,99233.58,9644.1,2056.92,11701.02,Calcasieu Parish
LA,Cameron County,2000,808.86,0.0,808.86,62.220000000000006,494.1,556.32,2005.68,6847.860000000001,8853.54,Cameron Parish
LA,Catahoula County,2000,431.88,0.0,431.88,0.0,3.66,3.66,9428.16,40.26,9468.42,Catahoula Parish
LA,De Soto County,2000,468.48,596.5799999999999,1065.06,124.44,6086.58,6211.02,3.66,40.26,43.92,De Soto Parish
LA,East Baton Rouge County,2000,23475.24,0.0,23475.24,23193.42,6767.339999999999,29960.76,95.16,0.0,95.16,East Baton Rouge Parish
LA,East Feliciana County,2000,1087.02,0.0,1087.02,10.98,0.0,10.98,62.220000000000006,0.0,62.220000000000006,East Feliciana Parish
LA,Evangeline County,2000,2093.52,0.0,2093.52,475.8,0.0,475.8,14665.62,3729.54,18395.16,Evangeline Parish
LA,Franklin County,2000,669.78,0.0,669.78,278.16,0.0,278.16,7371.24,1226.1,8597.34,Franklin Parish
LA,Iberia County,2000,3378.1800000000003,0.0,3378.1800000000003,453.84,2840.16,3294.0,742.9799999999999,164.70000000000002,907.68,Iberia Parish
LA,Jefferson County,2000,0.0,31186.86,31186.86,1054.08,2664.48,3718.56,14.64,0.0,14.64,Jefferson Parish
LA,Lafayette County,2000,7814.1,0.0,7814.1,193.98,0.0,193.98,3206.16,801.54,4007.7,Lafayette Parish
LA,La Salle County,2000,1024.8,0.0,1024.8,10.98,43.92,54.9,0.0,80.52,80.52,LaSalle Parish
LA,Lincoln County,2000,3063.42,0.0,3063.42,58.56,0.0,58.56,3.66,0.0,3.66,Lincoln Parish
LA,Livingston County,2000,3477.0,0.0,3477.0,47.58,0.0,47.58,18.3,0.0,18.3,Livingston Parish
LA,Morehouse County,2000,1288.32,0.0,1288.32,1464.0,7682.339999999999,9146.34,11280.12,5387.52,16667.64,Morehouse Parish
LA,Natchitoches County,2000,340.38,1884.9,2225.28,0.0,4644.54,4644.54,596.5799999999999,3154.92,3751.5,Natchitoches Parish
LA,Orleans County,2000,0.0,56788.56,56788.56,728.34,3.66,732.0,7.32,0.0,7.32,Orleans Parish
LA,Ouachita County,2000,3897.9,4461.54,8359.44,4307.82,8081.28,12389.1,889.3800000000001,3718.56,4607.94,Ouachita Parish
LA,Plaquemines County,2000,0.0,2847.48,2847.48,0.0,34839.54,34839.54,36.6,0.0,36.6,Plaquemines Parish
LA,Pointe Coupee County,2000,1354.2,0.0,1354.2,2690.1,0.0,2690.1,977.22,0.0,977.22,Pointe Coupee Parish
LA,Rapides County,2000,10712.82,0.0,10712.82,7.32,0.0,7.32,1453.02,2261.88,3714.9,Rapides Parish
LA,Red River County,2000,237.9,0.0,237.9,3.66,0.0,3.66,351.36,69.54,420.9,Red River Parish
LA,Sabine County,2000,329.40000000000003,545.34,874.74,117.12,0.0,117.12,3.66,3.66,7.32,Sabine Parish
LA,St Landry County,2000,3323.28,0.0,3323.28,1851.96,0.0,1851.96,8000.76,2294.82,10295.58,St. Landry Parish
LA,St Martin County,2000,2291.16,0.0,2291.16,128.1,0.0,128.1,256.2,2287.5,2543.7000000000003,St. Martin Parish
LA,St Tammany County,2000,6635.58,0.0,6635.58,113.46,0.0,113.46,204.96,226.92,431.88,St. Tammany Parish
LA,Tangipahoa County,2000,4736.04,0.0,4736.04,355.02,0.0,355.02,98.82,98.82,197.64,Tangipahoa Parish
LA,Vermilion County,2000,1800.72,0.0,1800.72,706.38,0.0,706.38,54753.6,14951.1,69704.7,Vermilion Parish
ME,Androscoggin County,2000,457.5,3206.16,3663.66,54.9,1291.98,1346.88,7.32,102.48,109.8,Androscoggin County
ME,Aroostook County,2000,1021.14,1207.8,2228.94,40.26,955.26,995.52,65.88,625.86,691.74,Aroostook County
ME,Cumberland County,2000,1844.64,8458.26,10302.9,281.82,6741.72,7023.540000000001,36.6,157.38,193.98,Cumberland County
ME,Franklin County,2000,702.72,245.22000000000003,947.94,614.88,14724.179999999998,15339.06,0.0,18.3,18.3,Franklin County
ME,Hancock County,2000,230.58,1244.4,1474.98,197.64,4768.98,4966.62,3.66,40.26,43.92,Hancock County
ME,Kennebec County,2000,534.36,2463.1800000000003,2997.54,51.24,1248.06,1299.3,7.32,47.58,54.9,Kennebec County
ME,Knox County,2000,62.220000000000006,1178.52,1240.74,14.64,318.42,333.06,0.0,21.96,21.96,Knox County
ME,Lincoln County,2000,128.1,226.92,355.02,7.32,183.0,190.32,0.0,10.98,10.98,Lincoln County
ME,Oxford County,2000,1046.76,120.78,1167.54,475.8,11430.18,11905.98,18.3,190.32,208.62,Oxford County
ME,Penobscot County,2000,1442.04,2272.86,3714.9,889.3800000000001,21323.16,22212.54,14.64,179.34,193.98,Penobscot County
ME,Piscataquis County,2000,281.82,234.24,516.06,14.64,358.68,373.32,0.0,21.96,21.96,Piscataquis County
ME,Sagadahoc County,2000,98.82,636.84,735.66,18.3,475.8,494.1,0.0,7.32,7.32,Sagadahoc County
ME,Somerset County,2000,600.24,556.32,1156.56,446.52,10690.86,11137.38,0.0,10.98,10.98,Somerset County
ME,Waldo County,2000,527.04,0.0,527.04,18.3,435.54,453.84,0.0,14.64,14.64,Waldo County
ME,Washington County,2000,314.76,113.46,428.22,439.2,10544.46,10983.66,62.220000000000006,358.68,420.9,Washington County
ME,York County,2000,1551.84,4384.68,5936.52,58.56,1383.48,1442.04,7.32,106.14,113.46,York County
MD,Allegany County,2000,120.78,146.4,267.18,14.64,17114.16,17128.8,10.98,25.62,36.6,Allegany County
MD,Anne Arundel County,2000,10632.3,797.8800000000001,11430.18,647.82,223.26,871.0799999999999,135.42,65.88,201.3,Anne Arundel County
MD,Baltimore County,2000,36.6,99167.7,99204.3,1683.6,79652.58,81336.18,161.04,146.4,307.44,Baltimore County
MD,Calvert County,2000,841.8,0.0,841.8,18.3,0.0,18.3,21.96,0.0,21.96,Calvert County
MD,Caroline County,2000,380.64,0.0,380.64,120.78,0.0,120.78,3575.82,2089.86,5665.68,Caroline County
MD,Carroll County,2000,929.64,1526.22,2455.86,87.84,179.34,267.18,87.84,25.62,113.46,Carroll County
MD,Cecil County,2000,589.26,750.3,1339.56,32.94,3.66,36.6,329.40000000000003,51.24,380.64,Cecil County
MD,Charles County,2000,2737.6800000000003,0.0,2737.6800000000003,3.66,0.0,3.66,21.96,7.32,29.28,Charles County
MD,Dorchester County,2000,904.02,0.0,904.02,362.34,0.0,362.34,2917.02,270.84,3187.86,Dorchester County
MD,Frederick County,2000,1174.86,4381.02,5555.88,680.76,7.32,688.0799999999999,109.8,91.5,201.3,Frederick County
MD,Garrett County,2000,347.7,735.66,1083.36,40.26,0.0,40.26,7.32,7.32,14.64,Garrett County
MD,Harford County,2000,1848.3,1398.12,3246.42,355.02,3.66,358.68,32.94,120.78,153.72,Harford County
MD,Kent County,2000,406.2600000000001,0.0,406.2600000000001,164.70000000000002,0.0,164.70000000000002,494.1,102.48,596.5799999999999,Kent County
MD,Montgomery County,2000,175.68,138984.84,139160.52000000002,10.98,3.66,14.64,179.34,347.7,527.04,Montgomery County
MD,Prince George's County,2000,871.0799999999999,18215.82,19086.9,7.32,0.0,7.32,98.82,109.8,208.62,Prince George's County
MD,Queen Anne's County,2000,618.54,0.0,618.54,120.78,0.0,120.78,860.1,494.1,1354.2,Queen Anne's County
MD,St Mary's County,2000,1346.88,0.0,1346.88,3.66,0.0,3.66,51.24,7.32,58.56,St. Mary's County
MD,Somerset County,2000,625.86,0.0,625.86,7.32,0.0,7.32,146.4,0.0,146.4,Somerset County
MD,Talbot County,2000,849.1199999999999,0.0,849.1199999999999,234.24,0.0,234.24,161.04,146.4,307.44,Talbot County
MD,Washington County,2000,435.54,4644.54,5080.08,87.84,783.24,871.0799999999999,25.62,40.26,65.88,Washington County
MD,Wicomico County,2000,2247.24,0.0,2247.24,380.64,0.0,380.64,1145.58,208.62,1354.2,Wicomico County
MD,Worcester County,2000,2832.84,0.0,2832.84,706.38,0.0,706.38,278.16,131.76,409.92,Worcester County
MA,Barnstable County,2000,8410.68,936.96,9347.64,223.26,0.0,223.26,702.72,3850.32,4553.04,Barnstable County
MA,Berkshire County,2000,1427.4,5442.42,6869.82,819.84,3275.7,4095.54,51.24,311.1,362.34,Berkshire County
MA,Bristol County,2000,6145.139999999999,15006.0,21151.14,40.26,95.16,135.42,453.84,2492.46,2946.3,Bristol County
MA,Dukes County,2000,688.0799999999999,0.0,688.0799999999999,10.98,0.0,10.98,14.64,98.82,113.46,Dukes County
MA,Essex County,2000,2254.56,24877.02,27131.58,95.16,1116.3,1211.46,113.46,699.06,812.5200000000001,Essex County
MA,Franklin County,2000,1105.32,625.86,1731.18,267.18,472.14,739.32,29.28,175.68,204.96,Franklin County
MA,Hampden County,2000,2616.9,16989.72,19606.62,69.54,468.48,538.02,65.88,424.56,490.44000000000005,Hampden County
MA,Hampshire County,2000,2342.4,2155.74,4498.139999999999,816.18,0.0,816.18,40.26,237.9,278.16,Hampshire County
MA,Middlesex County,2000,15591.6,9058.5,24650.1,1094.34,644.16,1738.5,212.28,1262.7,1474.98,Middlesex County
MA,Nantucket County,2000,468.48,0.0,468.48,7.32,0.0,7.32,153.72,812.5200000000001,966.24,Nantucket County
MA,Norfolk County,2000,12180.48,4176.06,16356.54,150.06,54.9,204.96,124.44,735.66,860.1,Norfolk County
MA,Plymouth County,2000,9131.7,5457.06,14588.76,21.96,10.98,32.94,5091.06,26875.38,31966.44,Plymouth County
MA,Worcester County,2000,9570.9,113657.64,123228.54,285.48,3290.34,3575.82,146.4,918.66,1065.06,Worcester County
MI,Alger County,2000,237.9,0.0,237.9,87.84,1969.08,2056.92,18.3,0.0,18.3,Alger County
MI,Allegan County,2000,1738.5,0.0,1738.5,2485.14,230.58,2715.72,450.18,1972.74,2422.92,Allegan County
MI,Alpena County,2000,186.66,830.82,1017.48,14.64,5296.02,5310.66,146.4,32.94,179.34,Alpena County
MI,Antrim County,2000,527.04,0.0,527.04,32.94,0.0,32.94,578.28,40.26,618.54,Antrim County
MI,Arenac County,2000,7.32,13340.7,13348.02,80.52,0.0,80.52,120.78,51.24,172.01999999999998,Arenac County
MI,Baraga County,2000,3.66,223.26,226.92,0.0,223.26,223.26,0.0,21.96,21.96,Baraga County
MI,Barry County,2000,600.24,0.0,600.24,43.92,0.0,43.92,175.68,175.68,351.36,Barry County
MI,Bay County,2000,0.0,3802.74,3802.74,3.66,486.78,490.44000000000005,91.5,607.56,699.06,Bay County
MI,Benzie County,2000,263.52,0.0,263.52,91.5,0.0,91.5,186.66,3.66,190.32,Benzie County
MI,Berrien County,2000,1720.2,4527.42,6247.62,545.34,1072.38,1617.72,1372.5,1134.6,2507.1,Berrien County
MI,Branch County,2000,1182.18,0.0,1182.18,329.40000000000003,51.24,380.64,2283.84,1837.32,4121.16,Branch County
MI,Calhoun County,2000,5449.74,0.0,5449.74,1943.46,1204.14,3147.6,1189.5,574.62,1764.12,Calhoun County
MI,Cass County,2000,589.26,0.0,589.26,497.7600000000001,0.0,497.7600000000001,2562.0,633.18,3195.1800000000003,Cass County
MI,Charlevoix County,2000,549.0,267.18,816.18,3564.84,1928.82,5493.66,109.8,95.16,204.96,Charlevoix County
MI,Cheboygan County,2000,559.98,0.0,559.98,32.94,87.84,120.78,91.5,25.62,117.12,Cheboygan County
MI,Chippewa County,2000,351.36,739.32,1090.68,0.0,322.08,322.08,43.92,14.64,58.56,Chippewa County
MI,Clinton County,2000,995.52,0.0,995.52,270.84,0.0,270.84,175.68,109.8,285.48,Clinton County
MI,Crawford County,2000,351.36,0.0,351.36,54.9,25.62,80.52,84.18,3.66,87.84,Crawford County
MI,Delta County,2000,43.92,838.14,882.0600000000001,40.26,14211.78,14252.04,142.74,168.36,311.1,Delta County
MI,Dickinson County,2000,1021.14,0.0,1021.14,142.74,6445.26,6588.0,36.6,135.42,172.01999999999998,Dickinson County
MI,Emmet County,2000,1222.44,0.0,1222.44,10.98,0.0,10.98,406.2600000000001,0.0,406.2600000000001,Emmet County
MI,Genesee County,2000,2466.84,0.0,2466.84,65.88,0.0,65.88,336.72,420.9,757.6199999999999,Genesee County
MI,Grand Traverse County,2000,611.22,1683.6,2294.82,226.92,0.0,226.92,442.86,102.48,545.34,Grand Traverse County
MI,Gratiot County,2000,732.0,274.5,1006.5,113.46,0.0,113.46,226.92,168.36,395.28,Gratiot County
MI,Hillsdale County,2000,772.26,0.0,772.26,442.86,0.0,442.86,296.46000000000004,344.04,640.5,Hillsdale County
MI,Huron County,2000,611.22,373.32,984.54,18.3,0.0,18.3,120.78,113.46,234.24,Huron County
MI,Ingham County,2000,12546.48,51.24,12597.72,142.74,0.0,142.74,398.94000000000005,292.8,691.74,Ingham County
MI,Ionia County,2000,1877.58,0.0,1877.58,18.3,51.24,69.54,278.16,98.82,376.98,Ionia County
MI,Iosco County,2000,10.98,472.14,483.12,0.0,29.28,29.28,212.28,40.26,252.54,Iosco County
MI,Jackson County,2000,4596.96,0.0,4596.96,318.42,18.3,336.72,376.98,325.74,702.72,Jackson County
MI,Kalamazoo County,2000,9501.36,0.0,9501.36,12004.8,5870.639999999999,17875.440000000002,1756.8,527.04,2283.84,Kalamazoo County
MI,Kent County,2000,2291.16,16499.28,18790.44,1734.84,193.98,1928.82,995.52,490.44000000000005,1485.9599999999998,Kent County
MI,Lapeer County,2000,164.70000000000002,0.0,164.70000000000002,14.64,0.0,14.64,117.12,417.24,534.36,Lapeer County
MI,Leelanau County,2000,179.34,0.0,179.34,109.8,0.0,109.8,428.22,40.26,468.48,Leelanau County
MI,Lenawee County,2000,1270.02,1090.68,2360.7000000000003,80.52,3.66,84.18,95.16,292.8,387.96,Lenawee County
MI,Livingston County,2000,2130.12,0.0,2130.12,65.88,0.0,65.88,464.82,135.42,600.24,Livingston County
MI,Luce County,2000,241.56,0.0,241.56,7.32,0.0,7.32,43.92,0.0,43.92,Luce County
MI,Mackinac County,2000,3.66,559.98,563.64,0.0,2876.76,2876.76,40.26,14.64,54.9,Mackinac County
MI,Macomb County,2000,457.5,1453.02,1910.52,168.36,58.56,226.92,164.70000000000002,647.82,812.5200000000001,Macomb County
MI,Manistee County,2000,666.12,0.0,666.12,241.56,12901.5,13143.06,351.36,120.78,472.14,Manistee County
MI,Marquette County,2000,1068.72,1094.34,2163.06,69.54,6320.82,6390.360000000001,3.66,58.56,62.220000000000006,Marquette County
MI,Mason County,2000,43.92,801.54,845.46,124.44,6518.459999999999,6642.9,259.86,124.44,384.3,Mason County
MI,Mecosta County,2000,40.26,457.5,497.7600000000001,65.88,0.0,65.88,834.4799999999999,175.68,1010.16,Mecosta County
MI,Menominee County,2000,62.220000000000006,387.96,450.18,7.32,936.96,944.28,14.64,18.3,32.94,Menominee County
MI,Midland County,2000,65.88,0.0,65.88,25.62,2064.24,2089.86,25.62,36.6,62.220000000000006,Midland County
MI,Monroe County,2000,87.84,4571.34,4659.18,5727.900000000001,651.48,6379.38,285.48,655.14,940.62,Monroe County
MI,Montcalm County,2000,1343.22,0.0,1343.22,65.88,0.0,65.88,5625.42,1189.5,6814.92,Montcalm County
MI,Muskegon County,2000,786.9,5775.48,6562.38,1390.8,9878.34,11269.14,830.82,527.04,1357.86,Muskegon County
MI,Oakland County,2000,8370.42,0.0,8370.42,922.32,0.0,922.32,904.02,622.1999999999999,1526.22,Oakland County
MI,Oceana County,2000,442.86,0.0,442.86,395.28,0.0,395.28,267.18,245.22000000000003,512.4,Oceana County
MI,Ontonagon County,2000,36.6,124.44,161.04,0.0,6913.74,6913.74,3.66,0.0,3.66,Ontonagon County
MI,Osceola County,2000,1013.82,0.0,1013.82,113.46,0.0,113.46,135.42,54.9,190.32,Osceola County
MI,Oscoda County,2000,29.28,0.0,29.28,3.66,0.0,3.66,91.5,87.84,179.34,Oscoda County
MI,Otsego County,2000,409.92,0.0,409.92,43.92,0.0,43.92,358.68,18.3,376.98,Otsego County
MI,Ottawa County,2000,98.82,14797.38,14896.2,581.94,3367.2,3949.14,2042.28,805.2,2847.48,Ottawa County
MI,Presque Isle County,2000,197.64,0.0,197.64,0.0,1544.52,1544.52,530.6999999999999,340.38,871.0799999999999,Presque Isle County
MI,Saginaw County,2000,179.34,4359.06,4538.400000000001,3.66,497.7600000000001,501.42,204.96,373.32,578.28,Saginaw County
MI,St Clair County,2000,204.96,62582.34,62787.3,0.0,2766.96,2766.96,51.24,80.52,131.76,St. Clair County
MI,St Joseph County,2000,1617.72,0.0,1617.72,2294.82,73.2,2368.02,10504.2,5515.62,16019.820000000002,St. Joseph County
MI,Sanilac County,2000,600.24,54.9,655.14,73.2,0.0,73.2,834.4799999999999,157.38,991.86,Sanilac County
MI,Schoolcraft County,2000,10.98,179.34,190.32,0.0,3813.72,3813.72,0.0,36.6,36.6,Schoolcraft County
MI,Shiawassee County,2000,1207.8,0.0,1207.8,43.92,0.0,43.92,80.52,183.0,263.52,Shiawassee County
MI,Van Buren County,2000,1130.94,483.12,1614.06,439.2,391.62,830.82,2437.56,534.36,2971.92,Van Buren County
MI,Washtenaw County,2000,2704.74,4831.2,7535.94,318.42,1163.88,1482.3,505.08,468.48,973.56,Washtenaw County
MI,Wayne County,2000,0.0,180500.22,180500.22,29.28,112932.96,112962.24,212.28,435.54,647.82,Wayne County
MI,Wexford County,2000,1065.06,0.0,1065.06,1262.7,0.0,1262.7,120.78,43.92,164.70000000000002,Wexford County
MN,Anoka County,2000,6489.18,38711.82,45201.0,69.54,0.0,69.54,995.52,124.44,1119.96,Anoka County
MN,Beltrami County,2000,607.56,0.0,607.56,10.98,0.0,10.98,29.28,1090.68,1119.96,Beltrami County
MN,Benton County,2000,991.86,0.0,991.86,10.98,3502.62,3513.6,2719.38,80.52,2799.9,Benton County
MN,Blue Earth County,2000,1914.18,0.0,1914.18,1449.36,0.0,1449.36,65.88,0.0,65.88,Blue Earth County
MN,Brown County,2000,629.52,0.0,629.52,84.18,0.0,84.18,274.5,58.56,333.06,Brown County
MN,Carlton County,2000,607.56,0.0,607.56,0.0,2913.36,2913.36,0.0,3.66,3.66,Carlton County
MN,Carver County,2000,2587.62,0.0,2587.62,241.56,0.0,241.56,135.42,76.86,212.28,Carver County
MN,Cottonwood County,2000,486.78,0.0,486.78,128.1,0.0,128.1,168.36,21.96,190.32,Cottonwood County
MN,Crow Wing County,2000,1189.5,0.0,1189.5,43.92,1207.8,1251.72,702.72,106.14,808.86,Crow Wing County
MN,Dakota County,2000,11704.68,0.0,11704.68,3337.92,0.0,3337.92,5365.56,193.98,5559.54,Dakota County
MN,Dodge County,2000,333.06,0.0,333.06,76.86,0.0,76.86,0.0,14.64,14.64,Dodge County
MN,Douglas County,2000,614.88,0.0,614.88,91.5,0.0,91.5,684.4200000000001,29.28,713.6999999999999,Douglas County
MN,Faribault County,2000,508.74,0.0,508.74,201.3,0.0,201.3,7.32,0.0,7.32,Faribault County
MN,Fillmore County,2000,607.56,0.0,607.56,43.92,0.0,43.92,0.0,7.32,7.32,Fillmore County
MN,Freeborn County,2000,1617.72,0.0,1617.72,139.08,0.0,139.08,76.86,21.96,98.82,Freeborn County
MN,Goodhue County,2000,1291.98,0.0,1291.98,486.78,0.0,486.78,431.88,10.98,442.86,Goodhue County
MN,Hennepin County,2000,30238.92,0.0,30238.92,2503.44,0.0,2503.44,1123.62,73.2,1196.82,Hennepin County
MN,Hubbard County,2000,226.92,0.0,226.92,530.6999999999999,0.0,530.6999999999999,3674.64,29.28,3703.92,Hubbard County
MN,Isanti County,2000,362.34,0.0,362.34,95.16,0.0,95.16,204.96,3.66,208.62,Isanti County
MN,Itasca County,2000,893.04,0.0,893.04,10.98,8008.08,8019.06,29.28,120.78,150.06,Itasca County
MN,Kandiyohi County,2000,1588.44,0.0,1588.44,7.32,0.0,7.32,1277.34,32.94,1310.28,Kandiyohi County
MN,Kittson County,2000,32.94,0.0,32.94,0.0,3.66,3.66,208.62,29.28,237.9,Kittson County
MN,Koochiching County,2000,32.94,300.12,333.06,0.0,18859.98,18859.98,0.0,153.72,153.72,Koochiching County
MN,Lac qui Parle County,2000,256.2,0.0,256.2,516.06,0.0,516.06,457.5,43.92,501.42,Lac qui Parle County
MN,Le Sueur County,2000,746.64,0.0,746.64,120.78,0.0,120.78,1998.36,7.32,2005.68,Le Sueur County
MN,Lyon County,2000,1215.12,0.0,1215.12,424.56,0.0,424.56,0.0,65.88,65.88,Lyon County
MN,McLeod County,2000,1251.72,0.0,1251.72,636.84,0.0,636.84,21.96,54.9,76.86,McLeod County
MN,Martin County,2000,201.3,508.74,710.04,10.98,0.0,10.98,47.58,21.96,69.54,Martin County
MN,Meeker County,2000,516.06,0.0,516.06,69.54,3.66,73.2,951.6,10.98,962.58,Meeker County
MN,Mower County,2000,1291.98,0.0,1291.98,1119.96,0.0,1119.96,76.86,14.64,91.5,Mower County
MN,Nicollet County,2000,1529.88,0.0,1529.88,186.66,3.66,190.32,25.62,7.32,32.94,Nicollet County
MN,Olmsted County,2000,5259.42,0.0,5259.42,318.42,0.0,318.42,29.28,0.0,29.28,Olmsted County
MN,Otter Tail County,2000,915.0,636.84,1551.84,278.16,281.82,559.98,8974.32,183.0,9157.32,Otter Tail County
MN,Pennington County,2000,14.64,417.24,431.88,3.66,0.0,3.66,0.0,296.46000000000004,296.46000000000004,Pennington County
MN,Polk County,2000,212.28,2624.22,2836.5,10.98,0.0,10.98,117.12,1950.78,2067.9,Polk County
MN,Pope County,2000,226.92,0.0,226.92,3.66,0.0,3.66,5742.54,87.84,5830.38,Pope County
MN,Ramsey County,2000,5742.54,2551.02,8293.56,2023.98,230.58,2254.56,292.8,65.88,358.68,Ramsey County
MN,Redwood County,2000,406.2600000000001,0.0,406.2600000000001,3.66,3.66,7.32,58.56,10.98,69.54,Redwood County
MN,Renville County,2000,402.6,0.0,402.6,120.78,0.0,120.78,25.62,43.92,69.54,Renville County
MN,Rice County,2000,1947.12,0.0,1947.12,204.96,3.66,208.62,58.56,0.0,58.56,Rice County
MN,St Louis County,2000,1767.78,12422.04,14189.820000000002,25.62,764.9399999999999,790.5600000000001,3.66,98.82,102.48,St. Louis County
MN,Scott County,2000,3107.34,0.0,3107.34,852.78,0.0,852.78,157.38,54.9,212.28,Scott County
MN,Sherburne County,2000,1152.9,0.0,1152.9,285.48,0.0,285.48,7960.5,296.46000000000004,8256.96,Sherburne County
MN,Sibley County,2000,581.94,0.0,581.94,43.92,0.0,43.92,7.32,0.0,7.32,Sibley County
MN,Stearns County,2000,2239.92,2664.48,4904.400000000001,464.82,0.0,464.82,5812.08,252.54,6064.62,Stearns County
MN,Stevens County,2000,322.08,0.0,322.08,106.14,7.32,113.46,1105.32,0.0,1105.32,Stevens County
MN,Swift County,2000,387.96,0.0,387.96,65.88,0.0,65.88,3070.74,29.28,3100.0200000000004,Swift County
MN,Todd County,2000,549.0,0.0,549.0,65.88,0.0,65.88,1928.82,197.64,2126.46,Todd County
MN,Wabasha County,2000,871.0799999999999,0.0,871.0799999999999,161.04,0.0,161.04,32.94,0.0,32.94,Wabasha County
MN,Wadena County,2000,289.14,0.0,289.14,10.98,0.0,10.98,2818.2000000000003,545.34,3363.54,Wadena County
MN,Washington County,2000,5815.74,0.0,5815.74,2067.9,0.0,2067.9,680.76,47.58,728.34,Washington County
MN,Winona County,2000,1152.9,0.0,1152.9,819.84,0.0,819.84,47.58,0.0,47.58,Winona County
MN,Wright County,2000,1939.8,0.0,1939.8,10.98,0.0,10.98,655.14,65.88,721.02,Wright County
MS,Adams County,2000,1771.44,0.0,1771.44,15939.3,0.0,15939.3,0.0,3.66,3.66,Adams County
MS,Amite County,2000,508.74,0.0,508.74,7.32,0.0,7.32,14.64,47.58,62.220000000000006,Amite County
MS,Attala County,2000,907.68,0.0,907.68,3.66,0.0,3.66,43.92,3.66,47.58,Attala County
MS,Bolivar County,2000,1196.82,0.0,1196.82,424.56,0.0,424.56,93553.26,4922.7,98475.96,Bolivar County
MS,Calhoun County,2000,1240.74,0.0,1240.74,153.72,0.0,153.72,3.66,226.92,230.58,Calhoun County
MS,Chickasaw County,2000,505.08,0.0,505.08,73.2,0.0,73.2,3.66,186.66,190.32,Chickasaw County
MS,Clarke County,2000,688.0799999999999,0.0,688.0799999999999,3.66,0.0,3.66,29.28,84.18,113.46,Clarke County
MS,Coahoma County,2000,4450.56,0.0,4450.56,40.26,0.0,40.26,50248.14,2646.1800000000003,52894.32000000001,Coahoma County
MS,Copiah County,2000,1174.86,0.0,1174.86,245.22000000000003,0.0,245.22000000000003,3.66,10.98,14.64,Copiah County
MS,Covington County,2000,622.1999999999999,0.0,622.1999999999999,845.46,0.0,845.46,3.66,7.32,10.98,Covington County
MS,De Soto County,2000,3974.76,0.0,3974.76,183.0,0.0,183.0,6533.1,344.04,6877.139999999999,DeSoto County
MS,Forrest County,2000,3630.72,0.0,3630.72,695.4,0.0,695.4,62.220000000000006,186.66,248.88,Forrest County
MS,Grenada County,2000,1193.16,0.0,1193.16,483.12,1694.58,2177.7000000000003,2181.36,113.46,2294.82,Grenada County
MS,Hancock County,2000,827.16,0.0,827.16,362.34,0.0,362.34,3.66,14.64,18.3,Hancock County
MS,Harrison County,2000,8868.18,0.0,8868.18,2565.66,0.0,2565.66,0.0,3.66,3.66,Harrison County
MS,Hinds County,2000,3297.66,11419.2,14716.86,387.96,0.0,387.96,3.66,14.64,18.3,Hinds County
MS,Holmes County,2000,559.98,0.0,559.98,347.7,0.0,347.7,13732.320000000002,721.02,14453.34,Holmes County
MS,Humphreys County,2000,318.42,0.0,318.42,208.62,0.0,208.62,18468.36,973.56,19441.92,Humphreys County
MS,Itawamba County,2000,753.96,0.0,753.96,0.0,7.32,7.32,0.0,14.64,14.64,Itawamba County
MS,Jackson County,2000,3971.1,0.0,3971.1,1903.2,14775.419999999998,16678.62,18.3,54.9,73.2,Jackson County
MS,Jasper County,2000,475.8,0.0,475.8,32.94,0.0,32.94,7.32,25.62,32.94,Jasper County
MS,Jones County,2000,4285.860000000001,0.0,4285.860000000001,1782.42,0.0,1782.42,21.96,62.220000000000006,84.18,Jones County
MS,Lafayette County,2000,1431.06,0.0,1431.06,117.12,0.0,117.12,0.0,21.96,21.96,Lafayette County
MS,Lamar County,2000,1687.2600000000002,0.0,1687.2600000000002,1903.2,0.0,1903.2,7.32,25.62,32.94,Lamar County
MS,Lauderdale County,2000,3356.22,0.0,3356.22,241.56,0.0,241.56,7.32,25.62,32.94,Lauderdale County
MS,Lawrence County,2000,366.0,0.0,366.0,373.32,12202.44,12575.76,32.94,62.220000000000006,95.16,Lawrence County
MS,Lee County,2000,1141.92,3370.86,4512.78,87.84,0.0,87.84,0.0,29.28,29.28,Lee County
MS,Leflore County,2000,1617.72,0.0,1617.72,117.12,0.0,117.12,52026.9,2737.6800000000003,54764.58,Leflore County
MS,Lincoln County,2000,1138.26,0.0,1138.26,21.96,0.0,21.96,3.66,14.64,18.3,Lincoln County
MS,Lowndes County,2000,3125.64,0.0,3125.64,1281.0,7290.72,8571.720000000001,0.0,65.88,65.88,Lowndes County
MS,Madison County,2000,3857.64,0.0,3857.64,3.66,0.0,3.66,51.24,150.06,201.3,Madison County
MS,Marion County,2000,1068.72,0.0,1068.72,7.32,0.0,7.32,18.3,51.24,69.54,Marion County
MS,Monroe County,2000,1566.48,0.0,1566.48,4886.099999999999,0.0,4886.099999999999,0.0,117.12,117.12,Monroe County
MS,Neshoba County,2000,1141.92,0.0,1141.92,18.3,0.0,18.3,10.98,32.94,43.92,Neshoba County
MS,Newton County,2000,516.06,0.0,516.06,7.32,0.0,7.32,7.32,21.96,29.28,Newton County
MS,Oktibbeha County,2000,1573.8,0.0,1573.8,157.38,0.0,157.38,0.0,98.82,98.82,Oktibbeha County
MS,Panola County,2000,1222.44,0.0,1222.44,40.26,0.0,40.26,4457.88,234.24,4692.12,Panola County
MS,Pearl River County,2000,1767.78,0.0,1767.78,318.42,0.0,318.42,10.98,29.28,40.26,Pearl River County
MS,Perry County,2000,409.92,0.0,409.92,73.2,5866.9800000000005,5940.18,14.64,40.26,54.9,Perry County
MS,Pike County,2000,3447.72,0.0,3447.72,237.9,0.0,237.9,3.66,10.98,14.64,Pike County
MS,Prentiss County,2000,1365.18,0.0,1365.18,51.24,0.0,51.24,0.0,3.66,3.66,Prentiss County
MS,Quitman County,2000,128.1,0.0,128.1,65.88,0.0,65.88,26630.160000000003,1401.78,28031.94,Quitman County
MS,Rankin County,2000,4124.82,0.0,4124.82,161.04,0.0,161.04,14.64,40.26,54.9,Rankin County
MS,Scott County,2000,3264.72,0.0,3264.72,87.84,0.0,87.84,7.32,25.62,32.94,Scott County
MS,Simpson County,2000,721.02,0.0,721.02,7.32,0.0,7.32,10.98,29.28,40.26,Simpson County
MS,Stone County,2000,51.24,0.0,51.24,307.44,0.0,307.44,14.64,40.26,54.9,Stone County
MS,Sunflower County,2000,790.5600000000001,0.0,790.5600000000001,201.3,0.0,201.3,62483.52,3290.34,65773.86,Sunflower County
MS,Tippah County,2000,1076.04,0.0,1076.04,36.6,0.0,36.6,0.0,32.94,32.94,Tippah County
MS,Union County,2000,728.34,0.0,728.34,120.78,0.0,120.78,0.0,3.66,3.66,Union County
MS,Warren County,2000,4600.62,0.0,4600.62,406.2600000000001,3638.04,4044.3,40.26,124.44,164.70000000000002,Warren County
MS,Washington County,2000,4344.42,0.0,4344.42,614.88,0.0,614.88,63973.14,3367.2,67340.34,Washington County
MS,Yazoo County,2000,1467.66,0.0,1467.66,3583.14,0.0,3583.14,2265.54,6800.28,9065.82,Yazoo County
MO,Audrain County,2000,856.4399999999999,0.0,856.4399999999999,0.0,109.8,109.8,688.0799999999999,3067.0800000000004,3755.16,Audrain County
MO,Barry County,2000,1668.9599999999998,0.0,1668.9599999999998,523.38,0.0,523.38,29.28,0.0,29.28,Barry County
MO,Butler County,2000,428.22,1112.64,1540.86,0.0,58.56,58.56,124633.98,1207.8,125841.78,Butler County
MO,Camden County,2000,944.28,0.0,944.28,3.66,0.0,3.66,0.0,117.12,117.12,Camden County
MO,Cape Girardeau County,2000,1471.32,1789.7399999999998,3261.06,2115.48,966.24,3081.72,3308.64,193.98,3502.62,Cape Girardeau County
MO,Clay County,2000,10229.7,50508.0,60737.7,2294.82,0.0,2294.82,43.92,0.0,43.92,Clay County
MO,Franklin County,2000,2558.34,0.0,2558.34,43.92,0.0,43.92,146.4,0.0,146.4,Franklin County
MO,Greene County,2000,2938.98,14288.64,17227.62,600.24,0.0,600.24,0.0,3.66,3.66,Greene County
MO,Jackson County,2000,12173.16,172.01999999999998,12345.179999999998,453.84,6880.8,7334.639999999999,113.46,0.0,113.46,Jackson County
MO,Jasper County,2000,2609.58,4033.32,6642.9,230.58,505.08,735.66,1354.2,1603.08,2957.28,Jasper County
MO,McDonald County,2000,929.64,0.0,929.64,658.8000000000001,0.0,658.8000000000001,0.0,62.220000000000006,62.220000000000006,McDonald County
MO,Marion County,2000,193.98,1379.82,1573.8,516.06,0.0,516.06,157.38,556.32,713.6999999999999,Marion County
MO,New Madrid County,2000,834.4799999999999,0.0,834.4799999999999,322.08,0.0,322.08,93996.12,0.0,93996.12,New Madrid County
MO,Pettis County,2000,625.86,614.88,1240.74,732.0,0.0,732.0,40.26,0.0,40.26,Pettis County
MO,Pike County,2000,25.62,527.04,552.66,3.66,1976.4,1980.06,245.22000000000003,0.0,245.22000000000003,Pike County
MO,St Charles County,2000,7371.24,0.0,7371.24,530.6999999999999,0.0,530.6999999999999,168.36,10.98,179.34,St. Charles County
MO,St Louis County,2000,1632.36,63837.72,65470.08,175.68,0.0,175.68,73.2,0.0,73.2,St. Louis County
MO,Sullivan County,2000,0.0,369.66,369.66,0.0,230.58,230.58,2108.16,0.0,2108.16,Sullivan County
MO,Taney County,2000,1361.52,2397.3,3758.82,3.66,0.0,3.66,0.0,29.28,29.28,Taney County
MO,Texas County,2000,570.96,0.0,570.96,237.9,0.0,237.9,29.28,0.0,29.28,Texas County
MO,Warren County,2000,819.84,0.0,819.84,36.6,0.0,36.6,47.58,0.0,47.58,Warren County
MT,Beaverhead County,2000,186.66,398.94000000000005,585.6,40.26,58.56,98.82,197.64,184218.78,184416.42,Beaverhead County
MT,Big Horn County,2000,135.42,318.42,453.84,3.66,0.0,3.66,940.62,54204.6,55145.22,Big Horn County
MT,Broadwater County,2000,417.24,0.0,417.24,3.66,0.0,3.66,336.72,71816.52,72153.23999999999,Broadwater County
MT,Carbon County,2000,237.9,340.38,578.28,43.92,0.0,43.92,172.01999999999998,153639.47999999998,153811.5,Carbon County
MT,Cascade County,2000,300.12,5058.12,5358.24,3.66,183.0,186.66,226.92,55935.780000000006,56162.7,Cascade County
MT,Custer County,2000,76.86,534.36,611.22,3.66,0.0,3.66,237.9,27387.78,27625.68,Custer County
MT,Dawson County,2000,135.42,636.84,772.26,18.3,0.0,18.3,21.96,26414.22,26436.18,Dawson County
MT,Fallon County,2000,139.08,0.0,139.08,3.66,0.0,3.66,179.34,852.78,1032.12,Fallon County
MT,Fergus County,2000,622.1999999999999,3.66,625.86,32.94,0.0,32.94,391.62,21875.82,22267.44,Fergus County
MT,Flathead County,2000,1504.2600000000002,772.26,2276.52,2283.84,25.62,2309.46,2653.5,18095.04,20748.54,Flathead County
MT,Gallatin County,2000,885.72,2532.72,3418.44,32.94,0.0,32.94,2089.86,143834.34,145924.19999999998,Gallatin County
MT,Glacier County,2000,351.36,281.82,633.18,109.8,0.0,109.8,175.68,36632.94,36808.62,Glacier County
MT,Granite County,2000,0.0,18.3,18.3,3.66,0.0,3.66,168.36,36098.58,36266.94,Granite County
MT,Hill County,2000,329.40000000000003,318.42,647.82,3.66,0.0,3.66,358.68,3477.0,3835.68,Hill County
MT,Jefferson County,2000,812.5200000000001,0.0,812.5200000000001,106.14,0.0,106.14,128.1,31541.88,31669.98,Jefferson County
MT,Lake County,2000,289.14,325.74,614.88,10.98,0.0,10.98,688.0799999999999,123528.66,124216.74,Lake County
MT,Lewis and Clark County,2000,611.22,2261.88,2873.1,54.9,289.14,344.04,2400.96,58453.86,60854.82000000001,Lewis and Clark County
MT,Lincoln County,2000,208.62,168.36,376.98,43.92,5039.82,5083.74,43.92,4845.84,4889.76,Lincoln County
MT,Meagher County,2000,21.96,76.86,98.82,43.92,0.0,43.92,0.0,118492.5,118492.5,Meagher County
MT,Mineral County,2000,135.42,0.0,135.42,973.56,193.98,1167.54,25.62,1434.72,1460.34,Mineral County
MT,Missoula County,2000,5724.24,4611.599999999999,10335.84,6880.8,1138.26,8019.06,516.06,18219.48,18735.54,Missoula County
MT,Park County,2000,999.18,32.94,1032.12,10.98,0.0,10.98,647.82,94409.7,95057.52,Park County
MT,Ravalli County,2000,1006.5,556.32,1562.82,43.92,0.0,43.92,292.8,61619.76,61912.56,Ravalli County
MT,Richland County,2000,395.28,0.0,395.28,3.66,296.46000000000004,300.12,387.96,123759.24,124147.2,Richland County
MT,Roosevelt County,2000,303.78,32.94,336.72,14.64,0.0,14.64,307.44,25341.84,25649.28,Roosevelt County
MT,Rosebud County,2000,186.66,336.72,523.38,32.94,0.0,32.94,563.64,58541.7,59105.34,Rosebud County
MT,Sanders County,2000,219.6,51.24,270.84,76.86,0.0,76.86,878.4,38389.74,39268.14,Sanders County
MT,Silver Bow County,2000,7.32,4465.2,4472.52,603.9,0.0,603.9,21.96,11042.22,11064.18,Silver Bow County
MT,Toole County,2000,139.08,36.6,175.68,0.0,80.52,80.52,3.66,3535.56,3539.22,Toole County
MT,Valley County,2000,289.14,146.4,435.54,21.96,0.0,21.96,1313.94,55745.46,57059.4,Valley County
MT,Yellowstone County,2000,347.7,8505.84,8853.54,179.34,3429.42,3608.76,1434.72,150063.66,151498.38,Yellowstone County
NE,Adams County,2000,3217.14,0.0,3217.14,362.34,0.0,362.34,73573.32,940.62,74513.94,Adams County
NE,Brown County,2000,215.94,0.0,215.94,3.66,0.0,3.66,8077.62,16038.12,24115.74,Brown County
NE,Buffalo County,2000,3195.1800000000003,0.0,3195.1800000000003,417.24,0.0,417.24,82104.78,3056.1,85160.88,Buffalo County
NE,Burt County,2000,589.26,0.0,589.26,3.66,0.0,3.66,18845.34,691.74,19537.08,Burt County
NE,Cass County,2000,9435.48,256.2,9691.68,362.34,0.0,362.34,702.72,413.58,1116.3,Cass County
NE,Cedar County,2000,439.2,0.0,439.2,54.9,0.0,54.9,23058.0,768.6,23826.6,Cedar County
NE,Chase County,2000,398.94000000000005,0.0,398.94000000000005,58.56,0.0,58.56,96715.5,453.84,97169.34,Chase County
NE,Cheyenne County,2000,812.5200000000001,0.0,812.5200000000001,7.32,0.0,7.32,30963.6,1138.26,32101.86,Cheyenne County
NE,Colfax County,2000,991.86,0.0,991.86,885.72,0.0,885.72,20810.76,772.26,21583.02,Colfax County
NE,Cuming County,2000,830.82,0.0,830.82,333.06,0.0,333.06,13662.78,508.74,14171.52,Cuming County
NE,Custer County,2000,1149.24,0.0,1149.24,7.32,0.0,7.32,80443.14,9666.06,90109.2,Custer County
NE,Dakota County,2000,1240.74,0.0,1240.74,1409.1,0.0,1409.1,6789.3,113.46,6902.76,Dakota County
NE,Dawson County,2000,3294.0,0.0,3294.0,219.6,0.0,219.6,85896.54,38100.6,123997.14,Dawson County
NE,Dixon County,2000,248.88,0.0,248.88,355.02,0.0,355.02,5138.639999999999,1160.22,6298.860000000001,Dixon County
NE,Dodge County,2000,2247.24,0.0,2247.24,688.0799999999999,0.0,688.0799999999999,30722.04,1248.06,31970.1,Dodge County
NE,Douglas County,2000,4304.16,20474.04,24778.2,453.84,0.0,453.84,5658.360000000001,179.34,5837.7,Douglas County
NE,Gage County,2000,2144.76,0.0,2144.76,10.98,10.98,21.96,11170.32,8158.139999999999,19328.46,Gage County
NE,Hall County,2000,4560.360000000001,0.0,4560.360000000001,439.2,0.0,439.2,70700.22,750.3,71450.52,Hall County
NE,Hamilton County,2000,735.66,0.0,735.66,281.82,0.0,281.82,86946.96,702.72,87649.68,Hamilton County
NE,Harlan County,2000,391.62,0.0,391.62,73.2,0.0,73.2,44611.74,1643.34,46255.08,Harlan County
NE,Howard County,2000,325.74,0.0,325.74,3.66,0.0,3.66,27731.82,15712.38,43444.2,Howard County
NE,Jefferson County,2000,589.26,0.0,589.26,14.64,0.0,14.64,20389.86,4304.16,24694.02,Jefferson County
NE,Knox County,2000,585.6,131.76,717.36,51.24,0.0,51.24,11045.88,3165.9,14211.78,Knox County
NE,Lancaster County,2000,457.5,0.0,457.5,102.48,0.0,102.48,4633.56,431.88,5065.44,Lancaster County
NE,Lincoln County,2000,2946.3,0.0,2946.3,106.14,0.0,106.14,99943.62,15192.66,115136.28,Lincoln County
NE,Madison County,2000,2433.9,0.0,2433.9,1076.04,0.0,1076.04,30198.660000000003,1116.3,31314.96,Madison County
NE,Morrill County,2000,358.68,0.0,358.68,14.64,318.42,333.06,18515.94,51368.1,69884.04,Morrill County
NE,Nemaha County,2000,585.6,0.0,585.6,3.66,0.0,3.66,391.62,215.94,607.56,Nemaha County
NE,Platte County,2000,3015.84,0.0,3015.84,2086.2000000000003,0.0,2086.2000000000003,39271.8,669.78,39941.58,Platte County
NE,Red Willow County,2000,1335.9,0.0,1335.9,29.28,0.0,29.28,16557.84,9160.98,25718.82,Red Willow County
NE,Saline County,2000,735.66,0.0,735.66,863.76,0.0,863.76,30293.82,4706.76,35000.58,Saline County
NE,Sarpy County,2000,8154.48,0.0,8154.48,318.42,0.0,318.42,3206.16,102.48,3308.64,Sarpy County
NE,Saunders County,2000,13227.24,0.0,13227.24,43.92,0.0,43.92,30176.7,1127.28,31303.98,Saunders County
NE,Scotts Bluff County,2000,3491.64,0.0,3491.64,1409.1,622.1999999999999,2031.3,16931.16,91353.6,108284.76,Scotts Bluff County
NE,Seward County,2000,742.9799999999999,0.0,742.9799999999999,21.96,0.0,21.96,26996.160000000003,5735.22,32731.38,Seward County
NE,Thayer County,2000,512.4,0.0,512.4,3.66,0.0,3.66,56744.64,2232.6,58977.24,Thayer County
NE,Washington County,2000,168.36,2349.72,2518.08,7.32,0.0,7.32,3755.16,2075.22,5830.38,Washington County
NE,Wayne County,2000,790.5600000000001,0.0,790.5600000000001,7.32,0.0,7.32,11020.26,581.94,11602.2,Wayne County
NE,York County,2000,973.56,0.0,973.56,387.96,0.0,387.96,89153.94,1061.4,90215.34,York County
NV,Churchill County,2000,1204.14,0.0,1204.14,117.12,0.0,117.12,2869.44,52795.5,55664.94,Churchill County
NV,Clark County,2000,22490.7,147080.76,169571.46,882.0600000000001,1830.0,2712.06,3733.2,5281.38,9014.58,Clark County
NV,Douglas County,2000,2895.06,999.18,3894.24,146.4,0.0,146.4,2876.76,47660.52,50537.280000000006,Douglas County
NV,Elko County,2000,4750.68,21.96,4772.639999999999,29.28,0.0,29.28,10028.4,177100.08,187128.48,Elko County
NV,Humboldt County,2000,1339.56,0.0,1339.56,10.98,0.0,10.98,65880.0,77247.96,143127.96,Humboldt County
NV,Lyon County,2000,3367.2,0.0,3367.2,51.24,0.0,51.24,20470.38,56393.280000000006,76863.66,Lyon County
NV,Nye County,2000,2038.62,0.0,2038.62,21.96,0.0,21.96,11463.12,5149.62,16612.74,Nye County
NV,Washoe County,2000,9720.96,24177.96,33898.92,585.6,0.0,585.6,6624.6,32910.72,39535.32,Washoe County
NV,Carson City County,2000,3824.7,2477.82,6302.52,91.5,0.0,91.5,314.76,2192.34,2507.1,Carson City
NH,Belknap County,2000,384.3,812.5200000000001,1196.82,29.28,168.36,197.64,10.98,124.44,135.42,Belknap County
NH,Carroll County,2000,1182.18,292.8,1474.98,40.26,7.32,47.58,10.98,128.1,139.08,Carroll County
NH,Cheshire County,2000,852.78,640.5,1493.28,73.2,84.18,157.38,10.98,80.52,91.5,Cheshire County
NH,Coos County,2000,384.3,1002.84,1387.14,14.64,12813.66,12828.3,7.32,73.2,80.52,Coos County
NH,Grafton County,2000,929.64,2093.52,3023.16,322.08,73.2,395.28,14.64,157.38,172.01999999999998,Grafton County
NH,Hillsborough County,2000,2452.2000000000003,11119.08,13571.28,995.52,409.92,1405.44,40.26,398.94000000000005,439.2,Hillsborough County
NH,Merrimack County,2000,1087.02,2148.42,3235.44,161.04,54.9,215.94,21.96,186.66,208.62,Merrimack County
NH,Rockingham County,2000,2913.36,1939.8,4853.16,651.48,3.66,655.14,32.94,296.46000000000004,329.40000000000003,Rockingham County
NH,Strafford County,2000,1610.4,2649.84,4260.24,197.64,102.48,300.12,29.28,76.86,106.14,Strafford County
NH,Sullivan County,2000,274.5,764.9399999999999,1039.44,58.56,161.04,219.6,3.66,32.94,36.6,Sullivan County
NJ,Atlantic County,2000,10182.12,420.9,10603.02,497.7600000000001,0.0,497.7600000000001,2247.24,688.0799999999999,2935.32,Atlantic County
NJ,Bergen County,2000,9062.16,32035.98,41098.14,816.18,5424.12,6240.3,87.84,40.26,128.1,Bergen County
NJ,Burlington County,2000,11353.32,7107.72,18461.04,1859.28,0.0,1859.28,1021.14,37540.62,38561.76,Burlington County
NJ,Camden County,2000,16788.42,0.0,16788.42,73.2,120.78,193.98,128.1,98.82,226.92,Camden County
NJ,Cape May County,2000,4556.7,0.0,4556.7,76.86,0.0,76.86,340.38,58.56,398.94000000000005,Cape May County
NJ,Cumberland County,2000,6470.88,0.0,6470.88,5050.8,0.0,5050.8,1976.4,150.06,2126.46,Cumberland County
NJ,Essex County,2000,9307.38,2481.48,11788.86,80.52,0.0,80.52,98.82,73.2,172.01999999999998,Essex County
NJ,Gloucester County,2000,7686.0,0.0,7686.0,2766.96,6774.660000000001,9541.62,684.4200000000001,1006.5,1690.92,Gloucester County
NJ,Hunterdon County,2000,1771.44,29858.28,31629.72,1376.16,735.66,2111.82,208.62,58.56,267.18,Hunterdon County
NJ,Mercer County,2000,3652.68,11309.4,14962.080000000002,102.48,43.92,146.4,40.26,91.5,131.76,Mercer County
NJ,Middlesex County,2000,10178.46,1127.28,11305.74,5160.599999999999,0.0,5160.599999999999,303.78,303.78,607.56,Middlesex County
NJ,Monmouth County,2000,6503.82,14167.86,20671.68,252.54,36.6,289.14,223.26,900.36,1123.62,Monmouth County
NJ,Morris County,2000,17897.399999999998,19782.3,37679.7,677.1,208.62,885.72,168.36,340.38,508.74,Morris County
NJ,Ocean County,2000,15862.44,2305.8,18168.24,1259.04,0.0,1259.04,157.38,307.44,464.82,Ocean County
NJ,Passaic County,2000,1830.0,65605.5,67435.5,164.70000000000002,4904.400000000001,5069.099999999999,14.64,3.66,18.3,Passaic County
NJ,Salem County,2000,1277.34,340.38,1617.72,1076.04,4410.3,5486.34,453.84,827.16,1281.0,Salem County
NJ,Somerset County,2000,2979.24,49073.280000000006,52052.52,340.38,0.0,340.38,54.9,186.66,241.56,Somerset County
NJ,Sussex County,2000,1903.2,351.36,2254.56,87.84,0.0,87.84,43.92,47.58,91.5,Sussex County
NJ,Union County,2000,4681.139999999999,1819.02,6500.160000000001,999.18,559.98,1559.16,65.88,7.32,73.2,Union County
NJ,Warren County,2000,2514.42,190.32,2704.74,1116.3,1010.16,2126.46,10.98,7.32,18.3,Warren County
NM,Bernalillo County,2000,38667.9,21.96,38689.86,124.44,0.0,124.44,1079.7,20243.46,21323.16,Bernalillo County
NM,Chaves County,2000,5951.160000000001,0.0,5951.160000000001,179.34,0.0,179.34,102399.48,7898.28,110297.76,Chaves County
NM,Cibola County,2000,1024.8,0.0,1024.8,3.66,0.0,3.66,161.04,1423.74,1584.78,Cibola County
NM,Dona Ana County,2000,12469.62,0.0,12469.62,25.62,0.0,25.62,31735.86,135247.97999999998,166983.84,Doña Ana County
NM,Eddy County,2000,5226.48,40.26,5266.74,289.14,0.0,289.14,40186.8,34224.66,74411.46,Eddy County
NM,Grant County,2000,1335.9,58.56,1394.46,3.66,0.0,3.66,1339.56,8421.66,9761.22,Grant County
NM,Hidalgo County,2000,296.46000000000004,0.0,296.46000000000004,3.66,0.0,3.66,10833.6,2858.46,13692.06,Hidalgo County
NM,Lea County,2000,4812.900000000001,0.0,4812.900000000001,984.54,0.0,984.54,42419.4,0.0,42419.4,Lea County
NM,Luna County,2000,1434.72,0.0,1434.72,18.3,0.0,18.3,29960.76,1251.72,31212.48,Luna County
NM,McKinley County,2000,1742.16,0.0,1742.16,329.40000000000003,0.0,329.40000000000003,0.0,827.16,827.16,McKinley County
NM,Otero County,2000,1793.4,2236.26,4029.66,3.66,0.0,3.66,7836.06,3202.5,11038.56,Otero County
NM,Rio Arriba County,2000,552.66,234.24,786.9,43.92,0.0,43.92,409.92,36146.16,36556.08,Rio Arriba County
NM,Sandoval County,2000,4004.04,51.24,4055.28,1182.18,0.0,1182.18,270.84,20104.38,20375.22,Sandoval County
NM,San Juan County,2000,109.8,6218.339999999999,6328.139999999999,3.66,611.22,614.88,0.0,72263.04,72263.04,San Juan County
NM,Santa Fe County,2000,3751.5,1204.14,4955.639999999999,7.32,0.0,7.32,5416.8,5486.34,10903.14,Santa Fe County
NM,Torrance County,2000,307.44,0.0,307.44,3.66,0.0,3.66,10983.66,0.0,10983.66,Torrance County
NM,Valencia County,2000,1833.66,0.0,1833.66,14.64,0.0,14.64,2320.44,52908.96,55229.4,Valencia County
NY,Albany County,2000,3656.34,13977.54,17633.88,336.72,1284.66,1621.38,3.66,18.3,21.96,Albany County
NY,Allegany County,2000,878.4,193.98,1072.38,307.44,69.54,376.98,117.12,527.04,644.16,Allegany County
NY,Chemung County,2000,3176.88,1617.72,4794.599999999999,856.4399999999999,435.54,1291.98,7.32,146.4,153.72,Chemung County
NY,Clinton County,2000,270.84,2210.64,2481.48,128.1,1043.1,1171.2,91.5,366.0,457.5,Clinton County
NY,Columbia County,2000,732.0,603.9,1335.9,172.01999999999998,142.74,314.76,0.0,47.58,47.58,Columbia County
NY,Dutchess County,2000,4296.84,4681.139999999999,8977.98,688.0799999999999,750.3,1438.38,186.66,29.28,215.94,Dutchess County
NY,Erie County,2000,527.04,64525.8,65052.84,87.84,10771.38,10859.22,7.32,380.64,387.96,Erie County
NY,Franklin County,2000,706.38,1372.5,2078.88,73.2,139.08,212.28,7.32,398.94000000000005,406.2600000000001,Franklin County
NY,Genesee County,2000,721.02,1017.48,1738.5,369.66,523.38,893.04,0.0,80.52,80.52,Genesee County
NY,Livingston County,2000,468.48,1237.08,1705.56,186.66,497.7600000000001,684.4200000000001,0.0,43.92,43.92,Livingston County
NY,Monroe County,2000,1134.6,27113.28,28247.88,311.1,7448.1,7759.2,0.0,109.8,109.8,Monroe County
NY,Nassau County,2000,67113.42,0.0,67113.42,4139.46,0.0,4139.46,1665.3,0.0,1665.3,Nassau County
NY,Onondaga County,2000,1046.76,25488.24,26535.0,215.94,5263.08,5479.02,0.0,65.88,65.88,Onondaga County
NY,Orange County,2000,4329.78,5698.62,10028.4,757.6199999999999,999.18,1756.8,775.9200000000001,0.0,775.9200000000001,Orange County
NY,Orleans County,2000,73.2,783.24,856.4399999999999,18.3,208.62,226.92,0.0,161.04,161.04,Orleans County
NY,Oswego County,2000,1767.78,3294.0,5061.78,764.9399999999999,1423.74,2188.6800000000003,0.0,179.34,179.34,Oswego County
NY,Putnam County,2000,768.6,42459.66,43228.26,161.04,102.48,263.52,43.92,0.0,43.92,Putnam County
NY,Queens County,2000,17655.84,0.0,17655.84,4205.34,0.0,4205.34,300.12,0.0,300.12,Queens County
NY,Rensselaer County,2000,662.46,6060.959999999999,6723.42,142.74,1299.3,1442.04,0.0,179.34,179.34,Rensselaer County
NY,Saratoga County,2000,2928.0,1398.12,4326.12,871.0799999999999,417.24,1288.32,51.24,157.38,208.62,Saratoga County
NY,Schenectady County,2000,9256.14,14.64,9270.78,925.98,0.0,925.98,0.0,3.66,3.66,Schenectady County
NY,Schoharie County,2000,215.94,41866.74,42082.68,69.54,190.32,259.86,0.0,3.66,3.66,Schoharie County
NY,Schuyler County,2000,153.72,117.12,270.84,95.16,73.2,168.36,0.0,54.9,54.9,Schuyler County
NY,Steuben County,2000,2316.78,644.16,2960.94,1237.08,344.04,1581.12,47.58,889.3800000000001,936.96,Steuben County
NY,Suffolk County,2000,45581.64,18.3,45599.94,8194.74,3.66,8198.4,4677.48,0.0,4677.48,Suffolk County
NY,Sullivan County,2000,2056.92,48469.380000000005,50526.3,62.220000000000006,14.64,76.86,73.2,0.0,73.2,Sullivan County
NY,Ulster County,2000,1196.82,159674.82,160871.64,175.68,362.34,538.02,289.14,289.14,578.28,Ulster County
NY,Warren County,2000,314.76,2620.56,2935.32,113.46,936.96,1050.42,0.0,10.98,10.98,Warren County
NY,Washington County,2000,636.84,702.72,1339.56,322.08,355.02,677.1,0.0,208.62,208.62,Washington County
NY,Wyoming County,2000,468.48,852.78,1321.26,109.8,201.3,311.1,0.0,87.84,87.84,Wyoming County
NY,Yates County,2000,69.54,230.58,300.12,32.94,106.14,139.08,0.0,3.66,3.66,Yates County
NC,Alamance County,2000,95.16,6555.06,6650.22,0.0,84.18,84.18,0.0,1324.92,1324.92,Alamance County
NC,Alexander County,2000,18.3,380.64,398.94000000000005,0.0,135.42,135.42,10.98,124.44,135.42,Alexander County
NC,Avery County,2000,409.92,0.0,409.92,0.0,336.72,336.72,10.98,1200.48,1211.46,Avery County
NC,Beaufort County,2000,973.56,0.0,973.56,380.64,0.0,380.64,991.86,248.88,1240.74,Beaufort County
NC,Bertie County,2000,376.98,0.0,376.98,1002.84,0.0,1002.84,109.8,2071.56,2181.36,Bertie County
NC,Bladen County,2000,816.18,10496.88,11313.06,1229.76,3835.68,5065.44,193.98,431.88,625.86,Bladen County
NC,Brunswick County,2000,439.2,0.0,439.2,0.0,2960.94,2960.94,808.86,3231.78,4040.64,Brunswick County
NC,Buncombe County,2000,512.4,8513.16,9025.56,164.70000000000002,871.0799999999999,1035.78,10.98,1050.42,1061.4,Buncombe County
NC,Cabarrus County,2000,366.0,7327.32,7693.32,7.32,318.42,325.74,43.92,552.66,596.5799999999999,Cabarrus County
NC,Carteret County,2000,1555.5,0.0,1555.5,10.98,43.92,54.9,373.32,95.16,468.48,Carteret County
NC,Chatham County,2000,58.56,1672.62,1731.18,7.32,172.01999999999998,179.34,54.9,486.78,541.68,Chatham County
NC,Chowan County,2000,680.76,0.0,680.76,0.0,234.24,234.24,0.0,1017.48,1017.48,Chowan County
NC,Cleveland County,2000,40.26,4999.56,5039.82,7.32,878.4,885.72,106.14,936.96,1043.1,Cleveland County
NC,Columbus County,2000,977.22,223.26,1200.48,0.0,15104.820000000002,15104.820000000002,190.32,442.86,633.18,Columbus County
NC,Craven County,2000,4571.34,0.0,4571.34,0.0,5709.599999999999,5709.599999999999,896.7,219.6,1116.3,Craven County
NC,Duplin County,2000,1965.42,0.0,1965.42,1248.06,0.0,1248.06,750.3,1745.82,2496.12,Duplin County
NC,Gaston County,2000,636.84,9885.66,10522.5,0.0,1123.62,1123.62,153.72,893.04,1046.76,Gaston County
NC,Guilford County,2000,289.14,20444.76,20733.9,0.0,457.5,457.5,366.0,3279.36,3645.36,Guilford County
NC,Halifax County,2000,197.64,2192.34,2389.98,21.96,9494.04,9516.0,109.8,995.52,1105.32,Halifax County
NC,Harnett County,2000,113.46,3546.54,3660.0,0.0,391.62,391.62,300.12,1193.16,1493.28,Harnett County
NC,Haywood County,2000,25.62,2232.6,2258.22,0.0,9087.78,9087.78,21.96,775.9200000000001,797.8800000000001,Haywood County
NC,Henderson County,2000,109.8,2982.9,3092.7,0.0,43.92,43.92,40.26,1830.0,1870.26,Henderson County
NC,Hertford County,2000,614.88,0.0,614.88,300.12,0.0,300.12,834.4799999999999,805.2,1639.68,Hertford County
NC,Hoke County,2000,549.0,0.0,549.0,73.2,91.5,164.70000000000002,84.18,208.62,292.8,Hoke County
NC,Iredell County,2000,750.3,2854.8,3605.1,10.98,3.66,14.64,113.46,995.52,1108.98,Iredell County
NC,Lenoir County,2000,3129.3,0.0,3129.3,893.04,0.0,893.04,215.94,406.2600000000001,622.1999999999999,Lenoir County
NC,Lincoln County,2000,21.96,1884.9,1906.86,142.74,0.0,142.74,32.94,281.82,314.76,Lincoln County
NC,McDowell County,2000,215.94,724.68,940.62,549.0,351.36,900.36,14.64,358.68,373.32,McDowell County
NC,Martin County,2000,849.1199999999999,0.0,849.1199999999999,922.32,29280.0,30202.32,102.48,413.58,516.06,Martin County
NC,Mecklenburg County,2000,838.14,38140.86,38979.0,0.0,4318.8,4318.8,1006.5,3026.82,4033.32,Mecklenburg County
NC,Mitchell County,2000,40.26,464.82,505.08,0.0,124.44,124.44,0.0,131.76,131.76,Mitchell County
NC,New Hanover County,2000,2825.52,0.0,2825.52,1215.12,702.72,1917.84,717.36,706.38,1423.74,New Hanover County
NC,Pitt County,2000,2144.76,0.0,2144.76,76.86,0.0,76.86,1083.36,461.16,1544.52,Pitt County
NC,Randolph County,2000,245.22000000000003,2514.42,2759.64,7.32,0.0,7.32,168.36,1152.9,1321.26,Randolph County
NC,Robeson County,2000,4238.28,3228.12,7466.4,494.1,0.0,494.1,336.72,764.9399999999999,1101.66,Robeson County
NC,Rockingham County,2000,106.14,6361.08,6467.22,0.0,25.62,25.62,135.42,1240.74,1376.16,Rockingham County
NC,Rowan County,2000,450.18,4362.72,4812.900000000001,113.46,1090.68,1204.14,117.12,1043.1,1160.22,Rowan County
NC,Sampson County,2000,962.58,0.0,962.58,387.96,0.0,387.96,603.9,2411.94,3015.84,Sampson County
NC,Scotland County,2000,1639.68,0.0,1639.68,54.9,1368.84,1423.74,190.32,574.62,764.9399999999999,Scotland County
NC,Stokes County,2000,109.8,618.54,728.34,25.62,0.0,25.62,47.58,457.5,505.08,Stokes County
NC,Surry County,2000,91.5,2876.76,2968.26,0.0,622.1999999999999,622.1999999999999,0.0,1035.78,1035.78,Surry County
NC,Transylvania County,2000,175.68,409.92,585.6,18.3,6855.18,6873.4800000000005,7.32,797.8800000000001,805.2,Transylvania County
NC,Union County,2000,21.96,2887.74,2909.7000000000003,0.0,549.0,549.0,472.14,585.6,1057.74,Union County
NC,Wilkes County,2000,47.58,2536.38,2583.96,3.66,1222.44,1226.1,43.92,435.54,479.46,Wilkes County
ND,Billings County,2000,29.28,0.0,29.28,80.52,3.66,84.18,0.0,95.16,95.16,Billings County
ND,Bottineau County,2000,256.2,29.28,285.48,175.68,0.0,175.68,0.0,58.56,58.56,Bottineau County
ND,Bowman County,2000,113.46,0.0,113.46,3.66,3.66,7.32,0.0,223.26,223.26,Bowman County
ND,Burke County,2000,80.52,0.0,80.52,10.98,0.0,10.98,0.0,131.76,131.76,Burke County
ND,Burleigh County,2000,109.8,3491.64,3601.44,54.9,0.0,54.9,505.08,559.98,1065.06,Burleigh County
ND,Cass County,2000,904.02,3788.1,4692.12,106.14,0.0,106.14,746.64,128.1,874.74,Cass County
ND,Dunn County,2000,58.56,0.0,58.56,21.96,0.0,21.96,0.0,322.08,322.08,Dunn County
ND,Eddy County,2000,76.86,0.0,76.86,0.0,40.26,40.26,164.70000000000002,3.66,168.36,Eddy County
ND,Foster County,2000,117.12,0.0,117.12,3.66,0.0,3.66,318.42,21.96,340.38,Foster County
ND,Grand Forks County,2000,519.72,87.84,607.56,84.18,0.0,84.18,2730.36,475.8,3206.16,Grand Forks County
ND,McHenry County,2000,161.04,0.0,161.04,54.9,0.0,54.9,2042.28,4476.18,6518.459999999999,McHenry County
ND,McKenzie County,2000,109.8,0.0,109.8,84.18,0.0,84.18,300.12,4176.06,4476.18,McKenzie County
ND,McLean County,2000,142.74,109.8,252.54,40.26,7.32,47.58,318.42,347.7,666.12,McLean County
ND,Mercer County,2000,333.06,1076.04,1409.1,40.26,2774.28,2814.54,186.66,212.28,398.94000000000005,Mercer County
ND,Morton County,2000,0.0,980.88,980.88,0.0,373.32,373.32,131.76,344.04,475.8,Morton County
ND,Mountrail County,2000,84.18,43.92,128.1,47.58,0.0,47.58,40.26,98.82,139.08,Mountrail County
ND,Nelson County,2000,161.04,0.0,161.04,3.66,0.0,3.66,76.86,0.0,76.86,Nelson County
ND,Oliver County,2000,36.6,0.0,36.6,0.0,14.64,14.64,84.18,922.32,1006.5,Oliver County
ND,Pembina County,2000,289.14,113.46,402.6,47.58,3.66,51.24,7.32,69.54,76.86,Pembina County
ND,Ransom County,2000,413.58,0.0,413.58,0.0,10.98,10.98,3257.4,472.14,3729.54,Ransom County
ND,Richland County,2000,907.68,0.0,907.68,102.48,640.5,742.9799999999999,538.02,14.64,552.66,Richland County
ND,Stark County,2000,3.66,0.0,3.66,387.96,40.26,428.22,0.0,109.8,109.8,Stark County
ND,Stutsman County,2000,1394.46,0.0,1394.46,856.4399999999999,3.66,860.1,918.66,109.8,1028.46,Stutsman County
ND,Walsh County,2000,186.66,358.68,545.34,7.32,0.0,7.32,65.88,32.94,98.82,Walsh County
ND,Ward County,2000,2518.08,3.66,2521.74,25.62,0.0,25.62,54.9,197.64,252.54,Ward County
ND,Williams County,2000,172.01999999999998,728.34,900.36,274.5,0.0,274.5,2455.86,5826.72,8282.58,Williams County
OH,Allen County,2000,519.72,10621.32,11141.04,1866.6,0.0,1866.6,47.58,91.5,139.08,Allen County
OH,Ashland County,2000,1405.44,0.0,1405.44,65.88,0.0,65.88,3.66,21.96,25.62,Ashland County
OH,Auglaize County,2000,1723.86,0.0,1723.86,501.42,0.0,501.42,10.98,21.96,32.94,Auglaize County
OH,Butler County,2000,16587.12,0.0,16587.12,8659.56,8934.06,17593.62,142.74,54.9,197.64,Butler County
OH,Carroll County,2000,376.98,40.26,417.24,135.42,0.0,135.42,0.0,18.3,18.3,Carroll County
OH,Champaign County,2000,951.6,0.0,951.6,263.52,0.0,263.52,633.18,25.62,658.8000000000001,Champaign County
OH,Clark County,2000,6935.7,0.0,6935.7,3.66,0.0,3.66,351.36,413.58,764.9399999999999,Clark County
OH,Columbiana County,2000,1101.66,2957.28,4058.94,69.54,3.66,73.2,7.32,51.24,58.56,Columbiana County
OH,Coshocton County,2000,3074.4,0.0,3074.4,2752.32,0.0,2752.32,76.86,0.0,76.86,Coshocton County
OH,Cuyahoga County,2000,113.46,95463.78,95577.24,0.0,33865.98,33865.98,14.64,84.18,98.82,Cuyahoga County
OH,Delaware County,2000,281.82,3875.94,4157.76,527.04,0.0,527.04,245.22000000000003,197.64,442.86,Delaware County
OH,Erie County,2000,51.24,4026.0,4077.24,179.34,3433.0800000000004,3612.42,0.0,885.72,885.72,Erie County
OH,Franklin County,2000,6243.959999999999,61191.54,67435.5,2572.98,0.0,2572.98,336.72,296.46000000000004,633.18,Franklin County
OH,Greene County,2000,3374.5200000000004,73.2,3447.72,113.46,0.0,113.46,91.5,117.12,208.62,Greene County
OH,Hamilton County,2000,14687.580000000002,43392.96,58080.54,5270.400000000001,0.0,5270.400000000001,84.18,161.04,245.22000000000003,Hamilton County
OH,Hancock County,2000,87.84,5369.22,5457.06,226.92,0.0,226.92,47.58,14.64,62.220000000000006,Hancock County
OH,Henry County,2000,113.46,527.04,640.5,0.0,2232.6,2232.6,0.0,36.6,36.6,Henry County
OH,Huron County,2000,91.5,2466.84,2558.34,124.44,0.0,124.44,109.8,340.38,450.18,Huron County
OH,Jefferson County,2000,1017.48,2203.32,3220.8,1387.14,50405.52,51792.66,0.0,32.94,32.94,Jefferson County
OH,Lake County,2000,0.0,10061.34,10061.34,0.0,267.18,267.18,161.04,1507.92,1668.9599999999998,Lake County
OH,Licking County,2000,1705.56,3246.42,4951.98,226.92,0.0,226.92,113.46,62.220000000000006,175.68,Licking County
OH,Lorain County,2000,25.62,14292.3,14317.919999999998,10.98,87.84,98.82,0.0,128.1,128.1,Lorain County
OH,Lucas County,2000,135.42,32705.76,32841.18,311.1,12722.16,13033.26,157.38,84.18,241.56,Lucas County
OH,Mahoning County,2000,51.24,1991.04,2042.28,0.0,14.64,14.64,7.32,62.220000000000006,69.54,Mahoning County
OH,Marion County,2000,973.56,1434.72,2408.28,398.94000000000005,7.32,406.2600000000001,54.9,32.94,87.84,Marion County
OH,Mercer County,2000,479.46,439.2,918.66,95.16,0.0,95.16,47.58,18.3,65.88,Mercer County
OH,Miami County,2000,3217.14,958.92,4176.06,241.56,0.0,241.56,183.0,43.92,226.92,Miami County
OH,Monroe County,2000,300.12,113.46,413.58,896.7,2232.6,3129.3,117.12,0.0,117.12,Monroe County
OH,Montgomery County,2000,35154.3,0.0,35154.3,7492.019999999999,0.0,7492.019999999999,336.72,139.08,475.8,Montgomery County
OH,Morgan County,2000,457.5,0.0,457.5,344.04,0.0,344.04,0.0,10.98,10.98,Morgan County
OH,Muskingum County,2000,3283.0200000000004,285.48,3568.5,567.3000000000001,2759.64,3326.94,3.66,21.96,25.62,Muskingum County
OH,Ottawa County,2000,47.58,69.54,117.12,2485.14,18.3,2503.44,0.0,10.98,10.98,Ottawa County
OH,Pickaway County,2000,1438.38,0.0,1438.38,2181.36,0.0,2181.36,567.3000000000001,215.94,783.24,Pickaway County
OH,Pike County,2000,885.72,0.0,885.72,3.66,0.0,3.66,0.0,32.94,32.94,Pike County
OH,Portage County,2000,2697.42,629.52,3326.94,212.28,18.3,230.58,43.92,98.82,142.74,Portage County
OH,Ross County,2000,2745.0,0.0,2745.0,9135.36,2496.12,11631.48,3.66,69.54,73.2,Ross County
OH,Sandusky County,2000,219.6,2108.16,2327.76,29.28,2660.82,2690.1,25.62,10.98,36.6,Sandusky County
OH,Scioto County,2000,1529.88,2953.62,4483.5,3.66,1808.04,1811.7,7.32,14.64,21.96,Scioto County
OH,Seneca County,2000,281.82,713.6999999999999,995.52,65.88,95.16,161.04,25.62,14.64,40.26,Seneca County
OH,Shelby County,2000,505.08,940.62,1445.7,131.76,0.0,131.76,18.3,0.0,18.3,Shelby County
OH,Stark County,2000,10540.8,1603.08,12143.88,3535.56,21.96,3557.5200000000004,179.34,32.94,212.28,Stark County
OH,Summit County,2000,2810.88,16349.22,19160.1,1306.62,2657.16,3963.78,80.52,128.1,208.62,Summit County
OH,Trumbull County,2000,208.62,5804.76,6013.38,80.52,23658.24,23738.76,47.58,120.78,168.36,Trumbull County
OH,Tuscarawas County,2000,6295.2,387.96,6683.160000000001,2862.12,0.0,2862.12,142.74,3.66,146.4,Tuscarawas County
OH,Union County,2000,527.04,314.76,841.8,483.12,0.0,483.12,29.28,40.26,69.54,Union County
OH,Warren County,2000,5870.639999999999,457.5,6328.139999999999,51.24,0.0,51.24,62.220000000000006,131.76,193.98,Warren County
OH,Washington County,2000,2902.38,0.0,2902.38,179.34,85475.64,85654.98,36.6,7.32,43.92,Washington County
OH,Wayne County,2000,2723.04,0.0,2723.04,519.72,0.0,519.72,51.24,10.98,62.220000000000006,Wayne County
OH,Williams County,2000,1108.98,0.0,1108.98,106.14,0.0,106.14,25.62,32.94,58.56,Williams County
OH,Wood County,2000,139.08,1932.48,2071.56,0.0,36.6,36.6,7.32,14.64,21.96,Wood County
OH,Wyandot County,2000,259.86,230.58,490.44000000000005,7.32,146.4,153.72,36.6,0.0,36.6,Wyandot County
OK,Beckham County,2000,1401.78,0.0,1401.78,14.64,0.0,14.64,1504.2600000000002,91.5,1595.7600000000002,Beckham County
OK,Blaine County,2000,633.18,0.0,633.18,95.16,0.0,95.16,614.88,512.4,1127.28,Blaine County
OK,Bryan County,2000,300.12,1548.18,1848.3,47.58,0.0,47.58,358.68,1090.68,1449.36,Bryan County
OK,Caddo County,2000,710.04,2660.82,3370.86,3.66,0.0,3.66,13929.96,1006.5,14936.46,Caddo County
OK,Canadian County,2000,1621.38,0.0,1621.38,36.6,0.0,36.6,867.4200000000001,384.3,1251.72,Canadian County
OK,Carter County,2000,270.84,10123.56,10394.4,14.64,0.0,14.64,18.3,256.2,274.5,Carter County
OK,Cherokee County,2000,7.32,2038.62,2045.94,0.0,14.64,14.64,0.0,1079.7,1079.7,Cherokee County
OK,Cleveland County,2000,3253.74,5731.56,8985.300000000001,7.32,0.0,7.32,47.58,117.12,164.70000000000002,Cleveland County
OK,Comanche County,2000,417.24,5285.04,5702.28,47.58,73.2,120.78,117.12,461.16,578.28,Comanche County
OK,Custer County,2000,1006.5,494.1,1500.6,14.64,0.0,14.64,1291.98,325.74,1617.72,Custer County
OK,Dewey County,2000,87.84,0.0,87.84,32.94,0.0,32.94,794.22,58.56,852.78,Dewey County
OK,Garvin County,2000,1270.02,494.1,1764.12,32.94,0.0,32.94,208.62,131.76,340.38,Garvin County
OK,Jackson County,2000,80.52,1921.5,2002.02,252.54,0.0,252.54,2968.26,32588.640000000003,35556.9,Jackson County
OK,Johnston County,2000,197.64,190.32,387.96,3.66,14.64,18.3,278.16,1002.84,1281.0,Johnston County
OK,Kay County,2000,3045.12,5010.54,8055.660000000001,1207.8,175.68,1383.48,76.86,109.8,186.66,Kay County
OK,Kingfisher County,2000,1281.0,1182.18,2463.1800000000003,18.3,0.0,18.3,1409.1,131.76,1540.86,Kingfisher County
OK,Kiowa County,2000,322.08,2928.0,3250.0800000000004,7.32,0.0,7.32,684.4200000000001,215.94,900.36,Kiowa County
OK,Logan County,2000,369.66,486.78,856.4399999999999,3.66,505.08,508.74,21.96,208.62,230.58,Logan County
OK,McCurtain County,2000,0.0,2009.34,2009.34,18.3,344.04,362.34,0.0,204.96,204.96,McCurtain County
OK,Marshall County,2000,106.14,596.5799999999999,702.72,0.0,58.56,58.56,223.26,351.36,574.62,Marshall County
OK,Murray County,2000,219.6,4585.98,4805.58,95.16,0.0,95.16,417.24,300.12,717.36,Murray County
OK,Muskogee County,2000,146.4,5760.84,5907.24,43.92,5032.5,5076.42,563.64,1826.34,2389.98,Muskogee County
OK,Osage County,2000,40.26,5116.68,5156.94,131.76,0.0,131.76,3.66,62.220000000000006,65.88,Osage County
OK,Payne County,2000,183.0,1339.56,1522.56,7.32,0.0,7.32,117.12,47.58,164.70000000000002,Payne County
OK,Pittsburg County,2000,14.64,2679.12,2693.76,0.0,508.74,508.74,14.64,76.86,91.5,Pittsburg County
OK,Pontotoc County,2000,545.34,1098.0,1643.34,128.1,3.66,131.76,212.28,179.34,391.62,Pontotoc County
OK,Pottawatomie County,2000,274.5,1855.62,2130.12,21.96,0.0,21.96,29.28,311.1,340.38,Pottawatomie County
OK,Sequoyah County,2000,0.0,3989.4,3989.4,0.0,256.2,256.2,208.62,508.74,717.36,Sequoyah County
OK,Texas County,2000,2280.1800000000003,0.0,2280.1800000000003,10.98,0.0,10.98,92806.62,73.2,92879.82,Texas County
OK,Woodward County,2000,2258.22,62.220000000000006,2320.44,102.48,0.0,102.48,1804.38,201.3,2005.68,Woodward County
OR,Benton County,2000,43.92,2089.86,2133.78,0.0,252.54,252.54,4560.360000000001,7254.12,11814.48,Benton County
OR,Clackamas County,2000,2389.98,61202.52,63592.5,0.0,5515.62,5515.62,19225.98,23782.68,43008.66,Clackamas County
OR,Clatsop County,2000,0.0,3341.5800000000004,3341.5800000000004,0.0,12597.72,12597.72,47.58,1032.12,1079.7,Clatsop County
OR,Columbia County,2000,977.22,1266.36,2243.58,0.0,18197.52,18197.52,325.74,3590.46,3916.2,Columbia County
OR,Coos County,2000,907.68,1859.28,2766.96,874.74,0.0,874.74,204.96,12612.36,12817.320000000002,Coos County
OR,Douglas County,2000,0.0,2130.12,2130.12,0.0,212.28,212.28,699.06,40322.22,41021.28,Douglas County
OR,Klamath County,2000,3645.36,7.32,3652.68,333.06,0.0,333.06,38843.58,220119.72,258963.3,Klamath County
OR,Lane County,2000,8194.74,12919.8,21114.54,0.0,9223.2,9223.2,9343.98,19943.34,29287.32,Lane County
OR,Lincoln County,2000,172.01999999999998,1581.12,1753.14,0.0,4113.84,4113.84,3.66,409.92,413.58,Lincoln County
OR,Linn County,2000,175.68,4348.08,4523.76,0.0,9420.84,9420.84,11561.94,17059.26,28621.2,Linn County
OR,Malheur County,2000,951.6,1083.36,2034.96,0.0,1061.4,1061.4,11938.919999999998,361099.26,373038.18,Malheur County
OR,Marion County,2000,3151.26,28141.74,31293.0,669.78,0.0,669.78,28668.78,20005.56,48674.34,Marion County
OR,Multnomah County,2000,3447.72,402.6,3850.32,647.82,0.0,647.82,5870.639999999999,4611.599999999999,10482.24,Multnomah County
OR,Tillamook County,2000,516.06,849.1199999999999,1365.18,47.58,69.54,117.12,164.70000000000002,1046.76,1211.46,Tillamook County
OR,Union County,2000,1361.52,0.0,1361.52,146.4,0.0,146.4,4695.78,66469.26000000001,71165.04,Union County
OR,Wasco County,2000,329.40000000000003,468.48,797.8800000000001,1705.56,1705.56,3411.12,2982.9,20876.64,23859.54,Wasco County
OR,Yamhill County,2000,1302.96,2675.46,3978.42,0.0,4505.46,4505.46,4695.78,16942.14,21637.92,Yamhill County
PA,Adams County,2000,907.68,2759.64,3667.32,417.24,29.28,446.52,65.88,581.94,647.82,Adams County
PA,Allegheny County,2000,4933.68,75194.7,80128.38,7129.68,116940.66,124070.34,3.66,47.58,51.24,Allegheny County
PA,Armstrong County,2000,589.26,1156.56,1745.82,76.86,51.24,128.1,3.66,18.3,21.96,Armstrong County
PA,Beaver County,2000,3242.76,4406.639999999999,7649.4,2851.14,88557.36,91408.5,3.66,47.58,51.24,Beaver County
PA,Bedford County,2000,204.96,2712.06,2917.02,21.96,0.0,21.96,3.66,32.94,36.6,Bedford County
PA,Berks County,2000,5160.599999999999,6456.24,11616.84,2159.4,391.62,2551.02,25.62,226.92,252.54,Berks County
PA,Blair County,2000,563.64,5058.12,5621.76,84.18,4187.04,4271.22,3.66,36.6,40.26,Blair County
PA,Bradford County,2000,1152.9,146.4,1299.3,1888.56,0.0,1888.56,3.66,25.62,29.28,Bradford County
PA,Bucks County,2000,4937.34,15053.580000000002,19990.92,366.0,1229.76,1595.7600000000002,18.3,161.04,179.34,Bucks County
PA,Butler County,2000,578.28,2832.84,3411.12,527.04,3762.48,4289.52,7.32,51.24,58.56,Butler County
PA,Cambria County,2000,420.9,5113.02,5533.92,18.3,157.38,175.68,0.0,10.98,10.98,Cambria County
PA,Carbon County,2000,1145.58,7459.08,8604.66,117.12,7.32,124.44,0.0,7.32,7.32,Carbon County
PA,Centre County,2000,4992.24,3480.66,8472.9,124.44,109.8,234.24,7.32,54.9,62.220000000000006,Centre County
PA,Chester County,2000,4717.74,10489.56,15207.3,1196.82,1240.74,2437.56,14.64,131.76,146.4,Chester County
PA,Clarion County,2000,248.88,614.88,863.76,7.32,3.66,10.98,0.0,10.98,10.98,Clarion County
PA,Clearfield County,2000,172.01999999999998,2141.1,2313.12,43.92,18.3,62.220000000000006,0.0,10.98,10.98,Clearfield County
PA,Clinton County,2000,80.52,1676.28,1756.8,106.14,10833.6,10939.74,10.98,102.48,113.46,Clinton County
PA,Columbia County,2000,1229.76,1079.7,2309.46,644.16,3.66,647.82,10.98,106.14,117.12,Columbia County
PA,Crawford County,2000,1742.16,139.08,1881.24,263.52,7.32,270.84,7.32,73.2,80.52,Crawford County
PA,Cumberland County,2000,1892.22,7060.139999999999,8952.36,1028.46,80.52,1108.98,10.98,109.8,120.78,Cumberland County
PA,Dauphin County,2000,1010.16,10474.92,11485.08,4922.7,7539.6,12462.3,10.98,91.5,102.48,Dauphin County
PA,Delaware County,2000,14.64,10365.12,10379.76,3.66,42349.86,42353.52,0.0,7.32,7.32,Delaware County
PA,Erie County,2000,1734.84,14039.76,15774.6,358.68,11891.34,12250.02,18.3,161.04,179.34,Erie County
PA,Fayette County,2000,87.84,14372.820000000002,14460.66,3.66,7.32,10.98,0.0,7.32,7.32,Fayette County
PA,Franklin County,2000,768.6,2272.86,3041.46,237.9,47.58,285.48,54.9,483.12,538.02,Franklin County
PA,Greene County,2000,0.0,292.8,292.8,0.0,3.66,3.66,0.0,3.66,3.66,Greene County
PA,Huntingdon County,2000,157.38,889.3800000000001,1046.76,7.32,3.66,10.98,7.32,54.9,62.220000000000006,Huntingdon County
PA,Indiana County,2000,120.78,1445.7,1566.48,7.32,0.0,7.32,7.32,62.220000000000006,69.54,Indiana County
PA,Jefferson County,2000,168.36,684.4200000000001,852.78,14.64,732.0,746.64,3.66,18.3,21.96,Jefferson County
PA,Juniata County,2000,113.46,204.96,318.42,248.88,0.0,248.88,3.66,25.62,29.28,Juniata County
PA,Lackawanna County,2000,728.34,12385.44,13113.78,36.6,1083.36,1119.96,3.66,47.58,51.24,Lackawanna County
PA,Lancaster County,2000,4765.32,21348.78,26114.1,1617.72,47.58,1665.3,58.56,516.06,574.62,Lancaster County
PA,Lawrence County,2000,190.32,3334.26,3524.5800000000004,417.24,25.62,442.86,0.0,3.66,3.66,Lawrence County
PA,Lebanon County,2000,431.88,314.76,746.64,5683.98,0.0,5683.98,14.64,124.44,139.08,Lebanon County
PA,Lehigh County,2000,3993.06,6705.12,10698.18,2635.2000000000003,1361.52,3996.72,7.32,62.220000000000006,69.54,Lehigh County
PA,Luzerne County,2000,1174.86,6518.459999999999,7693.32,292.8,10.98,303.78,7.32,54.9,62.220000000000006,Luzerne County
PA,Lycoming County,2000,786.9,3279.36,4066.26,139.08,0.0,139.08,18.3,164.70000000000002,183.0,Lycoming County
PA,McKean County,2000,852.78,1742.16,2594.94,3806.4,14.64,3821.04,0.0,3.66,3.66,McKean County
PA,Mercer County,2000,578.28,4069.92,4648.2,333.06,7191.9,7524.959999999999,3.66,18.3,21.96,Mercer County
PA,Mifflin County,2000,29.28,1343.22,1372.5,32.94,3275.7,3308.64,0.0,7.32,7.32,Mifflin County
PA,Monroe County,2000,966.24,1643.34,2609.58,91.5,139.08,230.58,0.0,10.98,10.98,Monroe County
PA,Montgomery County,2000,7320.0,16532.22,23852.22,2408.28,2704.74,5113.02,7.32,62.220000000000006,69.54,Montgomery County
PA,Montour County,2000,76.86,647.82,724.68,29.28,0.0,29.28,0.0,7.32,7.32,Montour County
PA,Northampton County,2000,710.04,4736.04,5446.08,8491.199999999999,1412.76,9903.96,3.66,40.26,43.92,Northampton County
PA,Northumberland County,2000,54.9,4077.24,4132.139999999999,142.74,4699.44,4842.18,7.32,76.86,84.18,Northumberland County
PA,Perry County,2000,241.56,84.18,325.74,3.66,0.0,3.66,3.66,18.3,21.96,Perry County
PA,Schuylkill County,2000,1592.1,7923.9,9516.0,314.76,43.92,358.68,10.98,113.46,124.44,Schuylkill County
PA,Snyder County,2000,468.48,303.78,772.26,29.28,10.98,40.26,10.98,87.84,98.82,Snyder County
PA,Somerset County,2000,1273.68,10599.36,11873.04,36.6,0.0,36.6,7.32,62.220000000000006,69.54,Somerset County
PA,Susquehanna County,2000,120.78,252.54,373.32,14.64,0.0,14.64,0.0,14.64,14.64,Susquehanna County
PA,Tioga County,2000,439.2,428.22,867.4200000000001,252.54,505.08,757.6199999999999,3.66,18.3,21.96,Tioga County
PA,Union County,2000,32.94,1559.16,1592.1,91.5,0.0,91.5,3.66,40.26,43.92,Union County
PA,Washington County,2000,10.98,2649.84,2660.82,7.32,4135.8,4143.12,7.32,65.88,73.2,Washington County
PA,Wayne County,2000,563.64,325.74,889.3800000000001,10.98,0.0,10.98,0.0,10.98,10.98,Wayne County
PA,Westmoreland County,2000,281.82,14508.24,14790.06,146.4,29159.22,29305.62,3.66,29.28,32.94,Westmoreland County
PA,Wyoming County,2000,241.56,25.62,267.18,69.54,2049.6,2119.14,0.0,7.32,7.32,Wyoming County
PA,York County,2000,1295.64,8597.34,9892.98,801.54,11518.02,12319.56,14.64,128.1,142.74,York County
RI,Bristol County,2000,131.76,863.76,995.52,84.18,0.0,84.18,0.0,14.64,14.64,Bristol County
RI,Kent County,2000,505.08,0.0,505.08,32.94,215.94,248.88,3.66,25.62,29.28,Kent County
RI,Newport County,2000,21.96,3089.04,3111.0,51.24,0.0,51.24,7.32,51.24,58.56,Newport County
RI,Providence County,2000,1551.84,33481.68,35033.52,556.32,285.48,841.8,10.98,80.52,91.5,Providence County
RI,Washington County,2000,3985.74,0.0,3985.74,76.86,263.52,340.38,146.4,922.32,1068.72,Washington County
SC,Abbeville County,2000,7.32,1043.1,1050.42,0.0,611.22,611.22,0.0,65.88,65.88,Abbeville County
SC,Aiken County,2000,1764.12,5171.58,6935.7,2217.96,27687.9,29905.86,358.68,1083.36,1442.04,Aiken County
SC,Allendale County,2000,439.2,0.0,439.2,915.0,0.0,915.0,2056.92,3089.04,5145.96,Allendale County
SC,Anderson County,2000,3.66,7283.4,7287.06,3.66,761.28,764.9399999999999,0.0,607.56,607.56,Anderson County
SC,Barnwell County,2000,999.18,0.0,999.18,150.06,183.0,333.06,1365.18,3191.5200000000004,4556.7,Barnwell County
SC,Beaufort County,2000,4315.139999999999,710.04,5025.18,325.74,0.0,325.74,4739.7,527.04,5266.74,Beaufort County
SC,Berkeley County,2000,387.96,23570.4,23958.36,1130.94,3180.54,4311.48,73.2,300.12,373.32,Berkeley County
SC,Calhoun County,2000,333.06,0.0,333.06,168.36,32844.84,33013.200000000004,0.0,6013.38,6013.38,Calhoun County
SC,Charleston County,2000,2243.58,80.52,2324.1,98.82,153.72,252.54,805.2,805.2,1610.4,Charleston County
SC,Cherokee County,2000,25.62,4249.26,4274.88,0.0,841.8,841.8,0.0,549.0,549.0,Cherokee County
SC,Chester County,2000,18.3,1270.02,1288.32,109.8,146.4,256.2,0.0,270.84,270.84,Chester County
SC,Chesterfield County,2000,241.56,1991.04,2232.6,0.0,559.98,559.98,0.0,691.74,691.74,Chesterfield County
SC,Colleton County,2000,860.1,0.0,860.1,47.58,0.0,47.58,263.52,0.0,263.52,Colleton County
SC,Darlington County,2000,2294.82,0.0,2294.82,1317.6,6185.4,7503.0,0.0,1533.5400000000002,1533.5400000000002,Darlington County
SC,Dorchester County,2000,439.2,4377.360000000001,4816.56,596.5799999999999,14749.8,15346.38,0.0,483.12,483.12,Dorchester County
SC,Florence County,2000,5424.12,0.0,5424.12,1039.44,12810.0,13849.44,87.84,786.9,874.74,Florence County
SC,Georgetown County,2000,1105.32,1614.06,2719.38,43.92,11679.06,11722.98,1961.76,215.94,2177.7000000000003,Georgetown County
SC,Greenville County,2000,58.56,17633.88,17692.440000000002,0.0,278.16,278.16,0.0,1581.12,1581.12,Greenville County
SC,Greenwood County,2000,65.88,4758.0,4823.88,0.0,146.4,146.4,0.0,472.14,472.14,Greenwood County
SC,Hampton County,2000,658.8000000000001,3575.82,4234.62,252.54,387.96,640.5,2075.22,0.0,2075.22,Hampton County
SC,Horry County,2000,450.18,10617.66,11067.84,58.56,1065.06,1123.62,5636.400000000001,1291.98,6928.38,Horry County
SC,Jasper County,2000,461.16,0.0,461.16,54.9,0.0,54.9,1050.42,0.0,1050.42,Jasper County
SC,Kershaw County,2000,834.4799999999999,1830.0,2664.48,915.0,3938.16,4853.16,164.70000000000002,164.70000000000002,329.40000000000003,Kershaw County
SC,Lancaster County,2000,18.3,4315.139999999999,4333.44,14.64,5017.860000000001,5032.5,0.0,91.5,91.5,Lancaster County
SC,Laurens County,2000,36.6,1859.28,1895.88,0.0,47.58,47.58,0.0,753.96,753.96,Laurens County
SC,Lee County,2000,578.28,0.0,578.28,695.4,10.98,706.38,91.5,1438.38,1529.88,Lee County
SC,Lexington County,2000,790.5600000000001,15386.64,16177.2,721.02,15415.919999999998,16136.94,893.04,3561.1800000000003,4454.22,Lexington County
SC,McCormick County,2000,0.0,695.4,695.4,0.0,3.66,3.66,0.0,402.6,402.6,McCormick County
SC,Marion County,2000,1723.86,0.0,1723.86,889.3800000000001,0.0,889.3800000000001,0.0,2518.08,2518.08,Marion County
SC,Marlboro County,2000,446.52,688.0799999999999,1134.6,248.88,3286.6800000000003,3535.56,479.46,322.08,801.54,Marlboro County
SC,Newberry County,2000,7.32,2016.66,2023.98,36.6,102.48,139.08,0.0,380.64,380.64,Newberry County
SC,Oconee County,2000,73.2,3630.72,3703.92,0.0,852.78,852.78,0.0,369.66,369.66,Oconee County
SC,Orangeburg County,2000,695.4,2818.2000000000003,3513.6,2968.26,248.88,3217.14,10734.78,7162.62,17897.399999999998,Orangeburg County
SC,Pickens County,2000,10.98,10474.92,10485.9,0.0,578.28,578.28,0.0,523.38,523.38,Pickens County
SC,Richland County,2000,223.26,11477.76,11701.02,666.12,10178.46,10844.58,534.36,1248.06,1782.42,Richland County
SC,Saluda County,2000,3.66,0.0,3.66,54.9,0.0,54.9,0.0,2477.82,2477.82,Saluda County
SC,Spartanburg County,2000,135.42,17297.16,17432.58,40.26,1357.86,1398.12,0.0,2188.6800000000003,2188.6800000000003,Spartanburg County
SC,Sumter County,2000,5892.6,0.0,5892.6,947.94,0.0,947.94,1639.68,2463.1800000000003,4102.860000000001,Sumter County
SC,Union County,2000,0.0,1555.5,1555.5,0.0,1332.24,1332.24,0.0,113.46,113.46,Union County
SC,Williamsburg County,2000,600.24,0.0,600.24,1749.48,0.0,1749.48,32.94,135.42,168.36,Williamsburg County
SC,York County,2000,633.18,4739.7,5372.88,142.74,31516.26,31659.0,0.0,991.86,991.86,York County
SD,Beadle County,2000,267.18,464.82,732.0,7.32,0.0,7.32,2982.9,142.74,3125.64,Beadle County
SD,Brookings County,2000,1969.08,0.0,1969.08,18.3,0.0,18.3,3070.74,43.92,3114.66,Brookings County
SD,Brown County,2000,10.98,1057.74,1068.72,3.66,0.0,3.66,314.76,47.58,362.34,Brown County
SD,Clark County,2000,355.02,0.0,355.02,25.62,0.0,25.62,1200.48,87.84,1288.32,Clark County
SD,Codington County,2000,1357.86,0.0,1357.86,3.66,0.0,3.66,1032.12,124.44,1156.56,Codington County
SD,Deuel County,2000,69.54,0.0,69.54,3.66,0.0,3.66,307.44,0.0,307.44,Deuel County
SD,Grant County,2000,25.62,179.34,204.96,3.66,0.0,3.66,1313.94,18.3,1332.24,Grant County
SD,Harding County,2000,21.96,0.0,21.96,18.3,14.64,32.94,0.0,168.36,168.36,Harding County
SD,Lake County,2000,329.40000000000003,0.0,329.40000000000003,3.66,0.0,3.66,296.46000000000004,21.96,318.42,Lake County
SD,Lawrence County,2000,640.5,603.9,1244.4,91.5,666.12,757.6199999999999,688.0799999999999,120.78,808.86,Lawrence County
SD,Meade County,2000,223.26,0.0,223.26,65.88,0.0,65.88,21.96,1105.32,1127.28,Meade County
SD,Minnehaha County,2000,1507.92,4487.16,5995.08,516.06,3.66,519.72,417.24,153.72,570.96,Minnehaha County
SD,Pennington County,2000,4886.099999999999,0.0,4886.099999999999,366.0,32.94,398.94000000000005,69.54,1043.1,1112.64,Pennington County
SD,Sully County,2000,3.66,0.0,3.66,3.66,0.0,3.66,234.24,3886.92,4121.16,Sully County
SD,Union County,2000,409.92,0.0,409.92,25.62,0.0,25.62,7320.0,54.9,7374.9,Union County
TN,Anderson County,2000,351.36,7546.92,7898.28,0.0,541.68,541.68,3.66,25.62,29.28,Anderson County
TN,Bradley County,2000,936.96,3411.12,4348.08,0.0,915.0,915.0,18.3,65.88,84.18,Bradley County
TN,Carroll County,2000,1028.46,0.0,1028.46,417.24,0.0,417.24,73.2,0.0,73.2,Carroll County
TN,Cheatham County,2000,0.0,951.6,951.6,3.66,0.0,3.66,0.0,76.86,76.86,Cheatham County
TN,Chester County,2000,420.9,0.0,420.9,32.94,0.0,32.94,21.96,0.0,21.96,Chester County
TN,Cocke County,2000,0.0,1496.94,1496.94,164.70000000000002,0.0,164.70000000000002,0.0,362.34,362.34,Cocke County
TN,Coffee County,2000,3.66,1903.2,1906.86,14.64,20130.0,20144.64,18.3,131.76,150.06,Coffee County
TN,Crockett County,2000,680.76,0.0,680.76,585.6,0.0,585.6,208.62,0.0,208.62,Crockett County
TN,Davidson County,2000,0.0,43967.58,43967.58,0.0,9999.12,9999.12,43.92,373.32,417.24,Davidson County
TN,Decatur County,2000,76.86,409.92,486.78,0.0,25.62,25.62,7.32,18.3,25.62,Decatur County
TN,Dyer County,2000,2272.86,0.0,2272.86,314.76,0.0,314.76,124.44,0.0,124.44,Dyer County
TN,Fayette County,2000,570.96,0.0,570.96,501.42,0.0,501.42,47.58,10.98,58.56,Fayette County
TN,Giles County,2000,102.48,1233.42,1335.9,0.0,117.12,117.12,0.0,84.18,84.18,Giles County
TN,Greene County,2000,3.66,2964.6,2968.26,0.0,1226.1,1226.1,0.0,146.4,146.4,Greene County
TN,Hamilton County,2000,3824.7,18457.38,22282.08,1291.98,3535.56,4827.54,139.08,340.38,479.46,Hamilton County
TN,Hardin County,2000,878.4,270.84,1149.24,0.0,8637.6,8637.6,10.98,73.2,84.18,Hardin County
TN,Hawkins County,2000,446.52,1054.08,1500.6,0.0,113.46,113.46,0.0,14.64,14.64,Hawkins County
TN,Haywood County,2000,691.74,0.0,691.74,62.220000000000006,0.0,62.220000000000006,80.52,0.0,80.52,Haywood County
TN,Humphreys County,2000,435.54,409.92,845.46,3725.88,22476.06,26201.94,43.92,0.0,43.92,Humphreys County
TN,Jefferson County,2000,226.92,988.2,1215.12,585.6,14.64,600.24,14.64,18.3,32.94,Jefferson County
TN,Johnson County,2000,336.72,446.52,783.24,3.66,0.0,3.66,7.32,7.32,14.64,Johnson County
TN,Knox County,2000,340.38,22391.88,22732.26,7.32,18.3,25.62,0.0,398.94000000000005,398.94000000000005,Knox County
TN,Lauderdale County,2000,1434.72,0.0,1434.72,336.72,0.0,336.72,245.22000000000003,0.0,245.22000000000003,Lauderdale County
TN,Lewis County,2000,552.66,0.0,552.66,29.28,0.0,29.28,0.0,36.6,36.6,Lewis County
TN,Loudon County,2000,753.96,3085.38,3839.34,0.0,1811.7,1811.7,0.0,7.32,7.32,Loudon County
TN,Madison County,2000,5515.62,0.0,5515.62,1335.9,0.0,1335.9,135.42,32.94,168.36,Madison County
TN,Maury County,2000,376.98,3864.96,4241.94,0.0,527.04,527.04,25.62,98.82,124.44,Maury County
TN,Obion County,2000,2067.9,0.0,2067.9,91.5,0.0,91.5,117.12,0.0,117.12,Obion County
TN,Polk County,2000,157.38,69.54,226.92,0.0,11627.82,11627.82,0.0,58.56,58.56,Polk County
TN,Sevier County,2000,84.18,1980.06,2064.24,3.66,0.0,3.66,0.0,135.42,135.42,Sevier County
TN,Shelby County,2000,68749.44,0.0,68749.44,10815.3,0.0,10815.3,106.14,54.9,161.04,Shelby County
TN,Sullivan County,2000,128.1,9197.58,9325.68,0.0,181792.2,181792.2,10.98,21.96,32.94,Sullivan County
TN,Tipton County,2000,2280.1800000000003,0.0,2280.1800000000003,21.96,0.0,21.96,281.82,0.0,281.82,Tipton County
TX,Anderson County,2000,2243.58,2309.46,4553.04,7.32,0.0,7.32,102.48,80.52,183.0,Anderson County
TX,Andrews County,2000,933.3,0.0,933.3,36.6,0.0,36.6,3956.46,0.0,3956.46,Andrews County
TX,Angelina County,2000,4640.88,0.0,4640.88,4648.2,951.6,5599.8,10.98,0.0,10.98,Angelina County
TX,Atascosa County,2000,1771.44,0.0,1771.44,3.66,0.0,3.66,12136.56,0.0,12136.56,Atascosa County
TX,Austin County,2000,889.3800000000001,0.0,889.3800000000001,14.64,0.0,14.64,3103.6800000000003,0.0,3103.6800000000003,Austin County
TX,Bandera County,2000,201.3,0.0,201.3,7.32,0.0,7.32,91.5,62.220000000000006,153.72,Bandera County
TX,Bastrop County,2000,3048.78,0.0,3048.78,14.64,10.98,25.62,76.86,51.24,128.1,Bastrop County
TX,Bell County,2000,516.06,29927.82,30443.88,0.0,215.94,215.94,556.32,556.32,1112.64,Bell County
TX,Bexar County,2000,84509.40000000001,32.94,84542.34,7675.019999999999,428.22,8103.24,7744.56,3689.28,11433.84,Bexar County
TX,Bosque County,2000,830.82,0.0,830.82,256.2,0.0,256.2,18.3,845.46,863.76,Bosque County
TX,Bowie County,2000,47.58,18849.0,18896.58,0.0,23555.76,23555.76,14.64,1782.42,1797.06,Bowie County
TX,Brazoria County,2000,7023.540000000001,3330.6,10354.14,973.56,239228.58,240202.14,2364.36,21894.12,24258.48,Brazoria County
TX,Brazos County,2000,10427.34,0.0,10427.34,76.86,0.0,76.86,1196.82,131.76,1328.58,Brazos County
TX,Brown County,2000,29.28,2177.7000000000003,2206.98,0.0,904.02,904.02,1130.94,3875.94,5006.88,Brown County
TX,Burleson County,2000,603.9,0.0,603.9,47.58,0.0,47.58,325.74,0.0,325.74,Burleson County
TX,Burnet County,2000,208.62,882.0600000000001,1090.68,208.62,1668.9599999999998,1877.58,29.28,40.26,69.54,Burnet County
TX,Caldwell County,2000,925.98,329.40000000000003,1255.38,3.66,0.0,3.66,201.3,329.40000000000003,530.6999999999999,Caldwell County
TX,Calhoun County,2000,87.84,819.84,907.68,0.0,9322.02,9322.02,102.48,11485.08,11587.56,Calhoun County
TX,Cameron County,2000,0.0,18698.94,18698.94,3.66,1643.34,1647.0,0.0,68657.94,68657.94,Cameron County
TX,Camp County,2000,428.22,201.3,629.52,7.32,0.0,7.32,7.32,3.66,10.98,Camp County
TX,Carson County,2000,475.8,0.0,475.8,1961.76,0.0,1961.76,23877.84,0.0,23877.84,Carson County
TX,Cass County,2000,245.22000000000003,0.0,245.22000000000003,113.46,0.0,113.46,3.66,0.0,3.66,Cass County
TX,Castro County,2000,988.2,0.0,988.2,567.3000000000001,0.0,567.3000000000001,130460.7,0.0,130460.7,Castro County
TX,Chambers County,2000,622.1999999999999,303.78,925.98,790.5600000000001,226.92,1017.48,0.0,39948.9,39948.9,Chambers County
TX,Cherokee County,2000,2232.6,651.48,2884.08,43.92,142.74,186.66,10.98,25.62,36.6,Cherokee County
TX,Clay County,2000,102.48,8615.64,8718.12,0.0,73.2,73.2,190.32,62.220000000000006,252.54,Clay County
TX,Coke County,2000,0.0,4179.72,4179.72,0.0,658.8000000000001,658.8000000000001,142.74,36.6,179.34,Coke County
TX,Collin County,2000,838.14,73178.04,74016.18,91.5,2225.28,2316.78,0.0,29.28,29.28,Collin County
TX,Colorado County,2000,779.5799999999999,0.0,779.5799999999999,318.42,4626.24,4944.66,9644.1,61242.780000000006,70886.88,Colorado County
TX,Comal County,2000,3246.42,2913.36,6159.78,4479.84,54.9,4534.74,7.32,3.66,10.98,Comal County
TX,Comanche County,2000,29.28,947.94,977.22,0.0,10.98,10.98,6284.22,2693.76,8977.98,Comanche County
TX,Cooke County,2000,1562.82,0.0,1562.82,58.56,0.0,58.56,95.16,51.24,146.4,Cooke County
TX,Crane County,2000,358.68,0.0,358.68,153.72,0.0,153.72,109.8,0.0,109.8,Crane County
TX,Crockett County,2000,464.82,0.0,464.82,10.98,0.0,10.98,376.98,0.0,376.98,Crockett County
TX,Crosby County,2000,80.52,567.3000000000001,647.82,58.56,142.74,201.3,49175.76,0.0,49175.76,Crosby County
TX,Dallam County,2000,852.78,0.0,852.78,226.92,0.0,226.92,144723.72,0.0,144723.72,Dallam County
TX,Dallas County,2000,1756.8,84095.82,85852.62,263.52,6924.72,7188.24,153.72,274.5,428.22,Dallas County
TX,Dawson County,2000,245.22000000000003,0.0,245.22000000000003,3.66,14.64,18.3,34305.18,0.0,34305.18,Dawson County
TX,Deaf Smith County,2000,1288.32,0.0,1288.32,669.78,0.0,669.78,26461.8,0.0,26461.8,Deaf Smith County
TX,Denton County,2000,3418.44,131994.24,135412.68,18.3,175.68,193.98,153.72,0.0,153.72,Denton County
TX,De Witt County,2000,1032.12,0.0,1032.12,84.18,0.0,84.18,29.28,0.0,29.28,DeWitt County
TX,Donley County,2000,157.38,1215.12,1372.5,0.0,117.12,117.12,3356.22,0.0,3356.22,Donley County
TX,Duval County,2000,622.1999999999999,0.0,622.1999999999999,1471.32,0.0,1471.32,1156.56,0.0,1156.56,Duval County
TX,Eastland County,2000,43.92,1054.08,1098.0,0.0,7.32,7.32,607.56,248.88,856.4399999999999,Eastland County
TX,Ector County,2000,728.34,0.0,728.34,1116.3,40.26,1156.56,1566.48,0.0,1566.48,Ector County
TX,Ellis County,2000,1592.1,5083.74,6675.839999999999,545.34,545.34,1090.68,7.32,65.88,73.2,Ellis County
TX,El Paso County,2000,23303.22,23855.88,47159.1,2832.84,157.38,2990.22,0.0,79140.18,79140.18,El Paso County
TX,Erath County,2000,977.22,0.0,977.22,14.64,0.0,14.64,2818.2000000000003,702.72,3520.92,Erath County
TX,Fannin County,2000,819.84,753.96,1573.8,0.0,21.96,21.96,684.4200000000001,307.44,991.86,Fannin County
TX,Fayette County,2000,838.14,0.0,838.14,40.26,0.0,40.26,87.84,109.8,197.64,Fayette County
TX,Fort Bend County,2000,18969.78,6434.28,25404.06,1661.64,16616.399999999998,18278.04,6500.160000000001,6818.58,13318.74,Fort Bend County
TX,Franklin County,2000,10.98,823.5,834.4799999999999,40.26,29.28,69.54,0.0,14.64,14.64,Franklin County
TX,Freestone County,2000,808.86,65.88,874.74,3.66,32.94,36.6,7.32,0.0,7.32,Freestone County
TX,Gaines County,2000,757.6199999999999,0.0,757.6199999999999,347.7,146.4,494.1,154199.46,0.0,154199.46,Gaines County
TX,Galveston County,2000,1643.34,29.28,1672.62,54.9,27607.38,27662.28,62.220000000000006,2887.74,2949.96,Galveston County
TX,Gillespie County,2000,951.6,0.0,951.6,0.0,98.82,98.82,226.92,139.08,366.0,Gillespie County
TX,Gonzales County,2000,786.9,896.7,1683.6,329.40000000000003,135.42,464.82,124.44,369.66,494.1,Gonzales County
TX,Gray County,2000,281.82,0.0,281.82,1365.18,0.0,1365.18,7539.6,0.0,7539.6,Gray County
TX,Grayson County,2000,4443.24,5497.32,9940.56,1108.98,706.38,1815.36,1054.08,263.52,1317.6,Grayson County
TX,Gregg County,2000,259.86,9995.46,10255.32,14.64,636.84,651.48,7.32,0.0,7.32,Gregg County
TX,Grimes County,2000,882.0600000000001,0.0,882.0600000000001,51.24,0.0,51.24,120.78,14.64,135.42,Grimes County
TX,Guadalupe County,2000,226.92,2452.2000000000003,2679.12,7.32,376.98,384.3,14.64,109.8,124.44,Guadalupe County
TX,Hale County,2000,1244.4,0.0,1244.4,779.5799999999999,0.0,779.5799999999999,120472.56,0.0,120472.56,Hale County
TX,Hansford County,2000,373.32,0.0,373.32,274.5,0.0,274.5,68269.98,0.0,68269.98,Hansford County
TX,Hardin County,2000,4761.66,0.0,4761.66,36.6,0.0,36.6,958.92,0.0,958.92,Hardin County
TX,Harris County,2000,112490.1,8864.52,121354.62,4545.72,59229.780000000006,63775.5,3531.9,0.0,3531.9,Harris County
TX,Harrison County,2000,699.06,2510.76,3209.82,14.64,21319.5,21334.14,10.98,18.3,29.28,Harrison County
TX,Hartley County,2000,73.2,0.0,73.2,278.16,0.0,278.16,121394.88,0.0,121394.88,Hartley County
TX,Hays County,2000,5032.5,40.26,5072.76,142.74,1423.74,1566.48,0.0,69.54,69.54,Hays County
TX,Henderson County,2000,1259.04,75813.23999999999,77072.28,139.08,486.78,625.86,7.32,3.66,10.98,Henderson County
TX,Hidalgo County,2000,2053.26,26571.6,28624.86,146.4,475.8,622.1999999999999,3927.18,109580.4,113507.58,Hidalgo County
TX,Hill County,2000,922.32,1888.56,2810.88,0.0,10.98,10.98,25.62,98.82,124.44,Hill County
TX,Hockley County,2000,344.04,0.0,344.04,135.42,0.0,135.42,62512.8,0.0,62512.8,Hockley County
TX,Hood County,2000,1149.24,1657.98,2807.22,7.32,0.0,7.32,527.04,790.5600000000001,1317.6,Hood County
TX,Hopkins County,2000,505.08,1932.48,2437.56,0.0,197.64,197.64,0.0,922.32,922.32,Hopkins County
TX,Howard County,2000,18.3,91.5,109.8,146.4,3.66,150.06,1588.44,0.0,1588.44,Howard County
TX,Hunt County,2000,527.04,53216.4,53743.44,3.66,131.76,135.42,0.0,201.3,201.3,Hunt County
TX,Hutchinson County,2000,1420.08,26487.42,27907.5,7521.3,1013.82,8535.12,17963.28,0.0,17963.28,Hutchinson County
TX,Jackson County,2000,387.96,51.24,439.2,505.08,5618.099999999999,6123.18,15800.22,512.4,16312.62,Jackson County
TX,Jasper County,2000,1449.36,0.0,1449.36,14940.12,3374.5200000000004,18314.64,0.0,32.94,32.94,Jasper County
TX,Jeff Davis County,2000,175.68,0.0,175.68,91.5,0.0,91.5,54.9,29.28,84.18,Jeff Davis County
TX,Jefferson County,2000,219.6,7909.26,8128.860000000001,76.86,35125.02,35201.880000000005,0.0,60993.9,60993.9,Jefferson County
TX,Jim Wells County,2000,369.66,1764.12,2133.78,62.220000000000006,0.0,62.220000000000006,413.58,0.0,413.58,Jim Wells County
TX,Karnes County,2000,922.32,0.0,922.32,14.64,0.0,14.64,175.68,175.68,351.36,Karnes County
TX,Kaufman County,2000,0.0,1961.76,1961.76,0.0,80.52,80.52,0.0,95.16,95.16,Kaufman County
TX,Kendall County,2000,559.98,69.54,629.52,3.66,0.0,3.66,263.52,135.42,398.94000000000005,Kendall County
TX,Kerr County,2000,849.1199999999999,1182.18,2031.3,7.32,65.88,73.2,128.1,318.42,446.52,Kerr County
TX,Kimble County,2000,0.0,281.82,281.82,0.0,161.04,161.04,76.86,256.2,333.06,Kimble County
TX,Lamar County,2000,3.66,5632.74,5636.400000000001,0.0,1504.2600000000002,1504.2600000000002,0.0,1021.14,1021.14,Lamar County
TX,Lamb County,2000,874.74,0.0,874.74,109.8,0.0,109.8,111381.12,0.0,111381.12,Lamb County
TX,Lavaca County,2000,475.8,0.0,475.8,51.24,0.0,51.24,2880.42,0.0,2880.42,Lavaca County
TX,Lee County,2000,819.84,0.0,819.84,3.66,0.0,3.66,146.4,87.84,234.24,Lee County
TX,Liberty County,2000,2100.84,178882.5,180983.34,102.48,90453.24,90555.72,3264.72,24408.54,27673.26,Liberty County
TX,Lipscomb County,2000,226.92,0.0,226.92,29.28,0.0,29.28,9406.2,0.0,9406.2,Lipscomb County
TX,Live Oak County,2000,278.16,1372.5,1650.66,278.16,278.16,556.32,157.38,179.34,336.72,Live Oak County
TX,Llano County,2000,58.56,1061.4,1119.96,3.66,0.0,3.66,387.96,84.18,472.14,Llano County
TX,Lubbock County,2000,3341.5800000000004,0.0,3341.5800000000004,157.38,0.0,157.38,68507.88,1398.12,69906.0,Lubbock County
TX,McCulloch County,2000,973.56,0.0,973.56,14.64,0.0,14.64,655.14,47.58,702.72,McCulloch County
TX,McLennan County,2000,4355.400000000001,3846.66,8202.06,237.9,1065.06,1302.96,248.88,581.94,830.82,McLennan County
TX,Madison County,2000,552.66,0.0,552.66,69.54,0.0,69.54,7.32,0.0,7.32,Madison County
TX,Marion County,2000,131.76,512.4,644.16,0.0,7.32,7.32,18.3,14.64,32.94,Marion County
TX,Martin County,2000,1529.88,0.0,1529.88,10.98,0.0,10.98,6309.839999999999,0.0,6309.839999999999,Martin County
TX,Matagorda County,2000,1511.58,0.0,1511.58,1471.32,1647.0,3118.32,1017.48,79279.26000000001,80296.73999999999,Matagorda County
TX,Maverick County,2000,0.0,2254.56,2254.56,0.0,25.62,25.62,0.0,36124.2,36124.2,Maverick County
TX,Medina County,2000,2276.52,29.28,2305.8,14.64,0.0,14.64,12487.919999999998,7806.78,20294.7,Medina County
TX,Midland County,2000,446.52,0.0,446.52,65.88,0.0,65.88,13450.5,0.0,13450.5,Midland County
TX,Milam County,2000,1010.16,69.54,1079.7,8893.800000000001,4117.5,13011.3,131.76,168.36,300.12,Milam County
TX,Moore County,2000,2291.16,0.0,2291.16,1434.72,0.0,1434.72,90409.32,0.0,90409.32,Moore County
TX,Morris County,2000,95.16,0.0,95.16,10.98,81522.84,81533.82,0.0,40.26,40.26,Morris County
TX,Nacogdoches County,2000,2551.02,124.44,2675.46,344.04,91.5,435.54,333.06,84.18,417.24,Nacogdoches County
TX,Newton County,2000,355.02,0.0,355.02,102.48,76.86,179.34,351.36,117.12,468.48,Newton County
TX,Nolan County,2000,128.1,124.44,252.54,14.64,0.0,14.64,523.38,212.28,735.66,Nolan County
TX,Ochiltree County,2000,603.9,0.0,603.9,14.64,0.0,14.64,23317.86,0.0,23317.86,Ochiltree County
TX,Orange County,2000,2880.42,1837.32,4717.74,1346.88,82624.5,83971.38,0.0,991.86,991.86,Orange County
TX,Palo Pinto County,2000,0.0,2141.1,2141.1,3.66,270.84,274.5,25.62,87.84,113.46,Palo Pinto County
TX,Parker County,2000,991.86,1379.82,2371.6800000000003,3.66,54.9,58.56,25.62,98.82,124.44,Parker County
TX,Parmer County,2000,523.38,0.0,523.38,805.2,0.0,805.2,114784.92,0.0,114784.92,Parmer County
TX,Pecos County,2000,1412.76,0.0,1412.76,120.78,0.0,120.78,25382.1,1921.5,27303.6,Pecos County
TX,Polk County,2000,1010.16,1851.96,2862.12,131.76,36.6,168.36,3.66,0.0,3.66,Polk County
TX,Potter County,2000,18.3,0.0,18.3,128.1,0.0,128.1,1526.22,168.36,1694.58,Potter County
TX,Presidio County,2000,516.06,0.0,516.06,102.48,0.0,102.48,688.0799999999999,6566.040000000001,7254.12,Presidio County
TX,Randall County,2000,559.98,0.0,559.98,1727.52,7.32,1734.84,9783.18,1087.02,10870.2,Randall County
TX,Reagan County,2000,278.16,0.0,278.16,21.96,0.0,21.96,6708.78,0.0,6708.78,Reagan County
TX,Reeves County,2000,494.1,58.56,552.66,366.0,742.9799999999999,1108.98,30564.660000000003,9808.8,40373.46,Reeves County
TX,Robertson County,2000,1024.8,0.0,1024.8,7.32,0.0,7.32,5014.2,618.54,5632.74,Robertson County
TX,Runnels County,2000,29.28,516.06,545.34,0.0,7.32,7.32,486.78,570.96,1057.74,Runnels County
TX,Rusk County,2000,1830.0,14.64,1844.64,95.16,95.16,190.32,47.58,106.14,153.72,Rusk County
TX,San Patricio County,2000,366.0,3081.72,3447.72,0.0,3824.7,3824.7,212.28,0.0,212.28,San Patricio County
TX,San Saba County,2000,340.38,32.94,373.32,7.32,0.0,7.32,0.0,662.46,662.46,San Saba County
TX,Scurry County,2000,139.08,4190.7,4329.78,58.56,252.54,311.1,1050.42,91.5,1141.92,Scurry County
TX,Shelby County,2000,439.2,1350.54,1789.7399999999998,29.28,461.16,490.44000000000005,10.98,3.66,14.64,Shelby County
TX,Smith County,2000,6975.959999999999,8084.94,15060.9,263.52,655.14,918.66,36.6,153.72,190.32,Smith County
TX,Somervell County,2000,164.70000000000002,0.0,164.70000000000002,36.6,3.66,40.26,40.26,109.8,150.06,Somervell County
TX,Starr County,2000,3.66,3272.04,3275.7,117.12,0.0,117.12,204.96,10577.4,10782.36,Starr County
TX,Stephens County,2000,0.0,4132.139999999999,4132.139999999999,0.0,3.66,3.66,29.28,84.18,113.46,Stephens County
TX,Tarrant County,2000,4095.54,60873.12,64968.66,285.48,4029.66,4315.139999999999,7.32,40.26,47.58,Tarrant County
TX,Taylor County,2000,146.4,3363.54,3509.94,0.0,164.70000000000002,164.70000000000002,1130.94,219.6,1350.54,Taylor County
TX,Tom Green County,2000,329.40000000000003,7850.7,8180.1,135.42,212.28,347.7,7499.339999999999,4487.16,11986.5,Tom Green County
TX,Travis County,2000,3176.88,41573.94,44750.82,186.66,4571.34,4758.0,128.1,252.54,380.64,Travis County
TX,Tyler County,2000,797.8800000000001,0.0,797.8800000000001,21.96,32.94,54.9,0.0,7.32,7.32,Tyler County
TX,Upshur County,2000,1167.54,549.0,1716.5400000000002,43.92,0.0,43.92,3.66,0.0,3.66,Upshur County
TX,Upton County,2000,530.6999999999999,0.0,530.6999999999999,69.54,0.0,69.54,2349.72,0.0,2349.72,Upton County
TX,Uvalde County,2000,2188.6800000000003,29.28,2217.96,230.58,0.0,230.58,24759.9,248.88,25008.78,Uvalde County
TX,Val Verde County,2000,4370.04,366.0,4736.04,0.0,21.96,21.96,98.82,424.56,523.38,Val Verde County
TX,Van Zandt County,2000,925.98,1178.52,2104.5,120.78,21.96,142.74,47.58,384.3,431.88,Van Zandt County
TX,Victoria County,2000,3758.82,0.0,3758.82,208.62,3.66,212.28,2364.36,98.82,2463.1800000000003,Victoria County
TX,Walker County,2000,1379.82,622.1999999999999,2002.02,197.64,65.88,263.52,3.66,0.0,3.66,Walker County
TX,Waller County,2000,1167.54,0.0,1167.54,336.72,0.0,336.72,6664.860000000001,0.0,6664.860000000001,Waller County
TX,Ward County,2000,2906.04,0.0,2906.04,21.96,0.0,21.96,102.48,2949.96,3052.44,Ward County
TX,Washington County,2000,259.86,1013.82,1273.68,120.78,43.92,164.70000000000002,29.28,0.0,29.28,Washington County
TX,Webb County,2000,65.88,15097.5,15163.38,32.94,29.28,62.220000000000006,47.58,2298.48,2346.06,Webb County
TX,Wharton County,2000,1456.68,0.0,1456.68,69.54,0.0,69.54,66886.5,45501.12,112387.62,Wharton County
TX,Wheeler County,2000,252.54,0.0,252.54,73.2,0.0,73.2,1163.88,0.0,1163.88,Wheeler County
TX,Wichita County,2000,413.58,446.52,860.1,65.88,91.5,157.38,373.32,14266.679999999998,14640.0,Wichita County
TX,Wilbarger County,2000,1244.4,190.32,1434.72,161.04,3.66,164.70000000000002,10723.8,109.8,10833.6,Wilbarger County
TX,Wise County,2000,274.5,1324.92,1599.42,73.2,4538.400000000001,4611.599999999999,87.84,117.12,204.96,Wise County
TX,Wood County,2000,1515.2399999999998,139.08,1654.32,76.86,0.0,76.86,32.94,36.6,69.54,Wood County
TX,Zavala County,2000,816.18,0.0,816.18,358.68,0.0,358.68,16777.440000000002,5259.42,22036.86,Zavala County
UT,Beaver County,2000,790.5600000000001,3.66,794.22,666.12,0.0,666.12,17644.86,26282.46,43927.32,Beaver County
UT,Box Elder County,2000,5065.44,3283.0200000000004,8348.46,501.42,0.0,501.42,17644.86,136364.28,154009.14,Box Elder County
UT,Cache County,2000,11949.9,424.56,12374.46,442.86,0.0,442.86,3561.1800000000003,91335.3,94896.48,Cache County
UT,Carbon County,2000,1167.54,1061.4,2228.94,10.98,0.0,10.98,32.94,13066.2,13099.14,Carbon County
UT,Davis County,2000,8857.199999999999,7195.56,16052.76,530.6999999999999,0.0,530.6999999999999,3462.36,30099.84,33562.200000000004,Davis County
UT,Duchesne County,2000,1028.46,483.12,1511.58,10.98,0.0,10.98,325.74,79392.72,79718.46,Duchesne County
UT,Iron County,2000,3429.42,0.0,3429.42,570.96,0.0,570.96,45270.54,27944.1,73214.64,Iron County
UT,Salt Lake County,2000,28346.7,66224.04,94570.74,5537.58,0.0,5537.58,2499.78,19379.7,21879.48,Salt Lake County
UT,San Juan County,2000,336.72,589.26,925.98,25.62,29.28,54.9,325.74,6855.18,7180.92,San Juan County
UT,Sanpete County,2000,1453.02,0.0,1453.02,172.01999999999998,0.0,172.01999999999998,1895.88,50573.880000000005,52469.76,Sanpete County
UT,Summit County,2000,3751.5,21.96,3773.46,3.66,3.66,7.32,164.70000000000002,33126.66,33291.36,Summit County
UT,Tooele County,2000,2616.9,215.94,2832.84,933.3,0.0,933.3,8388.720000000001,16477.32,24866.04,Tooele County
UT,Utah County,2000,31516.26,6328.139999999999,37844.4,5006.88,3034.14,8041.019999999999,18581.82,127532.7,146114.52000000002,Utah County
VT,Addison County,2000,574.62,333.06,907.68,21.96,47.58,69.54,7.32,62.220000000000006,69.54,Addison County
VT,Bennington County,2000,589.26,830.82,1420.08,51.24,40.26,91.5,14.64,153.72,168.36,Bennington County
VT,Caledonia County,2000,446.52,204.96,651.48,10.98,150.06,161.04,7.32,43.92,51.24,Caledonia County
VT,Chittenden County,2000,446.52,8315.52,8762.04,91.5,25.62,117.12,18.3,204.96,223.26,Chittenden County
VT,Essex County,2000,139.08,25.62,164.70000000000002,0.0,640.5,640.5,0.0,3.66,3.66,Essex County
VT,Franklin County,2000,322.08,761.28,1083.36,87.84,109.8,197.64,7.32,80.52,87.84,Franklin County
VT,Lamoille County,2000,325.74,51.24,376.98,21.96,0.0,21.96,3.66,51.24,54.9,Lamoille County
VT,Orange County,2000,281.82,150.06,431.88,18.3,3.66,21.96,3.66,47.58,51.24,Orange County
VT,Orleans County,2000,541.68,161.04,702.72,14.64,3.66,18.3,10.98,87.84,98.82,Orleans County
VT,Rutland County,2000,900.36,1343.22,2243.58,73.2,25.62,98.82,10.98,124.44,135.42,Rutland County
VT,Washington County,2000,783.24,1464.0,2247.24,40.26,0.0,40.26,7.32,98.82,106.14,Washington County
VT,Windham County,2000,450.18,728.34,1178.52,186.66,717.36,904.02,10.98,117.12,128.1,Windham County
VT,Windsor County,2000,1321.26,351.36,1672.62,131.76,14.64,146.4,14.64,153.72,168.36,Windsor County
VA,Accomack County,2000,300.12,0.0,300.12,1101.66,0.0,1101.66,369.66,955.26,1324.92,Accomack County
VA,Albemarle County,2000,14.64,4230.96,4245.599999999999,3.66,0.0,3.66,87.84,139.08,226.92,Albemarle County
VA,Appomattox County,2000,36.6,0.0,36.6,7.32,0.0,7.32,3.66,14.64,18.3,Appomattox County
VA,Augusta County,2000,2265.54,786.9,3052.44,980.88,0.0,980.88,7.32,76.86,84.18,Augusta County
VA,Bedford County,2000,54.9,472.14,527.04,3.66,139.08,142.74,0.0,102.48,102.48,Bedford County
VA,Botetourt County,2000,512.4,5058.12,5570.52,32.94,0.0,32.94,0.0,3.66,3.66,Botetourt County
VA,Campbell County,2000,245.22000000000003,1076.04,1321.26,150.06,1028.46,1178.52,0.0,95.16,95.16,Campbell County
VA,Caroline County,2000,120.78,0.0,120.78,0.0,874.74,874.74,3.66,201.3,204.96,Caroline County
VA,Charlotte County,2000,40.26,0.0,40.26,0.0,29.28,29.28,0.0,113.46,113.46,Charlotte County
VA,Chesterfield County,2000,0.0,11931.6,11931.6,124.44,12436.679999999998,12561.12,3.66,14.64,18.3,Chesterfield County
VA,Fairfax County,2000,73.2,27482.94,27556.140000000003,14.64,10.98,25.62,40.26,128.1,168.36,Fairfax County
VA,Grayson County,2000,51.24,25.62,76.86,0.0,3.66,3.66,0.0,3.66,3.66,Grayson County
VA,Halifax County,2000,25.62,647.82,673.44,0.0,18.3,18.3,10.98,472.14,483.12,Halifax County
VA,Hanover County,2000,446.52,867.4200000000001,1313.94,0.0,212.28,212.28,10.98,245.22000000000003,256.2,Hanover County
VA,Henry County,2000,21.96,1958.1,1980.06,995.52,3568.5,4564.02,36.6,36.6,73.2,Henry County
VA,Isle of Wight County,2000,527.04,51.24,578.28,12341.52,904.02,13245.54,0.0,91.5,91.5,Isle of Wight County
VA,James City County,2000,3524.5800000000004,175.68,3700.26,3.66,0.0,3.66,0.0,157.38,157.38,James City County
VA,King George County,2000,289.14,0.0,289.14,21.96,0.0,21.96,0.0,43.92,43.92,King George County
VA,King William County,2000,193.98,0.0,193.98,7126.02,0.0,7126.02,3.66,223.26,226.92,King William County
VA,Loudoun County,2000,336.72,5515.62,5852.34,36.6,0.0,36.6,0.0,73.2,73.2,Loudoun County
VA,Louisa County,2000,21.96,87.84,109.8,21.96,0.0,21.96,0.0,36.6,36.6,Louisa County
VA,Mecklenburg County,2000,193.98,538.02,732.0,0.0,1339.56,1339.56,3.66,333.06,336.72,Mecklenburg County
VA,Montgomery County,2000,47.58,2594.94,2642.52,0.0,4468.860000000001,4468.860000000001,0.0,43.92,43.92,Montgomery County
VA,Northampton County,2000,95.16,0.0,95.16,18.3,0.0,18.3,208.62,625.86,834.4799999999999,Northampton County
VA,Nottoway County,2000,18.3,193.98,212.28,25.62,0.0,25.62,0.0,25.62,25.62,Nottoway County
VA,Page County,2000,585.6,0.0,585.6,215.94,0.0,215.94,0.0,113.46,113.46,Page County
VA,Pittsylvania County,2000,0.0,391.62,391.62,21.96,1284.66,1306.62,0.0,519.72,519.72,Pittsylvania County
VA,Prince George County,2000,62.220000000000006,0.0,62.220000000000006,0.0,6101.22,6101.22,0.0,29.28,29.28,Prince George County
VA,Prince William County,2000,234.24,23650.92,23885.160000000003,36.6,3.66,40.26,14.64,18.3,32.94,Prince William County
VA,Pulaski County,2000,0.0,1467.66,1467.66,0.0,117.12,117.12,0.0,32.94,32.94,Pulaski County
VA,Roanoke County,2000,596.5799999999999,3780.78,4377.360000000001,0.0,3.66,3.66,0.0,18.3,18.3,Roanoke County
VA,Rockbridge County,2000,600.24,519.72,1119.96,691.74,0.0,691.74,10.98,21.96,32.94,Rockbridge County
VA,Rockingham County,2000,1603.08,3121.98,4725.06,4955.639999999999,0.0,4955.639999999999,21.96,292.8,314.76,Rockingham County
VA,Shenandoah County,2000,387.96,523.38,911.34,563.64,14.64,578.28,0.0,21.96,21.96,Shenandoah County
VA,Southampton County,2000,183.0,281.82,464.82,1840.98,0.0,1840.98,0.0,325.74,325.74,Southampton County
VA,Spotsylvania County,2000,0.0,1211.46,1211.46,3.66,234.24,237.9,0.0,18.3,18.3,Spotsylvania County
VA,Stafford County,2000,0.0,2602.26,2602.26,3.66,0.0,3.66,3.66,14.64,18.3,Stafford County
VA,Sussex County,2000,186.66,0.0,186.66,62.220000000000006,0.0,62.220000000000006,3.66,241.56,245.22000000000003,Sussex County
VA,Warren County,2000,18.3,3418.44,3436.74,0.0,10.98,10.98,25.62,0.0,25.62,Warren County
VA,Westmoreland County,2000,333.06,0.0,333.06,7.32,0.0,7.32,14.64,131.76,146.4,Westmoreland County
VA,Chesapeake County,2000,1657.98,2781.6,4439.58,18.3,0.0,18.3,0.0,3.66,3.66,Chesapeake city
VA,Danville County,2000,0.0,2715.72,2715.72,0.0,2902.38,2902.38,0.0,7.32,7.32,Danville city
VA,Newport News County,2000,860.1,9578.22,10438.32,0.0,3938.16,3938.16,0.0,80.52,80.52,Newport News city
VA,Norfolk County,2000,0.0,849.1199999999999,849.1199999999999,80.52,0.0,80.52,10.98,25.62,36.6,Norfolk city
VA,Richmond County,2000,0.0,32584.98,32584.98,7.32,0.0,7.32,21.96,18.3,40.26,Richmond city
VA,Suffolk County,2000,1972.74,26985.18,28957.92,21.96,0.0,21.96,0.0,164.70000000000002,164.70000000000002,Suffolk city
VA,Virginia Beach County,2000,0.0,3.66,3.66,3.66,0.0,3.66,43.92,131.76,175.68,Virginia Beach city
VA,Waynesboro County,2000,1043.1,0.0,1043.1,1628.7,0.0,1628.7,0.0,14.64,14.64,Waynesboro city
WA,Adams County,2000,2349.72,120.78,2470.5,816.18,0.0,816.18,39224.22,29195.82,68420.04,Adams County
WA,Benton County,2000,4571.34,2276.52,6847.860000000001,3572.16,23907.12,27479.28,6664.860000000001,80739.59999999999,87404.46,Benton County
WA,Chelan County,2000,3740.52,647.82,4388.34,0.0,5303.34,5303.34,1149.24,17644.86,18794.1,Chelan County
WA,Clallam County,2000,2906.04,76.86,2982.9,7.32,3.66,10.98,65.88,2247.24,2313.12,Clallam County
WA,Clark County,2000,13948.26,534.36,14482.62,25191.78,22340.64,47532.42,1427.4,721.02,2148.42,Clark County
WA,Columbia County,2000,241.56,0.0,241.56,29.28,0.0,29.28,102.48,1504.2600000000002,1606.7399999999998,Columbia County
WA,Cowlitz County,2000,1057.74,3202.5,4260.24,0.0,55544.16,55544.16,0.0,1357.86,1357.86,Cowlitz County
WA,Douglas County,2000,1562.82,0.0,1562.82,1222.44,0.0,1222.44,1130.94,8008.08,9139.02,Douglas County
WA,Ferry County,2000,179.34,10.98,190.32,106.14,0.0,106.14,296.46000000000004,1372.5,1668.9599999999998,Ferry County
WA,Franklin County,2000,691.74,4951.98,5643.72,640.5,0.0,640.5,44004.18,116205.0,160209.18,Franklin County
WA,Garfield County,2000,120.78,0.0,120.78,3.66,0.0,3.66,10.98,190.32,201.3,Garfield County
WA,Grant County,2000,7682.339999999999,208.62,7890.959999999999,1174.86,0.0,1174.86,94541.46,246870.66,341412.12,Grant County
WA,Grays Harbor County,2000,2166.72,2126.46,4293.18,446.52,2755.98,3202.5,761.28,512.4,1273.68,Grays Harbor County
WA,Island County,2000,1716.5400000000002,816.18,2532.72,3.66,0.0,3.66,351.36,139.08,490.44000000000005,Island County
WA,Jefferson County,2000,501.42,464.82,966.24,0.0,2540.04,2540.04,362.34,172.01999999999998,534.36,Jefferson County
WA,King County,2000,28668.78,92605.32,121274.1,1141.92,973.56,2115.48,1361.52,1335.9,2697.42,King County
WA,Kitsap County,2000,6485.52,2108.16,8593.68,7.32,25.62,32.94,153.72,424.56,578.28,Kitsap County
WA,Kittitas County,2000,2045.94,369.66,2415.6,516.06,0.0,516.06,0.0,73042.62,73042.62,Kittitas County
WA,Klickitat County,2000,867.4200000000001,468.48,1335.9,0.0,1017.48,1017.48,6060.959999999999,3714.9,9775.86,Klickitat County
WA,Lewis County,2000,1456.68,1123.62,2580.3,1123.62,0.0,1123.62,1163.88,1226.1,2389.98,Lewis County
WA,Lincoln County,2000,819.84,0.0,819.84,3.66,0.0,3.66,10222.38,3026.82,13249.2,Lincoln County
WA,Mason County,2000,1390.8,0.0,1390.8,150.06,3568.5,3718.56,150.06,150.06,300.12,Mason County
WA,Okanogan County,2000,2342.4,230.58,2572.98,1383.48,0.0,1383.48,7265.1,19489.5,26754.6,Okanogan County
WA,Pacific County,2000,314.76,1079.7,1394.46,73.2,102.48,175.68,428.22,823.5,1251.72,Pacific County
WA,Pend Oreille County,2000,215.94,47.58,263.52,0.0,336.72,336.72,102.48,168.36,270.84,Pend Oreille County
WA,Pierce County,2000,19756.68,24068.160000000003,43824.84,4728.72,11038.56,15767.28,1976.4,1065.06,3041.46,Pierce County
WA,San Juan County,2000,113.46,223.26,336.72,142.74,0.0,142.74,10.98,84.18,95.16,San Juan County
WA,Skagit County,2000,406.2600000000001,8601.0,9007.26,3.66,7.32,10.98,2507.1,772.26,3279.36,Skagit County
WA,Skamania County,2000,135.42,292.8,428.22,0.0,4128.48,4128.48,0.0,183.0,183.0,Skamania County
WA,Snohomish County,2000,2518.08,23493.54,26011.62,852.78,20455.74,21308.52,830.82,860.1,1690.92,Snohomish County
WA,Spokane County,2000,40142.880000000005,62.220000000000006,40205.1,3001.2,12799.02,15800.22,3220.8,907.68,4128.48,Spokane County
WA,Stevens County,2000,1789.7399999999998,0.0,1789.7399999999998,0.0,43.92,43.92,563.64,2993.88,3557.5200000000004,Stevens County
WA,Thurston County,2000,4190.7,4893.42,9084.12,1529.88,0.0,1529.88,1826.34,823.5,2649.84,Thurston County
WA,Wahkiakum County,2000,25.62,87.84,113.46,25.62,0.0,25.62,29.28,62.220000000000006,91.5,Wahkiakum County
WA,Walla Walla County,2000,900.36,3557.5200000000004,4457.88,300.12,5665.68,5965.8,15478.14,30088.86,45567.0,Walla Walla County
WA,Whatcom County,2000,1698.2399999999998,16510.26,18208.5,0.0,2682.78,2682.78,6877.139999999999,2239.92,9117.06,Whatcom County
WA,Yakima County,2000,6302.52,6862.5,13165.02,2382.66,0.0,2382.66,22746.9,186378.18,209125.08,Yakima County
WV,Jefferson County,2000,695.4,113.46,808.86,29.28,2898.72,2928.0,3.66,3.66,7.32,Jefferson County
WV,Pendleton County,2000,32.94,131.76,164.70000000000002,0.0,29.28,29.28,3.66,3.66,7.32,Pendleton County
WI,Adams County,2000,128.1,0.0,128.1,32.94,0.0,32.94,14713.2,0.0,14713.2,Adams County
WI,Barron County,2000,1603.08,0.0,1603.08,691.74,395.28,1087.02,2221.62,10.98,2232.6,Barron County
WI,Bayfield County,2000,135.42,0.0,135.42,0.0,80.52,80.52,51.24,0.0,51.24,Bayfield County
WI,Brown County,2000,4205.34,7199.22,11404.56,409.92,25213.74,25623.660000000003,263.52,0.0,263.52,Brown County
WI,Burnett County,2000,128.1,0.0,128.1,69.54,0.0,69.54,267.18,0.0,267.18,Burnett County
WI,Calumet County,2000,1723.86,0.0,1723.86,128.1,0.0,128.1,80.52,0.0,80.52,Calumet County
WI,Chippewa County,2000,1826.34,0.0,1826.34,406.2600000000001,0.0,406.2600000000001,534.36,18.3,552.66,Chippewa County
WI,Clark County,2000,552.66,0.0,552.66,58.56,0.0,58.56,18.3,0.0,18.3,Clark County
WI,Columbia County,2000,1409.1,0.0,1409.1,322.08,490.44000000000005,812.5200000000001,62.220000000000006,10.98,73.2,Columbia County
WI,Crawford County,2000,772.26,0.0,772.26,69.54,0.0,69.54,32.94,0.0,32.94,Crawford County
WI,Dane County,2000,17622.899999999998,0.0,17622.899999999998,1592.1,0.0,1592.1,413.58,21.96,435.54,Dane County
WI,Dodge County,2000,2576.64,0.0,2576.64,841.8,0.0,841.8,43.92,14.64,58.56,Dodge County
WI,Door County,2000,757.6199999999999,0.0,757.6199999999999,3.66,0.0,3.66,197.64,3.66,201.3,Door County
WI,Douglas County,2000,3.66,1390.8,1394.46,0.0,234.24,234.24,73.2,0.0,73.2,Douglas County
WI,Dunn County,2000,830.82,0.0,830.82,322.08,0.0,322.08,2942.64,3.66,2946.3,Dunn County
WI,Eau Claire County,2000,3553.86,0.0,3553.86,1101.66,1141.92,2243.58,355.02,3.66,358.68,Eau Claire County
WI,Fond du Lac County,2000,4930.02,0.0,4930.02,530.6999999999999,0.0,530.6999999999999,54.9,0.0,54.9,Fond du Lac County
WI,Grant County,2000,1255.38,0.0,1255.38,322.08,0.0,322.08,65.88,0.0,65.88,Grant County
WI,Green County,2000,1101.66,0.0,1101.66,10.98,0.0,10.98,296.46000000000004,25.62,322.08,Green County
WI,Green Lake County,2000,563.64,0.0,563.64,289.14,0.0,289.14,161.04,32.94,193.98,Green Lake County
WI,Jackson County,2000,270.84,0.0,270.84,190.32,0.0,190.32,29.28,3.66,32.94,Jackson County
WI,Jefferson County,2000,3517.26,0.0,3517.26,1676.28,0.0,1676.28,732.0,91.5,823.5,Jefferson County
WI,Juneau County,2000,479.46,0.0,479.46,54.9,0.0,54.9,1745.82,0.0,1745.82,Juneau County
WI,Kenosha County,2000,29.28,5662.02,5691.3,0.0,201.3,201.3,91.5,0.0,91.5,Kenosha County
WI,Kewaunee County,2000,391.62,0.0,391.62,18.3,0.0,18.3,25.62,0.0,25.62,Kewaunee County
WI,La Crosse County,2000,6642.9,0.0,6642.9,1101.66,0.0,1101.66,142.74,0.0,142.74,La Crosse County
WI,Langlade County,2000,424.56,0.0,424.56,0.0,21.96,21.96,1515.2399999999998,10.98,1526.22,Langlade County
WI,Lincoln County,2000,1116.3,0.0,1116.3,0.0,2082.54,2082.54,29.28,0.0,29.28,Lincoln County
WI,Manitowoc County,2000,384.3,3821.04,4205.34,395.28,172.01999999999998,567.3000000000001,120.78,0.0,120.78,Manitowoc County
WI,Marathon County,2000,5859.660000000001,0.0,5859.660000000001,201.3,10313.88,10515.18,662.46,0.0,662.46,Marathon County
WI,Marinette County,2000,439.2,841.8,1281.0,1950.78,2935.32,4886.099999999999,812.5200000000001,10.98,823.5,Marinette County
WI,Marquette County,2000,186.66,0.0,186.66,157.38,0.0,157.38,14.64,10.98,25.62,Marquette County
WI,Milwaukee County,2000,274.5,63555.9,63830.4,1738.5,3502.62,5241.12,296.46000000000004,0.0,296.46000000000004,Milwaukee County
WI,Monroe County,2000,1244.4,0.0,1244.4,58.56,0.0,58.56,91.5,3.66,95.16,Monroe County
WI,Oconto County,2000,483.12,0.0,483.12,0.0,340.38,340.38,263.52,3.66,267.18,Oconto County
WI,Oneida County,2000,947.94,0.0,947.94,0.0,9805.14,9805.14,95.16,18.3,113.46,Oneida County
WI,Outagamie County,2000,2269.2000000000003,3235.44,5504.639999999999,3092.7,15104.820000000002,18197.52,139.08,0.0,139.08,Outagamie County
WI,Ozaukee County,2000,1551.84,523.38,2075.22,168.36,0.0,168.36,168.36,18.3,186.66,Ozaukee County
WI,Pierce County,2000,721.02,0.0,721.02,25.62,0.0,25.62,102.48,0.0,102.48,Pierce County
WI,Polk County,2000,988.2,0.0,988.2,7.32,0.0,7.32,58.56,3.66,62.220000000000006,Polk County
WI,Portage County,2000,3195.1800000000003,0.0,3195.1800000000003,2148.42,2276.52,4424.94,22315.02,7.32,22322.34,Portage County
WI,Price County,2000,420.9,0.0,420.9,0.0,1936.14,1936.14,47.58,0.0,47.58,Price County
WI,Racine County,2000,1372.5,8681.52,10054.02,988.2,457.5,1445.7,702.72,87.84,790.5600000000001,Racine County
WI,Richland County,2000,380.64,0.0,380.64,102.48,0.0,102.48,21.96,0.0,21.96,Richland County
WI,Rock County,2000,7385.88,0.0,7385.88,893.04,0.0,893.04,1211.46,65.88,1277.34,Rock County
WI,Rusk County,2000,252.54,0.0,252.54,0.0,248.88,248.88,322.08,0.0,322.08,Rusk County
WI,St Croix County,2000,1281.0,0.0,1281.0,497.7600000000001,0.0,497.7600000000001,168.36,0.0,168.36,St. Croix County
WI,Sauk County,2000,2298.48,0.0,2298.48,1489.62,0.0,1489.62,307.44,0.0,307.44,Sauk County
WI,Sawyer County,2000,318.42,0.0,318.42,7.32,0.0,7.32,109.8,0.0,109.8,Sawyer County
WI,Shawano County,2000,805.2,0.0,805.2,0.0,10.98,10.98,51.24,0.0,51.24,Shawano County
WI,Sheboygan County,2000,1559.16,5673.0,7232.160000000001,464.82,0.0,464.82,135.42,10.98,146.4,Sheboygan County
WI,Trempealeau County,2000,988.2,0.0,988.2,142.74,0.0,142.74,62.220000000000006,7.32,69.54,Trempealeau County
WI,Walworth County,2000,3224.46,0.0,3224.46,366.0,0.0,366.0,234.24,7.32,241.56,Walworth County
WI,Washington County,2000,3539.22,0.0,3539.22,47.58,0.0,47.58,109.8,3.66,113.46,Washington County
WI,Waukesha County,2000,9761.22,0.0,9761.22,772.26,117.12,889.3800000000001,980.88,0.0,980.88,Waukesha County
WI,Waupaca County,2000,2371.6800000000003,0.0,2371.6800000000003,51.24,0.0,51.24,684.4200000000001,0.0,684.4200000000001,Waupaca County
WI,Winnebago County,2000,1665.3,6463.56,8128.860000000001,1932.48,15167.04,17099.52,113.46,3.66,117.12,Winnebago County
WI,Wood County,2000,2730.36,0.0,2730.36,2419.26,41050.56,43469.82,1002.84,18.3,1021.14,Wood County
WY,Albany County,2000,1412.76,1002.84,2415.6,14.64,10.98,25.62,0.0,123019.92,123019.92,Albany County
WY,Big Horn County,2000,1083.36,0.0,1083.36,3.66,10.98,14.64,779.5799999999999,140924.64,141704.22,Big Horn County
WY,Campbell County,2000,688.0799999999999,0.0,688.0799999999999,91.5,54.9,146.4,461.16,14951.1,15412.26,Campbell County
WY,Carbon County,2000,662.46,574.62,1237.08,47.58,25.62,73.2,391.62,114268.86,114660.48,Carbon County
WY,Converse County,2000,838.14,29.28,867.4200000000001,3.66,3.66,7.32,1496.94,67472.09999999999,68969.04,Converse County
WY,Crook County,2000,2492.46,0.0,2492.46,3.66,0.0,3.66,1215.12,22757.88,23973.0,Crook County
WY,Fremont County,2000,940.62,1467.66,2408.28,76.86,47.58,124.44,0.0,150371.1,150371.1,Fremont County
WY,Goshen County,2000,1112.64,0.0,1112.64,3.66,32.94,36.6,34938.36,110334.36,145272.72,Goshen County
WY,Hot Springs County,2000,128.1,366.0,494.1,3.66,0.0,3.66,911.34,27303.6,28214.94,Hot Springs County
WY,Johnson County,2000,32.94,376.98,409.92,21.96,10.98,32.94,131.76,43575.96,43707.72,Johnson County
WY,Laramie County,2000,1756.8,3766.14,5522.94,702.72,7.32,710.04,51701.16,20708.28,72409.44,Laramie County
WY,Lincoln County,2000,2642.52,289.14,2931.66,10.98,0.0,10.98,1123.62,63812.1,64935.72,Lincoln County
WY,Natrona County,2000,3037.8,1401.78,4439.58,256.2,153.72,409.92,0.0,63501.0,63501.0,Natrona County
WY,Niobrara County,2000,131.76,0.0,131.76,3.66,3.66,7.32,20192.22,2093.52,22285.74,Niobrara County
WY,Park County,2000,51.24,1043.1,1094.34,21.96,14.64,36.6,0.0,123861.72,123861.72,Park County
WY,Platte County,2000,684.4200000000001,0.0,684.4200000000001,7.32,3.66,10.98,16228.44,76991.76000000001,93220.2,Platte County
WY,Sheridan County,2000,10.98,2016.66,2027.64,25.62,18.3,43.92,0.0,80651.76000000001,80651.76000000001,Sheridan County
WY,Sweetwater County,2000,69.54,3191.5200000000004,3261.06,150.06,32.94,183.0,3561.1800000000003,30348.72,33909.9,Sweetwater County
WY,Teton County,2000,2239.92,14.64,2254.56,32.94,21.96,54.9,0.0,14299.62,14299.62,Teton County
WY,Uinta County,2000,95.16,1786.08,1881.24,80.52,54.9,135.42,7019.88,59844.66,66864.54,Uinta County
WY,Washakie County,2000,139.08,0.0,139.08,0.0,14.64,14.64,1844.64,59687.280000000006,61531.92,Washakie County
WY,Weston County,2000,483.12,0.0,483.12,14.64,14.64,29.28,135.42,7792.139999999999,7927.56,Weston County
PR,Guayama County,2000,164.70000000000002,2481.48,2646.1800000000003,512.4,0.0,512.4,387.96,768.6,1156.56,Guayama Municipio
PR,Humacao County,2000,0.0,1017.48,1017.48,164.70000000000002,0.0,164.70000000000002,0.0,76.86,76.86,Humacao Municipio
PR,Ponce County,2000,2064.24,9530.64,11594.88,274.5,0.0,274.5,1002.84,0.0,1002.84,Ponce Municipio
AL,Autauga County,2005,1160.7,0.0,1160.7,605.9,11179.95,11785.85,876.0,138.7,1014.7,Autauga County
AL,Barbour County,2005,1514.7500000000002,0.0,1514.7500000000002,430.7,0.0,430.7,328.5,981.85,1310.35,Barbour County
AL,Butler County,2005,1095.0,0.0,1095.0,113.15,0.0,113.15,14.6,182.5,197.1,Butler County
AL,Calhoun County,2005,7208.75,857.75,8066.500000000001,401.50000000000006,0.0,401.50000000000006,0.0,1562.2,1562.2,Calhoun County
AL,Chambers County,2005,0.0,1912.6,1912.6,0.0,788.4000000000001,788.4000000000001,58.4,21.9,80.3,Chambers County
AL,Choctaw County,2005,474.5,0.0,474.5,0.0,17304.649999999998,17304.649999999998,0.0,21.9,21.9,Choctaw County
AL,Cleburne County,2005,0.0,186.15,186.15,259.15,0.0,259.15,0.0,21.9,21.9,Cleburne County
AL,Coffee County,2005,2434.55,0.0,2434.55,313.9,0.0,313.9,237.25,1025.65,1262.9,Coffee County
AL,Colbert County,2005,470.85,3018.55,3489.4,317.55,20283.05,20600.6,343.1,511.0,854.0999999999999,Colbert County
AL,Covington County,2005,1598.7,0.0,1598.7,156.95,0.0,156.95,777.4499999999999,160.6,938.05,Covington County
AL,Cullman County,2005,182.5,9676.15,9858.65,0.0,653.35,653.35,405.15,54.75,459.9,Cullman County
AL,De Kalb County,2005,492.75000000000006,3128.05,3620.8,237.25,0.0,237.25,302.95,532.9,835.85,DeKalb County
AL,Escambia County,2005,2299.5,0.0,2299.5,624.15,11705.55,12329.7,204.4,313.9,518.3,Escambia County
AL,Etowah County,2005,1627.9,5423.9,7051.8,0.0,3602.55,3602.55,36.5,343.1,379.6,Etowah County
AL,Hale County,2005,1051.2,0.0,1051.2,7.3,0.0,7.3,7.3,29.2,36.5,Hale County
AL,Henry County,2005,689.8499999999999,0.0,689.8499999999999,167.9,0.0,167.9,500.05,573.0500000000001,1073.1,Henry County
AL,Jackson County,2005,233.6,3679.2,3912.8,0.0,3204.7,3204.7,14.6,244.55,259.15000000000003,Jackson County
AL,Jefferson County,2005,3036.8,23732.3,26769.1,146.0,0.0,146.0,32.85,996.45,1029.3,Jefferson County
AL,Lamar County,2005,536.55,0.0,536.55,25.55,0.0,25.55,3.65,98.55,102.2,Lamar County
AL,Lawrence County,2005,0.0,2522.15,2522.15,0.0,20870.7,20870.7,135.05,518.3000000000001,653.35,Lawrence County
AL,Lee County,2005,299.29999999999995,5668.45,5967.750000000001,0.0,813.95,813.95,131.4,452.6,584.0,Lee County
AL,Macon County,2005,496.4,989.15,1485.5500000000002,18.25,0.0,18.25,1084.0500000000002,854.0999999999999,1938.15,Macon County
AL,Madison County,2005,8654.15,14180.25,22834.4,0.0,324.85,324.85,587.6500000000001,1204.5,1792.15,Madison County
AL,Marengo County,2005,989.15,0.0,989.15,365.0,6599.2,6964.2,3.65,51.1,54.75,Marengo County
AL,Marshall County,2005,1087.7,7727.05,8814.75,131.4,0.0,131.4,0.0,248.2,248.2,Marshall County
AL,Mobile County,2005,4150.049999999999,23889.25,28039.3,2069.55,0.0,2069.55,51.1,350.4,401.50000000000006,Mobile County
AL,Monroe County,2005,1405.25,0.0,1405.25,146.0,19932.65,20078.65,146.0,21.9,167.9,Monroe County
AL,Montgomery County,2005,10548.5,12983.05,23531.55,3.65,0.0,3.65,127.75,299.3,427.05,Montgomery County
AL,Morgan County,2005,0.0,11103.3,11103.3,470.85,32616.4,33087.25,43.8,270.1,313.9,Morgan County
AL,Pickens County,2005,989.15,0.0,989.15,43.8,0.0,43.8,116.8,149.64999999999998,266.45,Pickens County
AL,Russell County,2005,390.55,2569.6,2960.15,335.8,10074.0,10409.8,0.0,2208.25,2208.25,Russell County
AL,St Clair County,2005,2967.4500000000003,0.0,2967.4500000000003,0.0,1277.5,1277.5,0.0,2690.05,2690.05,St. Clair County
AL,Sumter County,2005,664.3000000000001,0.0,664.3000000000001,0.0,445.3,445.3,7.3,29.2,36.5,Sumter County
AL,Talladega County,2005,2321.4,4423.799999999999,6745.2,459.9,19476.4,19936.3,62.05,861.4,923.45,Talladega County
AL,Tuscaloosa County,2005,292.0,10033.85,10325.85,284.7,416.1,700.8,138.7,1481.9,1620.6,Tuscaloosa County
AL,Washington County,2005,434.35,0.0,434.35,1945.45,1573.15,3518.6000000000004,10.95,29.2,40.15,Washington County
AL,Wilcox County,2005,372.3,0.0,372.3,0.0,7679.599999999999,7679.599999999999,124.1,7.3,131.4,Wilcox County
AK,Municipality of Anchorage County,2005,3723.0,9274.65,12997.65,91.25,0.0,91.25,87.6,0.0,87.6,Anchorage Municipality
AK,Denali Borough County,2005,3.65,0.0,3.65,18.25,0.0,18.25,18.25,0.0,18.25,Denali Borough
AK,Matanuska Susitna Borough County,2005,481.8,0.0,481.8,58.4,0.0,58.4,124.1,7.3,131.4,Matanuska-Susitna Borough
AZ,Cochise County,2005,5825.400000000001,0.0,5825.400000000001,51.1,0.0,51.1,82125.0,1653.45,83778.45,Cochise County
AZ,Coconino County,2005,4894.65,2204.6,7099.25,18.25,0.0,18.25,87.6,200.75000000000003,288.35,Coconino County
AZ,Gila County,2005,2241.1,0.0,2241.1,10.95,0.0,10.95,635.1,193.45,828.55,Gila County
AZ,Graham County,2005,1719.15,18.25,1737.4,62.05,0.0,62.05,25020.75,35773.65,60794.4,Graham County
AZ,La Paz County,2005,1193.55,149.64999999999998,1343.2,29.2,0.0,29.2,27531.95,200049.2,227581.15,La Paz County
AZ,Maricopa County,2005,81734.45,204323.35,286057.8,2011.15,0.0,2011.15,338647.0,75401.70000000001,414048.7,Maricopa County
AZ,Mohave County,2005,15198.6,98.55,15297.15,40.15,0.0,40.15,10150.65,24108.25,34258.9,Mohave County
AZ,Navajo County,2005,4314.3,0.0,4314.3,4639.150000000001,0.0,4639.150000000001,2591.5,3222.95,5814.45,Navajo County
AZ,Pima County,2005,58078.8,0.0,58078.8,175.2,0.0,175.2,31674.7,7445.999999999999,39120.7,Pima County
AZ,Pinal County,2005,14249.6,1919.9,16169.499999999998,678.9000000000001,0.0,678.9000000000001,237111.3,212944.65,450055.95,Pinal County
AZ,Yavapai County,2005,9201.65,0.0,9201.65,405.15,0.0,405.15,5197.6,11041.25,16238.85,Yavapai County
AZ,Yuma County,2005,3168.2,10895.25,14063.45,73.0,0.0,73.0,59173.8,351020.5,410194.3000000001,Yuma County
AR,Ashley County,2005,773.8000000000001,0.0,773.8000000000001,2263.0,19275.65,21538.65,45573.9,4693.9,50267.8,Ashley County
AR,Benton County,2005,401.50000000000006,21166.35,21567.85,0.0,58.4,58.4,25.55,29.2,54.75,Benton County
AR,Clark County,2005,25.55,1029.3,1054.85,98.55,0.0,98.55,0.0,1124.2,1124.2,Clark County
AR,Conway County,2005,0.0,1460.0,1460.0,0.0,2781.3,2781.3,708.1,1715.5,2423.6000000000004,Conway County
AR,Crawford County,2005,0.0,2124.3,2124.3,0.0,164.25,164.25,18.25,361.35,379.6,Crawford County
AR,Crittenden County,2005,3091.55,0.0,3091.55,109.5,0.0,109.5,54406.9,350.4,54757.3,Crittenden County
AR,Cross County,2005,890.6,0.0,890.6,146.0,0.0,146.0,217686.0,16403.1,234089.1,Cross County
AR,Desha County,2005,795.7,0.0,795.7,1164.35,3620.8,4785.15,105587.2,35299.149999999994,140886.35,Desha County
AR,Garland County,2005,47.45,6040.75,6088.2,21.9,857.75,879.6500000000001,0.0,208.05,208.05,Garland County
AR,Grant County,2005,740.9499999999999,0.0,740.9499999999999,54.75,0.0,54.75,83.95,0.0,83.95,Grant County
AR,Hot Spring County,2005,0.0,1328.6,1328.6,0.0,14.6,14.6,0.0,2660.85,2660.85,Hot Spring County
AR,Independence County,2005,317.55,2014.8,2332.35,0.0,11902.65,11902.65,14764.250000000002,5628.3,20392.550000000003,Independence County
AR,Izard County,2005,368.65,0.0,368.65,0.0,1040.25,1040.25,146.0,0.0,146.0,Izard County
AR,Jefferson County,2005,5201.25,0.0,5201.25,15527.1,0.0,15527.1,80562.8,18585.8,99148.6,Jefferson County
AR,Little River County,2005,222.65,346.75,569.4,87.6,478.15,565.75,1164.35,2711.95,3876.3,Little River County
AR,Lonoke County,2005,2368.85,0.0,2368.85,215.35,0.0,215.35,131213.85,38985.65,170199.5,Lonoke County
AR,Mississippi County,2005,1478.25,0.0,1478.25,788.4000000000001,0.0,788.4000000000001,98758.05,773.8000000000001,99531.85,Mississippi County
AR,Nevada County,2005,54.75,281.05,335.8,62.05,0.0,62.05,0.0,127.75,127.75,Nevada County
AR,Saline County,2005,594.9499999999999,2164.45,2759.4,0.0,124.1,124.1,7.3,219.0,226.3,Saline County
AR,Sharp County,2005,1387.0,0.0,1387.0,0.0,182.5,182.5,0.0,40.15,40.15,Sharp County
CA,Alameda County,2005,19049.35,38113.3,57162.65,14.6,3.65,18.25,1737.4,671.6,2409.0,Alameda County
CA,Alpine County,2005,3.65,25.55,29.2,0.0,14.6,14.6,0.0,5456.75,5456.75,Alpine County
CA,Amador County,2005,47.45,2142.55,2190.0,0.0,36.5,36.5,1292.1,2774.0,4066.1,Amador County
CA,Butte County,2005,3712.05,11136.15,14848.2,452.6,10.95,463.55,96922.1,164461.69999999998,261383.8,Butte County
CA,Calaveras County,2005,963.6,1441.75,2405.35,0.0,649.7,649.7,208.05,1354.15,1562.2,Calaveras County
CA,Colusa County,2005,233.6,350.4,584.0,456.25,1036.6,1492.85,49997.7,281805.55000000005,331803.25,Colusa County
CA,Contra Costa County,2005,7592.0,55673.45,63265.45,47.45,8551.95,8599.4,1974.65,38675.4,40650.05,Contra Costa County
CA,Del Norte County,2005,0.0,868.6999999999999,868.6999999999999,3.65,251.85,255.5,1719.15,21.9,1741.05,Del Norte County
CA,Fresno County,2005,15643.9,158169.09999999998,173813.0,62.05,0.0,62.05,278765.1,706267.7,985032.8,Fresno County
CA,Glenn County,2005,365.0,912.5,1277.5,332.15000000000003,697.15,1029.3,99947.95,166498.40000000002,266446.35,Glenn County
CA,Humboldt County,2005,474.5,4277.8,4752.3,3551.4500000000003,0.0,3551.4500000000003,11895.35,554.8,12450.150000000003,Humboldt County
CA,Imperial County,2005,2555.0,8515.449999999999,11070.45,0.0,427.05,427.05,7657.7,757988.2,765645.8999999999,Imperial County
CA,Inyo County,2005,120.45,1029.3,1149.75,3.65,0.0,3.65,14939.45,7358.4,22297.85,Inyo County
CA,Kern County,2005,24480.55,89136.65000000001,113617.2,87.6,452.6,540.2,349016.65,462652.1,811668.75,Kern County
CA,Kings County,2005,1817.7,18377.75,20195.45,10.95,0.0,10.95,193015.65,283564.85,476580.5,Kings County
CA,Lake County,2005,0.0,2211.9,2211.9,73.0,32.85,105.85,9395.1,4310.650000000001,13705.749999999998,Lake County
CA,Lassen County,2005,142.35,1131.5,1273.85,2657.2000000000003,0.0,2657.2000000000003,25079.15,53005.3,78084.45,Lassen County
CA,Los Angeles County,2005,120698.2,558066.75,678764.9500000001,4259.55,0.0,4259.55,15986.999999999998,6215.950000000001,22202.95,Los Angeles County
CA,Madera County,2005,1704.55,17220.7,18925.25,14.6,0.0,14.6,138126.95,142047.05000000002,280174.0,Madera County
CA,Mariposa County,2005,149.64999999999998,1503.8,1653.45,3.65,0.0,3.65,762.8499999999999,0.0,762.8499999999999,Mariposa County
CA,Mendocino County,2005,989.15,3803.3,4792.450000000001,43.8,0.0,43.8,6110.099999999999,8843.95,14954.05,Mendocino County
CA,Merced County,2005,3584.3,36251.8,39836.1,25.55,0.0,25.55,150288.75,375194.45,525483.2000000001,Merced County
CA,Modoc County,2005,146.0,219.0,365.0,91.25,0.0,91.25,27696.2,84139.8,111836.0,Modoc County
CA,Monterey County,2005,2237.45,29743.85,31981.300000000003,43.8,0.0,43.8,150825.30000000002,0.0,150825.30000000002,Monterey County
CA,Orange County,2005,17859.45,122209.3,140068.75,116.8,0.0,116.8,4675.650000000001,0.0,4675.650000000001,Orange County
CA,Plumas County,2005,0.0,1062.15,1062.15,989.15,0.0,989.15,4551.55,21107.95,25659.5,Plumas County
CA,Riverside County,2005,31408.25,127534.65,158942.9,427.05,0.0,427.05,71715.2,184416.25,256131.45,Riverside County
CA,San Benito County,2005,343.1,4580.75,4923.85,10.95,0.0,10.95,13326.15,5183.0,18509.15,San Benito County
CA,San Bernardino County,2005,28042.95,104736.75,132779.69999999998,810.3000000000001,0.0,810.3000000000001,48030.35,0.0,48030.35,San Bernardino County
CA,San Diego County,2005,27203.45,129731.95,156935.4,109.5,0.0,109.5,8964.4,55071.2,64035.6,San Diego County
CA,San Luis Obispo County,2005,5854.599999999999,7354.749999999999,13209.35,427.05,0.0,427.05,42310.8,2226.5,44537.3,San Luis Obispo County
CA,San Mateo County,2005,17556.5,35113.0,52669.50000000001,390.55,0.0,390.55,481.8,317.55,799.35,San Mateo County
CA,Santa Barbara County,2005,10336.8,9741.85,20078.65,178.85,0.0,178.85,61429.50000000001,1251.95,62681.45,Santa Barbara County
CA,Santa Clara County,2005,5635.599999999999,78993.29999999999,84628.90000000001,54.75,0.0,54.75,15906.7,1456.35,17363.05,Santa Clara County
CA,Santa Cruz County,2005,1189.9,15815.45,17005.350000000002,47.45,0.0,47.45,4190.2,0.0,4190.2,Santa Cruz County
CA,Shasta County,2005,2766.7,13833.5,16600.199999999997,5190.3,0.0,5190.3,8603.05,43953.3,52556.350000000006,Shasta County
CA,Siskiyou County,2005,1022.0,1365.1,2387.1,335.8,0.0,335.8,47862.45,83074.0,130936.45,Siskiyou County
CA,Solano County,2005,10530.25,13413.75,23944.0,25.55,0.0,25.55,80113.85,65440.85,145554.69999999998,Solano County
CA,Sonoma County,2005,5854.599999999999,11851.55,17706.149999999998,164.25,0.0,164.25,10807.65,6015.2,16822.850000000002,Sonoma County
CA,Stanislaus County,2005,8106.650000000001,81964.4,90071.05,69.35,0.0,69.35,94611.65,324028.75,418640.4,Stanislaus County
CA,Tehama County,2005,1284.8,1284.8,2569.6,715.4,0.0,715.4,70032.55,24367.4,94399.95,Tehama County
CA,Trinity County,2005,0.0,408.8,408.8,379.6,0.0,379.6,1043.9,105.85,1149.75,Trinity County
CA,Tulare County,2005,5456.75,55158.8,60615.55,43.8,0.0,43.8,360054.25,383859.5500000001,743913.7999999999,Tulare County
CA,Ventura County,2005,4704.85,41533.350000000006,46238.2,32.85,0.0,32.85,53782.75,19892.5,73675.25,Ventura County
CO,Adams County,2005,4467.6,14172.95,18640.55,259.15,631.45,890.6,751.9,43814.600000000006,44566.5,Adams County
CO,Arapahoe County,2005,2558.65,25064.55,27623.2,3.65,0.0,3.65,1230.05,1898.0,3128.05,Arapahoe County
CO,Boulder County,2005,80.3,16571.0,16651.3,0.0,149.64999999999998,149.64999999999998,14.6,55246.4,55260.99999999999,Boulder County
CO,Cheyenne County,2005,153.29999999999998,0.0,153.29999999999998,0.0,7.3,7.3,13786.05,105.85,13891.9,Cheyenne County
CO,Clear Creek County,2005,332.15000000000003,142.35,474.5,0.0,25.55,25.55,0.0,25.55,25.55,Clear Creek County
CO,Delta County,2005,339.45000000000005,1810.4,2149.85,0.0,83.95,83.95,3.65,164655.15,164658.8,Delta County
CO,Denver County,2005,0.0,83413.45,83413.45,0.0,1536.65,1536.65,105.85,419.75,525.6,Denver County
CO,Douglas County,2005,5599.1,5409.3,11008.4,3.65,0.0,3.65,1295.75,3117.1000000000004,4412.85,Douglas County
CO,Eagle County,2005,1467.3,1887.05,3354.35,0.0,94.9,94.9,98.55,53647.7,53746.25,Eagle County
CO,Fremont County,2005,18.25,2755.75,2774.0,0.0,178.85,178.85,76.64999999999999,46132.35,46209.0,Fremont County
CO,Garfield County,2005,492.75000000000006,4843.55,5336.299999999999,0.0,182.5,182.5,58.4,121716.55,121774.95000000004,Garfield County
CO,Grand County,2005,500.05,372.3,872.35,0.0,507.35,507.35,0.0,82709.0,82709.0,Grand County
CO,Gunnison County,2005,667.95,365.0,1032.95,0.0,244.55,244.55,167.9,200976.3,201144.2,Gunnison County
CO,Jackson County,2005,29.2,36.5,65.7,0.0,7.3,7.3,777.4499999999999,155354.95,156132.4,Jackson County
CO,Jefferson County,2005,299.29999999999995,3215.65,3514.9500000000003,54.75,14318.95,14373.7,178.85,11504.8,11683.65,Jefferson County
CO,Lake County,2005,62.05,350.4,412.45,0.0,51.1,51.1,21.9,4620.9,4642.8,Lake County
CO,La Plata County,2005,328.5,1576.8000000000002,1905.3,0.0,160.6,160.6,401.50000000000006,134447.75,134849.25000000003,La Plata County
CO,Larimer County,2005,65.7,20640.75,20706.45,0.0,1226.4,1226.4,22177.4,131717.55,153894.95,Larimer County
CO,Mesa County,2005,120.45,5201.25,5321.7,0.0,200.75000000000003,200.75000000000003,83.95,316130.15,316214.10000000003,Mesa County
CO,Montezuma County,2005,10.95,934.4,945.35,0.0,18.25,18.25,36.5,89998.05,90034.54999999999,Montezuma County
CO,Montrose County,2005,25.55,3212.0000000000005,3237.55,0.0,646.05,646.05,266.45,248068.6,248335.05,Montrose County
CO,Morgan County,2005,1233.7,1014.7,2248.4,171.54999999999998,160.6,332.15000000000003,37620.55,64192.55,101813.1,Morgan County
CO,Park County,2005,94.9,29.2,124.1,0.0,204.4,204.4,0.0,7051.8,7051.8,Park County
CO,Prowers County,2005,657.0,0.0,657.0,0.0,91.25,91.25,10019.25,166699.15,176718.40000000002,Prowers County
CO,Pueblo County,2005,189.8,30441.000000000004,30630.8,0.0,26396.8,26396.8,3168.2,42347.3,45515.5,Pueblo County
CO,Rio Blanco County,2005,219.0,226.3,445.3,0.0,850.45,850.45,1339.55,81603.05,82942.6,Rio Blanco County
CO,Routt County,2005,200.75000000000003,1460.0,1660.75,0.0,1098.65,1098.65,1974.65,67302.34999999999,69277.0,Routt County
CO,Summit County,2005,1295.75,916.15,2211.9,0.0,7.3,7.3,18.25,21713.85,21732.1,Summit County
CO,Teller County,2005,299.29999999999995,182.5,481.8,0.0,441.65,441.65,0.0,1339.55,1339.55,Teller County
CO,Weld County,2005,313.9,8599.4,8913.300000000001,824.9,1084.0500000000002,1908.95,39430.95,226154.0,265584.95,Weld County
CT,Fairfield County,2005,2934.6,70445.0,73379.59999999999,919.8,956.3,1876.1,10.95,1503.8,1514.7500000000002,Fairfield County
CT,Hartford County,2005,3595.25,22699.35,26294.6,47.45,19381.5,19428.95,146.0,2832.4,2978.4,Hartford County
CT,Litchfield County,2005,12063.249999999998,20509.35,32572.6,259.15,222.65,481.8,10.95,489.1,500.05,Litchfield County
CT,Middlesex County,2005,916.15,2131.6,3047.75,120.45,240.9,361.35,14.6,372.3,386.9,Middlesex County
CT,New Haven County,2005,3569.7,23889.25,27458.95,1065.8,500.05,1565.85,36.5,1543.95,1580.45,New Haven County
CT,New London County,2005,310.25,7478.849999999999,7789.1,3.65,14297.05,14300.7,10.95,503.7,514.65,New London County
CT,Tolland County,2005,2277.6,189.8,2467.4,10.95,255.5,266.45,32.85,459.9,492.75000000000006,Tolland County
CT,Windham County,2005,2113.35,175.2,2288.55,135.05,284.7,419.75,7.3,233.6,240.9,Windham County
DE,Kent County,2005,4380.0,0.0,4380.0,434.35,0.0,434.35,6037.099999999999,1065.8,7102.900000000001,Kent County
DE,New Castle County,2005,9490.0,16425.0,25915.0,1580.45,1032.95,2613.4,547.5,98.55,646.05,New Castle County
DE,Sussex County,2005,4832.6,0.0,4832.6,2226.5,9818.5,12045.0,13614.499999999998,2401.7,16016.2,Sussex County
FL,Alachua County,2005,10011.95,0.0,10011.95,29.2,0.0,29.2,8395.0,244.55,8639.550000000001,Alachua County
FL,Bay County,2005,740.9499999999999,16457.850000000002,17198.8,138.7,0.0,138.7,737.3,7.3,744.6,Bay County
FL,Brevard County,2005,6223.25,5785.25,12008.5,175.2,332.15000000000003,507.35,17505.4,2138.9,19644.3,Brevard County
FL,Citrus County,2005,5708.6,0.0,5708.6,51.1,32.85,83.95,1865.15,105.85,1971.0,Citrus County
FL,Clay County,2005,5095.400000000001,0.0,5095.400000000001,401.50000000000006,0.0,401.50000000000006,894.2500000000001,142.35,1036.6,Clay County
FL,Collier County,2005,22440.2,2073.2,24513.4,18.25,0.0,18.25,36397.8,6237.85,42635.65,Collier County
FL,De Soto County,2005,1142.45,7573.75,8716.199999999999,47.45,0.0,47.45,14377.35,189.8,14567.15,DeSoto County
FL,Duval County,2005,50340.8,0.0,50340.8,4807.05,149.64999999999998,4956.7,1335.9,1321.3,2657.2000000000003,Duval County
FL,Escambia County,2005,14764.250000000002,0.0,14764.250000000002,10716.4,8749.05,19465.45,2489.3,543.85,3033.15,Escambia County
FL,Flagler County,2005,3255.8,0.0,3255.8,3.65,0.0,3.65,2295.85,1368.75,3664.6,Flagler County
FL,Gadsden County,2005,1474.6,0.0,1474.6,51.1,0.0,51.1,1390.65,2660.85,4051.5,Gadsden County
FL,Gilchrist County,2005,80.3,0.0,80.3,105.85,0.0,105.85,4314.3,91.25,4405.55,Gilchrist County
FL,Gulf County,2005,657.0,7.3,664.3000000000001,113.15,0.0,113.15,127.75,0.0,127.75,Gulf County
FL,Hardee County,2005,543.85,0.0,543.85,40.15,0.0,40.15,9424.3,3.65,9427.95,Hardee County
FL,Hendry County,2005,620.5,1649.8,2270.3,204.4,0.0,204.4,56257.45,85008.5,141265.94999999998,Hendry County
FL,Hernando County,2005,8219.8,3.65,8223.45,21.9,0.0,21.9,2047.65,277.4,2325.05,Hernando County
FL,Highlands County,2005,3233.9,0.0,3233.9,91.25,7.3,98.55,35010.8,4058.8,39069.600000000006,Highlands County
FL,Hillsborough County,2005,22914.7,59925.7,82840.40000000001,2701.0,2102.4,4803.4,21137.15,1248.3,22385.45,Hillsborough County
FL,Jackson County,2005,854.0999999999999,0.0,854.0999999999999,3.65,0.0,3.65,3569.7,372.3,3942.000000000001,Jackson County
FL,Lake County,2005,14797.1,0.0,14797.1,989.15,0.0,989.15,7015.299999999999,3788.7,10804.0,Lake County
FL,Lee County,2005,22097.1,1456.35,23553.45,47.45,0.0,47.45,14348.15,7186.85,21535.0,Lee County
FL,Liberty County,2005,149.64999999999998,0.0,149.64999999999998,18.25,0.0,18.25,43.8,0.0,43.8,Liberty County
FL,Madison County,2005,525.6,0.0,525.6,21.9,0.0,21.9,3854.4,98.55,3952.95,Madison County
FL,Manatee County,2005,5913.0,12694.7,18607.7,58.4,0.0,58.4,27426.1,1693.6,29119.7,Manatee County
FL,Marion County,2005,9917.05,0.0,9917.05,98.55,54.75,153.29999999999998,3759.500000000001,441.6500000000001,4201.150000000001,Marion County
FL,Martin County,2005,7044.5,0.0,7044.5,0.0,963.6,963.6,5164.75,30930.1,36094.85,Martin County
FL,Nassau County,2005,2372.5,0.0,2372.5,13132.7,481.8,13614.499999999998,416.1,624.15,1040.25,Nassau County
FL,Orange County,2005,74533.0,7.3,74540.3,901.55,0.0,901.55,11015.7,3639.05,14654.75,Orange County
FL,Palm Beach County,2005,76361.65000000001,13672.9,90034.54999999999,576.7,1022.0,1598.7,22655.55,284192.65,306848.2,Palm Beach County
FL,Pasco County,2005,27247.250000000004,0.0,27247.250000000004,481.8,153.29999999999998,635.1,5113.65,434.35,5548.0,Pasco County
FL,Pinellas County,2005,8416.9,0.0,8416.9,14.6,7.3,21.9,1186.25,861.4,2047.65,Pinellas County
FL,Polk County,2005,27199.8,25.55,27225.35,11709.2,18.25,11727.45,25947.85,2135.25,28083.1,Polk County
FL,Putnam County,2005,1087.7,0.0,1087.7,240.9,9157.85,9398.75,2412.65,879.6500000000001,3292.3,Putnam County
FL,St Lucie County,2005,9070.25,0.0,9070.25,186.15,0.0,186.15,12158.15,44059.15,56217.3,St. Lucie County
FL,Santa Rosa County,2005,5803.5,0.0,5803.5,1014.7,0.0,1014.7,2781.3,649.7,3431.0,Santa Rosa County
FL,Sarasota County,2005,9114.05,503.7,9617.75,40.15,0.0,40.15,3303.2500000000005,1321.3,4624.55,Sarasota County
FL,Sumter County,2005,3770.45,0.0,3770.45,21.9,0.0,21.9,2387.1000000000004,321.2,2708.3,Sumter County
FL,Suwannee County,2005,543.85,0.0,543.85,551.15,0.0,551.15,6935.0,142.35,7077.35,Suwannee County
FL,Taylor County,2005,737.3,0.0,737.3,15552.65,0.0,15552.65,383.25,14.6,397.85,Taylor County
FL,Union County,2005,105.85,0.0,105.85,7.3,0.0,7.3,562.1,7.3,569.4,Union County
FL,Volusia County,2005,21370.75,0.0,21370.75,255.5,0.0,255.5,5204.9,2036.7,7241.6,Volusia County
FL,Wakulla County,2005,660.65,0.0,660.65,262.8,0.0,262.8,164.25,0.0,164.25,Wakulla County
FL,Walton County,2005,3255.8,0.0,3255.8,7.3,0.0,7.3,795.7,21.9,817.6,Walton County
GA,Atkinson County,2005,153.29999999999998,0.0,153.29999999999998,54.75,0.0,54.75,1419.85,1025.65,2445.5,Atkinson County
GA,Bacon County,2005,277.4,0.0,277.4,91.25,0.0,91.25,1343.2,365.0,1708.1999999999998,Bacon County
GA,Baldwin County,2005,0.0,2463.75,2463.75,47.45,0.0,47.45,87.6,105.85,193.45,Baldwin County
GA,Barrow County,2005,208.05,1620.6,1828.65,98.55,0.0,98.55,105.85,124.1,229.95,Barrow County
GA,Bartow County,2005,1573.15,21144.45,22717.6,452.6,664.3000000000001,1116.9,0.0,573.05,573.05,Bartow County
GA,Berrien County,2005,361.35,0.0,361.35,14.6,0.0,14.6,755.55,700.8,1456.35,Berrien County
GA,Bibb County,2005,51.1,0.0,51.1,660.65,4536.95,5197.6,386.9,0.0,386.9,Bibb County
GA,Brantley County,2005,73.0,0.0,73.0,109.5,372.3,481.8,18.25,21.9,40.15,Brantley County
GA,Brooks County,2005,350.4,0.0,350.4,47.45,0.0,47.45,835.85,40.15,876.0,Brooks County
GA,Bulloch County,2005,1463.65,0.0,1463.65,10.95,0.0,10.95,2580.55,1671.7,4252.25,Bulloch County
GA,Burke County,2005,354.05,51.1,405.15,18.25,0.0,18.25,4255.9,1562.2,5818.099999999999,Burke County
GA,Camden County,2005,1481.9,0.0,1481.9,25.55,0.0,25.55,503.7,0.0,503.7,Camden County
GA,Chatham County,2005,12234.8,0.0,12234.8,7781.8,7497.099999999999,15278.9,857.75,0.0,857.75,Chatham County
GA,Chattooga County,2005,478.15,748.2499999999999,1226.4,1671.7,1000.1,2671.8,0.0,25.55,25.55,Chattooga County
GA,Cherokee County,2005,109.5,6803.6,6913.1,3.65,708.1,711.75,219.0,649.6999999999999,868.6999999999999,Cherokee County
GA,Clinch County,2005,178.85,0.0,178.85,14.6,0.0,14.6,91.25,21.9,113.15,Clinch County
GA,Cobb County,2005,0.0,17136.75,17136.75,0.0,131.4,131.4,7.3,1062.15,1069.45,Cobb County
GA,Colquitt County,2005,1401.6,0.0,1401.6,120.45,0.0,120.45,3522.25,7705.15,11227.4,Colquitt County
GA,Columbia County,2005,65.7,4515.049999999999,4580.75,25.55,0.0,25.55,47.45,365.0,412.45,Columbia County
GA,Crisp County,2005,766.5,0.0,766.5,25.55,0.0,25.55,5475.0,438.0,5913.0,Crisp County
GA,Decatur County,2005,1047.55,0.0,1047.55,138.7,197.1,335.8,12698.35,675.25,13373.6,Decatur County
GA,Dougherty County,2005,5011.45,0.0,5011.45,4956.7,0.0,4956.7,3460.2000000000003,543.85,4004.05,Dougherty County
GA,Early County,2005,328.5,0.0,328.5,153.29999999999998,39106.1,39259.4,4303.349999999999,1102.3,5405.650000000001,Early County
GA,Effingham County,2005,715.4,12530.45,13245.85,667.95,5756.05,6424.000000000001,83.95,105.85,189.8,Effingham County
GA,Emanuel County,2005,740.9499999999999,0.0,740.9499999999999,357.7,0.0,357.7,854.0999999999999,131.4,985.5,Emanuel County
GA,Evans County,2005,204.4,0.0,204.4,565.75,0.0,565.75,138.7,438.0,576.7,Evans County
GA,Floyd County,2005,306.6,4580.75,4887.35,0.0,9395.1,9395.1,551.15,715.4,1266.5500000000002,Floyd County
GA,Forsyth County,2005,47.45,6205.0,6252.45,0.0,32.85,32.85,0.0,87.6,87.6,Forsyth County
GA,Fulton County,2005,0.0,52888.5,52888.5,7.3,36.5,43.8,0.0,1609.65,1609.65,Fulton County
GA,Gilmer County,2005,36.5,1138.8,1175.3000000000002,2018.45,0.0,2018.45,0.0,62.04999999999996,62.04999999999996,Gilmer County
GA,Glascock County,2005,29.2,0.0,29.2,18.25,0.0,18.25,0.0,14.6,14.6,Glascock County
GA,Gordon County,2005,1295.75,3343.4,4639.150000000001,32.85,0.0,32.85,0.0,266.45,266.45,Gordon County
GA,Grady County,2005,675.25,0.0,675.25,127.75,0.0,127.75,1014.7,1569.5,2584.2,Grady County
GA,Greene County,2005,200.75000000000003,328.5,529.25,0.0,18.25,18.25,0.0,635.1,635.1,Greene County
GA,Hall County,2005,186.15,37543.9,37730.05,237.25,25.55,262.8,32.85,248.2,281.04999999999995,Hall County
GA,Harris County,2005,98.55,2595.15,2693.7,0.0,788.4000000000001,788.4000000000001,40.15,229.95,270.1,Harris County
GA,Hart County,2005,43.8,434.35,478.15,40.15,0.0,40.15,0.0,193.45,193.45,Hart County
GA,Houston County,2005,7522.65,0.0,7522.65,715.4,0.0,715.4,1876.1,178.85,2054.95,Houston County
GA,Jackson County,2005,189.8,6643.0,6832.799999999999,186.15,0.0,186.15,0.0,208.05,208.05,Jackson County
GA,Jasper County,2005,32.85,167.9,200.75000000000003,0.0,240.9,240.9,0.0,80.3,80.3,Jasper County
GA,Jeff Davis County,2005,160.6,0.0,160.6,120.45,0.0,120.45,722.7,766.5,1489.2,Jeff Davis County
GA,Jefferson County,2005,551.15,0.0,551.15,1485.5500000000002,1226.4,2711.95,1704.55,1726.45,3431.0,Jefferson County
GA,Laurens County,2005,328.5,1109.6,1438.1,394.2000000000001,5774.3,6168.499999999999,2168.1000000000004,569.4,2737.5,Laurens County
GA,Liberty County,2005,1766.6,0.0,1766.6,2992.9999999999995,0.0,2992.9999999999995,0.0,73.0,73.0,Liberty County
GA,Lowndes County,2005,3865.35,0.0,3865.35,3299.6,0.0,3299.6,2916.35,500.05,3416.4,Lowndes County
GA,Macon County,2005,580.35,0.0,580.35,350.4,3507.65,3858.05,5026.05,1638.85,6664.900000000001,Macon County
GA,Madison County,2005,153.29999999999998,0.0,153.29999999999998,32.85,76.64999999999999,109.5,32.85,91.25,124.09999999999997,Madison County
GA,Meriwether County,2005,65.7,54.75,120.45,32.85,0.0,32.85,178.85,105.85,284.7,Meriwether County
GA,Mitchell County,2005,1412.55,0.0,1412.55,10.95,0.0,10.95,10537.55,1868.8,12406.35,Mitchell County
GA,Morgan County,2005,54.75,474.5,529.25,0.0,51.1,51.1,3.65,36.5,40.15,Morgan County
GA,Muscogee County,2005,0.0,11760.3,11760.3,10.95,0.0,10.95,0.0,430.7,430.7,Muscogee County
GA,Pickens County,2005,226.3,565.75,792.05,408.8,3.65,412.45,7.3,124.1,131.4,Pickens County
GA,Pierce County,2005,215.35,0.0,215.35,7.3,0.0,7.3,635.1,43.8,678.9000000000001,Pierce County
GA,Polk County,2005,1368.75,806.65,2175.4,492.75000000000006,32.85,525.6,40.15,226.3,266.45,Polk County
GA,Pulaski County,2005,310.25,0.0,310.25,237.25,0.0,237.25,3712.05,1730.1,5442.15,Pulaski County
GA,Putnam County,2005,149.64999999999998,292.0,441.65,25.55,0.0,25.55,368.65,686.1999999999999,1054.85,Putnam County
GA,Rabun County,2005,164.25,554.8,719.05,40.15,543.85,584.0,0.0,211.7,211.7,Rabun County
GA,Randolph County,2005,350.4,0.0,350.4,21.9,0.0,21.9,1562.2,1795.8,3357.9999999999995,Randolph County
GA,Richmond County,2005,3274.05,12468.4,15742.45,857.75,23436.65,24294.4,894.2500000000001,197.1,1091.35,Richmond County
GA,Rockdale County,2005,65.7,4511.4,4577.099999999999,54.75,0.0,54.75,0.0,113.15,113.15,Rockdale County
GA,Screven County,2005,372.3,0.0,372.3,631.45,0.0,631.45,2029.4,1908.95,3938.35,Screven County
GA,Sumter County,2005,1113.25,0.0,1113.25,182.5,0.0,182.5,2109.7,1211.8,3321.5,Sumter County
GA,Tattnall County,2005,408.8,0.0,408.8,7.3,0.0,7.3,616.85,1354.15,1971.0,Tattnall County
GA,Taylor County,2005,284.7,0.0,284.7,0.0,653.35,653.35,310.25000000000006,222.65,532.9,Taylor County
GA,Telfair County,2005,463.55,0.0,463.55,32.85,0.0,32.85,755.55,346.75,1102.3,Telfair County
GA,Thomas County,2005,2025.75,0.0,2025.75,87.6,0.0,87.6,2817.8,978.2,3796.0,Thomas County
GA,Troup County,2005,18.25,3752.2,3770.45,43.8,0.0,43.8,222.65,160.6,383.25,Troup County
GA,Twiggs County,2005,109.5,0.0,109.5,5387.4,0.0,5387.4,339.45000000000005,171.54999999999998,511.0,Twiggs County
GA,Upson County,2005,91.25,952.65,1043.9,0.0,83.95,83.95,0.0,182.5,182.5,Upson County
GA,Walker County,2005,2339.65,438.0,2777.65,226.3,186.15,412.45,0.0,259.15,259.15,Walker County
GA,Warren County,2005,10.95,131.4,142.35,167.9,222.65,390.55,54.75,580.35,635.1,Warren County
GA,Washington County,2005,1182.6,0.0,1182.6,6734.25,0.0,6734.25,1704.55,335.8,2040.35,Washington County
GA,Wayne County,2005,762.8499999999999,0.0,762.8499999999999,21618.95,0.0,21618.95,744.6,204.4,949.0,Wayne County
GA,Wilkinson County,2005,339.45000000000005,0.0,339.45000000000005,4872.75,29.2,4901.95,21.9,7.3,29.2,Wilkinson County
HI,Hawaii County,2005,13588.95,0.0,13588.95,8913.300000000001,0.0,8913.300000000001,2668.15,6015.2,8683.35,Hawaii County
HI,Honolulu County,2005,55717.25,0.0,55717.25,1799.4499999999998,0.0,1799.4499999999998,2668.15,12661.85,15330.0,Honolulu County
HI,Maui County,2005,12066.9,3898.2,15965.1,594.9499999999999,0.0,594.9499999999999,3076.95,5237.75,8314.7,Maui County
ID,Ada County,2005,18253.65,4025.95,22279.6,1978.3,1135.15,3113.45,23418.4,351845.4,375263.8,Ada County
ID,Adams County,2005,120.45,0.0,120.45,14.6,7.3,21.9,1062.15,39952.9,41015.05,Adams County
ID,Bannock County,2005,7803.7,25.55,7829.25,251.85,803.0000000000001,1054.85,12391.750000000002,122526.85,134918.6,Bannock County
ID,Bear Lake County,2005,693.5,0.0,693.5,0.0,7.3,7.3,587.6500000000001,37671.65,38259.3,Bear Lake County
ID,Benewah County,2005,47.45,518.3,565.75,0.0,127.75,127.75,80.3,635.1,715.4,Benewah County
ID,Bingham County,2005,2562.3,0.0,2562.3,1719.15,3.65,1722.8,177331.59999999998,251101.75000000003,428433.35,Bingham County
ID,Blaine County,2005,3737.6,0.0,3737.6,226.3,328.5,554.8,23495.050000000003,95830.75,119325.8,Blaine County
ID,Boise County,2005,0.0,292.0,292.0,0.0,3.65,3.65,580.35,2496.6,3076.95,Boise County
ID,Bonner County,2005,211.7,653.35,865.0500000000001,10.95,343.1,354.05,697.15,270.1,967.25,Bonner County
ID,Bonneville County,2005,9314.8,0.0,9314.8,299.29999999999995,18.25,317.55,49661.9,260150.1,309812.0,Bonneville County
ID,Boundary County,2005,69.35,219.0,288.35,0.0,80.3,80.3,635.1,784.75,1419.85,Boundary County
ID,Canyon County,2005,4153.700000000001,0.0,4153.700000000001,1773.9,0.0,1773.9,79380.2,140718.44999999998,220098.65,Canyon County
ID,Caribou County,2005,682.5500000000001,0.0,682.5500000000001,1584.1,642.4,2226.5,19162.5,99787.35,118949.85,Caribou County
ID,Cassia County,2005,1266.5500000000002,0.0,1266.5500000000002,1200.85,208.05,1408.9,187303.4,129856.05,317159.44999999995,Cassia County
ID,Clark County,2005,65.7,0.0,65.7,98.55,0.0,98.55,12472.05,22170.1,34642.15,Clark County
ID,Clearwater County,2005,120.45,306.6,427.05,0.0,40.15,40.15,120.45,229.95,350.4,Clearwater County
ID,Elmore County,2005,1828.65,113.15,1941.8,124.1,43.8,167.9,38646.2,113073.35,151719.55000000002,Elmore County
ID,Franklin County,2005,1668.0500000000002,0.0,1668.0500000000002,3.65,0.0,3.65,5902.049999999999,65875.2,71777.25,Franklin County
ID,Gem County,2005,335.8,0.0,335.8,14.6,65.7,80.3,3620.8,260245.0,263865.8,Gem County
ID,Gooding County,2005,653.35,0.0,653.35,835.85,0.0,835.85,50505.05,150438.40000000002,200943.45,Gooding County
ID,Idaho County,2005,350.4,0.0,350.4,0.0,7.3,7.3,105.85,2741.15,2847.0,Idaho County
ID,Jefferson County,2005,587.6500000000001,0.0,587.6500000000001,321.2,0.0,321.2,141353.55,624989.5,766343.05,Jefferson County
ID,Jerome County,2005,886.95,0.0,886.95,755.55,0.0,755.55,27984.55,421421.7,449406.25,Jerome County
ID,Kootenai County,2005,9979.1,0.0,9979.1,105.85,222.65,328.49999999999994,6927.7,5829.05,12756.750000000002,Kootenai County
ID,Latah County,2005,1773.9,0.0,1773.9,40.15,21.9,62.04999999999996,832.1999999999999,87.6,919.8000000000002,Latah County
ID,Lemhi County,2005,0.0,237.25,237.25,0.0,14.6,14.6,1908.95,85267.65000000001,87176.6,Lemhi County
ID,Lewis County,2005,124.1,0.0,124.1,0.0,14.6,14.6,164.25,514.65,678.9000000000001,Lewis County
ID,Lincoln County,2005,284.7,14.6,299.29999999999995,558.45,0.0,558.45,41255.95,74653.45,115909.4,Lincoln County
ID,Madison County,2005,1730.1,0.0,1730.1,36.5,620.5,657.0,29302.199999999997,195019.5,224321.7,Madison County
ID,Minidoka County,2005,715.4,0.0,715.4,1091.35,135.05,1226.4,127804.75,106470.5,234275.25,Minidoka County
ID,Nez Perce County,2005,930.75,2857.95,3788.7,361.35,1919.9,2281.25,646.05,1226.4,1872.45,Nez Perce County
ID,Owyhee County,2005,262.8,0.0,262.8,3.65,7.3,10.95,34229.7,193964.65,228194.35,Owyhee County
ID,Payette County,2005,941.7,0.0,941.7,197.1,124.1,321.20000000000005,11742.05,89965.2,101707.25,Payette County
ID,Power County,2005,368.65,0.0,368.65,547.5,62.05,609.55,76179.15000000001,42723.25,118902.4,Power County
ID,Shoshone County,2005,459.9,0.0,459.9,0.0,14.6,14.6,138.7,0.0,138.7,Shoshone County
ID,Twin Falls County,2005,5179.349999999999,0.0,5179.349999999999,835.85,868.6999999999999,1704.55,95827.1,314476.7,410303.8,Twin Falls County
ID,Valley County,2005,175.2,277.4,452.6,0.0,18.25,18.25,751.9,18746.4,19498.3,Valley County
ID,Washington County,2005,94.9,208.05,302.95,14.6,156.95,171.54999999999998,13694.8,53790.05,67484.84999999999,Washington County
IL,Adams County,2005,711.75,3040.45,3752.2,4398.25,0.0,4398.25,642.4,51.1,693.5,Adams County
IL,Boone County,2005,1565.85,0.0,1565.85,153.29999999999998,0.0,153.29999999999998,682.5500000000001,25.55,708.1,Boone County
IL,Bureau County,2005,1215.45,0.0,1215.45,10.95,0.0,10.95,2777.65,105.85,2883.5,Bureau County
IL,Carroll County,2005,452.6,0.0,452.6,835.85,0.0,835.85,4467.6,29.2,4496.8,Carroll County
IL,Cass County,2005,558.45,0.0,558.45,667.95,0.0,667.95,5715.9,270.1,5985.999999999999,Cass County
IL,Champaign County,2005,9701.7,0.0,9701.7,1051.2,0.0,1051.2,1737.4000000000003,65.7,1803.1,Champaign County
IL,Cook County,2005,3817.9,351965.85,355783.75,1489.2,18377.75,19866.95,1748.35,554.8,2303.15,Cook County
IL,Crawford County,2005,839.4999999999999,0.0,839.4999999999999,941.7,996.45,1938.15,2047.65,14.6,2062.25,Crawford County
IL,DeKalb County,2005,3160.9,0.0,3160.9,0.0,62.05,62.05,383.25,200.75000000000003,584.0,DeKalb County
IL,Douglas County,2005,295.65000000000003,0.0,295.65000000000003,0.0,711.75,711.75,76.64999999999999,14.6,91.25,Douglas County
IL,Du Page County,2005,3719.35,0.0,3719.35,29.2,0.0,29.2,740.9499999999999,587.6500000000001,1328.6000000000004,DuPage County
IL,Grundy County,2005,1255.6,0.0,1255.6,2252.05,18.25,2270.3,43.8,25.55,69.35,Grundy County
IL,Henry County,2005,1514.7500000000002,0.0,1514.7500000000002,3.65,0.0,3.65,2157.15,62.05,2219.2,Henry County
IL,Iroquois County,2005,799.35,0.0,799.35,7.3,0.0,7.3,795.7,7.3,803.0000000000001,Iroquois County
IL,Jo Daviess County,2005,854.0999999999999,0.0,854.0999999999999,792.05,0.0,792.05,153.29999999999998,43.8,197.1,Jo Daviess County
IL,Kane County,2005,15045.3,7442.35,22487.65,547.5,7.3,554.8,1241.0000000000002,113.15,1354.15,Kane County
IL,Kankakee County,2005,839.4999999999999,4726.75,5566.25,3.65,0.0,3.65,4047.85,667.95,4715.8,Kankakee County
IL,Kendall County,2005,2011.15,0.0,2011.15,124.1,0.0,124.1,1131.5,25.55,1157.0499999999995,Kendall County
IL,Lake County,2005,4332.549999999999,21881.75,26214.3,189.8,4106.25,4296.05,1127.85,288.35,1416.2,Lake County
IL,La Salle County,2005,4869.1,0.0,4869.1,1266.5500000000002,0.0,1266.5500000000002,1084.0500000000002,69.35,1153.4,LaSalle County
IL,Lee County,2005,1573.15,0.0,1573.15,171.54999999999998,500.05,671.6,5537.05,1160.7,6697.750000000001,Lee County
IL,Livingston County,2005,664.3000000000001,1554.9,2219.2,25.55,0.0,25.55,189.8,40.15,229.95,Livingston County
IL,McHenry County,2005,8030.0,0.0,8030.0,551.15,0.0,551.15,3098.85,346.75,3445.6,McHenry County
IL,Macon County,2005,675.25,8059.2,8734.45,448.95,5288.85,5737.8,76.64999999999999,51.1,127.75,Macon County
IL,Madison County,2005,5438.5,14913.9,20352.4,7241.6,4752.3,11993.9,532.9,116.8,649.7,Madison County
IL,Marshall County,2005,686.1999999999999,0.0,686.1999999999999,343.1,0.0,343.1,1204.5,18.25,1222.75,Marshall County
IL,Mason County,2005,306.6,0.0,306.6,10.95,0.0,10.95,58593.45,94.9,58688.35,Mason County
IL,Massac County,2005,1069.45,0.0,1069.45,1346.85,0.0,1346.85,1941.8,3.65,1945.45,Massac County
IL,Morgan County,2005,226.3,146.0,372.3,1324.95,0.0,1324.95,890.6,29.2,919.8,Morgan County
IL,Ogle County,2005,1722.8,0.0,1722.8,193.45,0.0,193.45,335.8,21.9,357.7,Ogle County
IL,Peoria County,2005,7164.95,3058.7000000000003,10223.65,5485.95,35394.05,40880.0,1945.45,102.2,2047.65,Peoria County
IL,Piatt County,2005,452.6,0.0,452.6,397.85,0.0,397.85,160.6,0.0,160.6,Piatt County
IL,Putnam County,2005,146.0,0.0,146.0,73.0,0.0,73.0,153.29999999999998,18.25,171.54999999999998,Putnam County
IL,Rock Island County,2005,905.2,5763.349999999999,6668.55,3164.55,1135.15,4299.7,1434.45,105.85,1540.3,Rock Island County
IL,St Clair County,2005,372.3,8570.2,8942.5,262.8,0.0,262.8,401.50000000000006,116.8,518.3000000000001,St. Clair County
IL,Stephenson County,2005,1463.65,0.0,1463.65,686.1999999999999,0.0,686.1999999999999,208.05,21.9,229.95000000000005,Stephenson County
IL,Tazewell County,2005,6456.85,0.0,6456.85,5617.35,10019.25,15636.6,12957.5,80.3,13037.8,Tazewell County
IL,Vermilion County,2005,452.6,3080.6,3533.2,985.5,0.0,985.5,18.25,69.35,87.6,Vermilion County
IL,Whiteside County,2005,1602.35,0.0,1602.35,21.9,0.0,21.9,17118.5,335.8,17454.3,Whiteside County
IL,Will County,2005,12884.499999999998,270.1,13154.6,3029.5000000000005,4723.099999999999,7752.599999999999,1175.3000000000002,489.1,1664.4,Will County
IL,Winnebago County,2005,13245.85,0.0,13245.85,551.15,0.0,551.15,427.05,102.2,529.25,Winnebago County
IN,Allen County,2005,2974.75,12143.55,15118.3,292.0,423.4,715.4,10.95,32.85,43.8,Allen County
IN,Bartholomew County,2005,4544.25,0.0,4544.25,270.1,0.0,270.1,1109.6,94.9,1204.5,Bartholomew County
IN,Boone County,2005,759.2,0.0,759.2,3.65,0.0,3.65,0.0,186.15,186.15,Boone County
IN,Carroll County,2005,343.1,0.0,343.1,248.2,1357.8000000000002,1606.0000000000002,0.0,3.65,3.65,Carroll County
IN,Cass County,2005,1204.5,1452.7,2657.2000000000003,178.85,0.0,178.85,98.55,0.0,98.55,Cass County
IN,Daviess County,2005,1073.1,0.0,1073.1,573.0500000000001,51.1,624.15,255.5,0.0,255.5,Daviess County
IN,DeKalb County,2005,1401.6,0.0,1401.6,1387.0,102.2,1489.2,51.1,10.95,62.05,DeKalb County
IN,Delaware County,2005,1131.5,3003.9500000000003,4135.45,58.4,908.85,967.25,10.95,7.3,18.25,Delaware County
IN,Elkhart County,2005,5434.85,0.0,5434.85,916.15,102.2,1018.35,2810.5,1011.05,3821.55,Elkhart County
IN,Fountain County,2005,408.8,0.0,408.8,83.95,10.95,94.9,21.9,0.0,21.9,Fountain County
IN,Franklin County,2005,956.3,0.0,956.3,51.1,47.45,98.55,3.65,3.65,7.3,Franklin County
IN,Fulton County,2005,467.2,0.0,467.2,3.65,0.0,3.65,2197.3,113.15,2310.45,Fulton County
IN,Gibson County,2005,671.6,58.4,730.0,105.85,0.0,105.85,146.0,0.0,146.0,Gibson County
IN,Greene County,2005,1102.3,0.0,1102.3,0.0,226.3,226.3,29.2,0.0,29.2,Greene County
IN,Hamilton County,2005,6613.8,5051.6,11665.4,959.95,4770.55,5730.5,149.64999999999998,65.7,215.35,Hamilton County
IN,Hancock County,2005,1346.85,0.0,1346.85,94.9,0.0,94.9,7.3,3.65,10.95,Hancock County
IN,Henry County,2005,1441.75,0.0,1441.75,47.45,324.85,372.3,7.3,0.0,7.3,Henry County
IN,Jasper County,2005,394.2000000000001,0.0,394.2000000000001,62.05,0.0,62.05,1642.5,5011.45,6653.95,Jasper County
IN,Jay County,2005,467.2,0.0,467.2,69.35,328.5,397.85,0.0,10.95,10.95,Jay County
IN,Johnson County,2005,4547.900000000001,0.0,4547.900000000001,215.35,0.0,215.35,87.6,0.0,87.6,Johnson County
IN,Knox County,2005,1803.1,0.0,1803.1,18.25,164.25,182.5,1992.9,73.0,2065.9,Knox County
IN,Kosciusko County,2005,1346.85,0.0,1346.85,978.2,135.05,1113.25,4277.8,197.1,4474.900000000001,Kosciusko County
IN,Lagrange County,2005,343.1,0.0,343.1,29.2,73.0,102.2,2832.4,664.3000000000001,3496.7,LaGrange County
IN,Lake County,2005,1492.85,21578.8,23071.65,708.1,437532.8,438240.9,664.3000000000001,6292.599999999999,6956.9,Lake County
IN,La Porte County,2005,1233.7,2580.55,3814.25,18.25,0.0,18.25,4201.15,1584.1,5785.25,LaPorte County
IN,Madison County,2005,4055.15,0.0,4055.15,178.85,244.55,423.4,40.15,43.8,83.94999999999996,Madison County
IN,Marion County,2005,13548.8,37923.5,51472.3,3412.75,25.55,3438.3,43.8,10.95,54.75,Marion County
IN,Marshall County,2005,861.4,0.0,861.4,131.4,0.0,131.4,558.45,328.5,886.95,Marshall County
IN,Miami County,2005,985.5,0.0,985.5,175.2,2474.7000000000003,2649.9,40.15,65.7,105.85,Miami County
IN,Montgomery County,2005,715.4,0.0,715.4,372.3,0.0,372.3,73.0,62.05,135.05,Montgomery County
IN,Noble County,2005,1091.35,0.0,1091.35,204.4,321.2,525.6,959.95,21.9,981.85,Noble County
IN,Parke County,2005,328.5,0.0,328.5,69.35,0.0,69.35,156.95,0.0,156.95,Parke County
IN,Porter County,2005,1704.55,3876.3,5580.849999999999,131.4,149726.65,149858.05,262.8,1018.35,1281.15,Porter County
IN,Posey County,2005,98.55,1160.7,1259.25,0.0,3456.55,3456.55,865.0500000000001,43.8,908.85,Posey County
IN,Pulaski County,2005,153.29999999999998,0.0,153.29999999999998,94.9,0.0,94.9,1401.6,514.65,1916.25,Pulaski County
IN,Putnam County,2005,1211.8,0.0,1211.8,405.15,193.45,598.5999999999999,40.15,0.0,40.15,Putnam County
IN,Rush County,2005,328.5,0.0,328.5,0.0,281.05,281.05,18.25,0.0,18.25,Rush County
IN,St Joseph County,2005,11026.65,0.0,11026.65,3438.3,21.9,3460.2000000000003,2682.75,584.0,3266.7499999999995,St. Joseph County
IN,Shelby County,2005,1481.9,0.0,1481.9,102.2,0.0,102.2,244.55,51.1,295.65000000000003,Shelby County
IN,Steuben County,2005,521.9499999999999,0.0,521.9499999999999,3.65,51.1,54.75,193.45,87.6,281.05,Steuben County
IN,Sullivan County,2005,594.9499999999999,0.0,594.9499999999999,0.0,80.3,80.3,1310.35,0.0,1310.35,Sullivan County
IN,Tippecanoe County,2005,4818.0,0.0,4818.0,6142.95,0.0,6142.95,306.6,40.15,346.75,Tippecanoe County
IN,Vermillion County,2005,375.95,0.0,375.95,2956.5,0.0,2956.5,29.2,0.0,29.2,Vermillion County
IN,Vigo County,2005,3850.750000000001,0.0,3850.750000000001,1091.35,0.0,1091.35,379.6,43.8,423.4,Vigo County
IN,Wabash County,2005,1631.55,0.0,1631.55,189.8,3.65,193.45,255.5,124.1,379.6,Wabash County
IN,Warren County,2005,222.65,0.0,222.65,240.9,0.0,240.9,40.15,0.0,40.15,Warren County
IN,Wayne County,2005,1200.85,1248.3,2449.15,36.5,788.4000000000001,824.9,10.95,0.0,10.95,Wayne County
IN,White County,2005,368.65,0.0,368.65,3.65,0.0,3.65,401.50000000000006,94.9,496.4,White County
IN,Whitley County,2005,565.75,0.0,565.75,189.8,0.0,189.8,0.0,65.7,65.7,Whitley County
IA,Black Hawk County,2005,7051.8,0.0,7051.8,2974.75,0.0,2974.75,40.15,0.0,40.15,Black Hawk County
IA,Buchanan County,2005,412.45,0.0,412.45,255.5,0.0,255.5,7.3,0.0,7.3,Buchanan County
IA,Carroll County,2005,897.9,0.0,897.9,120.45,0.0,120.45,62.05,0.0,62.05,Carroll County
IA,Cedar County,2005,430.7,0.0,430.7,7.3,0.0,7.3,21.9,0.0,21.9,Cedar County
IA,Cerro Gordo County,2005,2416.3,0.0,2416.3,83.95,0.0,83.95,3.65,7.3,10.95,Cerro Gordo County
IA,Clay County,2005,890.6,0.0,890.6,3.65,0.0,3.65,54.75,7.3,62.04999999999996,Clay County
IA,Clayton County,2005,313.9,0.0,313.9,167.9,0.0,167.9,10.95,0.0,10.95,Clayton County
IA,Dallas County,2005,1058.5,7.3,1065.8,80.3,0.0,80.3,142.35,10.95,153.29999999999998,Dallas County
IA,Des Moines County,2005,2507.55,0.0,2507.55,175.2,0.0,175.2,208.05,0.0,208.05,Des Moines County
IA,Dubuque County,2005,2179.05,0.0,2179.05,2985.7,0.0,2985.7,47.45,0.0,47.45,Dubuque County
IA,Floyd County,2005,620.5,0.0,620.5,47.45,0.0,47.45,14.6,0.0,14.6,Floyd County
IA,Fremont County,2005,251.85,0.0,251.85,62.05,0.0,62.05,156.95,0.0,156.95,Fremont County
IA,Guthrie County,2005,281.05,73.0,354.05,156.95,0.0,156.95,14.6,62.05,76.64999999999999,Guthrie County
IA,Hancock County,2005,251.85,0.0,251.85,87.6,0.0,87.6,25.54999999999996,0.0,25.54999999999996,Hancock County
IA,Iowa County,2005,427.05,0.0,427.05,76.64999999999999,0.0,76.64999999999999,18.25,0.0,18.25,Iowa County
IA,Johnson County,2005,3675.55,0.0,3675.55,25.55,0.0,25.55,83.95,43.8,127.75,Johnson County
IA,Kossuth County,2005,521.9499999999999,0.0,521.9499999999999,266.45,0.0,266.45,47.45,0.0,47.45,Kossuth County
IA,Lee County,2005,949.0,3500.35,4449.349999999999,1733.75,0.0,1733.75,131.4,0.0,131.4,Lee County
IA,Linn County,2005,15749.75,0.0,15749.75,2974.75,532.9,3507.65,229.95,0.0,229.95,Linn County
IA,Louisa County,2005,237.25,0.0,237.25,430.7,0.0,430.7,857.75,0.0,857.75,Louisa County
IA,Muscatine County,2005,10358.7,0.0,10358.7,8975.35,521.9499999999999,9497.3,1124.2,0.0,1124.2,Muscatine County
IA,Osceola County,2005,744.6,0.0,744.6,109.5,0.0,109.5,102.2,0.0,102.2,Osceola County
IA,Pottawattamie County,2005,383.25,4796.1,5179.349999999999,3.65,0.0,3.65,109.5,21.9,131.4,Pottawattamie County
IA,Sac County,2005,459.9,0.0,459.9,3.65,0.0,3.65,54.75,14.6,69.35,Sac County
IA,Scott County,2005,624.15,7004.35,7628.499999999999,500.05,0.0,500.05,83.95,21.9,105.85,Scott County
IA,Story County,2005,3467.5,0.0,3467.5,3.65,0.0,3.65,76.64999999999999,0.0,76.64999999999999,Story County
IA,Wapello County,2005,47.45,2693.7,2741.15,0.0,3438.3,3438.3,14.6,0.0,14.6,Wapello County
IA,Winneshiek County,2005,489.1,0.0,489.1,36.5,0.0,36.5,14.6,0.0,14.6,Winneshiek County
IA,Woodbury County,2005,5832.7,0.0,5832.7,3463.85,0.0,3463.85,554.8,0.0,554.8,Woodbury County
IA,Wright County,2005,438.0,0.0,438.0,368.65,0.0,368.65,3.65,0.0,3.65,Wright County
KS,Allen County,2005,0.0,686.1999999999999,686.1999999999999,0.0,219.0,219.0,0.0,29.2,29.2,Allen County
KS,Barton County,2005,1065.8,0.0,1065.8,153.29999999999998,0.0,153.29999999999998,11501.15,0.0,11501.15,Barton County
KS,Bourbon County,2005,0.0,868.6999999999999,868.6999999999999,0.0,10.95,10.95,0.0,21.9,21.9,Bourbon County
KS,Brown County,2005,244.55,167.9,412.45,7.3,0.0,7.3,0.0,25.54999999999996,25.54999999999996,Brown County
KS,Butler County,2005,40.15,3591.6,3631.75,3.65,21.9,25.54999999999996,76.64999999999999,215.35,292.0,Butler County
KS,Cherokee County,2005,781.1,135.05,916.15,76.64999999999999,0.0,76.64999999999999,3.65,142.35,146.0,Cherokee County
KS,Douglas County,2005,478.15,4964.0,5442.15,237.25,0.0,237.25,324.85,0.0,324.85,Douglas County
KS,Ellis County,2005,1204.5,0.0,1204.5,25.55,0.0,25.55,529.25,10.95,540.2,Ellis County
KS,Ellsworth County,2005,255.5,186.15,441.65,153.29999999999998,0.0,153.29999999999998,164.25,0.0,164.25,Ellsworth County
KS,Finney County,2005,2091.4500000000003,0.0,2091.4500000000003,1047.55,0.0,1047.55,83891.6,0.0,83891.6,Finney County
KS,Ford County,2005,2562.3,0.0,2562.3,1565.85,0.0,1565.85,27513.700000000004,0.0,27513.700000000004,Ford County
KS,Gove County,2005,138.7,0.0,138.7,47.45,0.0,47.45,6267.05,0.0,6267.05,Gove County
KS,Graham County,2005,204.4,0.0,204.4,0.0,3.65,3.65,3788.7,0.0,3788.7,Graham County
KS,Grant County,2005,478.15,0.0,478.15,113.15,0.0,113.15,31729.45,0.0,31729.45,Grant County
KS,Harvey County,2005,5949.5,0.0,5949.5,3.65,0.0,3.65,9019.15,124.1,9143.25,Harvey County
KS,Haskell County,2005,251.85,0.0,251.85,7.3,0.0,7.3,58067.85,0.0,58067.85,Haskell County
KS,Kingman County,2005,324.85,0.0,324.85,25.55,0.0,25.55,5445.8,142.35,5588.150000000001,Kingman County
KS,Labette County,2005,0.0,1058.5,1058.5,0.0,87.6,87.6,0.0,40.15,40.15,Labette County
KS,McPherson County,2005,1981.95,0.0,1981.95,751.9,0.0,751.9,8040.950000000001,646.05,8687.0,McPherson County
KS,Marion County,2005,105.85,266.45,372.3,3.65,0.0,3.65,226.3,270.1,496.4,Marion County
KS,Marshall County,2005,507.35,0.0,507.35,32.85,0.0,32.85,98.55,328.5,427.05,Marshall County
KS,Montgomery County,2005,0.0,1821.35,1821.35,0.0,1766.6,1766.6,0.0,80.3,80.3,Montgomery County
KS,Nemaha County,2005,500.05,0.0,500.05,21.9,0.0,21.9,3.65,32.85,36.5,Nemaha County
KS,Neosho County,2005,0.0,708.1,708.1,0.0,105.85,105.85,0.0,18.25,18.25,Neosho County
KS,Norton County,2005,178.85,124.1,302.95,25.55,0.0,25.55,2971.1000000000004,18.25,2989.3500000000004,Norton County
KS,Osage County,2005,3.65,551.15,554.8,0.0,3.65,3.65,0.0,25.55,25.55,Osage County
KS,Phillips County,2005,292.0,0.0,292.0,10.95,0.0,10.95,1711.85,69.35,1781.2,Phillips County
KS,Pottawatomie County,2005,2584.2,0.0,2584.2,3.65,0.0,3.65,2226.5,350.4,2576.9,Pottawatomie County
KS,Reno County,2005,2565.9500000000003,0.0,2565.9500000000003,3460.2000000000003,0.0,3460.2000000000003,15194.95,0.0,15194.95,Reno County
KS,Rice County,2005,521.9499999999999,0.0,521.9499999999999,419.75,0.0,419.75,7493.450000000001,0.0,7493.450000000001,Rice County
KS,Riley County,2005,1109.6,0.0,1109.6,14.6,0.0,14.6,985.5,62.04999999999996,1047.55,Riley County
KS,Saline County,2005,1270.2,1310.35,2580.55,3.65,0.0,3.65,919.8,233.6,1153.4,Saline County
KS,Scott County,2005,354.05,0.0,354.05,7.3,0.0,7.3,15808.15,0.0,15808.15,Scott County
KS,Sedgwick County,2005,5818.099999999999,12209.250000000002,18027.35,1883.4,0.0,1883.4,10829.55,310.25000000000006,11139.8,Sedgwick County
KS,Seward County,2005,1237.35,0.0,1237.35,1032.95,0.0,1032.95,44778.2,0.0,44778.2,Seward County
KS,Shawnee County,2005,397.85,8486.25,8884.1,1222.75,0.0,1222.75,2076.8500000000004,102.2,2179.05,Shawnee County
KS,Sherman County,2005,562.1,0.0,562.1,36.5,0.0,36.5,38102.35,0.0,38102.35,Sherman County
KS,Stafford County,2005,146.0,0.0,146.0,14.6,0.0,14.6,27079.35,0.0,27079.35,Stafford County
KS,Thomas County,2005,719.05,0.0,719.05,105.85,0.0,105.85,33645.700000000004,0.0,33645.700000000004,Thomas County
KS,Wichita County,2005,131.4,0.0,131.4,18.25,0.0,18.25,17184.2,0.0,17184.2,Wichita County
KS,Wilson County,2005,0.0,430.7,430.7,0.0,94.9,94.9,0.0,146.0,146.0,Wilson County
KS,Wyandotte County,2005,584.0,36562.05,37146.05,434.35,0.0,434.35,54.75,87.6,142.35,Wyandotte County
KY,Anderson County,2005,0.0,792.05,792.05,0.0,456.25,456.25,0.0,25.55,25.55,Anderson County
KY,Ballard County,2005,240.9,0.0,240.9,2449.15,0.0,2449.15,0.0,25.55,25.55,Ballard County
KY,Boyd County,2005,0.0,3544.15,3544.15,0.0,15581.85,15581.85,0.0,7.3,7.3,Boyd County
KY,Bracken County,2005,361.35,0.0,361.35,83.95,0.0,83.95,3.65,69.35,73.0,Bracken County
KY,Calloway County,2005,1251.95,0.0,1251.95,394.2000000000001,0.0,394.2000000000001,3.65,109.5,113.15,Calloway County
KY,Carroll County,2005,532.9,0.0,532.9,5719.55,949.0,6668.55,3.65,43.8,47.45,Carroll County
KY,Christian County,2005,0.0,3496.7,3496.7,0.0,292.0,292.0,7.3,372.3,379.6,Christian County
KY,Daviess County,2005,5146.5,0.0,5146.5,3244.8500000000004,0.0,3244.8500000000004,62.05,211.7,273.75,Daviess County
KY,Franklin County,2005,0.0,3383.55,3383.55,0.0,40.15,40.15,3.65,138.7,142.35,Franklin County
KY,Gallatin County,2005,306.6,0.0,306.6,204.4,357.7,562.1,0.0,18.25,18.25,Gallatin County
KY,Graves County,2005,974.55,0.0,974.55,1470.95,0.0,1470.95,10.95,244.55,255.50000000000003,Graves County
KY,Greenup County,2005,240.9,1120.55,1361.45,248.2,2273.9500000000003,2522.15,0.0,3.65,3.65,Greenup County
KY,Hancock County,2005,204.4,0.0,204.4,405.15,0.0,405.15,0.0,10.95,10.95,Hancock County
KY,Jefferson County,2005,6350.999999999999,44935.15,51286.15,2697.35,21305.05,24002.4,3.65,284.7,288.35,Jefferson County
KY,McCracken County,2005,266.45,2533.1000000000004,2799.55,7.3,0.0,7.3,29.2,14.6,43.8,McCracken County
KY,Marion County,2005,0.0,1609.65,1609.65,0.0,25.55,25.55,0.0,21.9,21.9,Marion County
KY,Marshall County,2005,1237.35,0.0,1237.35,532.9,6478.75,7011.650000000001,0.0,14.6,14.6,Marshall County
KY,Mason County,2005,762.8499999999999,908.85,1671.7,58.4,1901.65,1960.05,0.0,18.25,18.25,Mason County
KY,Nelson County,2005,0.0,1854.2,1854.2,0.0,558.45,558.45,0.0,32.85,32.85,Nelson County
KY,Pulaski County,2005,0.0,2748.4500000000003,2748.4500000000003,0.0,58.4,58.4,0.0,10.95,10.95,Pulaski County
LA,Acadia County,2005,2204.6,0.0,2204.6,3.65,0.0,3.65,47676.3,13209.35,60885.65,Acadia Parish
LA,Allen County,2005,1354.15,0.0,1354.15,25.55,0.0,25.55,7194.150000000001,813.95,8008.1,Allen Parish
LA,Ascension County,2005,963.6,558.45,1522.05,1109.6,68901.05,70010.65,14.6,0.0,14.6,Ascension Parish
LA,Avoyelles County,2005,1678.9999999999998,0.0,1678.9999999999998,7.3,0.0,7.3,6810.9,2204.6,9015.5,Avoyelles Parish
LA,Beauregard County,2005,1361.45,0.0,1361.45,8033.650000000001,0.0,8033.650000000001,1328.6,14.6,1343.2,Beauregard Parish
LA,Bienville County,2005,708.1,0.0,708.1,3956.6,0.0,3956.6,0.0,43.8,43.8,Bienville Parish
LA,Bossier County,2005,631.45,3894.55,4526.0,153.29999999999998,7.3,160.6,149.64999999999998,354.05,503.7,Bossier Parish
LA,Caddo County,2005,569.4,18264.6,18834.0,32.85,14.6,47.45,1073.1,266.45,1339.55,Caddo Parish
LA,Calcasieu County,2005,9278.3,149.64999999999998,9427.95,15924.95,65787.6,81712.55,5332.65,2547.7000000000003,7880.35,Calcasieu Parish
LA,Cameron County,2005,762.8499999999999,0.0,762.8499999999999,226.3,1700.9,1927.2,1135.15,5934.900000000001,7070.05,Cameron Parish
LA,De Soto County,2005,489.1,598.5999999999999,1087.7,36.5,6095.5,6132.0,7.3,62.05,69.35,De Soto Parish
LA,East Baton Rouge County,2005,24465.95,0.0,24465.95,25801.85,7449.65,33251.5,156.95,0.0,156.95,East Baton Rouge Parish
LA,East Feliciana County,2005,1036.6,0.0,1036.6,25.55,0.0,25.55,25.55,7.3,32.85,East Feliciana Parish
LA,Evangeline County,2005,1930.85,0.0,1930.85,456.25,0.0,456.25,17830.25,2624.3500000000004,20454.6,Evangeline Parish
LA,Franklin County,2005,759.2,0.0,759.2,273.75,0.0,273.75,11271.2,1843.25,13114.45,Franklin Parish
LA,Grant County,2005,569.4,744.6,1314.0,25.55,0.0,25.55,0.0,266.45,266.45,Grant Parish
LA,Iberia County,2005,3613.5,0.0,3613.5,1018.35,1989.25,3007.6,91.25,481.8,573.0500000000001,Iberia Parish
LA,Jefferson County,2005,0.0,27714.45,27714.45,821.25,1715.5,2536.75,10.95,0.0,10.95,Jefferson Parish
LA,Lafayette County,2005,8387.7,0.0,8387.7,193.45,0.0,193.45,3146.3,708.1,3854.4,Lafayette Parish
LA,Lafourche County,2005,0.0,7803.7,7803.7,0.0,2828.75,2828.75,0.0,7.3,7.3,Lafourche Parish
LA,Lincoln County,2005,2544.05,0.0,2544.05,240.9,0.0,240.9,3.65,32.85,36.499999999999964,Lincoln Parish
LA,Livingston County,2005,3993.1,0.0,3993.1,43.8,0.0,43.8,29.2,0.0,29.2,Livingston Parish
LA,Morehouse County,2005,1073.1,0.0,1073.1,1580.45,9953.55,11534.0,31568.85,3507.65,35076.5,Morehouse Parish
LA,Natchitoches County,2005,394.2000000000001,1898.0,2292.2000000000003,0.0,5146.5,5146.5,441.65,2306.8,2748.4500000000003,Natchitoches Parish
LA,Ouachita County,2005,3952.95,4040.55,7993.499999999999,4015.0,5391.05,9406.05,459.9,6095.5,6555.400000000001,Ouachita Parish
LA,Plaquemines County,2005,0.0,2708.3,2708.3,0.0,46917.1,46917.1,0.0,43.8,43.8,Plaquemines Parish
LA,Pointe Coupee County,2005,1226.4,0.0,1226.4,2182.7000000000003,0.0,2182.7000000000003,1452.7,0.0,1452.7,Pointe Coupee Parish
LA,Rapides County,2005,9917.05,0.0,9917.05,237.25,0.0,237.25,1357.8000000000002,1908.95,3266.7500000000005,Rapides Parish
LA,St Bernard County,2005,0.0,3412.75,3412.75,0.0,102718.3,102718.3,7.3,0.0,7.3,St. Bernard Parish
LA,St Charles County,2005,0.0,3073.3,3073.3,1770.2499999999998,355455.25,357225.5,7.3,3.65,10.95,St. Charles Parish
LA,St James County,2005,0.0,905.2,905.2,1098.65,132531.5,133630.15,0.0,3.65,3.65,St. James Parish
LA,St John the Baptist County,2005,1343.2,970.9,2314.1,3485.7500000000005,18509.15,21994.9,0.0,21.9,21.9,St. John the Baptist Parish
LA,St Landry County,2005,3741.25,0.0,3741.25,434.35,0.0,434.35,7329.2,3671.9,11001.1,St. Landry Parish
LA,St Martin County,2005,2336.0,0.0,2336.0,83.95,0.0,83.95,131.4,2912.7000000000003,3044.1,St. Martin Parish
LA,St Mary County,2005,149.64999999999998,3587.95,3737.6,784.75,1306.7,2091.4500000000003,43.8,3.65,47.45,St. Mary Parish
LA,St Tammany County,2005,5799.85,0.0,5799.85,51.1,0.0,51.1,47.45,3.65,51.1,St. Tammany Parish
LA,Tangipahoa County,2005,4982.25,0.0,4982.25,478.15,0.0,478.15,175.2,0.0,175.2,Tangipahoa Parish
LA,Terrebonne County,2005,0.0,1770.2499999999998,1770.2499999999998,87.6,0.0,87.6,7.3,0.0,7.3,Terrebonne Parish
LA,Union County,2005,1759.3000000000002,0.0,1759.3000000000002,21.9,0.0,21.9,10.95,18.25,29.2,Union Parish
LA,Vermilion County,2005,1901.65,0.0,1901.65,613.1999999999999,0.0,613.1999999999999,4135.45,38668.1,42803.55,Vermilion Parish
LA,Washington County,2005,4358.099999999999,0.0,4358.099999999999,5610.049999999999,2036.7,7646.75,69.35,18.25,87.6,Washington Parish
LA,Webster County,2005,2179.05,0.0,2179.05,806.65,0.0,806.65,0.0,14.6,14.6,Webster Parish
LA,West Baton Rouge County,2005,2449.15,0.0,2449.15,1576.8000000000002,0.0,1576.8000000000002,7.3,3.65,10.95,West Baton Rouge Parish
LA,West Feliciana County,2005,1668.0500000000002,0.0,1668.0500000000002,456.25,12150.85,12607.1,0.0,32.85,32.85,West Feliciana Parish
LA,Winn County,2005,777.4499999999999,0.0,777.4499999999999,372.3,0.0,372.3,18.25,14.6,32.85,Winn Parish
ME,Androscoggin County,2005,405.15,3354.35,3759.500000000001,208.05,29.2,237.25,3.65,54.75,58.4,Androscoggin County
ME,Aroostook County,2005,974.55,766.5,1741.05,346.75,2868.9,3215.65,25.55,229.95,255.5,Aroostook County
ME,Cumberland County,2005,1660.75,8533.699999999999,10194.45,412.45,2595.15,3007.6,25.55,69.35,94.9,Cumberland County
ME,Franklin County,2005,408.8,219.0,627.8,113.15,14.6,127.75,0.0,3.65,3.65,Franklin County
ME,Hancock County,2005,193.45,919.8,1113.25,160.6,10661.65,10822.25,0.0,18.25,18.25,Hancock County
ME,Kennebec County,2005,1116.9,1467.3,2584.2,193.45,29.2,222.65,7.3,14.6,21.9,Kennebec County
ME,Knox County,2005,80.3,1222.75,1303.05,105.85,14.6,120.44999999999996,0.0,18.25,18.25,Knox County
ME,Lincoln County,2005,18.25,240.9,259.15,138.7,18.25,156.95,3.65,18.25,21.9,Lincoln County
ME,Oxford County,2005,1058.5,87.6,1146.1,200.75000000000003,11826.0,12026.750000000002,7.3,83.95,91.25,Oxford County
ME,Penobscot County,2005,1146.1,2511.2,3657.3,146.0,9577.6,9723.6,3.65,40.15,43.8,Penobscot County
ME,Sagadahoc County,2005,80.3,514.65,594.9499999999999,171.54999999999998,25.55,197.1,0.0,7.3,7.3,Sagadahoc County
ME,Somerset County,2005,361.35,397.85,759.2,237.25,11391.65,11628.9,0.0,3.65,3.65,Somerset County
ME,Waldo County,2005,405.15,0.0,405.15,240.9,32.85,273.75,0.0,7.3,7.3,Waldo County
ME,Washington County,2005,525.6,102.2,627.8,113.15,16103.8,16216.95,328.5,328.5,657.0,Washington County
ME,York County,2005,1317.65,4467.6,5785.25,211.7,29.2,240.9,14.6,113.15,127.75,York County
MD,Allegany County,2005,124.1,156.95,281.05,43.8,15351.9,15395.7,3.65,54.75,58.4,Allegany County
MD,Anne Arundel County,2005,12081.5,3.65,12085.15,361.35,386.9,748.2499999999999,306.6,83.95,390.55,Anne Arundel County
MD,Baltimore County,2005,29.2,87840.9,87870.1,2080.5,69433.95,71514.45,197.1,200.75000000000003,397.85,Baltimore County
MD,Calvert County,2005,1022.0,0.0,1022.0,21.9,0.0,21.9,7.3,3.65,10.95,Calvert County
MD,Caroline County,2005,434.35,0.0,434.35,102.2,0.0,102.2,1963.7,1007.4,2971.1000000000004,Caroline County
MD,Carroll County,2005,1116.9,1533.0,2649.9,14.6,94.9,109.5,98.55,47.45,146.0,Carroll County
MD,Cecil County,2005,565.75,799.35,1365.1,18.25,0.0,18.25,412.45,47.45,459.8999999999999,Cecil County
MD,Charles County,2005,3201.05,0.0,3201.05,7.3,0.0,7.3,25.55,58.4,83.95,Charles County
MD,Dorchester County,2005,1014.7,0.0,1014.7,397.85,0.0,397.85,3171.85,313.9,3485.7500000000005,Dorchester County
MD,Frederick County,2005,1368.75,4898.3,6267.05,824.9,7.3,832.1999999999999,248.2,91.25,339.45000000000005,Frederick County
MD,Garrett County,2005,401.50000000000006,737.3,1138.8,32.85,0.0,32.85,7.3,142.35,149.64999999999998,Garrett County
MD,Harford County,2005,1927.2,1784.85,3712.05,302.95,0.0,302.95,21.9,131.4,153.29999999999998,Harford County
MD,Howard County,2005,3.65,0.0,3.65,0.0,3.65,3.65,32.85,120.45,153.29999999999998,Howard County
MD,Kent County,2005,441.65,0.0,441.65,32.85,0.0,32.85,748.2499999999999,83.95,832.1999999999999,Kent County
MD,Montgomery County,2005,156.95,94199.2,94356.15,7.3,332.15000000000003,339.45000000000005,182.5,281.05,463.55,Montgomery County
MD,Prince George's County,2005,941.7,16505.3,17447.0,18.25,0.0,18.25,255.5,233.6,489.1,Prince George's County
MD,Queen Anne's County,2005,532.9,0.0,532.9,102.2,0.0,102.2,1744.7,1711.85,3456.55,Queen Anne's County
MD,St Mary's County,2005,1602.35,0.0,1602.35,18.25,0.0,18.25,32.85,10.95,43.8,St. Mary's County
MD,Somerset County,2005,576.7,0.0,576.7,43.8,0.0,43.8,127.75,7.3,135.05,Somerset County
MD,Talbot County,2005,927.1,0.0,927.1,310.25,0.0,310.25,343.1,167.9,511.0,Talbot County
MD,Washington County,2005,452.6,5190.3,5642.900000000001,47.45,795.7,843.15,43.8,73.0,116.8,Washington County
MD,Wicomico County,2005,2722.9,0.0,2722.9,109.5,0.0,109.5,2288.55,328.5,2617.05,Wicomico County
MD,Worcester County,2005,3357.9999999999995,0.0,3357.9999999999995,255.5,0.0,255.5,423.4,277.4,700.8,Worcester County
MA,Barnstable County,2005,11136.15,0.0,11136.15,43.8,0.0,43.8,3879.95,12096.1,15976.05,Barnstable County
MA,Berkshire County,2005,1328.6,5270.599999999999,6599.2,1036.6,4150.049999999999,5186.650000000001,47.45,0.0,47.45,Berkshire County
MA,Bristol County,2005,6256.1,13158.249999999998,19414.35,146.0,346.75,492.75000000000006,1054.85,2653.55,3708.4,Bristol County
MA,Essex County,2005,2576.9,37532.95,40109.85,124.1,1098.65,1222.75,1901.65,284.7,2186.35,Essex County
MA,Franklin County,2005,1310.35,594.9499999999999,1905.3,146.0,266.45,412.45,54.75,0.0,54.75,Franklin County
MA,Hampden County,2005,3120.7500000000005,16490.7,19611.45,87.6,587.6500000000001,675.25,135.05,0.0,135.05,Hampden County
MA,Middlesex County,2005,14114.55,14640.15,28754.7,1197.1999999999998,642.4,1839.6,1343.2,175.2,1518.4,Middlesex County
MA,Norfolk County,2005,10271.1,3821.55,14092.65,259.15,87.6,346.75,631.45,237.25,868.6999999999999,Norfolk County
MA,Plymouth County,2005,10333.15,5281.55,15614.7,208.05,113.15,321.2,1383.35,20304.95,21688.3,Plymouth County
MA,Worcester County,2005,9263.7,116800.0,126063.7,2434.55,28010.1,30444.65,1503.8,0.0,1503.8,Worcester County
MI,Alger County,2005,200.75000000000003,0.0,200.75000000000003,127.75,2069.55,2197.3,32.85,0.0,32.85,Alger County
MI,Allegan County,2005,1646.15,0.0,1646.15,1146.1,310.25,1456.35,602.25,2894.45,3496.7,Allegan County
MI,Alpena County,2005,219.0,784.75,1003.75,0.0,2419.95,2419.95,156.95,32.85,189.8,Alpena County
MI,Antrim County,2005,565.75,0.0,565.75,32.85,0.0,32.85,784.75,47.45,832.1999999999999,Antrim County
MI,Arenac County,2005,7.3,12048.65,12055.95,69.35,0.0,69.35,127.75,98.55,226.3,Arenac County
MI,Baraga County,2005,0.0,215.35,215.35,0.0,219.0,219.0,0.0,43.8,43.8,Baraga County
MI,Barry County,2005,620.5,0.0,620.5,29.2,83.95,113.15,324.85,339.45000000000005,664.3000000000001,Barry County
MI,Bay County,2005,0.0,3555.1,3555.1,0.0,313.9,313.9,80.3,810.3000000000001,890.6,Bay County
MI,Benzie County,2005,313.9,0.0,313.9,120.45,3.65,124.1,222.65,10.95,233.6,Benzie County
MI,Berrien County,2005,1642.5,4993.2,6635.7,762.8499999999999,0.0,762.8499999999999,2394.4,2022.1,4416.5,Berrien County
MI,Branch County,2005,1284.8,0.0,1284.8,357.7,0.0,357.7,5080.8,3996.75,9077.55,Branch County
MI,Calhoun County,2005,5372.8,0.0,5372.8,2069.55,1244.65,3314.2,1339.55,682.5500000000001,2022.1,Calhoun County
MI,Cass County,2005,569.4,0.0,569.4,554.8,0.0,554.8,4504.1,1127.85,5631.95,Cass County
MI,Charlevoix County,2005,602.25,295.65000000000003,897.9,3989.45,1839.6,5829.05,113.15,120.44999999999996,233.6,Charlevoix County
MI,Cheboygan County,2005,408.8,0.0,408.8,25.55,91.25,116.8,91.25,25.55,116.8,Cheboygan County
MI,Chippewa County,2005,397.85,726.35,1124.2,0.0,350.4,350.4,14.6,87.6,102.19999999999996,Chippewa County
MI,Clinton County,2005,609.55,0.0,609.55,299.29999999999995,0.0,299.29999999999995,448.9500000000001,368.65,817.6,Clinton County
MI,Crawford County,2005,266.45,0.0,266.45,54.75,25.55,80.3,40.15,3.65,43.8,Crawford County
MI,Delta County,2005,47.45,941.7,989.15,58.4,13895.55,13953.95,43.8,138.7,182.5,Delta County
MI,Dickinson County,2005,1054.85,0.0,1054.85,156.95,6960.55,7117.5,62.04999999999996,127.75,189.8,Dickinson County
MI,Eaton County,2005,1273.85,0.0,1273.85,3.65,0.0,3.65,164.24999999999997,266.45,430.7,Eaton County
MI,Emmet County,2005,1310.35,0.0,1310.35,10.95,0.0,10.95,332.15000000000003,0.0,332.15000000000003,Emmet County
MI,Genesee County,2005,2452.8,0.0,2452.8,43.8,0.0,43.8,277.4,357.7,635.1,Genesee County
MI,Grand Traverse County,2005,715.4,1989.25,2704.65,120.45,0.0,120.45,408.8,102.2,511.0,Grand Traverse County
MI,Gratiot County,2005,711.75,248.2,959.95,160.6,0.0,160.6,704.4499999999999,485.4500000000001,1189.9,Gratiot County
MI,Hillsdale County,2005,744.6,0.0,744.6,281.05,0.0,281.05,416.1,438.00000000000006,854.1000000000001,Hillsdale County
MI,Ingham County,2005,15278.9,40.15,15319.05,124.1,0.0,124.1,295.65000000000003,251.85,547.5,Ingham County
MI,Ionia County,2005,1963.7,0.0,1963.7,18.25,47.45,65.7,598.5999999999999,189.8,788.4000000000001,Ionia County
MI,Iosco County,2005,10.95,529.25,540.2,0.0,32.85,32.85,248.2,54.75,302.95,Iosco County
MI,Jackson County,2005,4332.549999999999,0.0,4332.549999999999,164.25,7.3,171.54999999999998,554.8,419.75,974.55,Jackson County
MI,Kalamazoo County,2005,9687.1,0.0,9687.1,9778.35,1916.25,11694.6,5018.75,1463.65,6482.4,Kalamazoo County
MI,Kent County,2005,3109.8,18432.5,21542.300000000003,288.35,357.7,646.05,1737.4,730.0,2467.4,Kent County
MI,Lapeer County,2005,164.25,0.0,164.25,3.65,0.0,3.65,94.9,368.65,463.55,Lapeer County
MI,Leelanau County,2005,189.8,0.0,189.8,146.0,0.0,146.0,354.05,69.35,423.4,Leelanau County
MI,Lenawee County,2005,1376.05,1054.85,2430.9,91.25,7.3,98.55,156.95,573.05,730.0,Lenawee County
MI,Livingston County,2005,2755.75,0.0,2755.75,361.35,0.0,361.35,423.4,222.65,646.05,Livingston County
MI,Luce County,2005,200.75000000000003,0.0,200.75000000000003,14.6,0.0,14.6,76.64999999999999,21.9,98.55,Luce County
MI,Mackinac County,2005,3.65,448.95,452.6,7.3,2558.65,2565.95,47.45,21.9,69.35,Mackinac County
MI,Macomb County,2005,394.2000000000001,1613.3,2007.5,10.95,0.0,10.95,251.85,883.3,1135.15,Macomb County
MI,Manistee County,2005,642.4,0.0,642.4,237.25,11738.4,11975.649999999998,397.85,98.55,496.4,Manistee County
MI,Marquette County,2005,923.45,1178.95,2102.4,58.4,6905.8,6964.2,18.25,87.6,105.85,Marquette County
MI,Mason County,2005,32.85,806.65,839.4999999999999,142.35,8522.75,8665.099999999999,343.1,138.7,481.8,Mason County
MI,Mecosta County,2005,514.65,0.0,514.65,193.45,0.0,193.45,974.55,248.2,1222.75,Mecosta County
MI,Menominee County,2005,62.05,456.25,518.3,10.95,981.85,992.8,25.55,21.9,47.45,Menominee County
MI,Midland County,2005,54.75,29.2,83.95,51.1,2190.0,2241.1,149.64999999999998,94.9,244.55,Midland County
MI,Monroe County,2005,317.55,5073.5,5391.05,3149.9500000000003,496.4,3646.35,576.7,905.2,1481.9,Monroe County
MI,Montcalm County,2005,1401.6,0.0,1401.6,47.45,0.0,47.45,9555.7,1876.1,11431.8,Montcalm County
MI,Muskegon County,2005,890.6,6252.45,7143.05,1295.75,9792.95,11088.7,1018.35,912.5,1930.85,Muskegon County
MI,Oakland County,2005,9106.75,0.0,9106.75,350.4,18.25,368.65,1047.55,748.2499999999999,1795.8,Oakland County
MI,Oceana County,2005,423.4,0.0,423.4,383.25,0.0,383.25,496.4,456.25,952.65,Oceana County
MI,Ontonagon County,2005,32.85,124.1,156.95,0.0,2357.9,2357.9,3.65,0.0,3.65,Ontonagon County
MI,Osceola County,2005,1018.35,0.0,1018.35,127.75,0.0,127.75,310.25000000000006,131.4,441.65,Osceola County
MI,Otsego County,2005,423.4,0.0,423.4,149.64999999999998,0.0,149.64999999999998,408.8,32.85,441.6500000000001,Otsego County
MI,Ottawa County,2005,153.29999999999998,17509.05,17662.35,262.8,2679.1,2941.9,2697.3500000000004,1043.9,3741.25,Ottawa County
MI,Presque Isle County,2005,222.65,0.0,222.65,3.65,3277.7000000000003,3281.35,233.6,124.1,357.7,Presque Isle County
MI,Saginaw County,2005,149.64999999999998,4624.55,4774.2,0.0,657.0,657.0,584.0,463.55,1047.55,Saginaw County
MI,St Clair County,2005,171.54999999999998,64250.95,64422.5,0.0,4606.299999999999,4606.299999999999,135.05,135.05,270.1,St. Clair County
MI,St Joseph County,2005,1533.0,0.0,1533.0,2029.4,102.2,2131.6,15457.75,8081.1,23538.85,St. Joseph County
MI,Sanilac County,2005,551.15,58.4,609.55,43.8,29.2,73.0,281.05,47.45,328.5,Sanilac County
MI,Schoolcraft County,2005,10.95,153.29999999999998,164.25,0.0,3963.9,3963.9,0.0,36.5,36.5,Schoolcraft County
MI,Shiawassee County,2005,1084.0500000000002,0.0,1084.0500000000002,43.8,0.0,43.8,102.2,284.7,386.9,Shiawassee County
MI,Van Buren County,2005,1149.75,737.3,1887.05,372.3,0.0,372.3,4004.05,766.5,4770.55,Van Buren County
MI,Washtenaw County,2005,2974.75,4898.3,7873.05,664.3000000000001,222.65,886.95,416.1,288.35,704.4499999999999,Washtenaw County
MI,Wayne County,2005,0.0,167505.80000000002,167505.80000000002,43.8,103678.25,103722.05,251.85,467.2,719.05,Wayne County
MI,Wexford County,2005,1076.75,0.0,1076.75,1346.85,0.0,1346.85,167.9,21.9,189.8,Wexford County
MN,Anoka County,2005,10157.95,21925.55,32083.500000000004,332.15000000000003,200.75000000000003,532.9,828.55,164.25,992.8,Anoka County
MN,Beltrami County,2005,554.8,0.0,554.8,146.0,0.0,146.0,65.7,1087.7,1153.4,Beltrami County
MN,Benton County,2005,792.05,0.0,792.05,3.65,3628.1,3631.75,3540.4999999999995,94.9,3635.4,Benton County
MN,Blue Earth County,2005,2416.3,0.0,2416.3,1222.75,0.0,1222.75,80.3,0.0,80.3,Blue Earth County
MN,Brown County,2005,500.05,0.0,500.05,65.7,0.0,65.7,379.6,83.94999999999996,463.55,Brown County
MN,Carlton County,2005,631.45,0.0,631.45,0.0,2109.7000000000003,2109.7000000000003,0.0,18.25,18.25,Carlton County
MN,Carver County,2005,2887.15,0.0,2887.15,186.15,0.0,186.15,91.25,36.5,127.75,Carver County
MN,Cottonwood County,2005,704.4499999999999,0.0,704.4499999999999,197.1,0.0,197.1,178.85,21.9,200.75000000000003,Cottonwood County
MN,Crow Wing County,2005,1292.1,0.0,1292.1,47.45,813.95,861.4,748.2499999999999,65.7,813.95,Crow Wing County
MN,Dakota County,2005,14789.8,0.0,14789.8,6380.2,0.0,6380.2,7978.9,222.65,8201.55,Dakota County
MN,Dodge County,2005,368.65,0.0,368.65,149.64999999999998,0.0,149.64999999999998,3.65,14.6,18.25,Dodge County
MN,Douglas County,2005,646.05,0.0,646.05,94.9,0.0,94.9,890.6,10.95,901.55,Douglas County
MN,Faribault County,2005,412.45,0.0,412.45,259.15,0.0,259.15,29.2,0.0,29.2,Faribault County
MN,Fillmore County,2005,605.9,0.0,605.9,7.3,0.0,7.3,3.65,3.65,7.3,Fillmore County
MN,Freeborn County,2005,1105.9499999999998,0.0,1105.9499999999998,204.4,0.0,204.4,116.8,7.3,124.1,Freeborn County
MN,Goodhue County,2005,1135.15,0.0,1135.15,105.85,0.0,105.85,591.3000000000001,43.8,635.0999999999999,Goodhue County
MN,Hennepin County,2005,30521.300000000003,0.0,30521.300000000003,2806.8500000000004,43.8,2850.65,1032.95,113.15,1146.1,Hennepin County
MN,Hubbard County,2005,233.6,0.0,233.6,631.45,7.3,638.75,3562.4,21.9,3584.3,Hubbard County
MN,Isanti County,2005,525.6,0.0,525.6,156.95,0.0,156.95,244.55,3.65,248.2,Isanti County
MN,Itasca County,2005,854.0999999999999,0.0,854.0999999999999,0.0,2131.6,2131.6,29.2,229.95,259.15,Itasca County
MN,Jackson County,2005,244.55,0.0,244.55,73.0,21.9,94.9,7.3,18.25,25.55,Jackson County
MN,Kandiyohi County,2005,1788.5000000000002,0.0,1788.5000000000002,14.6,0.0,14.6,1507.45,58.4,1565.85,Kandiyohi County
MN,Kittson County,2005,189.8,0.0,189.8,0.0,40.15,40.15,94.9,62.05,156.95,Kittson County
MN,Koochiching County,2005,40.15,292.0,332.15000000000003,0.0,16585.6,16585.6,0.0,226.3,226.3,Koochiching County
MN,Lac qui Parle County,2005,204.4,0.0,204.4,554.8,0.0,554.8,536.55,43.8,580.35,Lac qui Parle County
MN,Le Sueur County,2005,832.1999999999999,0.0,832.1999999999999,171.54999999999998,0.0,171.54999999999998,164.25,18.25,182.5,Le Sueur County
MN,Lyon County,2005,1251.95,0.0,1251.95,365.0,14.6,379.6,0.0,83.94999999999996,83.94999999999996,Lyon County
MN,McLeod County,2005,1168.0,0.0,1168.0,591.3000000000001,0.0,591.3000000000001,58.4,14.6,73.0,McLeod County
MN,Martin County,2005,200.75000000000003,584.0,784.75,10.95,0.0,10.95,36.5,3.65,40.15,Martin County
MN,Meeker County,2005,547.5,0.0,547.5,40.15,7.3,47.45,952.65,10.95,963.6,Meeker County
MN,Morrison County,2005,857.75,0.0,857.75,0.0,36.5,36.5,3949.3,94.9,4044.2,Morrison County
MN,Mower County,2005,1281.15,0.0,1281.15,1105.9499999999998,0.0,1105.9499999999998,182.5,10.95,193.45,Mower County
MN,Nicollet County,2005,1631.55,0.0,1631.55,138.7,7.3,146.0,10.95,7.3,18.25,Nicollet County
MN,Nobles County,2005,1113.25,0.0,1113.25,0.0,3.65,3.65,7.3,54.75,62.04999999999996,Nobles County
MN,Olmsted County,2005,5128.25,0.0,5128.25,335.8,0.0,335.8,65.7,0.0,65.7,Olmsted County
MN,Otter Tail County,2005,945.35,492.75000000000006,1438.1,372.3,0.0,372.3,10880.65,193.45,11074.1,Otter Tail County
MN,Polk County,2005,299.29999999999995,2854.3,3153.6000000000004,14.6,3.65,18.25,62.04999999999996,1595.05,1657.1,Polk County
MN,Pope County,2005,215.35,0.0,215.35,14.6,0.0,14.6,7132.099999999999,7.3,7139.4,Pope County
MN,Ramsey County,2005,7690.55,16811.9,24502.45,923.45,189.8,1113.25,357.7,62.05,419.75,Ramsey County
MN,Redwood County,2005,379.6,0.0,379.6,14.6,7.3,21.9,29.2,54.75,83.94999999999996,Redwood County
MN,Renville County,2005,452.6,0.0,452.6,284.7,0.0,284.7,21.9,29.2,51.1,Renville County
MN,Rice County,2005,2270.3,0.0,2270.3,233.6,3.65,237.25,80.3,0.0,80.3,Rice County
MN,St Louis County,2005,1733.75,12282.25,14016.0,29.2,781.1,810.3000000000001,3.65,120.45,124.1,St. Louis County
MN,Scott County,2005,4047.85,0.0,4047.85,930.75,0.0,930.75,153.29999999999998,29.2,182.5,Scott County
MN,Sherburne County,2005,1500.15,0.0,1500.15,335.8,0.0,335.8,8190.6,138.7,8329.3,Sherburne County
MN,Sibley County,2005,536.55,0.0,536.55,83.95,7.3,91.25,7.3,0.0,7.3,Sibley County
MN,Stearns County,2005,2606.1,2752.1,5358.2,576.7,0.0,576.7,6902.15,200.75000000000003,7102.900000000001,Stearns County
MN,Stevens County,2005,299.29999999999995,0.0,299.29999999999995,153.29999999999998,14.6,167.89999999999998,1496.4999999999998,0.0,1496.4999999999998,Stevens County
MN,Swift County,2005,328.5,0.0,328.5,164.25,0.0,164.25,3748.55,25.55,3774.100000000001,Swift County
MN,Todd County,2005,562.1,0.0,562.1,47.45,0.0,47.45,2215.55,186.15,2401.7,Todd County
MN,Wabasha County,2005,919.8,0.0,919.8,124.1,0.0,124.1,65.7,21.9,87.6,Wabasha County
MN,Washington County,2005,7106.549999999999,0.0,7106.549999999999,1992.9,0.0,1992.9,766.5,94.9,861.3999999999997,Washington County
MN,Watonwan County,2005,726.35,0.0,726.35,43.8,0.0,43.8,255.5,10.95,266.45,Watonwan County
MN,Winona County,2005,1456.35,0.0,1456.35,817.6,0.0,817.6,73.0,0.0,73.0,Winona County
MN,Wright County,2005,2952.85,0.0,2952.85,365.0,0.0,365.0,565.75,43.8,609.55,Wright County
MS,Adams County,2005,1730.1,0.0,1730.1,591.3000000000001,0.0,591.3000000000001,0.0,3.65,3.65,Adams County
MS,Amite County,2005,445.3,0.0,445.3,7.3,0.0,7.3,14.6,47.45,62.05,Amite County
MS,Attala County,2005,817.6,0.0,817.6,3.65,0.0,3.65,43.8,3.65,47.45,Attala County
MS,Benton County,2005,284.7,0.0,284.7,288.35,0.0,288.35,0.0,43.8,43.8,Benton County
MS,Bolivar County,2005,2160.8,0.0,2160.8,529.25,0.0,529.25,109317.5,5752.4,115069.9,Bolivar County
MS,Calhoun County,2005,551.15,0.0,551.15,160.6,0.0,160.6,3.65,226.3,229.95,Calhoun County
MS,Coahoma County,2005,1744.7,0.0,1744.7,146.0,0.0,146.0,45829.4,2409.0,48238.4,Coahoma County
MS,Copiah County,2005,1248.3,0.0,1248.3,138.7,0.0,138.7,7.3,25.55,32.85,Copiah County
MS,De Soto County,2005,4197.5,0.0,4197.5,905.2,0.0,905.2,5361.849999999999,284.7,5646.55,DeSoto County
MS,Forrest County,2005,4339.85,0.0,4339.85,649.7,0.0,649.7,1244.65,3737.6,4982.25,Forrest County
MS,Grenada County,2005,1339.55,0.0,1339.55,222.65,1522.05,1744.7,503.7,25.55,529.25,Grenada County
MS,Hancock County,2005,2759.4,0.0,2759.4,379.6,229.95,609.55,7.3,18.25,25.55,Hancock County
MS,Harrison County,2005,9654.25,0.0,9654.25,2485.65,0.0,2485.65,0.0,3.65,3.65,Harrison County
MS,Hinds County,2005,3474.8,11048.55,14523.35,821.25,0.0,821.25,3.65,14.6,18.25,Hinds County
MS,Holmes County,2005,1022.0,0.0,1022.0,259.15,0.0,259.15,13939.35,733.65,14673.000000000002,Holmes County
MS,Humphreys County,2005,1025.65,0.0,1025.65,233.6,0.0,233.6,21973.0,1157.05,23130.050000000003,Humphreys County
MS,Jackson County,2005,3620.8,0.0,3620.8,901.55,12782.3,13683.85,18.25,54.75,73.0,Jackson County
MS,Jasper County,2005,719.05,0.0,719.05,3.65,0.0,3.65,0.0,3.65,3.65,Jasper County
MS,Jones County,2005,4434.75,0.0,4434.75,832.1999999999999,0.0,832.1999999999999,18.25,62.05,80.3,Jones County
MS,Kemper County,2005,244.55,0.0,244.55,98.55,0.0,98.55,3.65,3.65,7.3,Kemper County
MS,Lafayette County,2005,653.35,0.0,653.35,10.95,0.0,10.95,0.0,21.9,21.9,Lafayette County
MS,Lamar County,2005,2467.4,0.0,2467.4,2722.9,0.0,2722.9,18.25,47.45,65.7,Lamar County
MS,Lauderdale County,2005,3617.15,0.0,3617.15,116.8,0.0,116.8,7.3,25.55,32.85,Lauderdale County
MS,Lawrence County,2005,448.95,0.0,448.95,310.25,12899.1,13209.350000000002,32.85,105.85,138.7,Lawrence County
MS,Leflore County,2005,1441.75,0.0,1441.75,332.15000000000003,0.0,332.15000000000003,55461.74999999999,2920.0,58381.74999999999,Leflore County
MS,Lincoln County,2005,1346.85,0.0,1346.85,76.64999999999999,0.0,76.64999999999999,3.65,14.6,18.25,Lincoln County
MS,Lowndes County,2005,2872.55,0.0,2872.55,1416.2,6862.0,8278.2,14.6,1460.0,1474.6,Lowndes County
MS,Madison County,2005,4171.95,0.0,4171.95,3.65,0.0,3.65,51.1,146.0,197.1,Madison County
MS,Marion County,2005,1237.35,0.0,1237.35,7.3,0.0,7.3,25.55,83.95,109.5,Marion County
MS,Monroe County,2005,1361.45,0.0,1361.45,5077.15,0.0,5077.15,29.2,2766.7,2795.9,Monroe County
MS,Neshoba County,2005,1222.75,0.0,1222.75,10.95,0.0,10.95,10.95,32.85,43.8,Neshoba County
MS,Noxubee County,2005,383.25,0.0,383.25,47.45,0.0,47.45,29.2,2784.95,2814.15,Noxubee County
MS,Panola County,2005,733.65,0.0,733.65,182.5,0.0,182.5,8212.5,430.7,8643.2,Panola County
MS,Pearl River County,2005,1470.95,0.0,1470.95,87.6,0.0,87.6,14.6,40.15,54.75,Pearl River County
MS,Perry County,2005,697.15,0.0,697.15,62.05,6683.15,6745.2,14.6,40.15,54.75,Perry County
MS,Pike County,2005,2087.8,0.0,2087.8,193.45,0.0,193.45,3.65,10.95,14.6,Pike County
MS,Quitman County,2005,175.2,0.0,175.2,76.64999999999999,0.0,76.64999999999999,26834.8,1412.55,28247.35,Quitman County
MS,Rankin County,2005,6657.599999999999,0.0,6657.599999999999,197.1,0.0,197.1,10.95,40.15,51.1,Rankin County
MS,Scott County,2005,3160.9,0.0,3160.9,445.3,0.0,445.3,7.3,25.55,32.85,Scott County
MS,Simpson County,2005,1576.8000000000002,0.0,1576.8000000000002,3.65,0.0,3.65,10.95,32.85,43.8,Simpson County
MS,Smith County,2005,1171.65,0.0,1171.65,14.6,0.0,14.6,10.95,36.5,47.45,Smith County
MS,Stone County,2005,116.8,0.0,116.8,492.75000000000006,0.0,492.75000000000006,14.6,40.15,54.75,Stone County
MS,Sunflower County,2005,978.2,0.0,978.2,109.5,0.0,109.5,74062.15,3898.2,77960.35,Sunflower County
MS,Tippah County,2005,1244.65,0.0,1244.65,65.7,0.0,65.7,0.0,32.85,32.85,Tippah County
MS,Union County,2005,700.8,0.0,700.8,36.5,0.0,36.5,0.0,3.65,3.65,Union County
MS,Warren County,2005,3420.05,0.0,3420.05,32.85,2825.1,2857.95,40.15,124.1,164.25,Warren County
MS,Washington County,2005,4412.85,0.0,4412.85,98.55,0.0,98.55,68360.84999999999,3598.9,71959.75,Washington County
MS,Yazoo County,2005,1704.55,0.0,1704.55,2317.75,0.0,2317.75,1773.9,5325.35,7099.25,Yazoo County
MO,Barry County,2005,1357.8000000000002,0.0,1357.8000000000002,591.3000000000001,0.0,591.3000000000001,21.9,0.0,21.9,Barry County
MO,Barton County,2005,343.1,182.5,525.6,21.9,0.0,21.9,2784.95,726.35,3511.3,Barton County
MO,Callaway County,2005,1554.9,0.0,1554.9,259.15,0.0,259.15,974.55,824.9,1799.4499999999998,Callaway County
MO,Cape Girardeau County,2005,1394.3,1142.45,2536.75,2963.8,1007.4,3971.2,3299.6,193.45,3493.05,Cape Girardeau County
MO,Christian County,2005,1427.15,0.0,1427.15,120.45,0.0,120.45,14.6,0.0,14.6,Christian County
MO,Clay County,2005,18965.4,43230.6,62196.0,2657.2000000000003,0.0,2657.2000000000003,43.8,0.0,43.8,Clay County
MO,Daviess County,2005,295.65000000000003,62.05,357.7,32.85,0.0,32.85,54.75,0.0,54.75,Daviess County
MO,Franklin County,2005,2069.55,0.0,2069.55,32.85,0.0,32.85,295.65000000000003,0.0,295.65000000000003,Franklin County
MO,Greene County,2005,2244.75,13822.55,16067.3,565.75,0.0,565.75,0.0,3.65,3.65,Greene County
MO,Holt County,2005,189.8,0.0,189.8,69.35,0.0,69.35,2401.7,0.0,2401.7,Holt County
MO,Iron County,2005,124.1,62.05,186.15,69.35,0.0,69.35,32.85,0.0,32.85,Iron County
MO,Jackson County,2005,792.05,29.2,821.25,375.95,11493.85,11869.8,94.9,0.0,94.9,Jackson County
MO,Jasper County,2005,2927.3,4398.25,7325.55,153.29999999999998,0.0,153.29999999999998,850.45,602.25,1452.7,Jasper County
MO,Jefferson County,2005,2602.45,722.7,3325.15,543.85,1890.7,2434.55,105.85,0.0,105.85,Jefferson County
MO,Lawrence County,2005,788.4000000000001,0.0,788.4000000000001,18.25,0.0,18.25,69.35,255.5,324.85,Lawrence County
MO,McDonald County,2005,587.6500000000001,0.0,587.6500000000001,1102.3,0.0,1102.3,0.0,113.15,113.15,McDonald County
MO,Marion County,2005,178.85,1138.8,1317.65,638.75,0.0,638.75,146.0,511.0,656.9999999999999,Marion County
MO,Mercer County,2005,73.0,0.0,73.0,0.0,3.65,3.65,40.15,0.0,40.15,Mercer County
MO,Pettis County,2005,543.85,657.0,1200.85,704.4499999999999,0.0,704.4499999999999,609.55,0.0,609.55,Pettis County
MO,Pike County,2005,25.55,671.6,697.15,1200.85,1062.15,2263.0,226.3,0.0,226.3,Pike County
MO,St Charles County,2005,4062.45,0.0,4062.45,507.35,0.0,507.35,346.75,40.15,386.9,St. Charles County
MO,St Louis County,2005,2058.6,72879.54999999999,74938.15,3.65,0.0,3.65,251.85,0.0,251.85,St. Louis County
MO,Stoddard County,2005,1481.9,0.0,1481.9,10.95,0.0,10.95,118665.15,708.1,119373.25,Stoddard County
MO,Sullivan County,2005,0.0,310.25,310.25,0.0,270.1,270.1,7.3,0.0,7.3,Sullivan County
MO,Taney County,2005,1354.15,1178.95,2533.1000000000004,3.65,0.0,3.65,0.0,29.2,29.2,Taney County
MO,Texas County,2005,540.2,0.0,540.2,219.0,0.0,219.0,14.6,0.0,14.6,Texas County
MO,Vernon County,2005,963.6,0.0,963.6,146.0,0.0,146.0,0.0,562.1,562.1,Vernon County
MO,Warren County,2005,565.75,0.0,565.75,124.1,0.0,124.1,73.0,0.0,73.0,Warren County
MT,Beaverhead County,2005,627.8,0.0,627.8,58.4,87.6,146.0,1584.1,429495.5,431079.6,Beaverhead County
MT,Big Horn County,2005,98.55,306.6,405.15,3.65,0.0,3.65,1503.8,97579.1,99082.9,Big Horn County
MT,Broadwater County,2005,350.4,0.0,350.4,7.3,0.0,7.3,934.4,86581.65000000001,87516.05,Broadwater County
MT,Carbon County,2005,237.25,324.85,562.1,54.75,0.0,54.75,328.5,150131.8,150460.30000000002,Carbon County
MT,Cascade County,2005,485.4500000000001,4175.599999999999,4661.05,3.65,365.0,368.65,613.1999999999999,61779.9,62393.1,Cascade County
MT,Chouteau County,2005,357.7,80.3,438.0,10.95,0.0,10.95,292.0,28302.1,28594.1,Chouteau County
MT,Custer County,2005,3.65,503.7,507.35,14.6,0.0,14.6,292.0,43022.55,43314.55,Custer County
MT,Daniels County,2005,76.64999999999999,0.0,76.64999999999999,10.95,0.0,10.95,321.2,591.3000000000001,912.5,Daniels County
MT,Dawson County,2005,222.65,554.8,777.4499999999999,18.25,0.0,18.25,91.25,18381.4,18472.65,Dawson County
MT,Deer Lodge County,2005,1522.05,62.05,1584.1,18.25,0.0,18.25,197.1,21823.35,22020.45,Deer Lodge County
MT,Fallon County,2005,149.64999999999998,0.0,149.64999999999998,14.6,0.0,14.6,259.15,87.6,346.75,Fallon County
MT,Fergus County,2005,664.3000000000001,0.0,664.3000000000001,105.85,0.0,105.85,671.6,23644.7,24316.300000000003,Fergus County
MT,Flathead County,2005,1303.05,934.4,2237.45,2405.35,21.9,2427.25,4679.3,15731.5,20410.8,Flathead County
MT,Gallatin County,2005,1423.5,2011.15,3434.65,657.0,0.0,657.0,5913.0,160048.85,165961.85,Gallatin County
MT,Glacier County,2005,135.05,288.35,423.4,87.6,0.0,87.6,142.35,30597.95,30740.3,Glacier County
MT,Golden Valley County,2005,7.3,21.9,29.2,10.95,0.0,10.95,3.65,15914.0,15917.65,Golden Valley County
MT,Granite County,2005,0.0,14.6,14.6,3.65,0.0,3.65,288.35,49789.65,50077.99999999999,Granite County
MT,Hill County,2005,131.4,474.5,605.9,21.9,0.0,21.9,532.9,5938.55,6471.45,Hill County
MT,Jefferson County,2005,543.85,0.0,543.85,102.2,0.0,102.2,857.75,54567.5,55425.25,Jefferson County
MT,Judith Basin County,2005,40.15,0.0,40.15,18.25,0.0,18.25,573.0500000000001,25064.55,25637.6,Judith Basin County
MT,Lake County,2005,503.7,80.3,584.0,156.95,0.0,156.95,2106.05,101316.7,103422.75,Lake County
MT,Lewis and Clark County,2005,733.65,2051.3,2784.95,62.05,361.35,423.4,3675.55,72689.75,76365.3,Lewis and Clark County
MT,Liberty County,2005,43.8,94.9,138.7,10.95,0.0,10.95,36.5,20699.15,20735.65,Liberty County
MT,Lincoln County,2005,135.05,197.1,332.15000000000003,47.45,4799.75,4847.2,306.6,6099.150000000001,6405.75,Lincoln County
MT,McCone County,2005,32.85,0.0,32.85,10.95,0.0,10.95,3.65,9417.0,9420.65,McCone County
MT,Madison County,2005,146.0,0.0,146.0,29.2,0.0,29.2,748.2499999999999,234501.55,235249.8,Madison County
MT,Meagher County,2005,32.85,73.0,105.85,36.5,0.0,36.5,912.5,136345.75,137258.25,Meagher County
MT,Mineral County,2005,94.9,0.0,94.9,854.0999999999999,164.25,1018.35,313.9,1419.85,1733.75,Mineral County
MT,Missoula County,2005,9205.3,200.75000000000003,9406.05,6763.450000000001,1007.4,7770.849999999999,2014.8,20567.75,22582.550000000003,Missoula County
MT,Musselshell County,2005,226.3,18.25,244.55,18.25,0.0,18.25,160.6,34977.95,35138.55,Musselshell County
MT,Park County,2005,792.05,25.55,817.6,138.7,0.0,138.7,1178.95,173557.5,174736.45,Park County
MT,Powell County,2005,481.8,0.0,481.8,18.25,0.0,18.25,708.1,88786.25,89494.35,Powell County
MT,Ravalli County,2005,708.1,302.95,1011.05,419.75,0.0,419.75,2197.3,102050.35,104247.65,Ravalli County
MT,Richland County,2005,397.85,0.0,397.85,3.65,317.55,321.2,609.55,127556.55,128166.10000000002,Richland County
MT,Roosevelt County,2005,160.6,40.15,200.75000000000003,14.6,0.0,14.6,803.0000000000001,32682.1,33485.1,Roosevelt County
MT,Rosebud County,2005,259.15,248.2,507.35,29.2,0.0,29.2,463.55,76993.1,77456.65000000001,Rosebud County
MT,Sanders County,2005,233.6,32.85,266.45,149.64999999999998,0.0,149.64999999999998,1558.55,18534.7,20093.25,Sanders County
MT,Sheridan County,2005,113.15,18.25,131.4,21.9,0.0,21.9,3387.2,1255.6,4642.8,Sheridan County
MT,Silver Bow County,2005,14.6,4551.55,4566.15,897.9,0.0,897.9,204.4,11760.3,11964.7,Silver Bow County
MT,Stillwater County,2005,73.0,156.95,229.95,54.75,0.0,54.75,222.65,37934.45,38157.100000000006,Stillwater County
MT,Sweet Grass County,2005,116.8,0.0,116.8,40.15,0.0,40.15,292.0,105784.3,106076.3,Sweet Grass County
MT,Teton County,2005,372.3,18.25,390.55,7.3,0.0,7.3,412.45,203790.45,204202.9,Teton County
MT,Toole County,2005,302.95,29.2,332.15000000000003,0.0,47.45,47.45,124.1,5212.2,5336.299999999999,Toole County
MT,Valley County,2005,124.1,365.0,489.1,40.15,0.0,40.15,1511.1,83818.59999999999,85329.7,Valley County
MT,Wheatland County,2005,47.45,0.0,47.45,10.95,0.0,10.95,1073.1,43869.35,44942.45,Wheatland County
MT,Yellowstone County,2005,299.29999999999995,8624.949999999999,8924.25,193.45,3642.7,3836.15,1573.15,95600.8,97173.95,Yellowstone County
NE,Adams County,2005,3135.35,0.0,3135.35,478.15,0.0,478.15,95597.15,967.25,96564.4,Adams County
NE,Buffalo County,2005,3007.6,0.0,3007.6,255.5,0.0,255.5,86008.59999999999,3584.3,89592.90000000001,Buffalo County
NE,Burt County,2005,375.95,0.0,375.95,3.65,0.0,3.65,15315.4,638.75,15954.15,Burt County
NE,Cass County,2005,5650.2,94.9,5745.1,43.8,0.0,43.8,288.35,540.2,828.55,Cass County
NE,Chase County,2005,354.05,0.0,354.05,7.3,0.0,7.3,61225.100000000006,0.0,61225.100000000006,Chase County
NE,Cheyenne County,2005,894.2500000000001,0.0,894.2500000000001,3.65,0.0,3.65,26009.9,803.0000000000001,26812.9,Cheyenne County
NE,Clay County,2005,573.0500000000001,0.0,573.0500000000001,21.9,0.0,21.9,54764.6,1693.6,56458.19999999999,Clay County
NE,Colfax County,2005,492.75000000000006,0.0,492.75000000000006,594.9499999999999,0.0,594.9499999999999,25900.4,799.35,26699.75,Colfax County
NE,Custer County,2005,938.05,0.0,938.05,3.65,0.0,3.65,82260.05,9139.6,91399.65,Custer County
NE,Dakota County,2005,1029.3,0.0,1029.3,521.9499999999999,0.0,521.9499999999999,6117.400000000001,124.1,6241.500000000001,Dakota County
NE,Dawson County,2005,2708.3,0.0,2708.3,29.2,0.0,29.2,69229.54999999999,37277.45,106507.0,Dawson County
NE,Dixon County,2005,386.9,0.0,386.9,120.45,0.0,120.45,5832.7,1029.3,6862.0,Dixon County
NE,Dodge County,2005,1266.5500000000002,0.0,1266.5500000000002,175.2,0.0,175.2,37116.85,1547.6,38664.45,Dodge County
NE,Douglas County,2005,5073.5,30791.4,35864.9,430.7,0.0,430.7,3799.65,116.8,3916.45,Douglas County
NE,Furnas County,2005,248.2,0.0,248.2,21.9,0.0,21.9,16012.55,4255.9,20268.45,Furnas County
NE,Gage County,2005,1773.9,0.0,1773.9,3.65,3.65,7.3,7803.7,7803.7,15607.4,Gage County
NE,Hall County,2005,4573.45,0.0,4573.45,47.45,0.0,47.45,80340.15000000001,810.3000000000001,81150.45000000001,Hall County
NE,Hamilton County,2005,470.85,0.0,470.85,146.0,0.0,146.0,100674.3,5299.8,105974.1,Hamilton County
NE,Hitchcock County,2005,127.75,0.0,127.75,36.5,0.0,36.5,13563.4,2777.65,16341.05,Hitchcock County
NE,Holt County,2005,642.4,0.0,642.4,3.65,0.0,3.65,86738.59999999999,3613.5,90352.1,Holt County
NE,Jefferson County,2005,573.0500000000001,0.0,573.0500000000001,25.55,0.0,25.55,16647.65,4161.0,20808.65,Jefferson County
NE,Kearney County,2005,368.65,0.0,368.65,47.45,0.0,47.45,59422.00000000001,3792.35,63214.35,Kearney County
NE,Knox County,2005,357.7,124.1,481.8,113.15,0.0,113.15,14388.3,3595.25,17983.550000000003,Knox County
NE,Lancaster County,2005,730.0,0.0,730.0,51.1,0.0,51.1,4354.45,1452.7,5807.15,Lancaster County
NE,Lincoln County,2005,2511.2,0.0,2511.2,18.25,0.0,18.25,86669.25,7537.249999999999,94206.5,Lincoln County
NE,Madison County,2005,2138.9,0.0,2138.9,558.45,0.0,558.45,34777.2,0.0,34777.2,Madison County
NE,Merrick County,2005,416.1,0.0,416.1,7.3,0.0,7.3,71029.0,1449.0500000000002,72478.05,Merrick County
NE,Nemaha County,2005,467.2,0.0,467.2,7.3,0.0,7.3,1047.55,346.75,1394.3,Nemaha County
NE,Pierce County,2005,266.45,0.0,266.45,40.15,0.0,40.15,38960.1,795.7,39755.8,Pierce County
NE,Platte County,2005,1682.65,0.0,1682.65,186.15,0.0,186.15,78496.9,1602.35,80099.25,Platte County
NE,Red Willow County,2005,795.7,0.0,795.7,7.3,0.0,7.3,17968.949999999997,0.0,17968.949999999997,Red Willow County
NE,Saunders County,2005,15884.8,0.0,15884.8,32.85,0.0,32.85,35353.9,1861.5,37215.4,Saunders County
NE,Scotts Bluff County,2005,3197.4,0.0,3197.4,14.6,0.0,14.6,11939.15,79894.84999999999,91834.0,Scotts Bluff County
NE,Thayer County,2005,332.15000000000003,0.0,332.15000000000003,3.65,0.0,3.65,36514.600000000006,1919.9,38434.5,Thayer County
NE,Washington County,2005,113.15,2971.1000000000004,3084.2499999999995,18.25,0.0,18.25,4628.2,2080.5,6708.7,Washington County
NE,York County,2005,839.4999999999999,0.0,839.4999999999999,40.15,0.0,40.15,96254.15,5066.200000000001,101320.35,York County
NV,Clark County,2005,24757.95,171414.95,196172.9,54.75,1898.0,1952.75,1912.6,3781.4,5694.0,Clark County
NV,Douglas County,2005,3098.85,448.95,3547.8,171.54999999999998,0.0,171.54999999999998,3431.0,10767.5,14198.5,Douglas County
NV,Lyon County,2005,3025.85,0.0,3025.85,10.95,0.0,10.95,32627.35,38766.65,71394.0,Lyon County
NV,Washoe County,2005,3876.3,23896.55,27772.85,18.25,0.0,18.25,7986.2,5150.15,13136.35,Washoe County
NH,Belknap County,2005,405.15,792.05,1197.1999999999998,36.5,146.0,182.5,7.3,76.64999999999999,83.94999999999996,Belknap County
NH,Carroll County,2005,992.8,306.6,1299.4,51.1,3.65,54.75,10.95,76.64999999999999,87.6,Carroll County
NH,Cheshire County,2005,1292.1,390.55,1682.65,109.5,47.45,156.95,10.95,102.2,113.15,Cheshire County
NH,Coos County,2005,525.6,803.0000000000001,1328.6,21.9,11205.5,11227.4,3.65,21.9,25.55,Coos County
NH,Grafton County,2005,1054.85,1974.65,3029.5000000000005,25.55,105.85,131.4,14.6,127.75,142.34999999999997,Grafton County
NH,Hillsborough County,2005,2653.55,11077.75,13731.3,1164.35,620.5,1784.85,47.45,397.85,445.30000000000007,Hillsborough County
NH,Merrimack County,2005,1211.8,2120.65,3332.4500000000003,51.1,171.54999999999998,222.65,21.9,208.05,229.95000000000005,Merrimack County
NH,Rockingham County,2005,3839.8,2058.6,5898.4,361.35,302.95,664.3000000000001,32.85,302.95000000000005,335.8,Rockingham County
NH,Strafford County,2005,1314.0,2547.7000000000003,3861.7,200.75000000000003,113.15,313.90000000000003,10.95,120.45,131.4,Strafford County
NH,Sullivan County,2005,281.05,770.15,1051.2,40.15,383.25,423.4,3.65,51.1,54.75,Sullivan County
NJ,Atlantic County,2005,11311.35,755.55,12066.9,485.4500000000001,43.8,529.2500000000001,3441.95,627.8,4069.75,Atlantic County
NJ,Bergen County,2005,9161.5,33835.5,42997.0,726.35,302.95,1029.3,211.7,120.45,332.15000000000003,Bergen County
NJ,Burlington County,2005,11267.55,8825.7,20093.25,1565.85,0.0,1565.85,1051.2,11950.1,13001.3,Burlington County
NJ,Camden County,2005,18523.75,0.0,18523.75,91.25,142.35,233.6,262.8,229.95,492.75000000000006,Camden County
NJ,Cape May County,2005,4949.400000000001,0.0,4949.400000000001,69.35,0.0,69.35,368.65,138.7,507.35,Cape May County
NJ,Cumberland County,2005,6226.9,0.0,6226.9,1916.25,0.0,1916.25,5332.65,697.15,6029.8,Cumberland County
NJ,Essex County,2005,8449.75,2963.8,11413.55,7.3,0.0,7.3,186.15,124.1,310.25000000000006,Essex County
NJ,Gloucester County,2005,8424.199999999999,3.65,8427.85,1912.6,6825.5,8738.1,1255.6,868.6999999999999,2124.3,Gloucester County
NJ,Hunterdon County,2005,1219.1,2930.95,4150.049999999999,532.9,481.8,1014.7,171.54999999999998,292.0,463.55,Hunterdon County
NJ,Mercer County,2005,4237.65,10763.85,15001.5,54.75,69.35,124.09999999999997,87.6,109.5,197.1,Mercer County
NJ,Middlesex County,2005,11942.8,2029.4,13972.2,3040.45,14.6,3055.05,346.75,365.0,711.75,Middlesex County
NJ,Monmouth County,2005,6993.4,20392.55,27385.95,255.5,29.2,284.7,441.65,543.85,985.5,Monmouth County
NJ,Morris County,2005,16644.0,5927.599999999999,22571.6,525.6,354.05,879.6500000000001,113.15,200.75000000000003,313.90000000000003,Morris County
NJ,Ocean County,2005,17560.15,2357.9,19918.05,1095.0,32.85,1127.85,733.65,689.8499999999999,1423.5,Ocean County
NJ,Passaic County,2005,1029.3,56618.8,57648.1,197.1,762.8499999999999,959.95,47.45,58.4,105.85,Passaic County
NJ,Salem County,2005,1295.75,226.3,1522.05,1222.75,3755.85,4978.6,1204.5,1164.35,2368.85,Salem County
NJ,Somerset County,2005,1284.8,49508.6,50793.4,375.95,0.0,375.95,182.5,438.00000000000006,620.5000000000001,Somerset County
NJ,Sussex County,2005,2562.3,697.15,3259.45,21.9,0.0,21.9,83.95,149.64999999999998,233.6,Sussex County
NJ,Union County,2005,4047.85,2000.2,6048.05,664.3000000000001,1076.75,1741.0500000000002,127.75,40.15,167.89999999999998,Union County
NJ,Warren County,2005,2657.2000000000003,0.0,2657.2000000000003,2080.5,627.8,2708.3,120.45,127.75,248.2,Warren County
NM,Bernalillo County,2005,37376.0,14.6,37390.6,368.65,0.0,368.65,773.8000000000001,13610.85,14384.65,Bernalillo County
NM,Chaves County,2005,5288.85,0.0,5288.85,208.05,0.0,208.05,78252.34999999999,6073.6,84325.95,Chaves County
NM,Cibola County,2005,1135.15,0.0,1135.15,514.65,0.0,514.65,113.15,2383.4500000000003,2496.6,Cibola County
NM,Dona Ana County,2005,13377.25,0.0,13377.25,25.55,0.0,25.55,48884.45,104178.3,153062.75,Doña Ana County
NM,Eddy County,2005,4693.9,0.0,4693.9,306.6,0.0,306.6,39511.25,27086.65,66597.90000000001,Eddy County
NM,Grant County,2005,1328.6,14.6,1343.2,3.65,0.0,3.65,1273.85,8478.95,9752.8,Grant County
NM,Hidalgo County,2005,346.75,0.0,346.75,62.05,0.0,62.05,28028.35,2624.3500000000004,30652.7,Hidalgo County
NM,Lea County,2005,4354.45,0.0,4354.45,839.4999999999999,0.0,839.4999999999999,44077.4,0.0,44077.4,Lea County
NM,Luna County,2005,1423.5,0.0,1423.5,18.25,0.0,18.25,42442.2,22202.95,64645.15,Luna County
NM,McKinley County,2005,1383.35,0.0,1383.35,343.1,0.0,343.1,0.0,1219.1,1219.1,McKinley County
NM,Otero County,2005,792.05,2058.6,2850.65,51.1,0.0,51.1,8497.2,3467.5,11964.7,Otero County
NM,Rio Arriba County,2005,492.75000000000006,248.2,740.9499999999999,43.8,0.0,43.8,430.7,36941.65,37372.35,Rio Arriba County
NM,Sandoval County,2005,4471.25,47.45,4518.700000000001,1266.5500000000002,0.0,1266.5500000000002,215.35,17589.35,17804.7,Sandoval County
NM,San Juan County,2005,149.64999999999998,7431.4,7581.05,105.85,627.8,733.65,0.0,95925.65,95925.65,San Juan County
NM,Santa Fe County,2005,2719.25,1507.45,4226.7,7.3,0.0,7.3,6252.45,5628.3,11880.749999999998,Santa Fe County
NM,Torrance County,2005,397.85,0.0,397.85,7.3,0.0,7.3,14005.05,0.0,14005.05,Torrance County
NM,Valencia County,2005,1832.3,0.0,1832.3,21.9,0.0,21.9,2923.65,56961.9,59885.55,Valencia County
NY,Albany County,2005,715.4,16680.5,17395.899999999998,357.7,1365.1,1722.8000000000002,83.95,226.3,310.25,Albany County
NY,Allegany County,2005,872.35,193.45,1065.8,266.45,58.4,324.85,36.5,98.55,135.05,Allegany County
NY,Broome County,2005,5646.55,4562.5,10209.05,1624.25,405.15,2029.4,54.75,153.29999999999998,208.05,Broome County
NY,Cattaraugus County,2005,2076.8500000000004,1087.7,3164.55,675.25,102.2,777.4499999999999,40.15,105.85,145.99999999999997,Cattaraugus County
NY,Cayuga County,2005,390.55,3069.65,3460.2000000000003,69.35,456.25,525.6,47.45,120.45,167.9,Cayuga County
NY,Chautauqua County,2005,2197.3,2653.55,4850.849999999999,857.75,1040.25,1898.0,98.55,270.1,368.65,Chautauqua County
NY,Chemung County,2005,1470.95,3230.25,4701.200000000001,430.7,219.0,649.6999999999999,18.25,51.099999999999966,69.35,Chemung County
NY,Chenango County,2005,277.4,474.5,751.9,507.35,14.6,521.9499999999999,21.9,65.7,87.6,Chenango County
NY,Clinton County,2005,266.45,2200.9500000000003,2467.4,127.75,1043.9,1171.65,29.2,73.0,102.2,Clinton County
NY,Columbia County,2005,708.1,562.1,1270.2,248.2,204.4,452.6000000000001,62.04999999999996,167.9,229.95,Columbia County
NY,Cortland County,2005,1825.0,0.0,1825.0,613.1999999999999,0.0,613.1999999999999,21.9,58.4,80.3,Cortland County
NY,Delaware County,2005,299.29999999999995,163833.9,164133.2,302.95,18.25,321.2,21.9,65.7,87.6,Delaware County
NY,Dutchess County,2005,2540.4,5708.6,8249.0,624.15,678.9000000000001,1303.0500000000002,113.15,302.95,416.1,Dutchess County
NY,Erie County,2005,503.7,63718.05,64221.74999999999,65.7,8208.849999999999,8274.550000000001,233.6,642.4,876.0,Erie County
NY,Essex County,2005,328.5,1649.8,1978.3,146.0,667.95,813.95,51.1,142.35,193.45,Essex County
NY,Franklin County,2005,200.75000000000003,1879.75,2080.5,62.05,116.8,178.85,32.85,91.25,124.09999999999997,Franklin County
NY,Fulton County,2005,189.8,1598.7,1788.5000000000002,51.1,448.95,500.05,29.2,80.3,109.5,Fulton County
NY,Genesee County,2005,138.7,1598.7,1737.4,215.35,306.6,521.9499999999999,197.1,547.5,744.6,Genesee County
NY,Greene County,2005,105.85,908.85,1014.7,21.9,83.95,105.85,54.75,149.64999999999998,204.4,Greene County
NY,Hamilton County,2005,171.54999999999998,127.75,299.29999999999995,3.65,0.0,3.65,10.95,29.2,40.15,Hamilton County
NY,Herkimer County,2005,346.75,2025.75,2372.5,354.05,784.75,1138.8,21.9,69.35,91.25,Herkimer County
NY,Jefferson County,2005,613.1999999999999,2982.05,3595.25,171.54999999999998,646.05,817.6,62.05,171.54999999999998,233.6,Jefferson County
NY,Lewis County,2005,354.05,474.5,828.55,124.1,146.0,270.1,21.9,58.4,80.3,Lewis County
NY,Livingston County,2005,255.5,1226.4,1481.9,120.45,317.55,438.0,91.25,240.9,332.15000000000003,Livingston County
NY,Madison County,2005,704.4499999999999,0.0,704.4499999999999,317.55,219.0,536.55,51.1,142.35,193.45,Madison County
NY,Monroe County,2005,1131.5,29937.3,31068.800000000003,233.6,5588.150000000001,5821.75,229.95,638.75,868.6999999999999,Monroe County
NY,Montgomery County,2005,105.85,2872.55,2978.4,135.05,693.5,828.55,18.25,47.45,65.7,Montgomery County
NY,Nassau County,2005,66827.85,0.0,66827.85,4982.25,0.0,4982.25,916.15,0.0,916.15,Nassau County
NY,Niagara County,2005,0.0,16753.5,16753.5,0.0,2609.75,2609.75,156.95,430.7,587.6500000000001,Niagara County
NY,Oneida County,2005,766.5,8770.95,9537.45,211.7,1547.6,1759.3000000000002,116.79999999999995,321.20000000000005,438.00000000000006,Oneida County
NY,Onondaga County,2005,901.55,41405.6,42307.15,284.7,6942.3,7227.0,204.4,554.8,759.2,Onondaga County
NY,Ontario County,2005,288.35,1956.4,2244.75,251.85,1306.7,1558.55,91.25,244.55,335.8,Ontario County
NY,Orange County,2005,3540.4999999999995,8530.050000000001,12070.55,1438.1,1898.0,3336.1000000000004,175.2,485.4500000000001,660.65,Orange County
NY,Orleans County,2005,83.95,781.1,865.0500000000001,18.25,189.8,208.05,124.09999999999997,339.45000000000005,463.55,Orleans County
NY,Oswego County,2005,726.35,3285.0,4011.35,346.75,642.4,989.15,69.35,182.5,251.85,Oswego County
NY,Otsego County,2005,270.1,664.3000000000001,934.4,102.2,87.6,189.8,29.2,87.6,116.8,Otsego County
NY,Putnam County,2005,587.6500000000001,37821.3,38408.95,156.95,102.2,259.15,43.8,116.8,160.6,Putnam County
NY,Queens County,2005,17607.600000000002,0.0,17607.600000000002,4931.15,0.0,4931.15,0.0,98.55,98.55,Queens County
NY,Rensselaer County,2005,605.9,6044.4,6650.299999999999,76.64999999999999,697.15,773.8000000000001,43.8,124.1,167.9,Rensselaer County
NY,Rockland County,2005,558.45,9062.95,9621.4,1737.4,273.75,2011.15,58.4,160.6,219.0,Rockland County
NY,St Lawrence County,2005,562.1,2208.25,2770.35,182.5,616.85,799.35,43.8,120.45,164.25,St. Lawrence County
NY,Saratoga County,2005,1660.75,2350.6000000000004,4011.35,1576.8000000000002,755.55,2332.3500000000004,83.95,229.95,313.9,Saratoga County
NY,Schenectady County,2005,8683.35,14.6,8697.949999999999,1295.75,0.0,1295.75,47.45,131.4,178.85,Schenectady County
NY,Schoharie County,2005,237.25,61174.0,61411.25,14.6,36.5,51.1,18.25,47.45,65.7,Schoharie County
NY,Schuyler County,2005,153.29999999999998,116.8,270.1,160.6,124.1,284.7,7.3,18.25,25.55,Schuyler County
NY,Seneca County,2005,29.2,813.95,843.15,10.95,262.8,273.75,21.9,54.75,76.64999999999999,Seneca County
NY,Steuben County,2005,1989.25,970.9,2960.15,1423.5,394.2000000000001,1817.7,102.2,273.75,375.95,Steuben County
NY,Suffolk County,2005,47344.15,40.15,47384.3,9625.05,3.65,9628.7,2471.05,0.0,2471.05,Suffolk County
NY,Sullivan County,2005,1401.6,34251.6,35653.200000000004,229.95,54.75,284.7,58.4,156.95,215.35,Sullivan County
NY,Tioga County,2005,843.15,365.0,1208.15,408.8,32.85,441.6500000000001,43.8,116.8,160.6,Tioga County
NY,Tompkins County,2005,270.1,3343.4,3613.5,51.1,419.75,470.85,36.5,98.55,135.05,Tompkins County
NY,Ulster County,2005,857.75,166432.7,167290.44999999998,171.54999999999998,350.4,521.9499999999999,160.6,434.35,594.9499999999999,Ulster County
NY,Warren County,2005,284.7,2938.2500000000005,3222.95,43.8,357.7,401.50000000000006,40.15,98.55,138.7,Warren County
NY,Washington County,2005,427.05,748.2499999999999,1175.3000000000002,456.25,503.7,959.95,51.1,131.4,182.5,Washington County
NY,Wayne County,2005,219.0,2394.4,2613.4,226.3,803.0000000000001,1029.3000000000002,73.0,197.1,270.1,Wayne County
NY,Westchester County,2005,927.1,10121.45,11048.55,2463.75,5752.4,8216.150000000001,222.65,609.55,832.1999999999999,Westchester County
NY,Wyoming County,2005,470.85,850.45,1321.3,127.75,237.25,365.0,131.4,350.4,481.8,Wyoming County
NY,Yates County,2005,69.35,229.95,299.29999999999995,65.7,215.35,281.05,14.6,40.15,54.75,Yates County
NC,Alamance County,2005,87.6,6026.150000000001,6113.75,0.0,51.1,51.1,0.0,901.55,901.55,Alamance County
NC,Avery County,2005,397.85,0.0,397.85,0.0,408.8,408.8,10.95,529.25,540.2,Avery County
NC,Beaufort County,2005,1273.85,0.0,1273.85,21608.0,0.0,21608.0,419.75,102.2,521.9499999999999,Beaufort County
NC,Bertie County,2005,456.25,0.0,456.25,945.35,21.9,967.25,80.3,1346.85,1427.15,Bertie County
NC,Bladen County,2005,835.85,9508.25,10344.1,540.2,4526.0,5066.200000000001,1000.1,2295.85,3295.95,Bladen County
NC,Brunswick County,2005,1423.5,0.0,1423.5,0.0,2244.75,2244.75,558.45,2226.5,2784.95,Brunswick County
NC,Carteret County,2005,2003.85,0.0,2003.85,7.3,0.0,7.3,346.75,87.6,434.35,Carteret County
NC,Chatham County,2005,36.5,1960.05,1996.55,0.0,226.3,226.3,54.75,459.9,514.65,Chatham County
NC,Cleveland County,2005,40.15,3033.15,3073.3,0.0,146.0,146.0,62.04999999999996,569.4,631.45,Cleveland County
NC,Columbus County,2005,938.05,0.0,938.05,0.0,14388.3,14388.3,324.85,730.0,1054.85,Columbus County
NC,Craven County,2005,4263.2,0.0,4263.2,6653.95,6190.400000000001,12844.35,605.9,156.95,762.8499999999999,Craven County
NC,Duplin County,2005,1635.2,0.0,1635.2,839.4999999999999,18.25,857.75,2606.1,5412.95,8019.049999999999,Duplin County
NC,Edgecombe County,2005,149.64999999999998,857.75,1007.4,0.0,40.15,40.15,511.0,2514.85,3025.85,Edgecombe County
NC,Gaston County,2005,419.75,9625.05,10044.8,0.0,1003.75,1003.75,113.15,649.7,762.8499999999999,Gaston County
NC,Halifax County,2005,116.8,2638.9500000000003,2755.75,0.0,7847.5,7847.5,124.09999999999997,1040.25,1164.35,Halifax County
NC,Haywood County,2005,18.25,2179.05,2197.3,0.0,9026.45,9026.45,102.2,876.0000000000001,978.2000000000004,Haywood County
NC,Hertford County,2005,715.4,0.0,715.4,25.55,0.0,25.55,963.6,675.25,1638.85,Hertford County
NC,Iredell County,2005,1054.85,2996.65,4051.5,10.95,0.0,10.95,102.2,843.15,945.35,Iredell County
NC,Lee County,2005,62.05,3058.7000000000003,3120.7500000000005,0.0,313.9,313.9,91.25,671.6,762.8499999999999,Lee County
NC,Lenoir County,2005,2485.65,0.0,2485.65,430.7,0.0,430.7,448.9500000000001,777.4499999999999,1226.4,Lenoir County
NC,McDowell County,2005,197.1,554.8,751.9,777.4499999999999,0.0,777.4499999999999,25.55,525.6,551.15,McDowell County
NC,Martin County,2005,846.8,0.0,846.8,27849.5,27656.05,55505.55,423.4,1047.55,1470.95,Martin County
NC,Mecklenburg County,2005,222.65,43752.55,43975.2,0.0,4628.2,4628.2,635.1,1898.0,2533.1000000000004,Mecklenburg County
NC,New Hanover County,2005,2923.65,0.0,2923.65,386.9,383.25,770.1500000000001,368.65,357.7,726.35,New Hanover County
NC,Pitt County,2005,2277.6,3817.9,6095.5,259.15,51.1,310.25,912.5,430.7,1343.2,Pitt County
NC,Robeson County,2005,3044.1,2759.4,5803.5,492.75000000000006,0.0,492.75000000000006,492.75000000000006,1175.3000000000002,1668.0500000000002,Robeson County
NC,Rowan County,2005,292.0,1649.8,1941.8,0.0,372.3,372.3,87.6,861.4000000000001,949.0000000000002,Rowan County
NC,Sampson County,2005,919.8,0.0,919.8,660.65,0.0,660.65,1700.9,6402.099999999999,8103.0,Sampson County
NC,Surry County,2005,80.3,2200.9500000000003,2281.25,0.0,328.5,328.5,0.0,817.6,817.6,Surry County
NC,Union County,2005,14.6,2938.2500000000005,2952.85,0.0,1058.5,1058.5,365.0,445.3,810.3000000000001,Union County
NC,Warren County,2005,10.95,0.0,10.95,18.25,0.0,18.25,94.9,573.0500000000001,667.95,Warren County
NC,Watauga County,2005,131.4,1102.3,1233.7,649.7,0.0,649.7,3.65,368.65,372.3,Watauga County
NC,Wayne County,2005,2244.75,2182.7000000000003,4427.450000000001,43.8,511.0,554.8,627.8,1387.0,2014.8,Wayne County
NC,Wilkes County,2005,3.65,2697.35,2701.0,0.0,29.2,29.2,40.15,357.7,397.85,Wilkes County
NC,Wilson County,2005,310.25,3365.3,3675.55,116.8,0.0,116.8,427.05,1175.3000000000002,1602.35,Wilson County
ND,Bowman County,2005,87.6,0.0,87.6,3.65,0.0,3.65,10.95,175.2,186.15,Bowman County
ND,Burleigh County,2005,36.5,3631.75,3668.250000000001,25.55,0.0,25.55,576.7,850.45,1427.15,Burleigh County
ND,Cass County,2005,1003.75,3788.7,4792.450000000001,102.2,0.0,102.2,558.45,135.05,693.5,Cass County
ND,Cavalier County,2005,0.0,248.2,248.2,0.0,7.3,7.3,0.0,3.65,3.65,Cavalier County
ND,Dunn County,2005,54.75,0.0,54.75,3.65,0.0,3.65,10.95,208.05,219.0,Dunn County
ND,Grand Forks County,2005,558.45,941.7,1500.15,32.85,0.0,32.85,2160.8,273.75,2434.55,Grand Forks County
ND,McHenry County,2005,116.8,0.0,116.8,80.3,0.0,80.3,2277.6,4463.95,6741.549999999999,McHenry County
ND,Mercer County,2005,277.4,1186.25,1463.65,0.0,2412.65,2412.65,146.0,536.55,682.5500000000001,Mercer County
ND,Morton County,2005,3.65,1098.65,1102.3,0.0,401.50000000000006,401.50000000000006,131.4,616.85,748.2499999999999,Morton County
ND,Oliver County,2005,36.5,3.65,40.15,94.9,0.0,94.9,219.0,1222.75,1441.75,Oliver County
ND,Pembina County,2005,313.9,87.6,401.50000000000006,69.35,40.15,109.5,25.55,102.2,127.75,Pembina County
ND,Richland County,2005,773.8000000000001,0.0,773.8000000000001,131.4,675.25,806.65,324.85,7.3,332.15000000000003,Richland County
ND,Stark County,2005,0.0,18.25,18.25,18.25,0.0,18.25,0.0,65.7,65.7,Stark County
ND,Stutsman County,2005,1591.4,0.0,1591.4,1259.25,3.65,1262.9,1416.2,0.0,1416.2,Stutsman County
ND,Walsh County,2005,178.85,335.8,514.65,3.65,0.0,3.65,109.5,32.85,142.35,Walsh County
OH,Allen County,2005,416.1,7358.4,7774.5,346.75,0.0,346.75,80.3,87.6,167.89999999999998,Allen County
OH,Ashland County,2005,1186.25,0.0,1186.25,51.1,0.0,51.1,0.0,18.25,18.25,Ashland County
OH,Ashtabula County,2005,156.95,2992.9999999999995,3149.9500000000003,0.0,3285.0,3285.0,3.65,36.5,40.15,Ashtabula County
OH,Auglaize County,2005,1839.6,0.0,1839.6,40.15,0.0,40.15,3.65,0.0,3.65,Auglaize County
OH,Butler County,2005,23491.4,0.0,23491.4,6792.65,10442.65,17235.3,175.2,54.75,229.95,Butler County
OH,Carroll County,2005,357.7,73.0,430.7,29.2,0.0,29.2,0.0,18.25,18.25,Carroll County
OH,Champaign County,2005,981.85,0.0,981.85,306.6,0.0,306.6,689.8499999999999,58.4,748.2500000000001,Champaign County
OH,Clark County,2005,6376.549999999999,0.0,6376.549999999999,18.25,0.0,18.25,445.3,470.85,916.15,Clark County
OH,Columbiana County,2005,1065.8,1372.4,2438.2,65.7,0.0,65.7,21.9,120.45,142.35,Columbiana County
OH,Coshocton County,2005,2171.75,0.0,2171.75,2518.5,0.0,2518.5,142.34999999999997,0.0,142.34999999999997,Coshocton County
OH,Crawford County,2005,0.0,605.9,605.9,3.65,0.0,3.65,0.0,73.0,73.0,Crawford County
OH,Cuyahoga County,2005,0.0,88107.34999999999,88107.34999999999,0.0,41872.8,41872.8,10.95,171.54999999999998,182.5,Cuyahoga County
OH,Delaware County,2005,233.6,7602.95,7836.549999999999,10.95,0.0,10.95,288.35,262.8,551.15,Delaware County
OH,Erie County,2005,43.8,4234.0,4277.8,29.2,3022.2,3051.4,0.0,897.9,897.9,Erie County
OH,Franklin County,2005,8902.35,51687.65,60590.0,251.85,0.0,251.85,664.3000000000001,317.55,981.85,Franklin County
OH,Greene County,2005,3529.55,0.0,3529.55,105.85,47.45,153.29999999999998,142.35,94.9,237.25,Greene County
OH,Hamilton County,2005,2744.8,44486.2,47231.0,12917.35,0.0,12917.35,65.7,91.25,156.95,Hamilton County
OH,Hancock County,2005,76.64999999999999,4102.6,4179.25,1934.5,9716.3,11650.8,43.8,80.3,124.09999999999997,Hancock County
OH,Henry County,2005,124.1,1357.8000000000002,1481.9,0.0,2445.5,2445.5,14.6,7.3,21.9,Henry County
OH,Hocking County,2005,511.0,0.0,511.0,14.6,0.0,14.6,0.0,54.75,54.75,Hocking County
OH,Huron County,2005,98.55,2317.75,2416.3,73.0,0.0,73.0,142.35,149.64999999999998,292.0,Huron County
OH,Jefferson County,2005,1135.15,2438.2,3573.35,1562.2,52611.1,54173.3,0.0,47.45,47.45,Jefferson County
OH,Lake County,2005,0.0,10074.0,10074.0,0.0,146.0,146.0,138.7,1616.9499999999998,1755.65,Lake County
OH,Licking County,2005,1832.3,3263.1,5095.400000000001,116.8,0.0,116.8,116.8,109.5,226.3,Licking County
OH,Lorain County,2005,0.0,17425.100000000002,17425.100000000002,29.2,36846.75,36875.95,43.8,850.45,894.2500000000001,Lorain County
OH,Lucas County,2005,36.5,34682.3,34718.8,116.8,17282.75,17399.55,328.49999999999994,116.8,445.3,Lucas County
OH,Mahoning County,2005,69.35,1591.4,1660.75,0.0,532.9,532.9,40.15,83.95,124.1,Mahoning County
OH,Marion County,2005,1335.9,1233.7,2569.6,0.0,7.3,7.3,29.2,43.8,73.0,Marion County
OH,Mercer County,2005,547.5,445.3,992.8,76.64999999999999,0.0,76.64999999999999,73.0,21.9,94.9,Mercer County
OH,Monroe County,2005,463.55,109.5,573.0500000000001,649.7,1445.4,2095.1,98.55,0.0,98.55,Monroe County
OH,Montgomery County,2005,34335.55,0.0,34335.55,4055.15,0.0,4055.15,719.05,259.15000000000003,978.2,Montgomery County
OH,Muskingum County,2005,3095.2000000000003,288.35,3383.55,598.5999999999999,423.4,1022.0,0.0,10.95,10.95,Muskingum County
OH,Ottawa County,2005,47.45,76.64999999999999,124.1,390.55,0.0,390.55,3.65,21.9,25.55,Ottawa County
OH,Pickaway County,2005,1292.1,0.0,1292.1,1992.9,0.0,1992.9,113.15,456.25,569.4,Pickaway County
OH,Portage County,2005,3036.8,14450.35,17487.149999999998,138.7,25.55,164.25,58.4,160.6,219.0,Portage County
OH,Richland County,2005,2153.5,2522.15,4675.650000000001,29.2,0.0,29.2,14.6,10.95,25.55,Richland County
OH,Ross County,2005,2898.1000000000004,0.0,2898.1000000000004,8752.7,1627.9,10380.6,3.65,178.85,182.5,Ross County
OH,Sandusky County,2005,226.3,1668.0500000000002,1894.35,1602.35,149.64999999999998,1752.0,153.29999999999998,18.25,171.54999999999998,Sandusky County
OH,Scioto County,2005,1573.15,2945.55,4518.700000000001,0.0,872.35,872.35,83.95,80.3,164.25,Scioto County
OH,Seneca County,2005,244.55,609.55,854.0999999999999,113.15,156.95,270.1,29.2,29.2,58.4,Seneca County
OH,Shelby County,2005,551.15,956.3,1507.45,135.05,0.0,135.05,14.6,0.0,14.6,Shelby County
OH,Stark County,2005,10869.7,1481.9,12351.6,2398.05,135.05,2533.1000000000004,219.00000000000003,124.1,343.1000000000001,Stark County
OH,Summit County,2005,2876.2,1547.6,4423.799999999999,1076.75,2350.6000000000004,3427.3500000000004,91.25,222.65,313.9,Summit County
OH,Trumbull County,2005,208.05,15410.3,15618.35,0.0,16654.95,16654.95,58.4,197.1,255.50000000000003,Trumbull County
OH,Tuscarawas County,2005,6869.3,423.4,7292.7,2693.7,0.0,2693.7,124.09999999999997,0.0,124.09999999999997,Tuscarawas County
OH,Union County,2005,620.5,277.4,897.9,503.7,0.0,503.7,29.2,40.15,69.35,Union County
OH,Van Wert County,2005,372.3,565.75,938.05,21.9,0.0,21.9,25.55,25.55,51.1,Van Wert County
OH,Warren County,2005,5624.65,580.35,6205.0,65.7,0.0,65.7,43.8,167.89999999999998,211.7,Warren County
OH,Washington County,2005,2748.4500000000003,0.0,2748.4500000000003,164.25,0.0,164.25,14.6,0.0,14.6,Washington County
OH,Wayne County,2005,2927.3,0.0,2927.3,715.4,0.0,715.4,36.5,21.9,58.4,Wayne County
OH,Williams County,2005,1157.05,0.0,1157.05,87.6,0.0,87.6,62.05,0.0,62.05,Williams County
OK,Beaver County,2005,156.95,0.0,156.95,116.8,0.0,116.8,7526.3,29.2,7555.5,Beaver County
OK,Blaine County,2005,605.9,0.0,605.9,87.6,0.0,87.6,562.1,467.2,1029.3000000000002,Blaine County
OK,Canadian County,2005,930.75,0.0,930.75,58.4,0.0,58.4,638.75,58.4,697.15,Canadian County
OK,Carter County,2005,306.6,5223.150000000001,5529.75,7.3,0.0,7.3,365.0,339.45000000000005,704.4499999999999,Carter County
OK,Cleveland County,2005,4025.95,7800.05,11826.0,10.95,0.0,10.95,29.2,7.3,36.5,Cleveland County
OK,Comanche County,2005,667.95,5938.55,6606.500000000001,62.05,73.0,135.05,208.05,386.9,594.9499999999999,Comanche County
OK,Dewey County,2005,47.45,0.0,47.45,25.55,0.0,25.55,1022.0,0.0,1022.0,Dewey County
OK,Ellis County,2005,208.05,0.0,208.05,3.65,0.0,3.65,4584.400000000001,54.75,4639.150000000001,Ellis County
OK,Grady County,2005,941.7,0.0,941.7,7.3,0.0,7.3,339.45000000000005,2065.9,2405.35,Grady County
OK,Jackson County,2005,58.4,138.7,197.1,189.8,0.0,189.8,3153.6000000000004,23841.8,26995.4,Jackson County
OK,Johnston County,2005,219.0,208.05,427.05,0.0,14.6,14.6,419.75,1963.7,2383.45,Johnston County
OK,Kay County,2005,2660.85,4803.4,7464.25,1350.5,135.05,1485.5500000000002,138.7,138.7,277.4,Kay County
OK,Kingfisher County,2005,543.85,47.45,591.3000000000001,21.9,0.0,21.9,1324.95,182.5,1507.45,Kingfisher County
OK,Logan County,2005,386.9,616.85,1003.75,3.65,124.1,127.75,0.0,116.8,116.8,Logan County
OK,McCurtain County,2005,0.0,2102.4,2102.4,0.0,233.6,233.6,0.0,146.0,146.0,McCurtain County
OK,Murray County,2005,478.15,4712.15,5190.3,10.95,970.9,981.85,259.15,459.9,719.05,Murray County
OK,Muskogee County,2005,146.0,5237.75,5383.75,0.0,3533.2,3533.2,970.9,1726.45,2697.3500000000004,Muskogee County
OK,Oklahoma County,2005,6398.450000000001,27823.95,34222.4,21.9,0.0,21.9,751.9,127.75,879.6500000000001,Oklahoma County
OK,Osage County,2005,43.8,5073.5,5117.3,149.64999999999998,47.45,197.1,0.0,40.15,40.15,Osage County
OK,Pittsburg County,2005,0.0,2865.25,2865.25,0.0,266.45,266.45,0.0,69.35,69.35,Pittsburg County
OK,Pontotoc County,2005,189.8,2000.2,2190.0,664.3000000000001,3.65,667.95,36.5,233.6,270.1,Pontotoc County
OK,Pottawatomie County,2005,193.45,1562.2,1755.65,25.55,0.0,25.55,14.6,36.5,51.1,Pottawatomie County
OK,Sequoyah County,2005,0.0,2117.0,2117.0,0.0,456.25,456.25,251.85,434.35,686.1999999999999,Sequoyah County
OK,Texas County,2005,2211.9,0.0,2211.9,14.6,0.0,14.6,54414.2,102.2,54516.4,Texas County
OK,Woodward County,2005,2580.55,0.0,2580.55,102.2,0.0,102.2,1609.65,91.25,1700.9,Woodward County
OR,Baker County,2005,124.1,733.65,857.75,646.05,0.0,646.05,26250.8,166768.5,193019.3,Baker County
OR,Benton County,2005,40.15,3463.85,3504.0,0.0,255.5,255.5,3325.15,5876.500000000001,9201.65,Benton County
OR,Clackamas County,2005,1032.95,61977.00000000001,63009.95,0.0,5055.25,5055.25,13749.55,19126.0,32875.55,Clackamas County
OR,Clatsop County,2005,0.0,3544.15,3544.15,0.0,10037.5,10037.5,21.9,507.35,529.25,Clatsop County
OR,Columbia County,2005,135.05,1142.45,1277.5,0.0,15950.500000000002,15950.500000000002,350.4,1744.7,2095.1,Columbia County
OR,Coos County,2005,204.4,2292.2000000000003,2496.6,200.75000000000003,255.5,456.25,365.0,6153.9,6518.9,Coos County
OR,Douglas County,2005,0.0,5394.7,5394.7,0.0,211.7,211.7,343.1,12413.65,12756.750000000002,Douglas County
OR,Gilliam County,2005,76.64999999999999,32.85,109.5,47.45,0.0,47.45,1755.65,3259.45,5015.099999999999,Gilliam County
OR,Grant County,2005,459.9,879.6500000000001,1339.55,18.25,0.0,18.25,2062.25,60392.9,62455.15,Grant County
OR,Harney County,2005,744.6,0.0,744.6,448.95,0.0,448.95,75941.9,105302.5,181244.4,Harney County
OR,Lane County,2005,1956.4,11891.7,13848.1,83.95,7300.0,7383.95,4591.7,7037.200000000001,11628.9,Lane County
OR,Lincoln County,2005,0.0,2449.15,2449.15,0.0,4745.0,4745.0,3.65,270.1,273.75,Lincoln County
OR,Linn County,2005,178.85,4237.65,4416.5,69.35,10293.0,10362.35,8051.9,8482.599999999999,16534.5,Linn County
OR,Marion County,2005,2865.25,18680.7,21545.95,500.05,0.0,500.05,43577.35,25922.3,69499.65,Marion County
OR,Multnomah County,2005,602.25,0.0,602.25,1204.5,29.2,1233.7,4573.45,3755.85,8329.3,Multnomah County
OR,Tillamook County,2005,1387.0,810.3000000000001,2197.3,47.45,73.0,120.45,219.0,2208.25,2427.25,Tillamook County
OR,Yamhill County,2005,1244.65,3142.65,4387.3,0.0,5475.0,5475.0,3869.0,14293.4,18162.4,Yamhill County
PA,Adams County,2005,733.65,3168.2,3901.85,306.6,0.0,306.6,186.15,375.95,562.1,Adams County
PA,Allegheny County,2005,164.25,69912.09999999999,70076.35,251.85,93932.75,94184.6,69.35,171.54999999999998,240.9,Allegheny County
PA,Armstrong County,2005,156.95,945.35,1102.3,21.9,0.0,21.9,65.7,54.75,120.44999999999996,Armstrong County
PA,Beaver County,2005,649.7,7329.2,7978.9,1668.0500000000002,77974.95,79643.0,29.2,62.04999999999996,91.25,Beaver County
PA,Bedford County,2005,284.7,3328.8,3613.5,153.29999999999998,58.4,211.7,10.95,25.55,36.5,Bedford County
PA,Berks County,2005,5164.75,5850.950000000001,11015.7,704.4499999999999,138.7,843.15,127.75,229.95,357.7,Berks County
PA,Blair County,2005,751.9,4901.95,5653.85,3.65,0.0,3.65,21.9,32.85,54.75,Blair County
PA,Bradford County,2005,1215.45,0.0,1215.45,1646.15,29.2,1675.35,14.6,25.54999999999996,40.14999999999996,Bradford County
PA,Bucks County,2005,5343.6,13304.250000000002,18647.85,167.9,156.95,324.85,83.95,146.0,229.95,Bucks County
PA,Butler County,2005,456.25,3051.4,3507.65,14.6,784.75,799.35,47.45,142.35,189.8,Butler County
PA,Cambria County,2005,719.05,5266.95,5985.999999999999,3.65,0.0,3.65,18.25,21.9,40.15,Cambria County
PA,Carbon County,2005,1065.8,7157.65,8223.45,124.1,0.0,124.1,10.95,21.9,32.85,Carbon County
PA,Centre County,2005,6142.95,1022.0,7164.95,631.45,0.0,631.45,47.45,69.35,116.8,Centre County
PA,Chester County,2005,3087.9,14600.0,17687.9,1036.6,445.3,1481.9,175.2,383.25,558.4499999999999,Chester County
PA,Clarion County,2005,124.1,740.9499999999999,865.0500000000001,7.3,0.0,7.3,14.6,18.25,32.85,Clarion County
PA,Clinton County,2005,350.4,219.0,569.4,131.4,32.85,164.24999999999997,25.55,58.4,83.95,Clinton County
PA,Columbia County,2005,945.35,1011.05,1956.4,397.85,0.0,397.85,62.04999999999996,127.75,189.8,Columbia County
PA,Crawford County,2005,1865.15,1153.4,3018.55,149.64999999999998,0.0,149.64999999999998,25.55,32.85,58.4,Crawford County
PA,Cumberland County,2005,2065.9,4463.95,6529.85,14.6,3.65,18.25,73.0,146.0,219.00000000000003,Cumberland County
PA,Dauphin County,2005,1142.45,10154.3,11296.75,3025.85,7190.5,10216.35,91.25,116.8,208.05,Dauphin County
PA,Delaware County,2005,3.65,7814.65,7818.3,14.6,9391.45,9406.05,25.54999999999996,36.5,62.04999999999996,Delaware County
PA,Elk County,2005,503.7,1879.75,2383.4500000000003,0.0,5624.65,5624.65,7.3,7.3,14.6,Elk County
PA,Erie County,2005,1456.35,12092.45,13548.8,54.75,2044.0,2098.75,109.5,251.85,361.35,Erie County
PA,Franklin County,2005,2602.45,2054.95,4657.4,29.2,0.0,29.2,153.29999999999998,357.7,511.0,Franklin County
PA,Fulton County,2005,80.3,18.25,98.55,3.65,0.0,3.65,0.0,3.65,3.65,Fulton County
PA,Jefferson County,2005,284.7,562.1,846.8,3.65,0.0,3.65,3.65,7.3,10.95,Jefferson County
PA,Lackawanna County,2005,277.4,10537.55,10814.95,10.95,0.0,10.95,29.2,51.1,80.3,Lackawanna County
PA,Lancaster County,2005,4748.65,19870.6,24619.25,974.55,248.2,1222.75,251.85,507.35,759.2,Lancaster County
PA,Lebanon County,2005,569.4,178.85,748.2499999999999,266.45,0.0,266.45,91.25,131.4,222.65000000000003,Lebanon County
PA,Lehigh County,2005,8318.35,2825.1,11143.45,1533.0,255.5,1788.5000000000002,69.35,127.75,197.1,Lehigh County
PA,Luzerne County,2005,1412.55,9161.5,10574.05,32.85,386.9,419.75,54.75,105.85,160.6,Luzerne County
PA,Lycoming County,2005,584.0,2806.8500000000004,3390.85,423.4,0.0,423.4,54.75,94.9,149.64999999999998,Lycoming County
PA,McKean County,2005,934.4,0.0,934.4,1186.25,0.0,1186.25,10.95,18.25,29.2,McKean County
PA,Mercer County,2005,576.7,5168.4,5745.1,18.25,4974.950000000001,4993.2,29.2,36.5,65.7,Mercer County
PA,Mifflin County,2005,29.2,1182.6,1211.8,98.55,2306.8,2405.35,3.65,14.6,18.25,Mifflin County
PA,Monroe County,2005,1971.0,2909.05,4880.049999999999,83.95,149.64999999999998,233.6,69.35,69.35,138.7,Monroe County
PA,Montgomery County,2005,8884.1,11607.0,20491.1,2401.7,2555.0,4956.7,146.0,215.35,361.35,Montgomery County
PA,Northampton County,2005,511.0,2850.65,3361.65,2255.7,795.7,3051.4,54.75,76.64999999999999,131.4,Northampton County
PA,Northumberland County,2005,73.0,3799.65,3872.65,131.4,4682.95,4814.349999999999,32.85,54.75,87.6,Northumberland County
PA,Philadelphia County,2005,0.0,105032.4,105032.4,65.7,23644.7,23710.4,14.6,18.25,32.85,Philadelphia County
PA,Schuylkill County,2005,1208.15,6748.849999999999,7957.0,204.4,0.0,204.4,69.35,135.05,204.4,Schuylkill County
PA,Snyder County,2005,605.9,62.05,667.95,10.95,0.0,10.95,25.54999999999996,47.45,73.0,Snyder County
PA,Somerset County,2005,876.0,10001.0,10877.0,0.0,3.65,3.65,29.2,58.4,87.6,Somerset County
PA,Tioga County,2005,565.75,222.65,788.4000000000001,186.15,273.75,459.9,10.95,21.9,32.85,Tioga County
PA,Union County,2005,116.8,1208.15,1324.95,83.95,0.0,83.95,7.3,10.95,18.25,Union County
PA,Venango County,2005,281.05,1795.8,2076.8500000000004,0.0,102.2,102.2,36.499999999999964,10.95,47.45,Venango County
PA,Warren County,2005,525.6,846.8,1372.4,3317.85,0.0,3317.85,10.95,25.55,36.5,Warren County
PA,Washington County,2005,25.55,16859.35,16884.899999999998,0.0,6307.200000000001,6307.200000000001,54.75,219.00000000000003,273.75000000000006,Washington County
PA,Westmoreland County,2005,193.45,10979.2,11172.65,14.6,839.4999999999999,854.0999999999999,69.35,171.54999999999998,240.9,Westmoreland County
PA,Wyoming County,2005,200.75000000000003,0.0,200.75000000000003,21.9,3387.2,3409.1,3.65,14.6,18.25,Wyoming County
PA,York County,2005,1160.7,9573.95,10734.65,229.95,8238.05,8468.0,120.45,200.75000000000003,321.20000000000005,York County
RI,Bristol County,2005,7.3,54.75,62.05,3.65,0.0,3.65,47.45,0.0,47.45,Bristol County
RI,Kent County,2005,357.7,0.0,357.7,25.55,0.0,25.55,237.25,0.0,237.25,Kent County
RI,Newport County,2005,7.3,2310.45,2317.75,10.95,0.0,10.95,237.25,0.0,237.25,Newport County
RI,Providence County,2005,1007.4,35361.2,36368.6,91.25,0.0,91.25,740.9499999999999,0.0,740.9499999999999,Providence County
RI,Washington County,2005,4526.0,0.0,4526.0,51.1,0.0,51.1,740.9499999999999,0.0,740.9499999999999,Washington County
SC,Aiken County,2005,3781.4,3131.7,6913.1,1321.3,20834.2,22155.5,219.0,135.05,354.05,Aiken County
SC,Allendale County,2005,310.25,0.0,310.25,817.6,0.0,817.6,2788.6,156.95,2945.55,Allendale County
SC,Anderson County,2005,69.35,7657.7,7727.05,0.0,91.25,91.25,0.0,65.7,65.7,Anderson County
SC,Beaufort County,2005,6026.150000000001,1529.35,7555.5,138.7,0.0,138.7,1511.1,1492.85,3003.9500000000003,Beaufort County
SC,Berkeley County,2005,259.15,5066.200000000001,5325.35,1200.85,3109.8,4310.650000000001,25.55,1109.6,1135.15,Berkeley County
SC,Calhoun County,2005,135.05,0.0,135.05,131.4,26374.9,26506.300000000003,540.2,113.15,653.35,Calhoun County
SC,Charleston County,2005,2573.25,27882.35,30455.6,43.8,8869.5,8913.300000000001,711.75,124.1,835.85,Charleston County
SC,Chester County,2005,14.6,1189.9,1204.5,3.65,94.9,98.55,0.0,32.85,32.85,Chester County
SC,Darlington County,2005,2376.15,0.0,2376.15,1489.2,7029.900000000001,8519.1,65.7,288.35,354.05,Darlington County
SC,Dorchester County,2005,565.75,18.25,584.0,996.45,54.75,1051.2,43.8,0.0,43.8,Dorchester County
SC,Florence County,2005,5741.45,0.0,5741.45,719.05,7646.75,8365.800000000001,379.6,69.35,448.95,Florence County
SC,Georgetown County,2005,3956.6,912.5,4869.1,113.15,12285.9,12399.05,21.9,3226.6,3248.5,Georgetown County
SC,Greenville County,2005,65.7,24108.25,24173.95,58.4,0.0,58.4,14.6,204.4,219.00000000000003,Greenville County
SC,Greenwood County,2005,58.4,4493.150000000001,4551.55,7.3,54.75,62.04999999999996,0.0,69.35,69.35,Greenwood County
SC,Hampton County,2005,554.8,0.0,554.8,489.1,0.0,489.1,1244.65,18.25,1262.9,Hampton County
SC,Horry County,2005,1846.9,9256.4,11103.3,160.6,14.6,175.2,1127.85,2095.1,3222.95,Horry County
SC,Kershaw County,2005,1335.9,1157.05,2492.95,500.05,978.2,1478.2500000000002,76.64999999999999,14.6,91.25,Kershaw County
SC,Lancaster County,2005,7.3,8015.400000000001,8022.7,0.0,2211.9,2211.9,0.0,10.95,10.95,Lancaster County
SC,Lexington County,2005,989.15,5099.05,6088.2,408.8,9683.45,10092.25,1883.4,620.5,2503.9,Lexington County
SC,Marlboro County,2005,605.9,189.8,795.7,281.05,7602.95,7884.000000000001,116.8,73.0,189.8,Marlboro County
SC,Oconee County,2005,131.4,3555.1,3686.5,0.0,584.0,584.0,0.0,375.95,375.95,Oconee County
SC,Orangeburg County,2005,594.9499999999999,3149.9500000000003,3744.9,1043.9,171.54999999999998,1215.45,2755.75,828.55,3584.3,Orangeburg County
SC,Pickens County,2005,54.75,3452.9,3507.65,0.0,3277.7000000000003,3277.7000000000003,0.0,193.45,193.45,Pickens County
SC,Richland County,2005,211.7,22666.5,22878.2,660.65,10252.85,10913.5,167.89999999999998,189.8,357.7,Richland County
SC,Spartanburg County,2005,76.64999999999999,32842.700000000004,32919.35,14.6,828.55,843.15,25.55,1098.65,1124.2,Spartanburg County
SC,Sumter County,2005,5829.05,0.0,5829.05,317.55,0.0,317.55,1186.25,689.8499999999999,1876.1,Sumter County
SC,Union County,2005,0.0,1200.85,1200.85,3.65,569.4,573.0500000000001,0.0,7.3,7.3,Union County
SC,Williamsburg County,2005,554.8,0.0,554.8,901.55,0.0,901.55,0.0,3.65,3.65,Williamsburg County
SC,York County,2005,908.85,4474.9,5383.75,7.3,17866.75,17874.050000000003,73.0,131.4,204.4,York County
SD,Beadle County,2005,21.9,0.0,21.9,7.3,0.0,7.3,3668.250000000001,189.8,3858.05,Beadle County
SD,Brookings County,2005,1434.45,0.0,1434.45,335.8,0.0,335.8,2814.15,10.95,2825.1,Brookings County
SD,Brown County,2005,266.45,1255.6,1522.05,138.7,0.0,138.7,675.25,65.7,740.9499999999999,Brown County
SD,Codington County,2005,1503.8,0.0,1503.8,21.9,0.0,21.9,916.15,175.2,1091.35,Codington County
SD,Grant County,2005,18.25,138.7,156.95,7.3,0.0,7.3,1306.7,51.1,1357.8000000000002,Grant County
SD,Harding County,2005,7.3,0.0,7.3,10.95,0.0,10.95,0.0,295.65000000000003,295.65000000000003,Harding County
SD,Lake County,2005,116.8,0.0,116.8,3.65,0.0,3.65,270.1,7.3,277.4,Lake County
SD,Lawrence County,2005,653.35,197.1,850.45,292.0,36.5,328.5,843.15,124.1,967.25,Lawrence County
SD,Lincoln County,2005,751.9,0.0,751.9,116.8,0.0,116.8,295.65000000000003,80.3,375.95,Lincoln County
SD,Minnehaha County,2005,7256.2,2332.35,9588.55,584.0,0.0,584.0,372.3,237.25,609.55,Minnehaha County
SD,Pennington County,2005,2960.15,0.0,2960.15,47.45,0.0,47.45,120.45,1803.1,1923.55,Pennington County
SD,Yankton County,2005,0.0,3197.4,3197.4,7.3,0.0,7.3,1963.7,237.25,2200.9500000000003,Yankton County
TN,Anderson County,2005,102.2,5434.85,5537.05,0.0,569.4,569.4,18.25,215.35,233.6,Anderson County
TN,Bradley County,2005,927.1,3715.7,4642.8,0.0,1434.45,1434.45,29.2,10.95,40.15,Bradley County
TN,Carroll County,2005,901.55,0.0,901.55,580.35,0.0,580.35,32.85,32.85,65.7,Carroll County
TN,Carter County,2005,3230.25,0.0,3230.25,29.2,0.0,29.2,40.15,3.65,43.8,Carter County
TN,Chester County,2005,368.65,0.0,368.65,32.85,0.0,32.85,73.0,3.65,76.64999999999999,Chester County
TN,Cocke County,2005,0.0,1445.4,1445.4,29.2,0.0,29.2,62.05,0.0,62.05,Cocke County
TN,Coffee County,2005,3.65,1854.2,1857.85,321.2,8708.9,9030.1,412.45,73.0,485.4500000000001,Coffee County
TN,Davidson County,2005,0.0,47391.6,47391.6,0.0,10479.15,10479.15,76.64999999999999,189.8,266.45,Davidson County
TN,Dyer County,2005,1949.1,0.0,1949.1,208.05,0.0,208.05,1766.6,1766.6,3533.2,Dyer County
TN,Fayette County,2005,664.3000000000001,0.0,664.3000000000001,529.25,0.0,529.25,105.85,87.6,193.45,Fayette County
TN,Greene County,2005,0.0,3087.9,3087.9,0.0,642.4,642.4,94.9,120.45,215.35,Greene County
TN,Hamilton County,2005,3639.05,18863.2,22502.25,1102.3,1971.0,3073.3,149.64999999999998,87.6,237.25,Hamilton County
TN,Hardin County,2005,865.0500000000001,244.55,1109.6,0.0,8650.5,8650.5,116.8,14.6,131.4,Hardin County
TN,Hawkins County,2005,554.8,1043.9,1598.7,0.0,124.1,124.1,83.95,0.0,83.95,Hawkins County
TN,Haywood County,2005,671.6,0.0,671.6,36.5,0.0,36.5,295.65000000000003,295.65000000000003,591.3000000000001,Haywood County
TN,Humphreys County,2005,529.25,390.55,919.8,21.9,22870.9,22892.8,7.3,7.3,14.6,Humphreys County
TN,Jackson County,2005,0.0,182.5,182.5,7.3,0.0,7.3,7.3,0.0,7.3,Jackson County
TN,Jefferson County,2005,1624.25,0.0,1624.25,288.35,0.0,288.35,58.4,25.55,83.95,Jefferson County
TN,Johnson County,2005,266.45,438.0,704.4499999999999,0.0,18.25,18.25,7.3,10.95,18.25,Johnson County
TN,Knox County,2005,244.55,23962.250000000004,24206.8,7.3,25.55,32.85,83.95,3.65,87.6,Knox County
TN,Lauderdale County,2005,1434.45,0.0,1434.45,178.85,0.0,178.85,379.6,379.6,759.2,Lauderdale County
TN,Lawrence County,2005,678.9000000000001,803.0000000000001,1481.9,0.0,365.0,365.0,193.45,193.45,386.9,Lawrence County
TN,Loudon County,2005,127.75,3347.05,3474.8,7.3,2339.65,2346.95,14.6,0.0,14.6,Loudon County
TN,McMinn County,2005,927.1,1171.65,2098.75,0.0,22925.65,22925.65,69.35,7.3,76.64999999999999,McMinn County
TN,Macon County,2005,390.55,386.9,777.4499999999999,171.54999999999998,0.0,171.54999999999998,29.2,0.0,29.2,Macon County
TN,Madison County,2005,5015.1,0.0,5015.1,886.95,0.0,886.95,536.55,434.3500000000001,970.9,Madison County
TN,Marion County,2005,532.9,835.85,1368.75,0.0,237.25,237.25,10.95,0.0,10.95,Marion County
TN,Maury County,2005,390.55,4146.4,4536.95,0.0,175.2,175.2,47.45,25.55,73.0,Maury County
TN,Montgomery County,2005,1788.5000000000002,6197.7,7986.2,0.0,430.7,430.7,109.5,10.95,120.44999999999996,Montgomery County
TN,Obion County,2005,2051.3,0.0,2051.3,1095.0,0.0,1095.0,708.1,704.4499999999999,1412.55,Obion County
TN,Polk County,2005,434.35,91.25,525.6,14.6,1303.05,1317.65,7.3,0.0,7.3,Polk County
TN,Sevier County,2005,98.55,3175.4999999999995,3274.05,189.8,0.0,189.8,25.55,25.55,51.1,Sevier County
TN,Shelby County,2005,68433.85,0.0,68433.85,10752.9,0.0,10752.9,562.1,270.1,832.1999999999999,Shelby County
TN,Sullivan County,2005,105.85,8694.3,8800.15,0.0,185759.45,185759.45,83.95,36.5,120.45,Sullivan County
TN,Sumner County,2005,0.0,9084.85,9084.85,0.0,36.5,36.5,51.1,51.1,102.2,Sumner County
TN,Wayne County,2005,255.5,178.85,434.35,18.25,0.0,18.25,29.2,0.0,29.2,Wayne County
TX,Anderson County,2005,2179.05,1076.75,3255.8,3.65,3.65,7.3,10.95,73.0,83.95,Anderson County
TX,Andrews County,2005,872.35,0.0,872.35,10.95,0.0,10.95,8909.65,0.0,8909.65,Andrews County
TX,Angelina County,2005,4405.55,0.0,4405.55,1857.85,310.25,2168.1000000000004,36.5,40.15,76.64999999999999,Angelina County
TX,Archer County,2005,0.0,18366.8,18366.8,0.0,430.7,430.7,0.0,259.15,259.15,Archer County
TX,Atascosa County,2005,1554.9,0.0,1554.9,3.65,0.0,3.65,7683.25,0.0,7683.25,Atascosa County
TX,Austin County,2005,730.0,0.0,730.0,21.9,0.0,21.9,2682.75,0.0,2682.75,Austin County
TX,Bastrop County,2005,3080.6,0.0,3080.6,10.95,10.95,21.9,175.2,0.0,175.2,Bastrop County
TX,Bell County,2005,562.1,36452.55,37014.65,0.0,153.29999999999998,153.29999999999998,54.75,244.55,299.3,Bell County
TX,Bexar County,2005,73419.75,3558.75,76978.5,5595.45,80.3,5675.75,2890.8,288.35,3179.15,Bexar County
TX,Bosque County,2005,1000.1,83.95,1084.0500000000002,229.95,0.0,229.95,200.75000000000003,591.3000000000001,792.05,Bosque County
TX,Bowie County,2005,76.64999999999999,7584.700000000001,7661.349999999999,3.65,35087.45,35091.1,1200.85,0.0,1200.85,Bowie County
TX,Brazoria County,2005,5489.599999999999,3850.750000000001,9340.35,748.2499999999999,303088.7,303836.94999999995,1193.55,33123.75,34317.3,Brazoria County
TX,Brazos County,2005,9114.05,25.55,9139.6,25.55,0.0,25.55,3584.3,204.4,3788.7,Brazos County
TX,Brown County,2005,21.9,1938.15,1960.05,14.6,120.45,135.05,69.35,1821.35,1890.7000000000005,Brown County
TX,Burleson County,2005,547.5,0.0,547.5,36.5,3.65,40.15,6715.999999999999,1985.6,8701.6,Burleson County
TX,Burnet County,2005,248.2,803.0000000000001,1051.2,3.65,146.0,149.64999999999998,32.85,518.3,551.15,Burnet County
TX,Calhoun County,2005,76.64999999999999,2799.55,2876.2,0.0,5580.849999999999,5580.849999999999,0.0,5040.650000000001,5040.650000000001,Calhoun County
TX,Cameron County,2005,0.0,19286.6,19286.6,0.0,438.0,438.0,0.0,48439.15,48439.15,Cameron County
TX,Carson County,2005,554.8,0.0,554.8,467.2,0.0,467.2,18377.75,0.0,18377.75,Carson County
TX,Castro County,2005,839.4999999999999,0.0,839.4999999999999,525.6,0.0,525.6,127826.65,0.0,127826.65,Castro County
TX,Chambers County,2005,660.65,200.75000000000003,861.4,3.65,2332.35,2336.0,0.0,34280.8,34280.8,Chambers County
TX,Cherokee County,2005,1620.6,153.29999999999998,1773.9,25.55,7.3,32.85,7.3,54.75,62.04999999999996,Cherokee County
TX,Clay County,2005,94.9,4595.35,4690.25,0.0,18.25,18.25,255.5,14.6,270.1,Clay County
TX,Coke County,2005,29.2,20356.050000000003,20385.25,0.0,602.25,602.25,244.55,10.95,255.50000000000003,Coke County
TX,Collin County,2005,996.45,85917.34999999999,86913.8,80.3,806.65,886.95,266.45,219.0,485.4500000000001,Collin County
TX,Colorado County,2005,671.6,0.0,671.6,32.85,0.0,32.85,5913.0,32904.75,38817.75,Colorado County
TX,Comal County,2005,1861.5,4971.299999999999,6832.799999999999,489.1,1350.5,1839.6,51.1,138.7,189.8,Comal County
TX,Comanche County,2005,18.25,660.65,678.9000000000001,0.0,10.95,10.95,5347.25,2653.55,8000.8,Comanche County
TX,Cooke County,2005,1470.95,204.4,1675.35,40.15,0.0,40.15,25.55,40.15,65.7,Cooke County
TX,Crockett County,2005,383.25,0.0,383.25,14.6,0.0,14.6,102.2,0.0,102.2,Crockett County
TX,Dallas County,2005,408.8,198395.75,198804.55,361.35,6434.95,6796.3,47.45,2390.75,2438.2,Dallas County
TX,Dawson County,2005,270.1,357.7,627.8,10.95,0.0,10.95,36938.0,328.5,37266.5,Dawson County
TX,Deaf Smith County,2005,923.45,0.0,923.45,69.35,0.0,69.35,75346.95,0.0,75346.95,Deaf Smith County
TX,Denton County,2005,2726.55,27929.8,30656.35,14.6,116.8,131.4,350.4,299.29999999999995,649.6999999999999,Denton County
TX,Donley County,2005,167.9,2299.5,2467.4,0.0,94.9,94.9,9457.15,21.9,9479.05,Donley County
TX,Ector County,2005,368.65,0.0,368.65,4858.150000000001,0.0,4858.150000000001,343.1,62.05,405.15,Ector County
TX,Ellis County,2005,1726.45,5215.849999999999,6942.3,813.95,445.3,1259.25,69.35,0.0,69.35,Ellis County
TX,El Paso County,2005,29696.4,10446.3,40142.7,2226.5,667.95,2894.45,80.3,50804.35,50884.65,El Paso County
TX,Erath County,2005,821.25,21.9,843.15,10.95,3.65,14.6,2076.8500000000004,313.9,2390.7500000000005,Erath County
TX,Fayette County,2005,788.4000000000001,0.0,788.4000000000001,29.2,0.0,29.2,233.6,65.7,299.3,Fayette County
TX,Fisher County,2005,105.85,0.0,105.85,51.1,0.0,51.1,923.45,0.0,923.45,Fisher County
TX,Fort Bend County,2005,19925.35,2076.8500000000004,22002.2,1211.8,7719.749999999999,8931.55,3095.2000000000003,6091.85,9187.05,Fort Bend County
TX,Franklin County,2005,3.65,959.95,963.6,0.0,36.5,36.5,0.0,14.6,14.6,Franklin County
TX,Galveston County,2005,792.05,3989.45,4781.5,83.95,29743.85,29827.800000000007,0.0,2135.25,2135.25,Galveston County
TX,Gillespie County,2005,770.15,0.0,770.15,0.0,3.65,3.65,0.0,21.9,21.9,Gillespie County
TX,Gonzales County,2005,927.1,886.95,1814.05,474.5,7.3,481.8,372.3,116.8,489.1,Gonzales County
TX,Gray County,2005,569.4,0.0,569.4,1248.3,0.0,1248.3,11504.8,0.0,11504.8,Gray County
TX,Grayson County,2005,3540.4999999999995,1956.4,5496.900000000001,379.6,240.9,620.5000000000001,503.7,47.45,551.15,Grayson County
TX,Gregg County,2005,328.5,8781.9,9110.4,0.0,375.95,375.95,0.0,10.95,10.95,Gregg County
TX,Grimes County,2005,1211.8,0.0,1211.8,87.6,0.0,87.6,18.25,69.35,87.6,Grimes County
TX,Guadalupe County,2005,313.9,912.5,1226.4,62.05,609.55,671.6,87.6,65.7,153.29999999999998,Guadalupe County
TX,Hale County,2005,1219.1,0.0,1219.1,737.3,0.0,737.3,115117.35,456.25,115573.6,Hale County
TX,Hansford County,2005,343.1,0.0,343.1,7.3,0.0,7.3,75084.15000000001,0.0,75084.15000000001,Hansford County
TX,Hardin County,2005,4912.900000000001,0.0,4912.900000000001,65.7,0.0,65.7,43.8,54.75,98.55,Hardin County
TX,Harris County,2005,83804.0,116084.6,199888.6,3646.35,42949.55,46595.9,850.45,1069.45,1919.9,Harris County
TX,Harrison County,2005,708.1,2675.45,3383.55,40.15,5412.95,5453.099999999999,40.15,36.5,76.64999999999999,Harrison County
TX,Hays County,2005,2872.55,197.1,3069.65,156.95,0.0,156.95,40.15,102.2,142.35,Hays County
TX,Henderson County,2005,1211.8,25586.5,26798.3,149.64999999999998,478.15,627.8,10.95,14.6,25.55,Henderson County
TX,Hidalgo County,2005,1631.55,35189.65,36821.2,146.0,722.7,868.6999999999999,489.1,101502.85,101991.94999999998,Hidalgo County
TX,Hill County,2005,1080.4,1919.9,3000.3,0.0,3.65,3.65,47.45,3.65,51.1,Hill County
TX,Hood County,2005,1445.4,324.85,1770.2499999999998,7.3,0.0,7.3,0.0,1799.4499999999998,1799.4499999999998,Hood County
TX,Hopkins County,2005,598.5999999999999,1821.35,2419.95,0.0,237.25,237.25,0.0,7.3,7.3,Hopkins County
TX,Houston County,2005,470.85,401.50000000000006,872.35,0.0,29.2,29.2,116.8,649.7,766.5,Houston County
TX,Howard County,2005,2040.35,87.6,2127.95,259.15,25.55,284.7,901.55,0.0,901.55,Howard County
TX,Hunt County,2005,379.6,39055.0,39434.600000000006,21.9,160.6,182.5,32.85,0.0,32.85,Hunt County
TX,Hutchinson County,2005,1992.9,19199.0,21191.9,4175.599999999999,923.45,5099.05,12453.8,87.6,12541.4,Hutchinson County
TX,Jackson County,2005,124.1,0.0,124.1,412.45,7033.55,7445.999999999999,14494.15,200.75000000000003,14694.9,Jackson County
TX,Jefferson County,2005,178.85,7738.0,7916.85,47.45,44931.5,44978.95,7.3,41084.4,41091.7,Jefferson County
TX,Johnson County,2005,2018.45,2690.05,4708.5,40.15,343.1,383.25,0.0,7.3,7.3,Johnson County
TX,Jones County,2005,0.0,346.75,346.75,0.0,21.9,21.9,412.45,219.0,631.45,Jones County
TX,Karnes County,2005,821.25,0.0,821.25,18.25,0.0,18.25,29.2,36.5,65.7,Karnes County
TX,Kaufman County,2005,0.0,1916.25,1916.25,0.0,47.45,47.45,0.0,21.9,21.9,Kaufman County
TX,Kendall County,2005,496.4,222.65,719.05,7.3,0.0,7.3,36.5,32.85,69.35,Kendall County
TX,Kimble County,2005,0.0,204.4,204.4,0.0,3.65,3.65,29.2,715.4,744.6,Kimble County
TX,Lamar County,2005,7.3,6080.9,6088.2,0.0,1193.55,1193.55,1379.6999999999998,58.4,1438.1,Lamar County
TX,Lamb County,2005,886.95,0.0,886.95,149.64999999999998,0.0,149.64999999999998,120917.2,0.0,120917.2,Lamb County
TX,Lampasas County,2005,7.3,43.8,51.1,0.0,32.85,32.85,0.0,109.5,109.5,Lampasas County
TX,Lavaca County,2005,383.25,0.0,383.25,80.3,0.0,80.3,1952.75,193.45,2146.2,Lavaca County
TX,Lee County,2005,963.6,0.0,963.6,3.65,0.0,3.65,189.8,0.0,189.8,Lee County
TX,Leon County,2005,744.6,0.0,744.6,171.54999999999998,525.6,697.15,98.55,0.0,98.55,Leon County
TX,Liberty County,2005,2182.7000000000003,33320.850000000006,35503.55,98.55,75795.9,75894.45,514.65,22378.15,22892.8,Liberty County
TX,Lipscomb County,2005,244.55,0.0,244.55,51.1,0.0,51.1,7617.55,0.0,7617.55,Lipscomb County
TX,Live Oak County,2005,211.7,1379.6999999999998,1591.4,281.05,1273.85,1554.9,299.29999999999995,0.0,299.29999999999995,Live Oak County
TX,Lubbock County,2005,5602.75,40.15,5642.900000000001,160.6,0.0,160.6,64959.05,1835.95,66795.0,Lubbock County
TX,McCulloch County,2005,638.75,0.0,638.75,251.85,0.0,251.85,1022.0,160.6,1182.6,McCulloch County
TX,McLennan County,2005,3482.1,11847.9,15330.0,171.54999999999998,397.85,569.4,726.35,1087.7,1814.05,McLennan County
TX,Martin County,2005,573.0500000000001,0.0,573.0500000000001,14.6,0.0,14.6,4763.25,0.0,4763.25,Martin County
TX,Matagorda County,2005,1394.3,0.0,1394.3,543.85,2920.0,3463.85,10464.55,50253.2,60717.75000000001,Matagorda County
TX,Maverick County,2005,0.0,6872.95,6872.95,3.65,18.25,21.9,0.0,10683.55,10683.55,Maverick County
TX,Milam County,2005,810.3000000000001,430.7,1241.0,11840.6,0.0,11840.6,1168.0,543.85,1711.85,Milam County
TX,Montgomery County,2005,18841.3,3179.15,22020.45,434.35,0.0,434.35,14.6,43.8,58.4,Montgomery County
TX,Moore County,2005,2310.45,0.0,2310.45,2124.3,0.0,2124.3,95184.7,0.0,95184.7,Moore County
TX,Nacogdoches County,2005,6376.549999999999,58.4,6434.95,704.4499999999999,32.85,737.3,91.25,40.15,131.4,Nacogdoches County
TX,Navarro County,2005,0.0,1084.0500000000002,1084.0500000000002,0.0,288.35,288.35,0.0,25.55,25.55,Navarro County
TX,Newton County,2005,372.3,0.0,372.3,18.25,76.64999999999999,94.9,94.9,69.35,164.25,Newton County
TX,Nolan County,2005,211.7,251.85,463.55,25.55,0.0,25.55,1343.2,29.2,1372.4,Nolan County
TX,Nueces County,2005,73.0,49041.4,49114.4,996.45,11468.3,12464.75,40.15,25.55,65.7,Nueces County
TX,Orange County,2005,1449.0500000000002,5621.0,7070.05,1204.5,9522.85,10727.35,0.0,2033.05,2033.05,Orange County
TX,Palo Pinto County,2005,0.0,1821.35,1821.35,3.65,7.3,10.95,18.25,850.45,868.6999999999999,Palo Pinto County
TX,Parker County,2005,916.15,1638.85,2555.0,3.65,167.9,171.54999999999998,43.8,40.15,83.94999999999996,Parker County
TX,Parmer County,2005,562.1,0.0,562.1,638.75,0.0,638.75,151847.3,0.0,151847.3,Parmer County
TX,Polk County,2005,2748.4500000000003,2197.3,4945.75,87.6,36.5,124.09999999999997,32.85,0.0,32.85,Polk County
TX,Randall County,2005,7508.05,434.35,7942.400000000001,1708.1999999999998,7.3,1715.4999999999998,8851.25,65.7,8916.95,Randall County
TX,Red River County,2005,328.5,273.75,602.25,3.65,0.0,3.65,65.7,1500.15,1565.85,Red River County
TX,Reeves County,2005,543.85,10.95,554.8,222.65,0.0,222.65,12001.2,16943.3,28944.500000000004,Reeves County
TX,Robertson County,2005,941.7,0.0,941.7,7.3,0.0,7.3,6256.1,3011.25,9267.35,Robertson County
TX,Runnels County,2005,40.15,481.8,521.9499999999999,0.0,10.95,10.95,478.15,262.8,740.9499999999999,Runnels County
TX,Rusk County,2005,1682.65,3128.05,4810.7,3.65,7.3,10.95,29.2,0.0,29.2,Rusk County
TX,San Patricio County,2005,1262.9,3416.4,4679.3,0.0,3861.7,3861.7,2905.4,73.0,2978.4,San Patricio County
TX,San Saba County,2005,2036.7,0.0,2036.7,3.65,0.0,3.65,354.05,1299.4,1653.45,San Saba County
TX,Scurry County,2005,62.05,3179.15,3241.2000000000003,0.0,43.8,43.8,941.7,324.85,1266.5500000000002,Scurry County
TX,Shelby County,2005,365.0,1306.7,1671.7,0.0,470.85,470.85,7.3,0.0,7.3,Shelby County
TX,Smith County,2005,6139.3,7227.0,13366.3,197.1,759.2,956.3,62.05,361.35,423.4,Smith County
TX,Starr County,2005,120.45,2244.75,2365.2000000000003,0.0,3.65,3.65,135.05,2051.3,2186.35,Starr County
TX,Stephens County,2005,0.0,5029.7,5029.7,0.0,3.65,3.65,0.0,182.5,182.5,Stephens County
TX,Tarrant County,2005,4730.400000000001,77047.85,81778.25,427.05,3478.45,3905.5,3.65,1251.95,1255.6,Tarrant County
TX,Taylor County,2005,14.6,8073.8,8088.4,40.15,237.25,277.4,14.6,0.0,14.6,Taylor County
TX,Titus County,2005,7.3,2668.15,2675.45,32.85,1142.45,1175.3000000000002,0.0,521.9499999999999,521.9499999999999,Titus County
TX,Tom Green County,2005,438.0,624.15,1062.15,109.5,554.8,664.3000000000001,7916.85,4266.849999999999,12183.7,Tom Green County
TX,Travis County,2005,3821.55,59005.9,62827.45,167.9,3438.3,3606.2,255.5,1514.7500000000002,1770.2500000000002,Travis County
TX,Van Zandt County,2005,835.85,919.8,1755.65,116.8,0.0,116.8,0.0,135.05,135.05,Van Zandt County
TX,Victoria County,2005,1131.5,0.0,1131.5,146.0,6453.2,6599.2,963.6,0.0,963.6,Victoria County
TX,Walker County,2005,1708.1999999999998,748.2499999999999,2456.4500000000003,69.35,7.3,76.64999999999999,0.0,3.65,3.65,Walker County
TX,Waller County,2005,1003.75,0.0,1003.75,25.55,0.0,25.55,7924.150000000001,113.15,8037.3,Waller County
TX,Ward County,2005,2668.15,0.0,2668.15,215.35,0.0,215.35,427.05,941.7,1368.75,Ward County
TX,Washington County,2005,266.45,890.6,1157.05,116.8,51.1,167.9,178.85,0.0,178.85,Washington County
TX,Webb County,2005,54.75,11873.45,11928.2,3.65,0.0,3.65,160.6,1412.55,1573.15,Webb County
TX,Wharton County,2005,1354.15,0.0,1354.15,25.55,0.0,25.55,34094.65,68616.35,102711.0,Wharton County
TX,Wichita County,2005,372.3,733.65,1105.9499999999998,0.0,91.25,91.25,164.25,10238.25,10402.5,Wichita County
TX,Wilbarger County,2005,1211.8,21.9,1233.7,222.65,3.65,226.3,9267.35,43.8,9311.15,Wilbarger County
TX,Williamson County,2005,6938.650000000001,11322.3,18260.95,211.7,135.05,346.75,0.0,80.3,80.3,Williamson County
TX,Winkler County,2005,609.55,40.15,649.7,7.3,0.0,7.3,876.0,0.0,876.0,Winkler County
TX,Wise County,2005,339.45000000000005,1419.85,1759.3000000000002,3.65,229.95,233.6,14.6,51.1,65.7,Wise County
TX,Wood County,2005,1752.0,660.65,2412.65,65.7,0.0,65.7,40.15,135.05,175.2,Wood County
TX,Young County,2005,3.65,1109.6,1113.25,0.0,7.3,7.3,0.0,14.6,14.6,Young County
TX,Zavala County,2005,810.3000000000001,0.0,810.3000000000001,317.55,0.0,317.55,16406.75,1335.9,17742.65,Zavala County
UT,Beaver County,2005,715.4,0.0,715.4,514.65,0.0,514.65,12045.0,16899.5,28944.5,Beaver County
UT,Box Elder County,2005,5000.5,0.0,5000.5,448.95,0.0,448.95,11782.2,139240.2,151022.4,Box Elder County
UT,Cache County,2005,12066.9,131.4,12198.3,186.15,21.9,208.05,4106.25,78679.4,82785.65,Cache County
UT,Carbon County,2005,1646.15,737.3,2383.4500000000003,200.75000000000003,7.3,208.05,32.85,16089.2,16122.05,Carbon County
UT,Davis County,2005,5701.299999999999,10409.8,16111.1,704.4499999999999,0.0,704.4499999999999,1671.7,26396.8,28068.5,Davis County
UT,Emery County,2005,153.29999999999998,518.3,671.6,10.95,0.0,10.95,32.85,71766.3,71799.15000000001,Emery County
UT,Garfield County,2005,390.55,0.0,390.55,3.65,0.0,3.65,324.85,30189.15,30514.0,Garfield County
UT,Iron County,2005,3182.8,0.0,3182.8,540.2,0.0,540.2,36605.850000000006,59513.25000000001,96119.1,Iron County
UT,Juab County,2005,2065.9,0.0,2065.9,135.05,0.0,135.05,4891.0,19720.95,24611.95,Juab County
UT,Millard County,2005,1470.95,0.0,1470.95,91.25,0.0,91.25,34101.950000000004,112336.05,146438.0,Millard County
UT,Morgan County,2005,478.15,0.0,478.15,102.2,0.0,102.2,32.85,13877.3,13910.150000000003,Morgan County
UT,Salt Lake County,2005,24447.7,59911.1,84358.8,8037.300000000001,14508.75,22546.050000000003,1507.45,12300.500000000002,13807.950000000004,Salt Lake County
UT,San Juan County,2005,525.6,434.35,959.95,18.25,116.8,135.05,328.5,7183.2,7511.7,San Juan County
UT,Sanpete County,2005,1646.15,0.0,1646.15,178.85,0.0,178.85,978.2,93808.65,94786.85,Sanpete County
UT,Sevier County,2005,1711.85,0.0,1711.85,29.2,0.0,29.2,4237.65,61141.15,65378.8,Sevier County
UT,Summit County,2005,3613.5,25.55,3639.05,3.65,0.0,3.65,167.9,29389.8,29557.7,Summit County
UT,Tooele County,2005,3697.45,14.6,3712.05,5120.95,19257.4,24378.35,5664.8,17410.5,23075.3,Tooele County
UT,Uintah County,2005,2814.15,321.2,3135.35,98.55,0.0,98.55,328.5,88289.84999999999,88618.34999999999,Uintah County
UT,Utah County,2005,30127.1,6245.15,36372.25,3836.15,25.55,3861.7,15972.4,88286.2,104258.6,Utah County
UT,Washington County,2005,10785.75,3215.65,14001.4,3.65,0.0,3.65,2197.3,19600.5,21797.8,Washington County
UT,Weber County,2005,7851.150000000001,11899.0,19750.15,69.35,5150.15,5219.5,1627.9,44632.2,46260.1,Weber County
VT,Addison County,2005,525.6,507.35,1032.95,36.5,36.5,73.0,10.95,83.95,94.9,Addison County
VT,Bennington County,2005,324.85,835.85,1160.7,18.25,47.45,65.7,7.3,73.0,80.3,Bennington County
VT,Caledonia County,2005,284.7,587.6500000000001,872.35,18.25,32.85,51.1,0.0,29.2,29.2,Caledonia County
VT,Chittenden County,2005,186.15,5398.349999999999,5584.5,29.2,273.75,302.95,10.95,124.1,135.05,Chittenden County
VT,Essex County,2005,54.75,47.45,102.2,0.0,613.1999999999999,613.1999999999999,0.0,10.95,10.95,Essex County
VT,Franklin County,2005,160.6,1043.9,1204.5,18.25,120.45,138.7,7.3,80.3,87.6,Franklin County
VT,Grand Isle County,2005,0.0,193.45,193.45,0.0,3.65,3.65,3.65,32.85,36.499999999999964,Grand Isle County
VT,Lamoille County,2005,438.0,73.0,511.0,29.2,3.65,32.85,7.3,51.1,58.4,Lamoille County
VT,Orange County,2005,295.65000000000003,18.25,313.9,47.45,0.0,47.45,7.3,62.05,69.35,Orange County
VT,Orleans County,2005,562.1,113.15,675.25,25.55,3.65,29.2,3.65,47.45,51.1,Orleans County
VT,Rutland County,2005,678.9000000000001,1047.55,1726.45,40.15,292.0,332.15000000000003,10.95,109.5,120.44999999999996,Rutland County
VT,Washington County,2005,233.6,1098.65,1332.25,36.5,171.54999999999998,208.05,10.95,83.94999999999996,94.9,Washington County
VT,Windham County,2005,138.7,700.8,839.4999999999999,18.25,638.75,657.0,18.25,146.0,164.25,Windham County
VT,Windsor County,2005,1164.35,32.85,1197.1999999999998,343.1,3.65,346.75,10.95,98.55,109.5,Windsor County
VA,Accomack County,2005,536.55,0.0,536.55,1208.15,0.0,1208.15,1022.0,762.8499999999999,1784.85,Accomack County
VA,Albemarle County,2005,18.25,3985.8,4004.05,14.6,0.0,14.6,149.64999999999998,135.05,284.7,Albemarle County
VA,Alleghany County,2005,43.8,1456.35,1500.15,357.7,14910.25,15267.95,21.9,32.85,54.75,Alleghany County
VA,Amherst County,2005,0.0,4215.75,4215.75,3.65,2233.8,2237.45,14.6,58.4,73.0,Amherst County
VA,Appomattox County,2005,357.7,0.0,357.7,7.3,0.0,7.3,54.75,25.55,80.3,Appomattox County
VA,Augusta County,2005,2047.65,839.4999999999999,2887.15,762.8499999999999,0.0,762.8499999999999,18.25,310.25000000000006,328.50000000000006,Augusta County
VA,Bath County,2005,87.6,0.0,87.6,354.05,0.0,354.05,10.95,62.05,73.0,Bath County
VA,Bedford County,2005,25.55,1200.85,1226.4,3.65,3398.15,3401.8,83.95,138.7,222.65,Bedford County
VA,Bland County,2005,73.0,0.0,73.0,0.0,43.8,43.8,14.6,18.25,32.85,Bland County
VA,Botetourt County,2005,354.05,5913.0,6267.05,21.9,0.0,21.9,29.2,36.5,65.7,Botetourt County
VA,Campbell County,2005,113.15,1080.4,1193.55,36.5,730.0,766.5,0.0,160.6,160.6,Campbell County
VA,Caroline County,2005,193.45,142.35,335.8,153.29999999999998,894.2500000000001,1047.55,65.7,215.35,281.05,Caroline County
VA,Charles City County,2005,21.9,0.0,21.9,3.65,43.8,47.45,3.65,138.7,142.35,Charles City County
VA,Chesterfield County,2005,0.0,14596.35,14596.35,73.0,20169.9,20242.9,0.0,346.75,346.75,Chesterfield County
VA,Clarke County,2005,36.5,156.95,193.45,0.0,29.2,29.2,47.45,14.6,62.05,Clarke County
VA,Culpeper County,2005,36.5,730.0,766.5,0.0,29.2,29.2,0.0,102.2,102.2,Culpeper County
VA,Essex County,2005,135.05,0.0,135.05,3.65,0.0,3.65,25.55,21.9,47.45,Essex County
VA,Fairfax County,2005,58.4,94513.1,94571.5,29.2,10.95,40.15,91.25,416.1,507.35,Fairfax County
VA,Frederick County,2005,113.15,1460.0,1573.15,18.25,0.0,18.25,51.1,62.05,113.15,Frederick County
VA,Giles County,2005,452.6,0.0,452.6,3894.55,20615.2,24509.75,21.9,25.55,47.45,Giles County
VA,Grayson County,2005,91.25,0.0,91.25,0.0,25.55,25.55,113.15,25.55,138.7,Grayson County
VA,Greensville County,2005,10.95,0.0,10.95,0.0,576.7,576.7,0.0,83.94999999999996,83.94999999999996,Greensville County
VA,Halifax County,2005,36.5,646.05,682.5500000000001,3.65,0.0,3.65,0.0,335.8,335.8,Halifax County
VA,Hanover County,2005,2149.85,0.0,2149.85,32.85,262.8,295.65,0.0,306.6,306.6,Hanover County
VA,Henrico County,2005,18.25,8300.099999999999,8318.35,87.6,0.0,87.6,0.0,178.85,178.85,Henrico County
VA,Henry County,2005,14.6,1773.9,1788.5000000000002,3.65,726.35,730.0,47.45,91.25,138.7,Henry County
VA,Highland County,2005,32.85,0.0,32.85,2350.6000000000004,0.0,2350.6000000000004,0.0,7.3,7.3,Highland County
VA,Isle of Wight County,2005,448.95,54.75,503.7,12577.9,1492.85,14070.749999999998,0.0,240.9,240.9,Isle of Wight County
VA,James City County,2005,1784.85,2284.9,4069.75,40.15,0.0,40.15,51.099999999999966,233.6,284.7,James City County
VA,King George County,2005,467.2,0.0,467.2,113.15,0.0,113.15,25.55,0.0,25.55,King George County
VA,King William County,2005,193.45,0.0,193.45,6413.05,0.0,6413.05,3.65,273.75,277.4,King William County
VA,Lancaster County,2005,182.5,0.0,182.5,10.95,0.0,10.95,58.4,0.0,58.4,Lancaster County
VA,Loudoun County,2005,441.65,1686.3,2127.95,40.15,0.0,40.15,189.8,452.6,642.4,Loudoun County
VA,Madison County,2005,0.0,646.05,646.05,14.6,0.0,14.6,25.55,0.0,25.55,Madison County
VA,Mecklenburg County,2005,65.7,532.9,598.5999999999999,3.65,0.0,3.65,3.65,536.5500000000001,540.2,Mecklenburg County
VA,Middlesex County,2005,73.0,0.0,73.0,3.65,0.0,3.65,18.25,58.4,76.64999999999999,Middlesex County
VA,Montgomery County,2005,21.9,2522.15,2544.05,14.6,9522.85,9537.45,3.65,149.64999999999998,153.29999999999998,Montgomery County
VA,Nelson County,2005,87.6,0.0,87.6,18.25,354.05,372.3,3.65,178.85,182.5,Nelson County
VA,New Kent County,2005,135.05,10493.75,10628.8,500.05,0.0,500.05,0.0,102.2,102.2,New Kent County
VA,Northampton County,2005,135.05,0.0,135.05,58.4,0.0,58.4,383.25,423.4,806.65,Northampton County
VA,Northumberland County,2005,146.0,0.0,146.0,54.75,901.55,956.3,47.45,0.0,47.45,Northumberland County
VA,Nottoway County,2005,14.6,197.1,211.7,3.65,0.0,3.65,51.1,21.9,73.0,Nottoway County
VA,Page County,2005,529.25,0.0,529.25,124.1,0.0,124.1,18.25,21.9,40.15,Page County
VA,Patrick County,2005,0.0,109.5,109.5,83.95,65.7,149.64999999999998,32.85,40.15,73.0,Patrick County
VA,Pittsylvania County,2005,120.45,2617.05,2737.5,10.95,879.6500000000001,890.6,0.0,664.3000000000001,664.3000000000001,Pittsylvania County
VA,Prince George County,2005,116.8,0.0,116.8,14.6,0.0,14.6,47.45,21.9,69.35,Prince George County
VA,Prince William County,2005,124.1,24560.85,24684.95,10.95,149.64999999999998,160.59999999999997,284.7,346.75,631.45,Prince William County
VA,Pulaski County,2005,0.0,1514.7500000000002,1514.7500000000002,0.0,532.9,532.9,32.85,40.15,73.0,Pulaski County
VA,Roanoke County,2005,481.8,5923.95,6405.75,14.6,7.3,21.9,0.0,76.64999999999999,76.64999999999999,Roanoke County
VA,Rockbridge County,2005,233.6,503.7,737.3,335.8,0.0,335.8,87.6,0.0,87.6,Rockbridge County
VA,Rockingham County,2005,1715.5,2989.35,4704.85,3412.75,0.0,3412.75,113.15,416.1,529.25,Rockingham County
VA,Russell County,2005,332.15000000000003,222.65,554.8,3.65,0.0,3.65,29.2,0.0,29.2,Russell County
VA,Shenandoah County,2005,518.3,536.55,1054.85,627.8,76.64999999999999,704.4499999999999,21.9,149.64999999999998,171.54999999999998,Shenandoah County
VA,Southampton County,2005,240.9,1379.6999999999998,1620.6,2131.6,0.0,2131.6,21.9,215.35,237.25000000000009,Southampton County
VA,Spotsylvania County,2005,3.65,1762.95,1766.6,25.55,0.0,25.55,0.0,94.9,94.9,Spotsylvania County
VA,Stafford County,2005,0.0,5821.75,5821.75,3.65,594.9499999999999,598.5999999999999,14.6,65.7,80.3,Stafford County
VA,Surry County,2005,43.8,0.0,43.8,3.65,0.0,3.65,120.45,10.95,131.4,Surry County
VA,Sussex County,2005,281.05,0.0,281.05,7.3,0.0,7.3,113.15,10.95,124.09999999999997,Sussex County
VA,Washington County,2005,394.2000000000001,2850.65,3244.8500000000004,0.0,25.55,25.55,131.4,47.45,178.85,Washington County
VA,Westmoreland County,2005,321.2,0.0,321.2,7.3,0.0,7.3,7.3,131.4,138.7,Westmoreland County
VA,York County,2005,69.35,10738.3,10807.65,0.0,21564.2,21564.2,14.6,21.9,36.5,York County
VA,Buena Vista County,2005,401.50000000000006,0.0,401.50000000000006,25.55,65.7,91.25,18.25,0.0,18.25,Buena Vista city
VA,Chesapeake County,2005,1460.0,3401.8,4861.8,109.5,0.0,109.5,62.05,25.55,87.6,Chesapeake city
VA,Danville County,2005,0.0,379.6,379.6,0.0,930.75,930.75,0.0,54.75,54.75,Danville city
VA,Newport News County,2005,795.7,9785.65,10581.35,76.64999999999999,3109.8,3186.4500000000003,113.15,0.0,113.15,Newport News city
VA,Norfolk County,2005,10.95,719.05,730.0,69.35,0.0,69.35,3.65,58.4,62.05,Norfolk city
VA,Roanoke County,2005,1587.7499999999998,0.0,1587.7499999999998,80.3,306.6,386.9,69.35,0.0,69.35,Roanoke city
VA,Salem County,2005,43.8,1350.5,1394.3,3.65,0.0,3.65,25.55,0.0,25.55,Salem city
VA,Suffolk County,2005,2996.65,32255.050000000003,35251.7,43.8,0.0,43.8,0.0,204.4,204.4,Suffolk city
VA,Virginia Beach County,2005,0.0,14.6,14.6,14.6,0.0,14.6,105.85,339.45000000000005,445.3,Virginia Beach city
VA,Waynesboro County,2005,1080.4,0.0,1080.4,1481.9,3.65,1485.5499999999995,0.0,25.55,25.55,Waynesboro city
VA,Williamsburg County,2005,321.2,0.0,321.2,244.55,0.0,244.55,10.95,40.15,51.1,Williamsburg city
WA,Adams County,2005,1653.45,0.0,1653.45,1018.35,0.0,1018.35,45486.3,9092.15,54578.45,Adams County
WA,Benton County,2005,5088.099999999999,2609.75,7697.85,3489.4,23363.65,26853.050000000003,14129.15,102061.3,116190.45,Benton County
WA,Chelan County,2005,4777.85,1259.25,6037.099999999999,0.0,3544.15,3544.15,1270.2,22013.15,23283.35,Chelan County
WA,Clallam County,2005,2890.8,339.45000000000005,3230.25,7.3,3.65,10.95,204.4,2879.85,3084.2499999999995,Clallam County
WA,Clark County,2005,20607.9,259.15,20867.05,17333.850000000002,15373.8,32707.65,1817.7,693.5,2511.2000000000003,Clark County
WA,Columbia County,2005,186.15,0.0,186.15,21.9,0.0,21.9,91.25,1299.4,1390.65,Columbia County
WA,Cowlitz County,2005,872.35,5748.75,6621.1,0.0,44869.45,44869.45,153.29999999999998,1288.4499999999998,1441.75,Cowlitz County
WA,Douglas County,2005,1799.4499999999998,0.0,1799.4499999999998,803.0000000000001,0.0,803.0000000000001,1295.75,9971.8,11267.55,Douglas County
WA,Ferry County,2005,281.05,3.65,284.7,69.35,0.0,69.35,259.15000000000003,1350.5,1609.65,Ferry County
WA,Franklin County,2005,1211.8,7504.4,8716.199999999999,740.9499999999999,0.0,740.9499999999999,24663.050000000003,166235.6,190898.65,Franklin County
WA,Garfield County,2005,91.25,0.0,91.25,3.65,0.0,3.65,25.55,237.25,262.8,Garfield County
WA,Grant County,2005,9811.2,0.0,9811.2,1076.75,0.0,1076.75,53833.850000000006,356707.2,410541.05,Grant County
WA,Grays Harbor County,2005,1335.9,17855.8,19191.7,390.55,2419.95,2810.5,1175.3000000000002,919.8,2095.1,Grays Harbor County
WA,Island County,2005,1770.2499999999998,894.2500000000001,2664.5,3.65,0.0,3.65,284.7,87.6,372.3,Island County
WA,Jefferson County,2005,613.1999999999999,4839.9,5453.099999999999,0.0,1901.65,1901.65,266.45,189.8,456.25,Jefferson County
WA,King County,2005,22929.3,51705.9,74635.2,897.9,766.5,1664.4,1277.5,1270.2,2547.7000000000003,King County
WA,Kitsap County,2005,6281.650000000001,1784.85,8066.500000000001,10.95,32.85,43.8,361.35,189.8,551.15,Kitsap County
WA,Kittitas County,2005,3460.2000000000003,368.65,3828.85,438.0,0.0,438.0,1007.4,96400.15,97407.55,Kittitas County
WA,Klickitat County,2005,1051.2,0.0,1051.2,0.0,478.15,478.15,7135.75,5402.0,12537.75,Klickitat County
WA,Lewis County,2005,1584.1,952.65,2536.75,930.75,0.0,930.75,1726.45,2069.55,3796.0,Lewis County
WA,Lincoln County,2005,733.65,0.0,733.65,3.65,0.0,3.65,8847.599999999999,3507.65,12355.249999999998,Lincoln County
WA,Mason County,2005,2737.5,10.95,2748.4500000000003,127.75,3062.3500000000004,3190.1,328.5,105.85,434.35,Mason County
WA,Okanogan County,2005,2303.15,131.4,2434.55,883.3,0.0,883.3,6854.700000000001,22184.7,29039.4,Okanogan County
WA,Pacific County,2005,262.8,934.4,1197.1999999999998,73.0,102.2,175.2,339.45000000000005,773.8000000000001,1113.25,Pacific County
WA,Pend Oreille County,2005,281.05,76.64999999999999,357.7,0.0,229.95,229.95,83.95,171.54999999999998,255.5,Pend Oreille County
WA,Pierce County,2005,21462.0,20498.4,41960.4,3960.25,9245.45,13205.7,2357.9,1022.0,3379.9,Pierce County
WA,San Juan County,2005,138.7,215.35,354.05,91.25,0.0,91.25,7.3,32.85,40.15,San Juan County
WA,Skagit County,2005,547.5,8599.4,9146.9,3.65,7.3,10.95,4117.2,1664.4,5781.6,Skagit County
WA,Skamania County,2005,219.0,244.55,463.55,0.0,2675.45,2675.45,65.7,200.75000000000003,266.45,Skamania County
WA,Snohomish County,2005,3131.7,22089.800000000003,25221.5,627.8,15096.4,15724.2,901.55,1135.15,2036.7,Snohomish County
WA,Spokane County,2005,47975.6,0.0,47975.6,2186.35,9318.45,11504.8,3741.25,751.9,4493.150000000001,Spokane County
WA,Stevens County,2005,2259.3500000000004,3.65,2263.0,0.0,43.8,43.8,638.75,3796.0,4434.75,Stevens County
WA,Thurston County,2005,8278.2,182.5,8460.7,1573.15,0.0,1573.15,2179.05,846.8,3025.85,Thurston County
WA,Wahkiakum County,2005,62.05,54.75,116.8,14.6,0.0,14.6,80.3,153.29999999999998,233.6,Wahkiakum County
WA,Walla Walla County,2005,2799.55,2117.0,4916.55,189.8,3558.75,3748.55,6205.0,41781.55,47986.55,Walla Walla County
WA,Whatcom County,2005,2788.6,10366.0,13154.6,0.0,2409.0,2409.0,7862.100000000001,3336.1000000000004,11198.2,Whatcom County
WA,Yakima County,2005,8913.300000000001,2909.05,11822.35,2233.8,0.0,2233.8,28097.7,193154.35,221252.05,Yakima County
WV,Jefferson County,2005,379.6,602.25,981.85,459.9,3095.2000000000003,3555.1,3.65,3.65,7.3,Jefferson County
WI,Adams County,2005,197.1,0.0,197.1,32.85,0.0,32.85,16092.85,21.9,16114.750000000002,Adams County
WI,Ashland County,2005,105.85,262.8,368.65,29.2,868.6999999999999,897.9,10.95,14.6,25.55,Ashland County
WI,Barron County,2005,1587.7499999999998,0.0,1587.7499999999998,642.4,0.0,642.4,3671.9,109.5,3781.4,Barron County
WI,Bayfield County,2005,138.7,0.0,138.7,3.65,80.3,83.95,58.4,3.65,62.05,Bayfield County
WI,Brown County,2005,4934.8,5975.05,10909.85,1047.55,24944.1,25991.65,219.0,113.15,332.15000000000003,Brown County
WI,Buffalo County,2005,193.45,0.0,193.45,131.4,0.0,131.4,810.3000000000001,43.8,854.1000000000001,Buffalo County
WI,Burnett County,2005,116.8,0.0,116.8,7.3,14.6,21.9,138.7,7.3,146.0,Burnett County
WI,Calumet County,2005,1025.65,602.25,1627.9,240.9,3.65,244.55,47.45,80.3,127.75,Calumet County
WI,Chippewa County,2005,2069.55,0.0,2069.55,178.85,1288.4499999999998,1467.3,1076.75,124.1,1200.85,Chippewa County
WI,Clark County,2005,500.05,0.0,500.05,65.7,0.0,65.7,25.55,171.54999999999998,197.1,Clark County
WI,Columbia County,2005,1237.35,0.0,1237.35,587.6500000000001,0.0,587.6500000000001,602.25,25.55,627.8,Columbia County
WI,Crawford County,2005,620.5,0.0,620.5,127.75,0.0,127.75,7.3,105.85,113.15,Crawford County
WI,Dane County,2005,18268.25,0.0,18268.25,1120.55,208.05,1328.6,2190.0,58.4,2248.4,Dane County
WI,Dodge County,2005,2288.55,0.0,2288.55,708.1,54.75,762.8499999999999,219.0,14.6,233.6,Dodge County
WI,Door County,2005,620.5,0.0,620.5,58.4,0.0,58.4,390.55,10.95,401.50000000000006,Door County
WI,Douglas County,2005,3.65,1120.55,1124.2,0.0,375.95,375.95,146.0,3.65,149.64999999999998,Douglas County
WI,Dunn County,2005,828.55,0.0,828.55,324.85,0.0,324.85,9376.85,113.15,9490.0,Dunn County
WI,Eau Claire County,2005,3744.9,0.0,3744.9,80.3,1138.8,1219.1,1047.55,36.5,1084.0500000000002,Eau Claire County
WI,Fond du Lac County,2005,2522.15,0.0,2522.15,554.8,0.0,554.8,317.55,3.65,321.2,Fond du Lac County
WI,Grant County,2005,1175.3000000000002,0.0,1175.3000000000002,113.15,0.0,113.15,54.75,73.0,127.75,Grant County
WI,Green County,2005,978.2,0.0,978.2,219.0,0.0,219.0,1810.4,29.2,1839.6,Green County
WI,Green Lake County,2005,467.2,0.0,467.2,375.95,0.0,375.95,967.25,14.6,981.85,Green Lake County
WI,Iowa County,2005,481.8,0.0,481.8,65.7,0.0,65.7,2409.0,65.7,2474.7,Iowa County
WI,Jackson County,2005,375.95,0.0,375.95,36.5,0.0,36.5,1635.2,43.8,1679.0000000000002,Jackson County
WI,Jefferson County,2005,2131.6,0.0,2131.6,2186.35,0.0,2186.35,3657.3,29.2,3686.5,Jefferson County
WI,Juneau County,2005,419.75,0.0,419.75,105.85,0.0,105.85,3237.55,51.1,3288.65,Juneau County
WI,Kenosha County,2005,113.15,5577.2,5690.35,18.25,711.75,730.0,200.75000000000003,65.7,266.45,Kenosha County
WI,Kewaunee County,2005,306.6,0.0,306.6,120.45,0.0,120.45,302.95,14.6,317.55,Kewaunee County
WI,La Crosse County,2005,5737.8,0.0,5737.8,1693.6,0.0,1693.6,175.2,47.45,222.65,La Crosse County
WI,Langlade County,2005,438.0,0.0,438.0,43.8,21.9,65.7,5380.1,197.1,5577.2,Langlade County
WI,Lincoln County,2005,478.15,0.0,478.15,36.5,2909.05,2945.55,146.0,36.5,182.5,Lincoln County
WI,Manitowoc County,2005,605.9,3657.3,4263.2,215.35,580.35,795.7,160.6,171.54999999999998,332.15000000000003,Manitowoc County
WI,Marathon County,2005,4792.450000000001,0.0,4792.450000000001,423.4,15129.250000000002,15552.65,1270.2,1127.85,2398.05,Marathon County
WI,Marinette County,2005,427.05,1062.15,1489.2,543.85,3164.55,3708.4,605.9,62.05,667.95,Marinette County
WI,Marquette County,2005,54.75,0.0,54.75,164.25,0.0,164.25,1715.5,25.55,1741.0500000000002,Marquette County
WI,Milwaukee County,2005,7.3,50026.9,50034.2,1303.05,2401.7,3704.75,142.35,14.6,156.95,Milwaukee County
WI,Monroe County,2005,959.95,0.0,959.95,266.45,0.0,266.45,1324.95,62.05,1387.0,Monroe County
WI,Oconto County,2005,518.3,0.0,518.3,91.25,927.1,1018.35,284.7,18.25,302.95000000000005,Oconto County
WI,Oneida County,2005,686.1999999999999,0.0,686.1999999999999,127.75,3091.55,3219.3,1040.25,76.64999999999999,1116.9,Oneida County
WI,Outagamie County,2005,2525.8,2854.3,5380.1,795.7,16633.05,17428.75,149.64999999999998,80.3,229.95,Outagamie County
WI,Ozaukee County,2005,1675.35,438.0,2113.35,226.3,0.0,226.3,178.85,54.75,233.6,Ozaukee County
WI,Pepin County,2005,135.05,0.0,135.05,7.3,456.25,463.55,200.75000000000003,29.2,229.95,Pepin County
WI,Pierce County,2005,678.9000000000001,0.0,678.9000000000001,262.8,0.0,262.8,83.95,7.3,91.25,Pierce County
WI,Polk County,2005,879.6500000000001,0.0,879.6500000000001,138.7,0.0,138.7,401.50000000000006,29.2,430.7000000000001,Polk County
WI,Portage County,2005,3595.25,0.0,3595.25,4201.15,5354.55,9555.7,33638.4,131.4,33769.8,Portage County
WI,Price County,2005,463.55,0.0,463.55,237.25,2226.5,2463.75,167.9,10.95,178.85,Price County
WI,Racine County,2005,1281.15,8314.7,9595.85,328.5,1058.5,1387.0,1835.95,113.15,1949.1,Racine County
WI,Richland County,2005,419.75,0.0,419.75,105.85,0.0,105.85,554.8,350.4,905.2,Richland County
WI,Rock County,2005,7898.6,0.0,7898.6,1142.45,0.0,1142.45,6051.7,25.55,6077.249999999999,Rock County
WI,Rusk County,2005,204.4,0.0,204.4,0.0,500.05,500.05,135.05,116.8,251.85,Rusk County
WI,St Croix County,2005,1638.85,0.0,1638.85,416.1,0.0,416.1,1565.85,21.9,1587.7499999999998,St. Croix County
WI,Sauk County,2005,2814.15,0.0,2814.15,551.15,0.0,551.15,4588.05,62.05,4650.1,Sauk County
WI,Sawyer County,2005,182.5,0.0,182.5,29.2,0.0,29.2,182.5,25.55,208.05,Sawyer County
WI,Shawano County,2005,883.3,0.0,883.3,54.75,1058.5,1113.25,32.85,51.1,83.95,Shawano County
WI,Sheboygan County,2005,1073.1,4905.599999999999,5978.7,751.9,0.0,751.9,208.05,69.35,277.4,Sheboygan County
WI,Taylor County,2005,233.6,0.0,233.6,14.6,0.0,14.6,3.65,65.7,69.35,Taylor County
WI,Trempealeau County,2005,949.0,0.0,949.0,80.3,0.0,80.3,2142.55,43.8,2186.35,Trempealeau County
WI,Vernon County,2005,408.8,0.0,408.8,10.95,0.0,10.95,14.6,98.55,113.15,Vernon County
WI,Vilas County,2005,120.45,0.0,120.45,3.65,0.0,3.65,423.4,3.65,427.05,Vilas County
WI,Walworth County,2005,2920.0,0.0,2920.0,292.0,0.0,292.0,697.15,164.25,861.4,Walworth County
WI,Washburn County,2005,284.7,0.0,284.7,25.55,0.0,25.55,624.15,0.0,624.15,Washburn County
WI,Washington County,2005,2996.65,0.0,2996.65,69.35,0.0,69.35,357.7,40.15,397.85,Washington County
WI,Waukesha County,2005,8906.0,0.0,8906.0,452.6,116.8,569.4,576.7,105.85,682.5500000000001,Waukesha County
WI,Waupaca County,2005,2131.6,0.0,2131.6,237.25,365.0,602.25,3003.9500000000003,175.2,3179.15,Waupaca County
WI,Waushara County,2005,251.85,0.0,251.85,83.95,0.0,83.95,17815.65,98.55,17914.2,Waushara County
WI,Winnebago County,2005,1084.0500000000002,5270.599999999999,6354.65,1211.8,15125.6,16337.4,127.75,58.4,186.15,Winnebago County
WI,Wood County,2005,2065.9,0.0,2065.9,65.7,45176.05,45241.75,2175.4,51.1,2226.5,Wood County
WY,Albany County,2005,1120.55,1069.45,2190.0,43.8,32.85,76.64999999999999,0.0,97400.25,97400.25,Albany County
WY,Big Horn County,2005,1113.25,0.0,1113.25,0.0,10.95,10.95,726.35,131454.75,132181.1,Big Horn County
WY,Campbell County,2005,1335.9,0.0,1335.9,138.7,80.3,219.0,412.45,13318.85,13731.3,Campbell County
WY,Carbon County,2005,897.9,598.5999999999999,1496.4999999999998,36.5,21.9,58.4,445.3,130107.9,130553.2,Carbon County
WY,Converse County,2005,744.6,0.0,744.6,21.9,21.9,43.8,1011.05,45566.6,46577.65,Converse County
WY,Crook County,2005,1664.4,0.0,1664.4,3.65,3.65,7.3,565.75,10577.7,11143.45,Crook County
WY,Fremont County,2005,777.4499999999999,1262.9,2040.35,40.15,25.55,65.7,0.0,145748.15,145748.15,Fremont County
WY,Goshen County,2005,1095.0,0.0,1095.0,3.65,43.8,47.45,26980.8,85201.95,112182.75,Goshen County
WY,Johnson County,2005,47.45,456.25,503.7,54.75,25.55,80.3,127.75,42580.9,42708.65,Johnson County
WY,Laramie County,2005,1474.6,3452.9,4927.5,248.2,3.65,251.85,65331.350000000006,27141.4,92472.75,Laramie County
WY,Lincoln County,2005,1755.65,405.15,2160.8,83.95,3.65,87.6,1168.0,66265.75,67433.75,Lincoln County
WY,Natrona County,2005,2708.3,1365.1,4073.4,197.1,116.8,313.90000000000003,0.0,28926.25,28926.25,Natrona County
WY,Park County,2005,69.35,1084.0500000000002,1153.4,25.55,14.6,40.15,0.0,105214.9,105214.9,Park County
WY,Platte County,2005,237.25,0.0,237.25,7.3,3.65,10.95,13231.25,62769.05,76000.3,Platte County
WY,Sheridan County,2005,10.95,1394.3,1405.25,18.25,10.95,29.2,0.0,70638.45,70638.45,Sheridan County
WY,Sublette County,2005,251.85,350.4,602.25,3.65,3.65,7.3,6354.65,54151.4,60506.05,Sublette County
WY,Sweetwater County,2005,51.1,3332.4500000000003,3383.55,452.6,94.9,547.5,3325.15,28349.55,31674.7,Sweetwater County
WY,Teton County,2005,1865.15,40.15,1905.3,25.55,18.25,43.8,0.0,22151.85,22151.85,Teton County
WY,Uinta County,2005,160.6,1887.05,2047.65,65.7,43.8,109.5,4106.25,35003.5,39109.75,Uinta County
WY,Washakie County,2005,3.65,0.0,3.65,7.3,94.9,102.2,1894.35,61279.85,63174.2,Washakie County
WY,Weston County,2005,565.75,0.0,565.75,25.55,25.55,51.1,156.95,9110.4,9267.35,Weston County
PR,Aibonito County,2005,470.85,1219.1,1689.95,87.6,0.0,87.6,3.65,0.0,3.65,Aibonito Municipio
PR,Arecibo County,2005,4193.85,33543.5,37737.35,149.64999999999998,0.0,149.64999999999998,328.5,0.0,328.5,Arecibo Municipio
PR,Bayamon County,2005,0.0,2482.0,2482.0,146.0,0.0,146.0,7.3,0.0,7.3,Bayamón Municipio
PR,Caguas County,2005,171.54999999999998,3799.65,3971.2,36.5,0.0,36.5,10.95,0.0,10.95,Caguas Municipio
PR,Cayey County,2005,138.7,3252.15,3390.85,113.15,0.0,113.15,7.3,0.0,7.3,Cayey Municipio
PR,Cidra County,2005,69.35,1861.5,1930.85,113.15,0.0,113.15,7.3,0.0,7.3,Cidra Municipio
PR,Guayama County,2005,427.05,2770.35,3197.4,153.29999999999998,0.0,153.29999999999998,467.2,113.15,580.35,Guayama Municipio
PR,Gurabo County,2005,463.55,730.0,1193.55,14.6,0.0,14.6,65.7,0.0,65.7,Gurabo Municipio
PR,Humacao County,2005,65.7,1700.9,1766.6,58.4,0.0,58.4,14.6,0.0,14.6,Humacao Municipio
PR,Juncos County,2005,302.95,1806.75,2109.7000000000003,14.6,0.0,14.6,51.1,0.0,51.1,Juncos Municipio
PR,Las Piedras County,2005,69.35,14.6,83.95,21.9,0.0,21.9,21.9,0.0,21.9,Las Piedras Municipio
PR,Manati County,2005,1160.7,0.0,1160.7,368.65,0.0,368.65,127.75,0.0,127.75,Manatí Municipio
PR,Maricao County,2005,0.0,532.9,532.9,25.55,0.0,25.55,10.95,0.0,10.95,Maricao Municipio
PR,Penuelas County,2005,14.6,916.15,930.75,18.25,0.0,18.25,32.85,0.0,32.85,Peñuelas Municipio
PR,Ponce County,2005,2321.4,2474.7000000000003,4796.1,91.25,0.0,91.25,127.75,0.0,127.75,Ponce Municipio
PR,San Lorenzo County,2005,73.0,2828.75,2901.75,3.65,0.0,3.65,51.1,0.0,51.1,San Lorenzo Municipio
PR,Toa Baja County,2005,124.1,0.0,124.1,25.55,0.0,25.55,83.95,0.0,83.95,Toa Baja Municipio
PR,Vega Alta County,2005,759.2,0.0,759.2,18.25,0.0,18.25,21.9,0.0,21.9,Vega Alta Municipio
PR,Vega Baja County,2005,1142.45,693.5,1835.95,47.45,0.0,47.45,18.25,0.0,18.25,Vega Baja Municipio
AL,Autauga County,2010,1857.85,0.0,1857.85,3609.85,11366.1,14975.95,1051.2,21.9,1073.1,Autauga County
AL,Barbour County,2010,1514.7500000000002,0.0,1514.7500000000002,576.7,0.0,576.7,167.9,624.15,792.05,Barbour County
AL,Butler County,2010,985.5,0.0,985.5,109.5,0.0,109.5,7.3,116.8,124.1,Butler County
AL,Calhoun County,2010,7602.95,901.55,8504.5,354.05,0.0,354.05,0.0,1492.85,1492.85,Calhoun County
AL,Chilton County,2010,1116.9,667.95,1784.85,127.75,0.0,127.75,408.8,10.95,419.75,Chilton County
AL,Choctaw County,2010,496.4,0.0,496.4,0.0,14877.4,14877.4,0.0,10.95,10.95,Choctaw County
AL,Clarke County,2010,821.25,328.5,1149.75,0.0,7380.299999999999,7380.299999999999,7.3,18.25,25.55,Clarke County
AL,Coffee County,2010,2774.0,0.0,2774.0,412.45,0.0,412.45,255.5,1084.0500000000002,1339.55,Coffee County
AL,Colbert County,2010,208.05,3000.3,3208.35,76.64999999999999,25382.1,25458.75,324.85,474.5,799.35,Colbert County
AL,Covington County,2010,1806.75,0.0,1806.75,18.25,0.0,18.25,288.35,427.05,715.4,Covington County
AL,Cullman County,2010,175.2,11158.05,11333.25,156.95,667.95,824.9,394.2000000000001,427.05,821.25,Cullman County
AL,Dallas County,2010,2153.5,0.0,2153.5,51.1,11749.35,11800.45,135.05,748.2499999999999,883.3,Dallas County
AL,De Kalb County,2010,295.65000000000003,2299.5,2595.15,281.05,0.0,281.05,36.5,175.2,211.7,DeKalb County
AL,Escambia County,2010,2073.2,0.0,2073.2,536.55,12285.9,12822.45,795.7,306.6,1102.3,Escambia County
AL,Etowah County,2010,1711.85,5723.2,7435.05,0.0,3361.65,3361.65,0.0,244.55,244.55,Etowah County
AL,Fayette County,2010,18.25,722.7,740.9499999999999,0.0,401.50000000000006,401.50000000000006,0.0,62.05,62.05,Fayette County
AL,Greene County,2010,401.50000000000006,0.0,401.50000000000006,10.95,0.0,10.95,29.2,14.6,43.8,Greene County
AL,Hale County,2010,624.15,0.0,624.15,7.3,0.0,7.3,10.95,21.9,32.85,Hale County
AL,Henry County,2010,660.65,0.0,660.65,197.1,0.0,197.1,324.85,989.15,1314.0,Henry County
AL,Houston County,2010,6128.349999999999,0.0,6128.349999999999,62.05,0.0,62.05,2909.05,766.5,3675.55,Houston County
AL,Jackson County,2010,244.55,3905.5,4150.049999999999,0.0,3252.15,3252.15,215.35,200.75000000000003,416.1,Jackson County
AL,Jefferson County,2010,3084.2499999999995,24604.65,27688.9,182.5,0.0,182.5,3.65,901.55,905.2,Jefferson County
AL,Lamar County,2010,551.15,0.0,551.15,40.15,0.0,40.15,0.0,32.85,32.85,Lamar County
AL,Lawrence County,2010,0.0,2806.8500000000004,2806.8500000000004,0.0,21940.15,21940.15,321.2,1091.35,1412.55,Lawrence County
AL,Madison County,2010,10453.6,14516.05,24969.65,0.0,288.35,288.35,2102.4,967.25,3069.65,Madison County
AL,Marengo County,2010,908.85,0.0,908.85,73.0,6759.8,6832.799999999999,3.65,51.1,54.75,Marengo County
AL,Marshall County,2010,1587.7499999999998,8135.849999999999,9723.6,29.2,0.0,29.2,310.25,379.6,689.8499999999999,Marshall County
AL,Mobile County,2010,5752.4,25641.25,31393.65,2565.9500000000003,255.5,2821.4500000000003,3401.8,496.4,3898.2,Mobile County
AL,Monroe County,2010,967.25,0.0,967.25,43.8,16895.85,16939.649999999998,178.85,21.9,200.75000000000003,Monroe County
AL,Montgomery County,2010,5080.8,7106.549999999999,12187.35,14.6,3.65,18.25,215.35,328.5,543.85,Montgomery County
AL,Morgan County,2010,0.0,12183.7,12183.7,0.0,29714.65,29714.65,215.35,167.9,383.25,Morgan County
AL,Pickens County,2010,985.5,0.0,985.5,3.65,0.0,3.65,0.0,514.65,514.65,Pickens County
AL,Russell County,2010,540.2,2671.8,3212.0000000000005,335.8,10084.95,10420.75,0.0,883.3,883.3,Russell County
AL,St Clair County,2010,3507.65,113.15,3620.8,0.0,1624.25,1624.25,324.85,441.65,766.5,St. Clair County
AL,Sumter County,2010,664.3000000000001,0.0,664.3000000000001,0.0,740.9499999999999,740.9499999999999,62.05,18.25,80.3,Sumter County
AL,Talladega County,2010,3474.8,2930.95,6405.75,0.0,9004.550000000001,9004.550000000001,124.1,492.75000000000006,616.85,Talladega County
AL,Tuscaloosa County,2010,536.55,10380.6,10917.15,270.1,777.4499999999999,1047.55,317.55,967.25,1284.8,Tuscaloosa County
AL,Washington County,2010,755.55,0.0,755.55,2244.75,1777.55,4022.3,32.85,7.3,40.15,Washington County
AL,Wilcox County,2010,416.1,664.3000000000001,1080.4,0.0,6683.15,6683.15,18.25,7.3,25.55,Wilcox County
AK,Municipality of Anchorage,2010,3978.5,10026.55,14005.05,91.25,0.0,91.25,193.45,0.0,193.45,Anchorage Municipality
AK,Fairbanks North Star Borough,2010,2719.25,0.0,2719.25,164.25,0.0,164.25,73.0,0.0,73.0,Fairbanks North Star Borough
AK,Matanuska-Susitna Borough,2010,573.0500000000001,0.0,573.0500000000001,69.35,0.0,69.35,186.15,7.3,193.45,Matanuska-Susitna Borough
AZ,Cochise County,2010,5730.5,10.95,5741.45,21.9,0.0,21.9,78369.15000000001,0.0,78369.15000000001,Cochise County
AZ,Coconino County,2010,4547.900000000001,3372.6,7920.5,7.3,0.0,7.3,83.95,18.25,102.2,Coconino County
AZ,Gila County,2010,2259.3500000000004,3.65,2263.0,7.3,0.0,7.3,803.0000000000001,160.6,963.6,Gila County
AZ,Graham County,2010,1668.0500000000002,0.0,1668.0500000000002,62.05,0.0,62.05,31984.95,28809.45,60794.4,Graham County
AZ,Maricopa County,2010,81730.79999999999,212364.3,294095.1,821.25,0.0,821.25,288163.85,110916.2,399080.05,Maricopa County
AZ,Mohave County,2010,15687.7,0.0,15687.7,21.9,0.0,21.9,7278.1,19374.2,26652.3,Mohave County
AZ,Navajo County,2010,4898.3,0.0,4898.3,3255.8,0.0,3255.8,2960.15,2883.5,5843.650000000001,Navajo County
AZ,Pinal County,2010,19516.55,3226.6,22743.15,36.5,0.0,36.5,92534.8,291868.6,384403.4,Pinal County
AZ,Yavapai County,2010,8347.550000000001,0.0,8347.550000000001,401.50000000000006,0.0,401.50000000000006,3934.7,6920.400000000001,10855.1,Yavapai County
AZ,Yuma County,2010,3912.8,8241.699999999999,12154.499999999998,80.3,0.0,80.3,60900.25,348593.25,409493.50000000006,Yuma County
AR,Ashley County,2010,638.75,0.0,638.75,3066.0,19144.25,22210.25,43865.7,4920.2,48785.9,Ashley County
AR,Clark County,2010,21.9,759.2,781.1,51.1,0.0,51.1,0.0,3208.35,3208.35,Clark County
AR,Conway County,2010,0.0,4777.85,4777.85,0.0,2565.9500000000003,2565.9500000000003,372.3,1777.55,2149.85,Conway County
AR,Crittenden County,2010,2441.8500000000004,0.0,2441.8500000000004,87.6,0.0,87.6,76759.5,554.8,77314.3,Crittenden County
AR,Cross County,2010,959.95,0.0,959.95,149.64999999999998,0.0,149.64999999999998,190044.55,13848.1,203892.65,Cross County
AR,Desha County,2010,390.55,0.0,390.55,1182.6,4715.8,5898.4,130016.65,35488.950000000004,165505.6,Desha County
AR,Grant County,2010,536.55,0.0,536.55,94.9,3.65,98.55,1153.4,0.0,1153.4,Grant County
AR,Greene County,2010,1591.4,0.0,1591.4,40.15,0.0,40.15,123767.85,3847.1,127614.95,Greene County
AR,Hot Spring County,2010,10.95,1868.8,1879.75,0.0,14.6,14.6,0.0,2912.7000000000003,2912.7000000000003,Hot Spring County
AR,Independence County,2010,251.85,1806.75,2058.6,0.0,14326.25,14326.25,20443.65,8884.1,29327.75,Independence County
AR,Jackson County,2010,580.35,0.0,580.35,65.7,0.0,65.7,151584.5,8165.05,159749.55000000002,Jackson County
AR,Jefferson County,2010,4796.1,0.0,4796.1,12902.75,0.0,12902.75,83800.35,18910.65,102711.0,Jefferson County
AR,Lafayette County,2010,339.45000000000005,0.0,339.45000000000005,3.65,0.0,3.65,6967.85,277.4,7245.250000000001,Lafayette County
AR,Little River County,2010,204.4,996.45,1200.85,0.0,33481.450000000004,33481.450000000004,1047.55,2310.45,3357.9999999999995,Little River County
AR,Lonoke County,2010,2653.55,0.0,2653.55,270.1,0.0,270.1,115413.0,44843.9,160256.9,Lonoke County
AR,Miller County,2010,36.5,0.0,36.5,51.1,0.0,51.1,2073.2,3069.65,5142.85,Miller County
AR,Mississippi County,2010,2624.3500000000004,0.0,2624.3500000000004,609.55,83.95,693.5,132538.8,981.85,133520.65,Mississippi County
AR,Pulaski County,2010,1357.8000000000002,17063.75,18421.55,0.0,7.3,7.3,3803.3,7365.7,11169.0,Pulaski County
AR,St Francis County,2010,1821.35,0.0,1821.35,0.0,113.15,113.15,123161.95,7175.9,130337.85,St. Francis County
AR,White County,2010,14.6,3317.85,3332.4500000000003,0.0,21.9,21.9,11647.15,9245.45,20892.6,White County
AR,Woodruff County,2010,686.1999999999999,0.0,686.1999999999999,0.0,18.25,18.25,77894.65,6263.4,84158.05,Woodruff County
CA,Alameda County,2010,8186.95,70470.55,78657.5,328.5,0.0,328.5,4763.25,1905.3,6668.55,Alameda County
CA,Amador County,2010,445.3,2325.05,2770.35,76.64999999999999,73.0,149.64999999999998,2029.4,4186.55,6215.950000000001,Amador County
CA,Butte County,2010,10402.5,5234.1,15636.6,1157.05,310.25,1467.3,87523.34999999999,148317.75,235841.1,Butte County
CA,Calaveras County,2010,175.2,3347.05,3522.25,62.05,0.0,62.05,678.9000000000001,3836.15,4515.049999999999,Calaveras County
CA,Colusa County,2010,1485.5500000000002,21.9,1507.45,306.6,0.0,306.6,45614.05,256967.3,302581.35,Colusa County
CA,Contra Costa County,2010,2996.65,62039.05,65035.7,1219.1,0.0,1219.1,2036.7,22436.55,24473.25,Contra Costa County
CA,El Dorado County,2010,2252.05,13669.250000000002,15921.3,324.85,0.0,324.85,1773.9,1945.45,3719.35,El Dorado County
CA,Fresno County,2010,65316.74999999999,28831.35,94148.1,3836.15,0.0,3836.15,257930.9,651930.1499999999,909861.05,Fresno County
CA,Glenn County,2010,1584.1,29.2,1613.3,98.55,0.0,98.55,81997.25,136586.65,218583.9,Glenn County
CA,Humboldt County,2010,1292.1,4628.2,5920.299999999999,175.2,0.0,175.2,13307.9,770.15,14078.05,Humboldt County
CA,Imperial County,2010,711.75,11048.55,11760.3,438.0,0.0,438.0,4186.55,393123.25,397309.8,Imperial County
CA,Inyo County,2010,2080.5,3.65,2084.15,32.85,0.0,32.85,20053.1,9902.45,29955.55,Inyo County
CA,Kern County,2010,61250.65,21239.35,82490.0,897.9,0.0,897.9,284827.75,375873.35,660701.1000000001,Kern County
CA,Kings County,2010,8979.0,1576.8000000000002,10555.8,1124.2,0.0,1124.2,185011.2,271764.4,456775.6,Kings County
CA,Lake County,2010,1335.9,1609.65,2945.55,321.2,29.2,350.4,8175.999999999999,3752.2,11928.2,Lake County
CA,Los Angeles County,2010,218401.4,282590.3,500991.7,37693.55,0.0,37693.55,22783.3,10552.15,33335.45,Los Angeles County
CA,Madera County,2010,7832.900000000001,208.05,8040.950000000001,1668.0500000000002,0.0,1668.0500000000002,128191.65,131681.05,259872.7,Madera County
CA,Marin County,2010,343.1,11344.2,11687.3,102.2,0.0,102.2,2357.9,941.7,3299.6,Marin County
CA,Mendocino County,2010,2164.45,1427.15,3591.6,1222.75,0.0,1222.75,9792.95,14143.75,23936.7,Mendocino County
CA,Merced County,2010,17775.5,631.45,18406.95,2054.95,0.0,2054.95,143507.05000000002,358101.5,501608.55,Merced County
CA,Mono County,2010,529.25,558.45,1087.7,10.95,0.0,10.95,18819.4,59454.85,78274.25,Mono County
CA,Monterey County,2010,17585.7,69.35,17655.05,788.4000000000001,0.0,788.4000000000001,174652.5,346.75,174999.25,Monterey County
CA,Napa County,2010,372.3,6394.8,6767.099999999999,2755.75,0.0,2755.75,17600.3,7471.549999999999,25071.85,Napa County
CA,Nevada County,2010,1817.7,4077.05,5894.749999999999,29.2,0.0,29.2,1259.25,9500.95,10760.2,Nevada County
CA,Orange County,2010,100334.85,83453.59999999999,183788.45,6610.15,0.0,6610.15,4748.65,1967.35,6715.999999999999,Orange County
CA,Placer County,2010,1470.95,22626.35,24097.3,733.65,0.0,733.65,8438.800000000001,35164.1,43602.9,Placer County
CA,Plumas County,2010,1076.75,306.6,1383.35,492.75000000000006,0.0,492.75000000000006,7497.099999999999,33174.85,40671.95,Plumas County
CA,Riverside County,2010,113164.6,76303.25,189467.85,1919.9,0.0,1919.9,54822.99999999999,122826.15,177649.15,Riverside County
CA,Sacramento County,2010,42602.8,71145.79999999999,113748.6,6172.15,0.0,6172.15,52005.2,59892.85,111898.05,Sacramento County
CA,San Benito County,2010,1992.9,529.25,2522.15,1467.3,0.0,1467.3,19078.550000000003,7453.3,26531.85,San Benito County
CA,San Bernardino County,2010,138725.55,34222.4,172947.94999999998,16793.649999999998,0.0,16793.649999999998,32386.45,1481.9,33868.350000000006,San Bernardino County
CA,San Diego County,2010,11063.15,164680.7,175743.85,664.3000000000001,0.0,664.3000000000001,13713.05,48669.1,62382.15,San Diego County
CA,San Joaquin County,2010,15924.95,25980.7,41905.65,8351.199999999999,0.0,8351.199999999999,170703.2,407756.1,578459.2999999999,San Joaquin County
CA,San Luis Obispo County,2010,8030.0,4679.3,12709.3,1445.4,0.0,1445.4,57118.850000000006,3660.95,60779.8,San Luis Obispo County
CA,San Mateo County,2010,2117.0,28309.4,30426.4,94.9,0.0,94.9,1762.95,1175.3000000000002,2938.2500000000005,San Mateo County
CA,Santa Barbara County,2010,8756.349999999999,17319.25,26075.6,2321.4,0.0,2321.4,62433.25000000001,2120.65,64553.9,Santa Barbara County
CA,Santa Clara County,2010,33003.3,55812.15,88815.45000000001,4555.2,0.0,4555.2,11822.35,1284.8,13107.15,Santa Clara County
CA,Santa Cruz County,2010,4967.65,4000.4,8968.05,2540.4,0.0,2540.4,11990.25,131.4,12121.65,Santa Cruz County
CA,Shasta County,2010,4905.599999999999,12931.95,17837.55,5533.4,0.0,5533.4,8716.199999999999,43654.0,52370.2,Shasta County
CA,Sierra County,2010,211.7,47.45,259.15,164.25,0.0,164.25,4558.85,9234.5,13793.35,Sierra County
CA,Siskiyou County,2010,1485.5500000000002,1011.05,2496.6,835.85,0.0,835.85,51855.55,89859.35,141714.9,Siskiyou County
CA,Solano County,2010,3744.9,19359.6,23104.5,2219.2,0.0,2219.2,76741.25,62644.95,139386.2,Solano County
CA,Sonoma County,2010,5661.15,12099.75,17760.899999999998,5391.05,0.0,5391.05,34861.15,19458.15,54319.3,Sonoma County
CA,Stanislaus County,2010,27772.85,10055.75,37828.6,5850.950000000001,0.0,5850.950000000001,123899.25,423578.85,547478.1,Stanislaus County
CA,Sutter County,2010,1080.4,5522.450000000001,6602.85,3131.7,0.0,3131.7,84771.25,168608.1,253379.35,Sutter County
CA,Tehama County,2010,3504.0,40.15,3544.15,653.35,0.0,653.35,59454.85,20699.15,80154.0,Tehama County
CA,Trinity County,2010,91.25,496.4,587.6500000000001,182.5,0.0,182.5,1481.9,156.95,1638.85,Trinity County
CA,Tulare County,2010,27699.85,1193.55,28893.4,5865.55,0.0,5865.55,434474.1,463035.35,897509.45,Tulare County
CA,Tuolumne County,2010,489.1,5602.75,6091.85,558.45,0.0,558.45,229.95,1730.1,1960.05,Tuolumne County
CA,Ventura County,2010,17516.350000000002,42088.15,59604.50000000001,3726.65,0.0,3726.65,59779.7,22743.15,82522.85,Ventura County
CA,Yolo County,2010,10168.9,4270.5,14439.4,288.35,0.0,288.35,135531.8,133641.1,269172.9,Yolo County
CA,Yuba County,2010,3693.8,149.64999999999998,3843.45,445.3,0.0,445.3,18585.8,69229.54999999999,87815.35,Yuba County
CO,Arapahoe County,2010,11220.1,50300.65,61520.75000000001,3.65,0.0,3.65,697.15,5398.349999999999,6095.5,Arapahoe County
CO,Delta County,2010,711.75,919.8,1631.55,0.0,54.75,54.75,80.3,126271.75,126352.05,Delta County
CO,Eagle County,2010,1606.0000000000002,2299.5,3905.5,7.3,0.0,7.3,3.65,46198.05,46201.7,Eagle County
CO,Fremont County,2010,0.0,3230.25,3230.25,0.0,2000.2,2000.2,193.45,42471.4,42664.85,Fremont County
CO,Jefferson County,2010,171.54999999999998,5456.75,5628.3,974.55,14683.95,15658.5,98.55,5365.5,5464.05,Jefferson County
CO,La Plata County,2010,416.1,2405.35,2821.4500000000003,0.0,73.0,73.0,43.8,117175.95,117219.75,La Plata County
CO,Mesa County,2010,43.8,3847.1,3890.9,0.0,146.0,146.0,94.9,270866.5,270961.4,Mesa County
CO,Moffat County,2010,109.5,653.35,762.8499999999999,0.0,3.65,3.65,229.95,55082.15,55312.1,Moffat County
CO,Morgan County,2010,770.15,613.1999999999999,1383.35,237.25,0.0,237.25,4646.45,55658.850000000006,60305.3,Morgan County
CO,Otero County,2010,1558.55,0.0,1558.55,3.65,0.0,3.65,6953.25,150518.7,157471.95,Otero County
CO,Pueblo County,2010,229.95,15567.25,15797.2,32.85,29313.15,29346.000000000004,5376.45,50888.3,56264.75,Pueblo County
CT,Fairfield County,2010,32050.65,47880.7,79931.35,839.4999999999999,872.35,1711.85,7.3,1467.3,1474.6,Fairfield County
CT,Hartford County,2010,7566.45,7887.65,15454.1,47.45,19396.1,19443.550000000003,186.15,3168.2,3354.35,Hartford County
CT,Litchfield County,2010,1029.3,20235.6,21264.9,222.65,189.8,412.45,10.95,511.0,521.9499999999999,Litchfield County
CT,Middlesex County,2010,908.85,1602.35,2511.2,109.5,197.1,306.6,18.25,394.2000000000001,412.45,Middlesex County
CT,New Haven County,2010,4405.55,23020.55,27426.1,927.1,365.0,1292.1,54.75,1733.75,1788.5000000000002,New Haven County
CT,New London County,2010,587.6500000000001,5588.150000000001,6175.8,10.95,14421.15,14432.1,14.6,540.2,554.8,New London County
CT,Tolland County,2010,1365.1,266.45,1631.55,14.6,302.95,317.55,10.95,390.55,401.50000000000006,Tolland County
CT,Windham County,2010,1383.35,98.55,1481.9,120.45,259.15,379.6,7.3,229.95,237.25,Windham County
DE,Kent County,2010,3905.5,0.0,3905.5,43.8,0.0,43.8,8464.35,1470.95,9935.3,Kent County
DE,New Castle County,2010,7256.2,12154.499999999998,19410.7,799.35,28590.45,29389.8,1073.1,277.4,1350.5,New Castle County
DE,Sussex County,2010,5175.7,0.0,5175.7,2233.8,3357.9999999999995,5591.8,21896.35,3803.3,25699.65,Sussex County
FL,Bay County,2010,722.7,17209.75,17932.45,58.4,0.0,58.4,1204.5,7.3,1211.8,Bay County
FL,Bradford County,2010,591.3000000000001,0.0,591.3000000000001,7.3,0.0,7.3,204.4,10.95,215.35,Bradford County
FL,Brevard County,2010,5956.8,5234.1,11190.9,211.7,0.0,211.7,17673.3,10030.2,27703.500000000004,Brevard County
FL,Charlotte County,2010,832.1999999999999,1755.65,2587.85,7.3,0.0,7.3,6646.650000000001,11650.8,18297.45,Charlotte County
FL,Citrus County,2010,5088.099999999999,0.0,5088.099999999999,273.75,0.0,273.75,2332.35,120.45,2452.8,Citrus County
FL,De Soto County,2010,638.75,7931.45,8570.2,178.85,0.0,178.85,25356.55,646.05,26002.6,DeSoto County
FL,Duval County,2010,44581.1,0.0,44581.1,5318.05,0.0,5318.05,1233.7,2211.9,3445.6,Duval County
FL,Escambia County,2010,14683.95,0.0,14683.95,10811.3,8223.45,19034.75,1956.4,368.65,2325.05,Escambia County
FL,Gadsden County,2010,1620.6,0.0,1620.6,7.3,0.0,7.3,1795.8,2565.9500000000003,4361.75,Gadsden County
FL,Gilchrist County,2010,83.95,0.0,83.95,58.4,0.0,58.4,2376.15,18.25,2394.4,Gilchrist County
FL,Glades County,2010,335.8,0.0,335.8,14.6,0.0,14.6,13997.75,41737.75,55735.49999999999,Glades County
FL,Gulf County,2010,215.35,474.5,689.8499999999999,7.3,0.0,7.3,40.15,0.0,40.15,Gulf County
FL,Hardee County,2010,540.2,0.0,540.2,32.85,0.0,32.85,16844.75,25.55,16870.3,Hardee County
FL,Hendry County,2010,1675.35,0.0,1675.35,160.6,0.0,160.6,38098.7,114223.1,152321.8,Hendry County
FL,Hernando County,2010,7216.05,0.0,7216.05,1660.75,0.0,1660.75,2580.55,149.64999999999998,2730.2000000000003,Hernando County
FL,Highlands County,2010,2836.05,0.0,2836.05,14.6,0.0,14.6,30127.1,5077.15,35204.25,Highlands County
FL,Hillsborough County,2010,23998.75,38127.9,62126.65,2160.8,967.25,3128.05,24644.8,832.1999999999999,25477.0,Hillsborough County
FL,Lake County,2010,14800.749999999998,0.0,14800.749999999998,452.6,0.0,452.6,14603.65,4088.0,18691.65,Lake County
FL,Lee County,2010,21148.1,1076.75,22224.85,32.85,0.0,32.85,22739.5,16578.3,39317.8,Lee County
FL,Levy County,2010,540.2,0.0,540.2,36.5,0.0,36.5,10187.15,222.65,10409.8,Levy County
FL,Madison County,2010,507.35,0.0,507.35,193.45,0.0,193.45,3744.9,43.8,3788.7,Madison County
FL,Manatee County,2010,3752.2,8307.400000000001,12059.6,25.55,0.0,25.55,30284.05,700.8,30984.85,Manatee County
FL,Marion County,2010,10906.2,0.0,10906.2,167.9,0.0,167.9,7037.200000000001,726.35,7763.55,Marion County
FL,Martin County,2010,6672.200000000001,0.0,6672.200000000001,226.3,0.0,226.3,3066.0,16527.2,19593.2,Martin County
FL,Miami-Dade County,2010,123775.15,0.0,123775.15,467.2,0.0,467.2,23506.000000000004,5431.200000000001,28937.2,Miami-Dade County
FL,Nassau County,2010,2704.65,0.0,2704.65,11541.3,0.0,11541.3,1175.3000000000002,441.65,1616.9499999999998,Nassau County
FL,Orange County,2010,70393.90000000001,0.0,70393.90000000001,149.64999999999998,0.0,149.64999999999998,8741.75,2974.75,11716.5,Orange County
FL,Pasco County,2010,24130.15,0.0,24130.15,69.35,197.1,266.45,6066.3,156.95,6223.25,Pasco County
FL,Pinellas County,2010,5799.85,0.0,5799.85,14.6,0.0,14.6,770.15,332.15000000000003,1102.3,Pinellas County
FL,Polk County,2010,24582.75,14.6,24597.35,9942.6,47.45,9990.05,42829.1,1430.8,44259.9,Polk County
FL,Putnam County,2010,934.4,0.0,934.4,87.6,7978.9,8066.500000000001,6427.65,1638.85,8066.500000000001,Putnam County
FL,St Lucie County,2010,10037.5,0.0,10037.5,18.25,0.0,18.25,3485.7500000000005,21783.2,25268.95,St. Lucie County
FL,Santa Rosa County,2010,5496.900000000001,0.0,5496.900000000001,328.5,0.0,328.5,2704.65,357.7,3062.3500000000004,Santa Rosa County
FL,Sarasota County,2010,6369.25,441.65,6810.9,25.55,0.0,25.55,3171.85,573.0500000000001,3744.9,Sarasota County
FL,Sumter County,2010,5788.9,0.0,5788.9,127.75,0.0,127.75,3602.55,94.9,3697.45,Sumter County
FL,Suwannee County,2010,416.1,0.0,416.1,587.6500000000001,0.0,587.6500000000001,8267.25,91.25,8358.5,Suwannee County
FL,Taylor County,2010,740.9499999999999,0.0,740.9499999999999,14421.15,0.0,14421.15,138.7,10.95,149.64999999999998,Taylor County
FL,Union County,2010,138.7,0.0,138.7,7.3,0.0,7.3,350.4,0.0,350.4,Union County
FL,Volusia County,2010,19151.55,0.0,19151.55,226.3,0.0,226.3,12581.55,6405.75,18987.300000000003,Volusia County
FL,Wakulla County,2010,883.3,0.0,883.3,255.5,0.0,255.5,146.0,0.0,146.0,Wakulla County
GA,Atkinson County,2010,160.6,0.0,160.6,146.0,0.0,146.0,146.0,18.25,164.25,Atkinson County
GA,Bacon County,2010,215.35,0.0,215.35,109.5,0.0,109.5,219.0,76.64999999999999,295.65000000000003,Bacon County
GA,Baldwin County,2010,10.95,2394.4,2405.35,3.65,0.0,3.65,0.0,29.2,29.2,Baldwin County
GA,Barrow County,2010,18.25,1657.1,1675.35,142.35,0.0,142.35,91.25,197.1,288.35,Barrow County
GA,Bartow County,2010,65.7,19969.15,20034.85,416.1,149.64999999999998,565.75,54.75,938.05,992.8,Bartow County
GA,Berrien County,2010,302.95,0.0,302.95,7.3,0.0,7.3,806.65,328.5,1135.15,Berrien County
GA,Bibb County,2010,47.45,8562.9,8610.35,627.8,4704.85,5332.65,197.1,40.15,237.25,Bibb County
GA,Brooks County,2010,339.45000000000005,0.0,339.45000000000005,21.9,0.0,21.9,2372.5,29.2,2401.7,Brooks County
GA,Bryan County,2010,952.65,0.0,952.65,7.3,0.0,7.3,14.6,10.95,25.55,Bryan County
GA,Burke County,2010,361.35,18.25,379.6,83.95,0.0,83.95,2058.6,313.9,2372.5,Burke County
GA,Camden County,2010,1726.45,0.0,1726.45,18.25,0.0,18.25,175.2,102.2,277.4,Camden County
GA,Carroll County,2010,178.85,4135.45,4314.3,0.0,7.3,7.3,32.85,219.0,251.85,Carroll County
GA,Chatham County,2010,11690.95,0.0,11690.95,6840.099999999999,6960.55,13800.65,350.4,94.9,445.3,Chatham County
GA,Cherokee County,2010,142.35,6427.65,6570.0,7.3,1153.4,1160.7,288.35,587.6500000000001,876.0,Cherokee County
GA,Clinch County,2010,171.54999999999998,0.0,171.54999999999998,18.25,0.0,18.25,938.05,18.25,956.3,Clinch County
GA,Cobb County,2010,0.0,15793.55,15793.55,208.05,142.35,350.4,178.85,540.2,719.05,Cobb County
GA,Colquitt County,2010,1339.55,0.0,1339.55,416.1,0.0,416.1,3069.65,3142.65,6212.3,Colquitt County
GA,Columbia County,2010,47.45,5861.9,5909.35,10.95,0.0,10.95,83.95,302.95,386.9,Columbia County
GA,Crisp County,2010,1485.5500000000002,0.0,1485.5500000000002,40.15,0.0,40.15,4146.4,1817.7,5964.1,Crisp County
GA,Decatur County,2010,536.55,0.0,536.55,255.5,0.0,255.5,25028.05,368.65,25396.7,Decatur County
GA,Dooly County,2010,857.75,0.0,857.75,36.5,0.0,36.5,7887.65,1642.5,9530.15,Dooly County
GA,Dougherty County,2010,2423.6,0.0,2423.6,3029.5000000000005,0.0,3029.5000000000005,6077.249999999999,127.75,6205.0,Dougherty County
GA,Early County,2010,489.1,0.0,489.1,138.7,39828.8,39967.5,10314.9,2467.4,12782.3,Early County
GA,Effingham County,2010,1109.6,11862.5,12972.1,295.65000000000003,5263.3,5558.95,65.7,18.25,83.95,Effingham County
GA,Emanuel County,2010,609.55,0.0,609.55,354.05,0.0,354.05,992.8,7.3,1000.1,Emanuel County
GA,Evans County,2010,215.35,0.0,215.35,547.5,0.0,547.5,525.6,295.65000000000003,821.25,Evans County
GA,Floyd County,2010,204.4,4566.15,4770.55,51.1,9384.15,9435.25,233.6,496.4,730.0,Floyd County
GA,Fulton County,2010,0.0,73255.5,73255.5,3.65,0.0,3.65,281.05,1080.4,1361.45,Fulton County
GA,Gilmer County,2010,21.9,1113.25,1135.15,518.3,0.0,518.3,0.0,120.45,120.45,Gilmer County
GA,Glascock County,2010,25.55,0.0,25.55,25.55,0.0,25.55,0.0,14.6,14.6,Glascock County
GA,Glynn County,2010,3712.05,0.0,3712.05,15045.3,0.0,15045.3,1164.35,98.55,1262.9,Glynn County
GA,Gordon County,2010,1164.35,2675.45,3839.8,21.9,0.0,21.9,3.65,529.25,532.9,Gordon County
GA,Hall County,2010,200.75000000000003,34397.6,34598.350000000006,76.64999999999999,0.0,76.64999999999999,175.2,324.85,500.05,Hall County
GA,Houston County,2010,8701.6,0.0,8701.6,1051.2,0.0,1051.2,2255.7,193.45,2449.15,Houston County
GA,Jackson County,2010,120.45,2711.95,2832.4,175.2,0.0,175.2,32.85,124.1,156.95,Jackson County
GA,Jeff Davis County,2010,310.25,0.0,310.25,18.25,0.0,18.25,675.25,240.9,916.15,Jeff Davis County
GA,Jefferson County,2010,485.4500000000001,0.0,485.4500000000001,1507.45,0.0,1507.45,2587.85,0.0,2587.85,Jefferson County
GA,Laurens County,2010,788.4000000000001,649.7,1438.1,730.0,5150.15,5880.15,1514.7500000000002,500.05,2014.8,Laurens County
GA,Liberty County,2010,2485.65,0.0,2485.65,3270.4,0.0,3270.4,0.0,7.3,7.3,Liberty County
GA,Lowndes County,2010,6263.4,0.0,6263.4,3281.35,0.0,3281.35,525.6,54.75,580.35,Lowndes County
GA,Macon County,2010,321.2,0.0,321.2,292.0,3372.6,3664.6,5234.1,1551.25,6785.35,Macon County
GA,Madison County,2010,193.45,0.0,193.45,0.0,36.5,36.5,0.0,109.5,109.5,Madison County
GA,Meriwether County,2010,25.55,43.8,69.35,40.15,0.0,40.15,32.85,43.8,76.64999999999999,Meriwether County
GA,Mitchell County,2010,1496.4999999999998,0.0,1496.4999999999998,306.6,0.0,306.6,21754.0,434.35,22188.35,Mitchell County
GA,Morgan County,2010,73.0,478.15,551.15,18.25,0.0,18.25,10.95,715.4,726.35,Morgan County
GA,Muscogee County,2010,0.0,13614.499999999998,13614.499999999998,3.65,284.7,288.35,76.64999999999999,240.9,317.55,Muscogee County
GA,Pierce County,2010,270.1,0.0,270.1,29.2,0.0,29.2,711.75,120.45,832.1999999999999,Pierce County
GA,Polk County,2010,492.75000000000006,1518.4,2011.15,470.85,0.0,470.85,94.9,0.0,94.9,Polk County
GA,Pulaski County,2010,365.0,0.0,365.0,193.45,0.0,193.45,4650.1,1149.75,5799.85,Pulaski County
GA,Putnam County,2010,197.1,1339.55,1536.65,14.6,0.0,14.6,91.25,80.3,171.54999999999998,Putnam County
GA,Rabun County,2010,54.75,500.05,554.8,36.5,0.0,36.5,7.3,146.0,153.29999999999998,Rabun County
GA,Randolph County,2010,211.7,0.0,211.7,62.05,0.0,62.05,4547.900000000001,4277.8,8825.7,Randolph County
GA,Richmond County,2010,2660.85,13373.6,16034.45,777.4499999999999,23958.6,24736.05,138.7,189.8,328.5,Richmond County
GA,Screven County,2010,324.85,0.0,324.85,660.65,0.0,660.65,799.35,503.7,1303.05,Screven County
GA,Sumter County,2010,989.15,0.0,989.15,94.9,0.0,94.9,8614.0,4562.5,13176.5,Sumter County
GA,Tattnall County,2010,408.8,0.0,408.8,10.95,0.0,10.95,649.7,1105.9499999999998,1755.65,Tattnall County
GA,Thomas County,2010,2007.5,0.0,2007.5,69.35,0.0,69.35,1087.7,32.85,1120.55,Thomas County
GA,Treutlen County,2010,164.25,0.0,164.25,69.35,0.0,69.35,219.0,204.4,423.4,Treutlen County
GA,Troup County,2010,0.0,3843.45,3843.45,7.3,0.0,7.3,3.65,43.8,47.45,Troup County
GA,Twiggs County,2010,146.0,0.0,146.0,1887.05,0.0,1887.05,135.05,21.9,156.95,Twiggs County
GA,Upson County,2010,175.2,1460.0,1635.2,0.0,94.9,94.9,0.0,127.75,127.75,Upson County
GA,Walker County,2010,1908.95,401.50000000000006,2310.45,7.3,255.5,262.8,3.65,0.0,3.65,Walker County
GA,Ware County,2010,1419.85,0.0,1419.85,43.8,0.0,43.8,219.0,255.5,474.5,Ware County
GA,Washington County,2010,970.9,0.0,970.9,4387.3,0.0,4387.3,2299.5,489.1,2788.6,Washington County
GA,Wayne County,2010,642.4,0.0,642.4,21107.95,0.0,21107.95,394.2000000000001,3.65,397.85,Wayne County
GA,Wilkinson County,2010,244.55,0.0,244.55,4599.0,0.0,4599.0,14.6,3.65,18.25,Wilkinson County
HI,Honolulu County,2010,59487.7,0.0,59487.7,1682.65,0.0,1682.65,5551.650000000001,21301.4,26853.05,Honolulu County
HI,Maui County,2010,14443.05,4000.4,18443.45,7.3,0.0,7.3,27604.95,39854.35,67459.3,Maui County
ID,Ada County,2010,18523.75,4237.65,22761.4,1737.4,1284.8,3022.2,15428.55,259569.75,274998.3,Ada County
ID,Adams County,2010,102.2,0.0,102.2,40.15,18.25,58.4,686.1999999999999,26586.6,27272.8,Adams County
ID,Bannock County,2010,6069.95,21.9,6091.85,76.64999999999999,244.55,321.2,9617.75,39441.9,49059.65,Bannock County
ID,Bear Lake County,2010,427.05,0.0,427.05,0.0,10.95,10.95,700.8,63217.99999999999,63918.8,Bear Lake County
ID,Benewah County,2010,69.35,109.5,178.85,0.0,135.05,135.05,80.3,397.85,478.15,Benewah County
ID,Bingham County,2010,1295.75,0.0,1295.75,1332.25,3.65,1335.9,172199.69999999998,171995.30000000002,344195.0,Bingham County
ID,Blaine County,2010,2693.7,0.0,2693.7,229.95,335.8,565.75,12490.3,22465.75,34956.05,Blaine County
ID,Bonner County,2010,105.85,908.85,1014.7,10.95,375.95,386.9,744.6,1168.0,1912.6,Bonner County
ID,Bonneville County,2010,10435.35,0.0,10435.35,448.95,29.2,478.15,57425.45,170951.4,228376.85,Bonneville County
ID,Boundary County,2010,76.64999999999999,171.54999999999998,248.2,0.0,40.15,40.15,13329.8,22640.95,35970.75,Boundary County
ID,Canyon County,2010,4675.650000000001,0.0,4675.650000000001,1689.95,0.0,1689.95,58991.3,195979.45,254970.75,Canyon County
ID,Caribou County,2010,521.9499999999999,0.0,521.9499999999999,894.2500000000001,365.0,1259.25,13950.3,85486.65000000001,99436.95,Caribou County
ID,Cassia County,2010,1368.75,0.0,1368.75,945.35,164.25,1109.6,172028.15,119446.25,291474.4,Cassia County
ID,Clark County,2010,65.7,0.0,65.7,83.95,0.0,83.95,12665.500000000002,22454.800000000003,35120.3,Clark County
ID,Clearwater County,2010,131.4,270.1,401.50000000000006,0.0,54.75,54.75,1186.25,6544.45,7730.7,Clearwater County
ID,Custer County,2010,273.75,0.0,273.75,3.65,69.35,73.0,3098.85,29543.1,32641.95,Custer County
ID,Fremont County,2010,890.6,0.0,890.6,7.3,0.0,7.3,19396.1,108291.85,127687.95,Fremont County
ID,Gem County,2010,313.9,0.0,313.9,10.95,54.75,65.7,2131.6,167779.55000000002,169911.15,Gem County
ID,Gooding County,2010,792.05,0.0,792.05,697.15,0.0,697.15,36434.3,108970.75,145405.05,Gooding County
ID,Idaho County,2010,441.65,0.0,441.65,0.0,10.95,10.95,124.1,660.65,784.75,Idaho County
ID,Jefferson County,2010,890.6,0.0,890.6,233.6,0.0,233.6,141528.75,367179.05,508707.8,Jefferson County
ID,Jerome County,2010,956.3,0.0,956.3,755.55,0.0,755.55,24925.85,414176.45,439102.3,Jerome County
ID,Kootenai County,2010,8205.2,18.25,8223.45,91.25,193.45,284.7,3869.0,5967.750000000001,9836.75,Kootenai County
ID,Latah County,2010,2069.55,0.0,2069.55,54.75,25.55,80.3,667.95,295.65000000000003,963.6,Latah County
ID,Lewis County,2010,156.95,0.0,156.95,0.0,32.85,32.85,58.4,178.85,237.25,Lewis County
ID,Lincoln County,2010,313.9,7.3,321.2,580.35,0.0,580.35,38346.9,62564.65,100911.55,Lincoln County
ID,Madison County,2010,2113.35,0.0,2113.35,36.5,642.4,678.9000000000001,38237.4,133779.8,172017.19999999998,Madison County
ID,Minidoka County,2010,883.3,0.0,883.3,642.4,83.95,726.35,134075.44999999998,93148.0,227223.45,Minidoka County
ID,Nez Perce County,2010,1251.95,2544.05,3796.0,240.9,1277.5,1518.4,288.35,507.35,795.7,Nez Perce County
ID,Owyhee County,2010,160.6,0.0,160.6,0.0,7.3,7.3,30189.15,171064.55000000002,201253.7,Owyhee County
ID,Payette County,2010,817.6,215.35,1032.95,91.25,58.4,149.64999999999998,8716.199999999999,77463.95,86180.15000000001,Payette County
ID,Power County,2010,719.05,0.0,719.05,383.25,43.8,427.05,101225.45,56921.74999999999,158147.19999999998,Power County
ID,Shoshone County,2010,259.15,105.85,365.0,0.0,21.9,21.9,306.6,0.0,306.6,Shoshone County
ID,Twin Falls County,2010,5646.55,0.0,5646.55,558.45,591.3000000000001,1149.75,101915.3,249240.25,351155.55000000005,Twin Falls County
ID,Valley County,2010,365.0,229.95,594.9499999999999,0.0,7.3,7.3,489.1,23586.300000000003,24075.4,Valley County
ID,Washington County,2010,36.5,262.8,299.29999999999995,7.3,80.3,87.6,14698.55,58662.8,73361.35,Washington County
IL,Adams County,2010,788.4000000000001,2898.1000000000004,3686.5,2565.9500000000003,0.0,2565.9500000000003,277.4,25.55,302.95,Adams County
IL,Boone County,2010,1376.05,0.0,1376.05,160.6,0.0,160.6,156.95,18.25,175.2,Boone County
IL,Bureau County,2010,1146.1,0.0,1146.1,14.6,0.0,14.6,489.1,47.45,536.55,Bureau County
IL,Carroll County,2010,405.15,0.0,405.15,799.35,0.0,799.35,649.7,18.25,667.95,Carroll County
IL,Cass County,2010,379.6,0.0,379.6,613.1999999999999,0.0,613.1999999999999,792.05,32.85,824.9,Cass County
IL,Champaign County,2010,9198.0,0.0,9198.0,865.0500000000001,0.0,865.0500000000001,963.6,80.3,1043.9,Champaign County
IL,Cook County,2010,3405.45,304665.5,308070.95,1138.8,25513.500000000004,26652.3,740.9499999999999,602.25,1343.2,Cook County
IL,Crawford County,2010,868.6999999999999,0.0,868.6999999999999,912.5,773.8000000000001,1686.3,1084.0500000000002,21.9,1105.9499999999998,Crawford County
IL,Douglas County,2010,270.1,0.0,270.1,0.0,602.25,602.25,14.6,18.25,32.85,Douglas County
IL,Du Page County,2010,2587.85,0.0,2587.85,10.95,0.0,10.95,405.15,357.7,762.8499999999999,DuPage County
IL,Ford County,2010,540.2,0.0,540.2,532.9,0.0,532.9,135.05,0.0,135.05,Ford County
IL,Grundy County,2010,1321.3,0.0,1321.3,1580.45,21.9,1602.35,14.6,14.6,29.2,Grundy County
IL,Henry County,2010,1507.45,0.0,1507.45,365.0,0.0,365.0,182.5,36.5,219.0,Henry County
IL,Jo Daviess County,2010,719.05,0.0,719.05,649.7,0.0,649.7,102.2,32.85,135.05,Jo Daviess County
IL,Kane County,2010,13180.15,8818.4,21998.550000000003,350.4,58.4,408.8,642.4,102.2,744.6,Kane County
IL,Kendall County,2010,2799.55,0.0,2799.55,102.2,0.0,102.2,251.85,25.55,277.4,Kendall County
IL,Lake County,2010,4091.65,18260.95,22352.6,266.45,3106.15,3372.6,624.15,514.65,1138.8,Lake County
IL,La Salle County,2010,3566.05,0.0,3566.05,1069.45,0.0,1069.45,91.25,58.4,149.64999999999998,LaSalle County
IL,Lee County,2010,1481.9,0.0,1481.9,18.25,0.0,18.25,3438.3,536.55,3974.85,Lee County
IL,McHenry County,2010,7289.049999999999,0.0,7289.049999999999,485.4500000000001,0.0,485.4500000000001,1011.05,273.75,1284.8,McHenry County
IL,Macon County,2010,653.35,7745.299999999999,8398.650000000001,770.15,4774.2,5544.349999999999,76.64999999999999,47.45,124.1,Macon County
IL,Madison County,2010,5172.05,16443.25,21615.3,9526.5,3631.75,13158.249999999998,120.45,105.85,226.3,Madison County
IL,Marshall County,2010,591.3000000000001,0.0,591.3000000000001,244.55,0.0,244.55,40.15,14.6,54.75,Marshall County
IL,Mason County,2010,233.6,0.0,233.6,29.2,0.0,29.2,21764.95,25.55,21790.5,Mason County
IL,Massac County,2010,1022.0,0.0,1022.0,1383.35,0.0,1383.35,1620.6,0.0,1620.6,Massac County
IL,Morgan County,2010,25.55,62.05,87.6,934.4,0.0,934.4,127.75,14.6,142.35,Morgan County
IL,Ogle County,2010,1876.1,0.0,1876.1,678.9000000000001,0.0,678.9000000000001,94.9,21.9,116.8,Ogle County
IL,Peoria County,2010,5770.650000000001,2985.7,8756.349999999999,5402.0,40788.75,46190.75,401.50000000000006,94.9,496.4,Peoria County
IL,Piatt County,2010,478.15,0.0,478.15,1357.8000000000002,0.0,1357.8000000000002,65.7,0.0,65.7,Piatt County
IL,Putnam County,2010,153.29999999999998,0.0,153.29999999999998,65.7,0.0,65.7,29.2,7.3,36.5,Putnam County
IL,Rock Island County,2010,865.0500000000001,5741.45,6606.500000000001,2898.1000000000004,1197.1999999999998,4095.3,178.85,51.1,229.95,Rock Island County
IL,Stephenson County,2010,1354.15,0.0,1354.15,748.2499999999999,0.0,748.2499999999999,58.4,18.25,76.64999999999999,Stephenson County
IL,Tazewell County,2010,5537.05,0.0,5537.05,5723.2,11209.15,16932.35,4810.7,21.9,4832.6,Tazewell County
IL,Vermilion County,2010,529.25,2843.35,3372.6,87.6,0.0,87.6,76.64999999999999,87.6,164.25,Vermilion County
IL,Whiteside County,2010,1416.2,0.0,1416.2,7.3,0.0,7.3,6354.65,94.9,6449.55,Whiteside County
IL,Will County,2010,13410.1,284.7,13694.8,2460.1,5657.5,8117.599999999999,416.1,383.25,799.35,Will County
IL,Winnebago County,2010,10942.7,0.0,10942.7,317.55,0.0,317.55,98.55,91.25,189.8,Winnebago County
IN,Allen County,2010,1460.0,11931.85,13391.85,251.85,211.7,463.55,3.65,18.25,21.9,Allen County
IN,Bartholomew County,2010,2978.4,0.0,2978.4,10.95,0.0,10.95,1846.9,135.05,1981.95,Bartholomew County
IN,Cass County,2010,1222.75,748.2499999999999,1971.0,489.1,0.0,489.1,25.55,0.0,25.55,Cass County
IN,Daviess County,2010,1481.9,0.0,1481.9,967.25,43.8,1011.05,83.95,0.0,83.95,Daviess County
IN,DeKalb County,2010,1095.0,0.0,1095.0,1397.95,32.85,1430.8,83.95,10.95,94.9,DeKalb County
IN,Delaware County,2010,1171.65,2744.8,3916.45,25.55,416.1,441.65,25.55,3.65,29.2,Delaware County
IN,Elkhart County,2010,4847.2,0.0,4847.2,248.2,0.0,248.2,2967.4500000000003,956.3,3923.75,Elkhart County
IN,Fountain County,2010,379.6,0.0,379.6,94.9,7.3,102.2,3.65,62.05,65.7,Fountain County
IN,Franklin County,2010,912.5,0.0,912.5,43.8,36.5,80.3,3.65,0.0,3.65,Franklin County
IN,Fulton County,2010,456.25,0.0,456.25,10.95,0.0,10.95,1591.4,120.45,1711.85,Fulton County
IN,Greene County,2010,1076.75,0.0,1076.75,562.1,0.0,562.1,10.95,0.0,10.95,Greene County
IN,Hamilton County,2010,10369.65,4825.3,15194.95,737.3,1467.3,2204.6,142.35,29.2,171.54999999999998,Hamilton County
IN,Hancock County,2010,1230.05,0.0,1230.05,3.65,0.0,3.65,18.25,0.0,18.25,Hancock County
IN,Henry County,2010,1080.4,0.0,1080.4,47.45,43.8,91.25,40.15,0.0,40.15,Henry County
IN,Jasper County,2010,361.35,0.0,361.35,189.8,0.0,189.8,1770.2499999999998,3879.95,5650.2,Jasper County
IN,Jay County,2010,445.3,0.0,445.3,47.45,270.1,317.55,0.0,14.6,14.6,Jay County
IN,Johnson County,2010,3525.9,0.0,3525.9,164.25,0.0,164.25,109.5,10.95,120.45,Johnson County
IN,Knox County,2010,1372.4,0.0,1372.4,0.0,226.3,226.3,1927.2,18.25,1945.45,Knox County
IN,Kosciusko County,2010,1379.6999999999998,0.0,1379.6999999999998,1135.15,0.0,1135.15,3635.4,197.1,3832.5,Kosciusko County
IN,Lagrange County,2010,324.85,0.0,324.85,40.15,21.9,62.05,4106.25,1160.7,5266.95,LaGrange County
IN,Lake County,2010,1540.3,26484.4,28024.7,1149.75,408654.0,409803.75,259.15,2711.95,2971.1000000000004,Lake County
IN,La Porte County,2010,1219.1,2149.85,3368.9500000000003,7.3,0.0,7.3,3190.1,2806.8500000000004,5996.95,LaPorte County
IN,Madison County,2010,4942.099999999999,0.0,4942.099999999999,197.1,529.25,726.35,36.5,10.95,47.45,Madison County
IN,Marion County,2010,13026.85,32003.2,45030.05,2784.95,18.25,2803.2,102.2,14.6,116.8,Marion County
IN,Marshall County,2010,792.05,0.0,792.05,91.25,0.0,91.25,832.1999999999999,69.35,901.55,Marshall County
IN,Martin County,2010,270.1,0.0,270.1,18.25,69.35,87.6,0.0,3.65,3.65,Martin County
IN,Miami County,2010,934.4,0.0,934.4,3.65,5062.549999999999,5066.200000000001,14.6,109.5,124.1,Miami County
IN,Noble County,2010,963.6,0.0,963.6,124.1,131.4,255.5,1733.75,54.75,1788.5000000000002,Noble County
IN,Parke County,2010,343.1,0.0,343.1,73.0,0.0,73.0,302.95,0.0,302.95,Parke County
IN,Porter County,2010,1456.35,3620.8,5077.15,153.29999999999998,149810.6,149963.9,259.15,142.35,401.50000000000006,Porter County
IN,Posey County,2010,105.85,302.95,408.8,0.0,3146.3,3146.3,1222.75,36.5,1259.25,Posey County
IN,Pulaski County,2010,102.2,0.0,102.2,87.6,0.0,87.6,912.5,313.9,1226.4,Pulaski County
IN,St Joseph County,2010,8146.8,0.0,8146.8,2938.2500000000005,0.0,2938.2500000000005,2533.1000000000004,255.5,2788.6,St. Joseph County
IN,Shelby County,2010,1843.25,0.0,1843.25,7.3,0.0,7.3,281.05,80.3,361.35,Shelby County
IN,Steuben County,2010,496.4,0.0,496.4,3.65,10.95,14.6,288.35,80.3,368.65,Steuben County
IN,Tippecanoe County,2010,5259.65,0.0,5259.65,5631.95,0.0,5631.95,219.0,0.0,219.0,Tippecanoe County
IN,Tipton County,2010,332.15000000000003,0.0,332.15000000000003,3.65,0.0,3.65,3.65,0.0,3.65,Tipton County
IN,Vermillion County,2010,489.1,0.0,489.1,1580.45,0.0,1580.45,113.15,0.0,113.15,Vermillion County
IN,Vigo County,2010,3314.2,0.0,3314.2,711.75,0.0,711.75,357.7,105.85,463.55,Vigo County
IN,Wabash County,2010,1204.5,0.0,1204.5,423.4,0.0,423.4,127.75,25.55,153.29999999999998,Wabash County
IN,Warren County,2010,208.05,0.0,208.05,47.45,0.0,47.45,25.55,0.0,25.55,Warren County
IN,Wayne County,2010,1288.4499999999998,1120.55,2409.0,21.9,839.4999999999999,861.4,14.6,0.0,14.6,Wayne County
IN,White County,2010,390.55,0.0,390.55,3.65,0.0,3.65,529.25,10.95,540.2,White County
IN,Whitley County,2010,558.45,0.0,558.45,273.75,0.0,273.75,0.0,58.4,58.4,Whitley County
IA,Black Hawk County,2010,6424.000000000001,0.0,6424.000000000001,4496.8,0.0,4496.8,58.4,0.0,58.4,Black Hawk County
IA,Buchanan County,2010,434.35,0.0,434.35,208.05,0.0,208.05,3.65,0.0,3.65,Buchanan County
IA,Buena Vista County,2010,1419.85,0.0,1419.85,430.7,0.0,430.7,21.9,0.0,21.9,Buena Vista County
IA,Butler County,2010,313.9,0.0,313.9,361.35,0.0,361.35,14.6,0.0,14.6,Butler County
IA,Carroll County,2010,883.3,0.0,883.3,98.55,0.0,98.55,29.2,0.0,29.2,Carroll County
IA,Cerro Gordo County,2010,2350.6000000000004,0.0,2350.6000000000004,383.25,0.0,383.25,18.25,58.4,76.64999999999999,Cerro Gordo County
IA,Cherokee County,2010,967.25,0.0,967.25,521.9499999999999,0.0,521.9499999999999,73.0,0.0,73.0,Cherokee County
IA,Chickasaw County,2010,310.25,0.0,310.25,427.05,0.0,427.05,21.9,0.0,21.9,Chickasaw County
IA,Clay County,2010,868.6999999999999,0.0,868.6999999999999,3.65,0.0,3.65,54.75,0.0,54.75,Clay County
IA,Clinton County,2010,1773.9,0.0,1773.9,3595.25,69.35,3664.6,14.6,0.0,14.6,Clinton County
IA,Crawford County,2010,1178.95,0.0,1178.95,492.75000000000006,0.0,492.75000000000006,0.0,18.25,18.25,Crawford County
IA,Dallas County,2010,938.05,7.3,945.35,452.6,0.0,452.6,102.2,3.65,105.85,Dallas County
IA,Delaware County,2010,335.8,0.0,335.8,438.0,0.0,438.0,0.0,10.95,10.95,Delaware County
IA,Des Moines County,2010,2496.6,0.0,2496.6,405.15,0.0,405.15,153.29999999999998,7.3,160.6,Des Moines County
IA,Dickinson County,2010,18.25,744.6,762.8499999999999,204.4,0.0,204.4,87.6,3.65,91.25,Dickinson County
IA,Dubuque County,2010,3055.05,0.0,3055.05,2135.25,0.0,2135.25,69.35,3.65,73.0,Dubuque County
IA,Emmet County,2010,456.25,0.0,456.25,3.65,0.0,3.65,10.95,0.0,10.95,Emmet County
IA,Fayette County,2010,445.3,0.0,445.3,91.25,0.0,91.25,43.8,0.0,43.8,Fayette County
IA,Floyd County,2010,930.75,0.0,930.75,29.2,0.0,29.2,54.75,0.0,54.75,Floyd County
IA,Fremont County,2010,222.65,0.0,222.65,62.05,0.0,62.05,251.85,0.0,251.85,Fremont County
IA,Greene County,2010,262.8,0.0,262.8,386.9,0.0,386.9,47.45,0.0,47.45,Greene County
IA,Guthrie County,2010,416.1,51.1,467.2,146.0,0.0,146.0,83.95,29.2,113.15,Guthrie County
IA,Hamilton County,2010,507.35,0.0,507.35,7.3,0.0,7.3,14.6,0.0,14.6,Hamilton County
IA,Hancock County,2010,226.3,0.0,226.3,87.6,0.0,87.6,54.75,0.0,54.75,Hancock County
IA,Hardin County,2010,514.65,0.0,514.65,781.1,0.0,781.1,3.65,0.0,3.65,Hardin County
IA,Ida County,2010,156.95,0.0,156.95,573.0500000000001,0.0,573.0500000000001,3.65,0.0,3.65,Ida County
IA,Iowa County,2010,438.0,0.0,438.0,65.7,0.0,65.7,62.05,0.0,62.05,Iowa County
IA,Johnson County,2010,3445.6,25.55,3471.15,18.25,0.0,18.25,83.95,3.65,87.6,Johnson County
IA,Kossuth County,2010,478.15,0.0,478.15,346.75,0.0,346.75,102.2,0.0,102.2,Kossuth County
IA,Lee County,2010,795.7,3788.7,4584.400000000001,4974.950000000001,0.0,4974.950000000001,259.15,0.0,259.15,Lee County
IA,Linn County,2010,14687.6,0.0,14687.6,3650.0,0.0,3650.0,131.4,0.0,131.4,Linn County
IA,Louisa County,2010,211.7,0.0,211.7,489.1,0.0,489.1,1135.15,3.65,1138.8,Louisa County
IA,Marshall County,2010,1719.15,0.0,1719.15,438.0,0.0,438.0,0.0,10.95,10.95,Marshall County
IA,Mills County,2010,343.1,0.0,343.1,91.25,0.0,91.25,40.15,0.0,40.15,Mills County
IA,Muscatine County,2010,9767.4,0.0,9767.4,8679.7,532.9,9212.6,912.5,0.0,912.5,Muscatine County
IA,O'Brien County,2010,839.4999999999999,0.0,839.4999999999999,390.55,0.0,390.55,18.25,3.65,21.9,O'Brien County
IA,Osceola County,2010,854.0999999999999,0.0,854.0999999999999,222.65,0.0,222.65,98.55,0.0,98.55,Osceola County
IA,Palo Alto County,2010,339.45000000000005,0.0,339.45000000000005,156.95,0.0,156.95,284.7,18.25,302.95,Palo Alto County
IA,Plymouth County,2010,1295.75,0.0,1295.75,142.35,0.0,142.35,383.25,29.2,412.45,Plymouth County
IA,Pottawattamie County,2010,5318.05,0.0,5318.05,478.15,0.0,478.15,153.29999999999998,0.0,153.29999999999998,Pottawattamie County
IA,Sac County,2010,474.5,0.0,474.5,10.95,0.0,10.95,94.9,3.65,98.55,Sac County
IA,Scott County,2010,624.15,6164.85,6789.000000000001,434.35,0.0,434.35,87.6,10.95,98.55,Scott County
IA,Tama County,2010,1018.35,0.0,1018.35,354.05,0.0,354.05,3.65,0.0,3.65,Tama County
IA,Wapello County,2010,40.15,2193.65,2233.8,0.0,295.65000000000003,295.65000000000003,14.6,0.0,14.6,Wapello County
IA,Webster County,2010,2638.9500000000003,0.0,2638.9500000000003,824.9,0.0,824.9,0.0,3.65,3.65,Webster County
IA,Winnebago County,2010,317.55,0.0,317.55,142.35,0.0,142.35,7.3,7.3,14.6,Winnebago County
IA,Winneshiek County,2010,456.25,0.0,456.25,36.5,0.0,36.5,36.5,7.3,43.8,Winneshiek County
IA,Woodbury County,2010,6051.7,0.0,6051.7,3858.05,87.6,3945.65,744.6,0.0,744.6,Woodbury County
IA,Worth County,2010,109.5,0.0,109.5,164.25,0.0,164.25,156.95,0.0,156.95,Worth County
KS,Allen County,2010,0.0,704.4499999999999,704.4499999999999,0.0,193.45,193.45,0.0,29.2,29.2,Allen County
KS,Barton County,2010,952.65,0.0,952.65,36.5,0.0,36.5,11497.5,0.0,11497.5,Barton County
KS,Brown County,2010,229.95,149.64999999999998,379.6,3.65,0.0,3.65,146.0,146.0,292.0,Brown County
KS,Butler County,2010,36.5,3894.55,3931.05,0.0,3.65,3.65,51.1,310.25,361.35,Butler County
KS,Cherokee County,2010,503.7,288.35,792.05,54.75,0.0,54.75,0.0,73.0,73.0,Cherokee County
KS,Clark County,2010,135.05,0.0,135.05,7.3,0.0,7.3,1387.0,0.0,1387.0,Clark County
KS,Dickinson County,2010,627.8,135.05,762.8499999999999,3.65,0.0,3.65,733.65,40.15,773.8000000000001,Dickinson County
KS,Douglas County,2010,529.25,4350.8,4880.049999999999,171.54999999999998,0.0,171.54999999999998,310.25,0.0,310.25,Douglas County
KS,Ellis County,2010,1000.1,0.0,1000.1,10.95,0.0,10.95,438.0,58.4,496.4,Ellis County
KS,Ellsworth County,2010,226.3,273.75,500.05,98.55,0.0,98.55,29.2,7.3,36.5,Ellsworth County
KS,Finney County,2010,2697.35,0.0,2697.35,1368.75,0.0,1368.75,95739.5,0.0,95739.5,Finney County
KS,Ford County,2010,2533.1000000000004,0.0,2533.1000000000004,1613.3,0.0,1613.3,29375.2,40.15,29415.35,Ford County
KS,Geary County,2010,2467.4,14.6,2482.0,7.3,0.0,7.3,609.55,120.45,730.0,Geary County
KS,Gove County,2010,105.85,0.0,105.85,21.9,0.0,21.9,5898.4,0.0,5898.4,Gove County
KS,Grant County,2010,569.4,0.0,569.4,94.9,0.0,94.9,44982.6,0.0,44982.6,Grant County
KS,Gray County,2010,412.45,0.0,412.45,3.65,0.0,3.65,67222.04999999999,0.0,67222.04999999999,Gray County
KS,Hamilton County,2010,270.1,0.0,270.1,3.65,0.0,3.65,12344.3,2452.8,14797.1,Hamilton County
KS,Haskell County,2010,251.85,0.0,251.85,21.9,0.0,21.9,70193.15,0.0,70193.15,Haskell County
KS,Kingman County,2010,350.4,0.0,350.4,32.85,0.0,32.85,5642.900000000001,80.3,5723.2,Kingman County
KS,Labette County,2010,0.0,1043.9,1043.9,0.0,54.75,54.75,0.0,105.85,105.85,Labette County
KS,McPherson County,2010,1843.25,0.0,1843.25,952.65,10.95,963.6,7884.000000000001,295.65000000000003,8179.65,McPherson County
KS,Marion County,2010,98.55,248.2,346.75,3.65,0.0,3.65,197.1,226.3,423.4,Marion County
KS,Marshall County,2010,438.0,0.0,438.0,10.95,0.0,10.95,200.75000000000003,182.5,383.25,Marshall County
KS,Montgomery County,2010,0.0,1799.4499999999998,1799.4499999999998,0.0,2120.65,2120.65,0.0,65.7,65.7,Montgomery County
KS,Reno County,2010,3314.2,0.0,3314.2,3022.2,0.0,3022.2,17815.65,0.0,17815.65,Reno County
KS,Rice County,2010,478.15,0.0,478.15,649.7,0.0,649.7,7062.750000000001,0.0,7062.750000000001,Rice County
KS,Riley County,2010,1127.85,0.0,1127.85,21.9,3.65,25.55,478.15,25.55,503.7,Riley County
KS,Saline County,2010,1441.75,1058.5,2500.25,7.3,0.0,7.3,770.15,215.35,985.5,Saline County
KS,Sedgwick County,2010,5434.85,13307.9,18742.75,1405.25,18.25,1423.5,11169.0,346.75,11515.75,Sedgwick County
KS,Seward County,2010,1788.5000000000002,0.0,1788.5000000000002,792.05,0.0,792.05,53501.7,0.0,53501.7,Seward County
KS,Shawnee County,2010,514.65,8281.85,8796.5,1478.25,0.0,1478.25,1551.25,149.64999999999998,1700.9,Shawnee County
KS,Sherman County,2010,474.5,0.0,474.5,47.45,0.0,47.45,35353.9,0.0,35353.9,Sherman County
KS,Stafford County,2010,146.0,0.0,146.0,10.95,0.0,10.95,31543.3,7.3,31550.6,Stafford County
KS,Thomas County,2010,521.9499999999999,0.0,521.9499999999999,91.25,0.0,91.25,28922.6,0.0,28922.6,Thomas County
KS,Wichita County,2010,131.4,0.0,131.4,10.95,0.0,10.95,18323.0,0.0,18323.0,Wichita County
KS,Wilson County,2010,0.0,569.4,569.4,0.0,73.0,73.0,0.0,91.25,91.25,Wilson County
KS,Wyandotte County,2010,835.85,26466.15,27302.0,167.9,0.0,167.9,36.5,58.4,94.9,Wyandotte County
KY,Anderson County,2010,0.0,762.8499999999999,762.8499999999999,0.0,569.4,569.4,0.0,10.95,10.95,Anderson County
KY,Ballard County,2010,233.6,0.0,233.6,3117.1,8044.599999999999,11161.7,0.0,10.95,10.95,Ballard County
KY,Bracken County,2010,350.4,0.0,350.4,156.95,0.0,156.95,0.0,40.15,40.15,Bracken County
KY,Calloway County,2010,1288.4499999999998,0.0,1288.4499999999998,379.6,0.0,379.6,7.3,215.35,222.65,Calloway County
KY,Carroll County,2010,642.4,0.0,642.4,5613.700000000001,781.1,6394.8,0.0,14.6,14.6,Carroll County
KY,Christian County,2010,0.0,4697.549999999999,4697.549999999999,0.0,514.65,514.65,14.6,485.4500000000001,500.05,Christian County
KY,Daviess County,2010,5040.650000000001,0.0,5040.650000000001,2872.55,0.0,2872.55,69.35,430.7,500.05,Daviess County
KY,Franklin County,2010,0.0,3277.7000000000003,3277.7000000000003,0.0,98.55,98.55,3.65,160.6,164.25,Franklin County
KY,Gallatin County,2010,178.85,0.0,178.85,98.55,434.35,532.9,0.0,14.6,14.6,Gallatin County
KY,Grant County,2010,0.0,711.75,711.75,0.0,7.3,7.3,0.0,32.85,32.85,Grant County
KY,Graves County,2010,981.85,0.0,981.85,1445.4,14.6,1460.0,18.25,394.2000000000001,412.45,Graves County
KY,Greenup County,2010,219.0,1062.15,1281.15,226.3,3511.3,3737.6,0.0,47.45,47.45,Greenup County
KY,Hancock County,2010,178.85,0.0,178.85,9099.45,0.0,9099.45,0.0,25.55,25.55,Hancock County
KY,Hardin County,2010,3018.55,2609.75,5628.3,7.3,0.0,7.3,3.65,94.9,98.55,Hardin County
KY,Henderson County,2010,0.0,3540.4999999999995,3540.4999999999995,0.0,98.55,98.55,21.9,507.35,529.25,Henderson County
KY,Jefferson County,2010,5960.45,43748.9,49709.35,2909.05,13888.249999999998,16797.300000000003,0.0,430.7,430.7,Jefferson County
KY,Lyon County,2010,51.1,978.2,1029.3,0.0,3.65,3.65,0.0,51.1,51.1,Lyon County
KY,McCracken County,2010,146.0,2905.4,3051.4,156.95,5704.950000000001,5861.9,32.85,25.55,58.4,McCracken County
KY,Marion County,2010,0.0,1744.7,1744.7,0.0,25.55,25.55,3.65,43.8,47.45,Marion County
KY,Marshall County,2010,1496.4999999999998,0.0,1496.4999999999998,766.5,4380.0,5146.5,0.0,69.35,69.35,Marshall County
KY,Mason County,2010,251.85,908.85,1160.7,91.25,996.45,1087.7,0.0,3.65,3.65,Mason County
KY,Nelson County,2010,0.0,1916.25,1916.25,0.0,529.25,529.25,7.3,197.1,204.4,Nelson County
KY,Ohio County,2010,25.55,675.25,700.8,0.0,532.9,532.9,0.0,40.15,40.15,Ohio County
KY,Pulaski County,2010,0.0,3317.85,3317.85,0.0,87.6,87.6,0.0,83.95,83.95,Pulaski County
KY,Scott County,2010,0.0,901.55,901.55,0.0,62.05,62.05,3.65,146.0,149.64999999999998,Scott County
LA,Acadia Parish,2010,2124.3,0.0,2124.3,3.65,0.0,3.65,46789.35,13172.85,59962.2,Acadia Parish
LA,Allen Parish,2010,1558.55,0.0,1558.55,47.45,0.0,47.45,5299.8,565.75,5865.55,Allen Parish
LA,Ascension Parish,2010,1102.3,719.05,1821.35,1073.1,54545.6,55618.7,43.8,0.0,43.8,Ascension Parish
LA,Assumption Parish,2010,0.0,1423.5,1423.5,3120.7500000000005,2843.35,5964.1,25.55,40.15,65.7,Assumption Parish
LA,Avoyelles Parish,2010,1405.25,0.0,1405.25,131.4,0.0,131.4,7588.349999999999,2346.95,9935.3,Avoyelles Parish
LA,Beauregard Parish,2010,1664.4,0.0,1664.4,6639.35,0.0,6639.35,1295.75,14.6,1310.35,Beauregard Parish
LA,Bienville Parish,2010,748.2499999999999,0.0,748.2499999999999,3314.2,0.0,3314.2,0.0,51.1,51.1,Bienville Parish
LA,Bossier Parish,2010,784.75,3737.6,4522.35,120.45,0.0,120.45,76.64999999999999,281.05,357.7,Bossier Parish
LA,Caddo Parish,2010,646.05,16629.4,17275.45,0.0,14.6,14.6,2106.05,525.6,2631.65,Caddo Parish
LA,Calcasieu Parish,2010,9391.45,182.5,9573.95,14997.85,42084.5,57082.35,3007.6,1376.05,4383.65,Calcasieu Parish
LA,Cameron Parish,2010,627.8,0.0,627.8,788.4000000000001,211.7,1000.1,1259.25,6723.3,7982.55,Cameron Parish
LA,De Soto Parish,2010,514.65,667.95,1182.6,105.85,6179.45,6285.299999999999,7.3,73.0,80.3,De Soto Parish
LA,East Baton Rouge Parish,2010,27418.800000000003,0.0,27418.800000000003,24144.750000000004,7851.150000000001,31995.9,91.25,0.0,91.25,East Baton Rouge Parish
LA,Evangeline Parish,2010,2350.6000000000004,0.0,2350.6000000000004,386.9,0.0,386.9,16129.35,2138.9,18268.25,Evangeline Parish
LA,Franklin Parish,2010,744.6,0.0,744.6,91.25,0.0,91.25,8624.949999999999,2149.85,10774.8,Franklin Parish
LA,Grant Parish,2010,722.7,733.65,1456.35,25.55,0.0,25.55,0.0,343.1,343.1,Grant Parish
LA,Iberia Parish,2010,3675.55,0.0,3675.55,1525.6999999999998,1981.95,3507.65,270.1,357.7,627.8,Iberia Parish
LA,Iberville Parish,2010,573.0500000000001,171.54999999999998,744.6,5686.7,141422.9,147109.6,171.54999999999998,116.8,288.35,Iberville Parish
LA,Jefferson Parish,2010,0.0,23706.75,23706.75,817.6,1529.35,2346.95,29.2,0.0,29.2,Jefferson Parish
LA,Jefferson Davis Parish,2010,1762.95,0.0,1762.95,32.85,0.0,32.85,44971.65,4029.6,49001.25,Jefferson Davis Parish
LA,Lafayette Parish,2010,9271.0,0.0,9271.0,3.65,0.0,3.65,2146.2,434.35,2580.55,Lafayette Parish
LA,Lafourche Parish,2010,0.0,8281.85,8281.85,386.9,1262.9,1649.8,0.0,18.25,18.25,Lafourche Parish
LA,La Salle Parish,2010,795.7,0.0,795.7,0.0,7.3,7.3,0.0,29.2,29.2,LaSalle Parish
LA,Livingston Parish,2010,4292.4,0.0,4292.4,36.5,0.0,36.5,21.9,0.0,21.9,Livingston Parish
LA,Morehouse Parish,2010,1091.35,0.0,1091.35,87.6,0.0,87.6,26228.9,2912.7000000000003,29141.6,Morehouse Parish
LA,Natchitoches Parish,2010,324.85,2106.05,2430.9,10.95,4624.55,4635.5,700.8,3190.1,3890.9,Natchitoches Parish
LA,Orleans Parish,2010,0.0,54436.1,54436.1,686.1999999999999,0.0,686.1999999999999,7.3,0.0,7.3,Orleans Parish
LA,Ouachita Parish,2010,4336.200000000001,4745.0,9081.2,3584.3,5062.549999999999,8646.85,430.7,5555.3,5985.999999999999,Ouachita Parish
LA,Pointe Coupee Parish,2010,1489.2,0.0,1489.2,1752.0,0.0,1752.0,4365.400000000001,0.0,4365.400000000001,Pointe Coupee Parish
LA,Rapides Parish,2010,9442.55,0.0,9442.55,240.9,0.0,240.9,2547.7000000000003,3321.5,5869.2,Rapides Parish
LA,St James Parish,2010,0.0,1138.8,1138.8,1032.95,63699.8,64732.75,0.0,21.9,21.9,St. James Parish
LA,St John the Baptist Parish,2010,1434.45,923.45,2357.9,3463.85,18775.6,22239.45,0.0,25.55,25.55,St. John the Baptist Parish
LA,St Landry Parish,2010,3920.1,0.0,3920.1,532.9,0.0,532.9,9336.7,4332.549999999999,13669.250000000002,St. Landry Parish
LA,St Martin Parish,2010,1744.7,0.0,1744.7,43.8,0.0,43.8,164.25,2514.85,2679.1,St. Martin Parish
LA,St Mary Parish,2010,153.29999999999998,3755.85,3909.15,631.45,1000.1,1631.55,10.95,91.25,102.2,St. Mary Parish
LA,Tangipahoa Parish,2010,5325.35,0.0,5325.35,368.65,0.0,368.65,98.55,0.0,98.55,Tangipahoa Parish
LA,Vermilion Parish,2010,2332.35,0.0,2332.35,565.75,0.0,565.75,2051.3,20972.9,23024.2,Vermilion Parish
LA,Washington Parish,2010,5204.9,0.0,5204.9,4197.5,2299.5,6497.0,310.25,0.0,310.25,Washington Parish
LA,Webster Parish,2010,1996.55,0.0,1996.55,171.54999999999998,0.0,171.54999999999998,0.0,3.65,3.65,Webster Parish
LA,West Baton Rouge Parish,2010,2631.65,0.0,2631.65,503.7,0.0,503.7,127.75,65.7,193.45,West Baton Rouge Parish
LA,West Feliciana Parish,2010,1514.7500000000002,0.0,1514.7500000000002,149.64999999999998,6675.849999999999,6825.5,0.0,94.9,94.9,West Feliciana Parish
ME,Androscoggin County,2010,383.25,2784.95,3168.2,94.9,452.6,547.5,14.6,131.4,146.0,Androscoggin County
ME,Aroostook County,2010,1076.75,708.1,1784.85,821.25,3489.4,4310.650000000001,113.15,974.55,1087.7,Aroostook County
ME,Cumberland County,2010,1474.6,8015.400000000001,9490.0,197.1,1576.8000000000002,1773.9,43.8,156.95,200.75000000000003,Cumberland County
ME,Franklin County,2010,419.75,189.8,609.55,116.8,12858.95,12975.749999999998,0.0,14.6,14.6,Franklin County
ME,Hancock County,2010,120.45,1003.75,1124.2,54.75,8873.15,8927.9,43.8,408.8,452.6,Hancock County
ME,Kennebec County,2010,1131.5,1241.0,2372.5,91.25,14.6,105.85,18.25,80.3,98.55,Kennebec County
ME,Knox County,2010,47.45,1105.9499999999998,1153.4,47.45,7.3,54.75,18.25,153.29999999999998,171.54999999999998,Knox County
ME,Lincoln County,2010,54.75,229.95,284.7,40.15,7.3,47.45,3.65,40.15,43.8,Lincoln County
ME,Oxford County,2010,985.5,58.4,1043.9,98.55,11497.5,11596.05,14.6,105.85,120.45,Oxford County
ME,Penobscot County,2010,1452.7,2441.8500000000004,3894.55,116.8,13636.4,13753.2,25.55,240.9,266.45,Penobscot County
ME,Piscataquis County,2010,219.0,131.4,350.4,131.4,18.25,149.64999999999998,7.3,62.05,69.35,Piscataquis County
ME,Sagadahoc County,2010,87.6,394.2000000000001,481.8,14.6,3.65,18.25,0.0,10.95,10.95,Sagadahoc County
ME,Somerset County,2010,405.15,379.6,784.75,167.9,11771.25,11939.15,7.3,73.0,80.3,Somerset County
ME,Waldo County,2010,438.0,0.0,438.0,182.5,25.55,208.05,3.65,40.15,43.8,Waldo County
ME,Washington County,2010,489.1,94.9,584.0,62.05,8833.0,8895.050000000001,580.35,580.35,1160.7,Washington County
ME,York County,2010,1310.35,4449.349999999999,5759.7,149.64999999999998,21.9,171.54999999999998,21.9,127.75,149.64999999999998,York County
MD,Allegany County,2010,105.85,120.45,226.3,7.3,13745.9,13753.2,7.3,83.95,91.25,Allegany County
MD,Anne Arundel County,2010,12972.1,0.0,12972.1,40.15,222.65,262.8,277.4,295.65000000000003,573.0500000000001,Anne Arundel County
MD,Baltimore County,2010,47.45,80405.84999999999,80453.29999999999,1591.4,53191.45,54782.85,299.29999999999995,452.6,751.9,Baltimore County
MD,Calvert County,2010,985.5,0.0,985.5,18.25,0.0,18.25,18.25,7.3,25.55,Calvert County
MD,Caroline County,2010,419.75,0.0,419.75,58.4,0.0,58.4,4113.55,1204.5,5318.05,Caroline County
MD,Carroll County,2010,1069.45,1408.9,2478.35,7.3,51.1,58.4,135.05,76.64999999999999,211.7,Carroll County
MD,Cecil County,2010,587.6500000000001,0.0,587.6500000000001,14.6,0.0,14.6,602.25,65.7,667.95,Cecil County
MD,Charles County,2010,2044.0,0.0,2044.0,3.65,0.0,3.65,62.05,36.5,98.55,Charles County
MD,Dorchester County,2010,919.8,0.0,919.8,394.2000000000001,0.0,394.2000000000001,5263.3,313.9,5577.2,Dorchester County
MD,Frederick County,2010,1065.8,4442.05,5507.85,996.45,7.3,1003.75,270.1,193.45,463.55,Frederick County
MD,Garrett County,2010,302.95,624.15,927.1,14.6,0.0,14.6,14.6,73.0,87.6,Garrett County
MD,Harford County,2010,1825.0,2153.5,3978.5,215.35,0.0,215.35,43.8,273.75,317.55,Harford County
MD,Howard County,2010,3.65,0.0,3.65,0.0,3.65,3.65,73.0,237.25,310.25,Howard County
MD,Kent County,2010,397.85,0.0,397.85,29.2,0.0,29.2,908.85,182.5,1091.35,Kent County
MD,Montgomery County,2010,124.1,141200.25,141324.35,3.65,284.7,288.35,361.35,587.6500000000001,949.0,Montgomery County
MD,Prince George's County,2010,806.65,19651.6,20458.25,10.95,0.0,10.95,343.1,427.05,770.15,Prince George's County
MD,Queen Anne's County,2010,551.15,0.0,551.15,94.9,0.0,94.9,2011.15,1284.8,3295.95,Queen Anne's County
MD,St Mary's County,2010,1230.05,0.0,1230.05,3.65,0.0,3.65,43.8,21.9,65.7,St. Mary's County
MD,Somerset County,2010,481.8,0.0,481.8,7.3,0.0,7.3,149.64999999999998,21.9,171.54999999999998,Somerset County
MD,Talbot County,2010,930.75,0.0,930.75,321.2,0.0,321.2,492.75000000000006,251.85,744.6,Talbot County
MD,Washington County,2010,379.6,5683.05,6062.65,18.25,3.65,21.9,127.75,116.8,244.55,Washington County
MD,Wicomico County,2010,2449.15,0.0,2449.15,266.45,0.0,266.45,2193.65,346.75,2540.4,Wicomico County
MD,Worcester County,2010,2861.6,0.0,2861.6,18.25,0.0,18.25,1689.95,251.85,1941.8,Worcester County
MA,Berkshire County,2010,941.7,5091.75,6033.450000000001,244.55,1332.25,1576.8000000000002,175.2,14.6,189.8,Berkshire County
MA,Bristol County,2010,5018.75,7697.85,12716.6,29.2,43.8,73.0,2591.5,478.15,3069.65,Bristol County
MA,Essex County,2010,2438.2,28517.45,30955.65,76.64999999999999,879.6500000000001,956.3,682.5500000000001,98.55,781.1,Essex County
MA,Franklin County,2010,1204.5,1576.8000000000002,2781.3,470.85,613.1999999999999,1084.0500000000002,120.45,193.45,313.9,Franklin County
MA,Hampden County,2010,3058.7000000000003,16614.800000000003,19673.5,36.5,193.45,229.95,365.0,113.15,478.15,Hampden County
MA,Middlesex County,2010,12238.45,10701.8,22940.25,558.45,489.1,1047.55,1365.1,153.29999999999998,1518.4,Middlesex County
MA,Norfolk County,2010,10512.0,3493.05,14005.05,40.15,14.6,54.75,886.95,51.1,938.05,Norfolk County
MA,Plymouth County,2010,10632.45,13556.1,24188.55,14.6,21.9,36.5,30565.1,5799.85,36364.95,Plymouth County
MA,Worcester County,2010,9741.85,86567.04999999999,96308.9,91.25,813.95,905.2,1109.6,87.6,1197.1999999999998,Worcester County
MI,Alger County,2010,186.15,0.0,186.15,160.6,1500.15,1660.75,7.3,0.0,7.3,Alger County
MI,Allegan County,2010,1427.15,0.0,1427.15,682.5500000000001,135.05,817.6,1076.75,1861.5,2938.2500000000005,Allegan County
MI,Alpena County,2010,0.0,751.9,751.9,0.0,1193.55,1193.55,18.25,14.6,32.85,Alpena County
MI,Antrim County,2010,419.75,0.0,419.75,21.9,0.0,21.9,2011.15,21.9,2033.05,Antrim County
MI,Arenac County,2010,3.65,21951.1,21954.75,0.0,25.55,25.55,14.6,32.85,47.45,Arenac County
MI,Barry County,2010,573.0500000000001,0.0,573.0500000000001,138.7,36.5,175.2,448.95,193.45,642.4,Barry County
MI,Bay County,2010,0.0,3109.8,3109.8,0.0,1003.75,1003.75,10.95,438.0,448.95,Bay County
MI,Benzie County,2010,273.75,0.0,273.75,83.95,0.0,83.95,138.7,0.0,138.7,Benzie County
MI,Berrien County,2010,1277.5,4361.75,5639.25,397.85,0.0,397.85,2591.5,773.8000000000001,3365.3,Berrien County
MI,Branch County,2010,1018.35,0.0,1018.35,7.3,69.35,76.64999999999999,1606.0000000000002,1200.85,2806.8500000000004,Branch County
MI,Calhoun County,2010,4628.2,0.0,4628.2,2095.1,448.95,2544.05,580.35,248.2,828.55,Calhoun County
MI,Cass County,2010,605.9,0.0,605.9,7.3,405.15,412.45,5044.3,678.9000000000001,5723.2,Cass County
MI,Charlevoix County,2010,547.5,259.15,806.65,4332.549999999999,1664.4,5996.95,149.64999999999998,32.85,182.5,Charlevoix County
MI,Cheboygan County,2010,343.1,0.0,343.1,10.95,36.5,47.45,69.35,1397.95,1467.3,Cheboygan County
MI,Chippewa County,2010,372.3,551.15,923.45,0.0,299.29999999999995,299.29999999999995,40.15,21.9,62.05,Chippewa County
MI,Clinton County,2010,438.0,0.0,438.0,175.2,0.0,175.2,365.0,116.8,481.8,Clinton County
MI,Crawford County,2010,222.65,0.0,222.65,36.5,0.0,36.5,36.5,43.8,80.3,Crawford County
MI,Delta County,2010,36.5,781.1,817.6,54.75,13705.749999999998,13760.500000000002,7.3,40.15,47.45,Delta County
MI,Dickinson County,2010,854.0999999999999,0.0,854.0999999999999,146.0,7383.95,7529.95,25.55,32.85,58.4,Dickinson County
MI,Eaton County,2010,952.65,0.0,952.65,3.65,0.0,3.65,21.9,40.15,62.05,Eaton County
MI,Emmet County,2010,1197.1999999999998,0.0,1197.1999999999998,32.85,0.0,32.85,138.7,73.0,211.7,Emmet County
MI,Genesee County,2010,1397.95,0.0,1397.95,10.95,0.0,10.95,69.35,91.25,160.6,Genesee County
MI,Grand Traverse County,2010,846.8,2456.4500000000003,3303.2500000000005,164.25,0.0,164.25,259.15,25.55,284.7,Grand Traverse County
MI,Hillsdale County,2010,616.85,0.0,616.85,562.1,0.0,562.1,408.8,102.2,511.0,Hillsdale County
MI,Ingham County,2010,13523.249999999998,0.0,13523.249999999998,36.5,0.0,36.5,226.3,91.25,317.55,Ingham County
MI,Ionia County,2010,1558.55,0.0,1558.55,54.75,0.0,54.75,277.4,62.05,339.45000000000005,Ionia County
MI,Iosco County,2010,3.65,602.25,605.9,0.0,10.95,10.95,87.6,80.3,167.9,Iosco County
MI,Jackson County,2010,3792.35,0.0,3792.35,175.2,3.65,178.85,722.7,251.85,974.55,Jackson County
MI,Kalamazoo County,2010,2996.65,0.0,2996.65,6840.099999999999,1675.35,8515.449999999999,3580.65,1460.0,5040.650000000001,Kalamazoo County
MI,Kent County,2010,2857.95,98.55,2956.5,321.2,113.15,434.35,1058.5,357.7,1416.2,Kent County
MI,Lapeer County,2010,113.15,0.0,113.15,3.65,0.0,3.65,135.05,109.5,244.55,Lapeer County
MI,Leelanau County,2010,142.35,0.0,142.35,116.8,0.0,116.8,339.45000000000005,47.45,386.9,Leelanau County
MI,Lenawee County,2010,843.15,1503.8,2346.95,167.9,10.95,178.85,91.25,412.45,503.7,Lenawee County
MI,Livingston County,2010,2383.4500000000003,0.0,2383.4500000000003,18.25,0.0,18.25,302.95,160.6,463.55,Livingston County
MI,Luce County,2010,171.54999999999998,0.0,171.54999999999998,14.6,0.0,14.6,171.54999999999998,0.0,171.54999999999998,Luce County
MI,Mackinac County,2010,0.0,390.55,390.55,0.0,2394.4,2394.4,14.6,21.9,36.5,Mackinac County
MI,Macomb County,2010,430.7,1226.4,1657.1,3.65,0.0,3.65,94.9,485.4500000000001,580.35,Macomb County
MI,Manistee County,2010,547.5,0.0,547.5,240.9,10544.85,10785.75,295.65000000000003,14.6,310.25,Manistee County
MI,Marquette County,2010,832.1999999999999,901.55,1733.75,40.15,8449.75,8489.900000000001,10.95,73.0,83.95,Marquette County
MI,Mason County,2010,58.4,711.75,770.15,69.35,6434.95,6504.3,251.85,76.64999999999999,328.5,Mason County
MI,Mecosta County,2010,511.0,0.0,511.0,273.75,0.0,273.75,1500.15,248.2,1748.35,Mecosta County
MI,Menominee County,2010,47.45,368.65,416.1,0.0,894.2500000000001,894.2500000000001,0.0,7.3,7.3,Menominee County
MI,Midland County,2010,62.05,0.0,62.05,29.2,1507.45,1536.65,69.35,94.9,164.25,Midland County
MI,Monroe County,2010,21.9,4558.85,4580.75,5055.25,0.0,5055.25,616.85,438.0,1054.85,Monroe County
MI,Muskegon County,2010,770.15,5602.75,6372.900000000001,1043.9,3474.8,4518.700000000001,715.4,94.9,810.3000000000001,Muskegon County
MI,Oakland County,2010,8066.500000000001,0.0,8066.500000000001,186.15,10.95,197.1,1011.05,832.1999999999999,1843.25,Oakland County
MI,Oceana County,2010,405.15,0.0,405.15,262.8,0.0,262.8,719.05,182.5,901.55,Oceana County
MI,Osceola County,2010,813.95,0.0,813.95,186.15,0.0,186.15,47.45,58.4,105.85,Osceola County
MI,Ottawa County,2010,116.8,39890.850000000006,40007.65,109.5,255.5,365.0,1722.8,1770.2499999999998,3493.05,Ottawa County
MI,Presque Isle County,2010,186.15,0.0,186.15,0.0,7876.7,7876.7,73.0,14.6,87.6,Presque Isle County
MI,St Clair County,2010,149.64999999999998,14614.6,14764.250000000002,0.0,5814.45,5814.45,18.25,178.85,197.1,St. Clair County
MI,St Joseph County,2010,1215.45,0.0,1215.45,1518.4,62.05,1580.45,6785.35,2310.45,9095.8,St. Joseph County
MI,Sanilac County,2010,485.4500000000001,105.85,591.3000000000001,36.5,10.95,47.45,251.85,29.2,281.05,Sanilac County
MI,Schoolcraft County,2010,7.3,102.2,109.5,0.0,1657.1,1657.1,0.0,36.5,36.5,Schoolcraft County
MI,Shiawassee County,2010,974.55,0.0,974.55,7.3,0.0,7.3,47.45,62.05,109.5,Shiawassee County
MI,Van Buren County,2010,1127.85,543.85,1671.7,281.05,29.2,310.25,5161.1,1054.85,6215.950000000001,Van Buren County
MI,Washtenaw County,2010,1649.8,5321.7,6971.500000000001,657.0,32.85,689.8499999999999,386.9,317.55,704.4499999999999,Washtenaw County
MI,Wayne County,2010,0.0,203064.1,203064.1,0.0,116635.75,116635.75,76.64999999999999,219.0,295.65000000000003,Wayne County
MI,Wexford County,2010,963.6,0.0,963.6,470.85,0.0,470.85,153.29999999999998,401.50000000000006,554.8,Wexford County
MN,Anoka County,2010,10522.95,31915.6,42438.55,113.15,47.45,160.6,1095.0,324.85,1419.85,Anoka County
MN,Beltrami County,2010,532.9,0.0,532.9,18.25,0.0,18.25,47.45,839.4999999999999,886.95,Beltrami County
MN,Benton County,2010,708.1,0.0,708.1,109.5,3405.45,3514.9500000000003,2949.2,40.15,2989.35,Benton County
MN,Big Stone County,2010,186.15,0.0,186.15,0.0,10.95,10.95,189.8,7.3,197.1,Big Stone County
MN,Blue Earth County,2010,2248.4,0.0,2248.4,1434.45,0.0,1434.45,69.35,10.95,80.3,Blue Earth County
MN,Brown County,2010,354.05,0.0,354.05,65.7,0.0,65.7,321.2,51.1,372.3,Brown County
MN,Carlton County,2010,580.35,0.0,580.35,0.0,1996.55,1996.55,14.6,7.3,21.9,Carlton County
MN,Carver County,2010,3076.95,0.0,3076.95,178.85,0.0,178.85,204.4,69.35,273.75,Carver County
MN,Chippewa County,2010,456.25,0.0,456.25,0.0,94.9,94.9,36.5,0.0,36.5,Chippewa County
MN,Cottonwood County,2010,624.15,0.0,624.15,383.25,0.0,383.25,164.25,10.95,175.2,Cottonwood County
MN,Crow Wing County,2010,1211.8,0.0,1211.8,3.65,686.1999999999999,689.8499999999999,1073.1,94.9,1168.0,Crow Wing County
MN,Dakota County,2010,13702.1,1354.15,15056.25,4215.75,0.0,4215.75,5168.4,193.45,5361.849999999999,Dakota County
MN,Dodge County,2010,313.9,0.0,313.9,124.1,0.0,124.1,3.65,10.95,14.6,Dodge County
MN,Douglas County,2010,657.0,0.0,657.0,73.0,0.0,73.0,551.15,21.9,573.0500000000001,Douglas County
MN,Faribault County,2010,412.45,0.0,412.45,270.1,0.0,270.1,21.9,0.0,21.9,Faribault County
MN,Fillmore County,2010,492.75000000000006,0.0,492.75000000000006,14.6,0.0,14.6,7.3,7.3,14.6,Fillmore County
MN,Freeborn County,2010,1299.4,0.0,1299.4,182.5,0.0,182.5,32.85,0.0,32.85,Freeborn County
MN,Goodhue County,2010,1113.25,0.0,1113.25,91.25,0.0,91.25,412.45,40.15,452.6,Goodhue County
MN,Hennepin County,2010,29283.95,0.0,29283.95,1788.5000000000002,0.0,1788.5000000000002,1591.4,171.54999999999998,1762.95,Hennepin County
MN,Hubbard County,2010,248.2,0.0,248.2,521.9499999999999,0.0,521.9499999999999,2883.5,14.6,2898.1000000000004,Hubbard County
MN,Isanti County,2010,507.35,0.0,507.35,76.64999999999999,0.0,76.64999999999999,273.75,3.65,277.4,Isanti County
MN,Itasca County,2010,770.15,0.0,770.15,0.0,2511.2,2511.2,36.5,156.95,193.45,Itasca County
MN,Jackson County,2010,222.65,0.0,222.65,284.7,0.0,284.7,10.95,10.95,21.9,Jackson County
MN,Kandiyohi County,2010,1722.8,0.0,1722.8,182.5,0.0,182.5,897.9,43.8,941.7,Kandiyohi County
MN,Koochiching County,2010,36.5,251.85,288.35,0.0,16103.8,16103.8,0.0,153.29999999999998,153.29999999999998,Koochiching County
MN,Lac qui Parle County,2010,171.54999999999998,0.0,171.54999999999998,507.35,0.0,507.35,295.65000000000003,18.25,313.9,Lac qui Parle County
MN,Le Sueur County,2010,846.8,0.0,846.8,135.05,0.0,135.05,160.6,21.9,182.5,Le Sueur County
MN,Lyon County,2010,1251.95,0.0,1251.95,554.8,3.65,558.45,0.0,58.4,58.4,Lyon County
MN,McLeod County,2010,1109.6,0.0,1109.6,923.45,0.0,923.45,69.35,14.6,83.95,McLeod County
MN,Martin County,2010,153.29999999999998,547.5,700.8,722.7,0.0,722.7,40.15,3.65,43.8,Martin County
MN,Meeker County,2010,463.55,0.0,463.55,36.5,7.3,43.8,562.1,21.9,584.0,Meeker County
MN,Mower County,2010,1095.0,0.0,1095.0,1160.7,0.0,1160.7,142.35,29.2,171.54999999999998,Mower County
MN,Nicollet County,2010,1543.95,0.0,1543.95,116.8,3.65,120.45,18.25,29.2,47.45,Nicollet County
MN,Nobles County,2010,1204.5,0.0,1204.5,0.0,3.65,3.65,3.65,65.7,69.35,Nobles County
MN,Olmsted County,2010,4850.849999999999,0.0,4850.849999999999,459.9,0.0,459.9,80.3,47.45,127.75,Olmsted County
MN,Otter Tail County,2010,897.9,386.9,1284.8,518.3,0.0,518.3,8913.300000000001,102.2,9015.5,Otter Tail County
MN,Polk County,2010,321.2,2576.9,2898.1000000000004,29.2,3.65,32.85,43.8,1248.3,1292.1,Polk County
MN,Pope County,2010,171.54999999999998,0.0,171.54999999999998,10.95,0.0,10.95,5193.95,3.65,5197.6,Pope County
MN,Ramsey County,2010,6471.45,15435.85,21907.300000000003,1142.45,113.15,1255.6,332.15000000000003,146.0,478.15,Ramsey County
MN,Redwood County,2010,343.1,0.0,343.1,47.45,7.3,54.75,10.95,29.2,40.15,Redwood County
MN,Renville County,2010,379.6,0.0,379.6,167.9,0.0,167.9,32.85,62.05,94.9,Renville County
MN,Rice County,2010,1952.75,0.0,1952.75,193.45,0.0,193.45,153.29999999999998,80.3,233.6,Rice County
MN,St Louis County,2010,1500.15,11628.9,13129.05,43.8,1146.1,1189.9,10.95,178.85,189.8,St. Louis County
MN,Scott County,2010,3493.05,0.0,3493.05,908.85,0.0,908.85,171.54999999999998,105.85,277.4,Scott County
MN,Sherburne County,2010,1595.05,0.0,1595.05,229.95,0.0,229.95,6424.000000000001,270.1,6694.1,Sherburne County
MN,Sibley County,2010,540.2,0.0,540.2,259.15,10.95,270.1,18.25,0.0,18.25,Sibley County
MN,Stearns County,2010,2693.7,2631.65,5325.35,463.55,0.0,463.55,4686.6,299.29999999999995,4985.9,Stearns County
MN,Steele County,2010,1503.8,0.0,1503.8,7.3,0.0,7.3,29.2,3.65,32.85,Steele County
MN,Stevens County,2010,292.0,0.0,292.0,43.8,14.6,58.4,1343.2,10.95,1354.15,Stevens County
MN,Swift County,2010,317.55,0.0,317.55,156.95,0.0,156.95,2569.6,21.9,2591.5,Swift County
MN,Todd County,2010,423.4,0.0,423.4,197.1,0.0,197.1,1540.3,80.3,1620.6,Todd County
MN,Wabasha County,2010,854.0999999999999,0.0,854.0999999999999,160.6,0.0,160.6,69.35,29.2,98.55,Wabasha County
MN,Waseca County,2010,616.85,0.0,616.85,434.35,0.0,434.35,25.55,0.0,25.55,Waseca County
MN,Washington County,2010,7080.999999999999,0.0,7080.999999999999,1865.15,0.0,1865.15,1062.15,116.8,1178.95,Washington County
MN,Watonwan County,2010,598.5999999999999,0.0,598.5999999999999,21.9,0.0,21.9,200.75000000000003,18.25,219.0,Watonwan County
MN,Winona County,2010,1343.2,0.0,1343.2,839.4999999999999,0.0,839.4999999999999,83.95,0.0,83.95,Winona County
MN,Wright County,2010,3222.95,0.0,3222.95,76.64999999999999,0.0,76.64999999999999,846.8,109.5,956.3,Wright County
MS,Adams County,2010,1737.4,0.0,1737.4,682.5500000000001,0.0,682.5500000000001,0.0,3.65,3.65,Adams County
MS,Bolivar County,2010,1105.9499999999998,0.0,1105.9499999999998,386.9,0.0,386.9,150339.85,7913.2,158253.05,Bolivar County
MS,Calhoun County,2010,598.5999999999999,0.0,598.5999999999999,36.5,0.0,36.5,3.65,237.25,240.9,Calhoun County
MS,Carroll County,2010,302.95,0.0,302.95,3.65,0.0,3.65,2179.05,113.15,2292.2000000000003,Carroll County
MS,Coahoma County,2010,1273.85,0.0,1273.85,14.6,0.0,14.6,54483.55,2868.9,57352.45,Coahoma County
MS,Copiah County,2010,1795.8,0.0,1795.8,1284.8,0.0,1284.8,10.95,32.85,43.8,Copiah County
MS,De Soto County,2010,5099.05,0.0,5099.05,682.5500000000001,0.0,682.5500000000001,5029.7,266.45,5296.15,DeSoto County
MS,Forrest County,2010,4661.05,0.0,4661.05,368.65,0.0,368.65,87.6,259.15,346.75,Forrest County
MS,Greene County,2010,784.75,0.0,784.75,1416.2,0.0,1416.2,62.05,178.85,240.9,Greene County
MS,Grenada County,2010,1357.8000000000002,0.0,1357.8000000000002,164.25,1543.95,1708.1999999999998,1175.3000000000002,62.05,1237.35,Grenada County
MS,Hancock County,2010,1719.15,0.0,1719.15,573.0500000000001,233.6,806.65,3.65,7.3,10.95,Hancock County
MS,Harrison County,2010,8030.0,0.0,8030.0,2843.35,0.0,2843.35,0.0,3.65,3.65,Harrison County
MS,Hinds County,2010,5774.3,13307.9,19082.2,613.1999999999999,0.0,613.1999999999999,3.65,14.6,18.25,Hinds County
MS,Holmes County,2010,890.6,0.0,890.6,47.45,0.0,47.45,11424.5,602.25,12026.750000000002,Holmes County
MS,Humphreys County,2010,1142.45,0.0,1142.45,240.9,0.0,240.9,30061.4,1580.45,31641.85,Humphreys County
MS,Jackson County,2010,3540.4999999999995,0.0,3540.4999999999995,777.4499999999999,13176.5,13953.95,10.95,32.85,43.8,Jackson County
MS,Jasper County,2010,1127.85,0.0,1127.85,1244.65,0.0,1244.65,0.0,3.65,3.65,Jasper County
MS,Jefferson Davis County,2010,598.5999999999999,0.0,598.5999999999999,1361.45,0.0,1361.45,10.95,32.85,43.8,Jefferson Davis County
MS,Jones County,2010,4533.3,0.0,4533.3,631.45,0.0,631.45,14.6,43.8,58.4,Jones County
MS,Lafayette County,2010,1616.9499999999998,0.0,1616.9499999999998,3.65,0.0,3.65,0.0,10.95,10.95,Lafayette County
MS,Lamar County,2010,2186.35,0.0,2186.35,83.95,0.0,83.95,3.65,14.6,18.25,Lamar County
MS,Lauderdale County,2010,3785.05,0.0,3785.05,10.95,0.0,10.95,7.3,21.9,29.2,Lauderdale County
MS,Lawrence County,2010,638.75,0.0,638.75,237.25,12497.6,12734.85,76.64999999999999,18.25,94.9,Lawrence County
MS,Leflore County,2010,1635.2,0.0,1635.2,197.1,0.0,197.1,57173.6,3007.6,60181.2,Leflore County
MS,Lincoln County,2010,1372.4,0.0,1372.4,87.6,0.0,87.6,3.65,10.95,14.6,Lincoln County
MS,Lowndes County,2010,3226.6,0.0,3226.6,1277.5,6292.599999999999,7570.099999999999,14.6,1314.0,1328.6,Lowndes County
MS,Marion County,2010,1215.45,0.0,1215.45,10.95,0.0,10.95,25.55,76.64999999999999,102.2,Marion County
MS,Marshall County,2010,843.15,0.0,843.15,21.9,0.0,21.9,0.0,25.55,25.55,Marshall County
MS,Monroe County,2010,1361.45,0.0,1361.45,4453.0,0.0,4453.0,25.55,2471.05,2496.6,Monroe County
MS,Neshoba County,2010,1182.6,0.0,1182.6,7.3,0.0,7.3,3.65,14.6,18.25,Neshoba County
MS,Noxubee County,2010,438.0,0.0,438.0,32.85,0.0,32.85,25.55,2576.9,2602.45,Noxubee County
MS,Panola County,2010,1277.5,0.0,1277.5,164.25,0.0,164.25,10752.9,565.75,11318.65,Panola County
MS,Perry County,2010,543.85,0.0,543.85,36.5,7190.5,7227.0,51.1,146.0,197.1,Perry County
MS,Pike County,2010,2051.3,0.0,2051.3,478.15,0.0,478.15,3.65,14.6,18.25,Pike County
MS,Quitman County,2010,324.85,0.0,324.85,65.7,0.0,65.7,44975.3,2368.85,47344.15,Quitman County
MS,Rankin County,2010,6069.95,0.0,6069.95,208.05,0.0,208.05,10.95,29.2,40.15,Rankin County
MS,Scott County,2010,2996.65,0.0,2996.65,540.2,0.0,540.2,7.3,25.55,32.85,Scott County
MS,Simpson County,2010,1711.85,0.0,1711.85,3.65,0.0,3.65,7.3,25.55,32.85,Simpson County
MS,Stone County,2010,427.05,0.0,427.05,631.45,0.0,631.45,18.25,54.75,73.0,Stone County
MS,Sunflower County,2010,1233.7,0.0,1233.7,47.45,0.0,47.45,111901.7,5891.1,117792.8,Sunflower County
MS,Tate County,2010,671.6,0.0,671.6,18.25,0.0,18.25,1299.4,69.35,1368.75,Tate County
MS,Tippah County,2010,1200.85,0.0,1200.85,73.0,0.0,73.0,0.0,36.5,36.5,Tippah County
MS,Warren County,2010,3029.5000000000005,0.0,3029.5000000000005,40.15,4668.349999999999,4708.5,525.6,29.2,554.8,Warren County
MS,Washington County,2010,4463.95,0.0,4463.95,73.0,0.0,73.0,92633.35,4876.4,97509.75,Washington County
MS,Yazoo County,2010,1868.8,0.0,1868.8,2985.7,0.0,2985.7,9719.95,511.0,10230.95,Yazoo County
MO,Audrain County,2010,730.0,65.7,795.7,208.05,0.0,208.05,485.4500000000001,1675.35,2160.8,Audrain County
MO,Barry County,2010,1616.9499999999998,0.0,1616.9499999999998,576.7,0.0,576.7,105.85,0.0,105.85,Barry County
MO,Barton County,2010,463.55,182.5,646.05,3.65,0.0,3.65,2784.95,726.35,3511.3,Barton County
MO,Boone County,2010,5799.85,0.0,5799.85,7.3,0.0,7.3,361.35,0.0,361.35,Boone County
MO,Cape Girardeau County,2010,1522.05,1522.05,3044.1,4350.8,1007.4,5358.2,3664.6,215.35,3879.95,Cape Girardeau County
MO,Carroll County,2010,372.3,0.0,372.3,142.35,0.0,142.35,1204.5,0.0,1204.5,Carroll County
MO,Clay County,2010,11037.6,38901.7,49939.3,1354.15,0.0,1354.15,10.95,0.0,10.95,Clay County
MO,Daviess County,2010,178.85,54.75,233.6,32.85,0.0,32.85,142.35,0.0,142.35,Daviess County
MO,Franklin County,2010,2719.25,0.0,2719.25,32.85,0.0,32.85,288.35,0.0,288.35,Franklin County
MO,Greene County,2010,1850.55,11125.2,12975.749999999998,543.85,0.0,543.85,182.5,0.0,182.5,Greene County
MO,Holt County,2010,138.7,0.0,138.7,131.4,0.0,131.4,5869.2,0.0,5869.2,Holt County
MO,Iron County,2010,124.1,51.1,175.2,3.65,0.0,3.65,7.3,0.0,7.3,Iron County
MO,Jackson County,2010,12731.2,29.2,12760.4,562.1,9639.65,10201.75,76.64999999999999,0.0,76.64999999999999,Jackson County
MO,Jasper County,2010,3069.65,4438.4,7508.05,233.6,0.0,233.6,237.25,1197.1999999999998,1434.45,Jasper County
MO,Jefferson County,2010,2463.75,7931.45,10395.2,233.6,3.65,237.25,47.45,43.8,91.25,Jefferson County
MO,Lawrence County,2010,1087.7,0.0,1087.7,14.6,0.0,14.6,167.9,423.4,591.3000000000001,Lawrence County
MO,McDonald County,2010,657.0,0.0,657.0,970.9,0.0,970.9,0.0,58.4,58.4,McDonald County
MO,Maries County,2010,105.85,0.0,105.85,21.9,0.0,21.9,10.95,0.0,10.95,Maries County
MO,Marion County,2010,164.25,1098.65,1262.9,496.4,0.0,496.4,167.9,587.6500000000001,755.55,Marion County
MO,Mercer County,2010,51.1,0.0,51.1,0.0,3.65,3.65,32.85,0.0,32.85,Mercer County
MO,New Madrid County,2010,1606.0000000000002,0.0,1606.0000000000002,3.65,0.0,3.65,70069.05,0.0,70069.05,New Madrid County
MO,Pettis County,2010,730.0,697.15,1427.15,759.2,0.0,759.2,142.35,0.0,142.35,Pettis County
MO,Pike County,2010,18.25,496.4,514.65,0.0,1390.65,1390.65,153.29999999999998,0.0,153.29999999999998,Pike County
MO,St Charles County,2010,7832.900000000001,0.0,7832.900000000001,532.9,0.0,532.9,208.05,21.9,229.95,St. Charles County
MO,Ste Genevieve County,2010,598.5999999999999,0.0,598.5999999999999,474.5,0.0,474.5,94.9,0.0,94.9,Ste. Genevieve County
MO,St Louis County,2010,667.95,80993.5,81661.45,3.65,0.0,3.65,328.5,0.0,328.5,St. Louis County
MO,Saline County,2010,1109.6,0.0,1109.6,146.0,0.0,146.0,379.6,0.0,379.6,Saline County
MO,Stoddard County,2010,1098.65,0.0,1098.65,10.95,0.0,10.95,118665.15,708.1,119373.25,Stoddard County
MO,Taney County,2010,1616.9499999999998,1204.5,2821.4500000000003,3.65,0.0,3.65,105.85,0.0,105.85,Taney County
MO,Texas County,2010,598.5999999999999,0.0,598.5999999999999,153.29999999999998,0.0,153.29999999999998,14.6,0.0,14.6,Texas County
MO,Warren County,2010,755.55,0.0,755.55,135.05,0.0,135.05,54.75,0.0,54.75,Warren County
MT,Beaverhead County,2010,682.5500000000001,0.0,682.5500000000001,47.45,73.0,120.45,766.5,173805.7,174572.19999999998,Beaverhead County
MT,Big Horn County,2010,171.54999999999998,295.65000000000003,467.2,7.3,0.0,7.3,1606.0000000000002,92837.75,94443.75,Big Horn County
MT,Blaine County,2010,160.6,240.9,401.50000000000006,0.0,7.3,7.3,1682.65,83628.8,85311.45,Blaine County
MT,Broadwater County,2010,375.95,0.0,375.95,25.55,0.0,25.55,740.9499999999999,68817.09999999999,69558.05,Broadwater County
MT,Carbon County,2010,635.1,0.0,635.1,47.45,0.0,47.45,313.9,143448.65,143762.55,Carbon County
MT,Carter County,2010,14.6,0.0,14.6,0.0,7.3,7.3,3.65,40.15,43.8,Carter County
MT,Cascade County,2010,467.2,4380.0,4847.2,3.65,321.2,324.85,529.25,53483.45,54012.7,Cascade County
MT,Chouteau County,2010,270.1,3.65,273.75,7.3,0.0,7.3,292.0,14461.3,14753.3,Chouteau County
MT,Custer County,2010,3.65,511.0,514.65,25.55,0.0,25.55,467.2,53655.0,54122.2,Custer County
MT,Daniels County,2010,76.64999999999999,0.0,76.64999999999999,7.3,0.0,7.3,492.75000000000006,708.1,1200.85,Daniels County
MT,Dawson County,2010,222.65,335.8,558.45,18.25,0.0,18.25,135.05,27564.8,27699.85,Dawson County
MT,Deer Lodge County,2010,795.7,14.6,810.3000000000001,18.25,0.0,18.25,113.15,12541.4,12654.55,Deer Lodge County
MT,Fallon County,2010,109.5,0.0,109.5,25.55,0.0,25.55,259.15,87.6,346.75,Fallon County
MT,Fergus County,2010,412.45,0.0,412.45,120.45,0.0,120.45,459.9,16227.9,16687.8,Fergus County
MT,Flathead County,2010,3142.65,445.3,3587.95,2328.7,21.9,2350.6000000000004,3387.2,11384.35,14771.55,Flathead County
MT,Gallatin County,2010,2022.1,2682.75,4704.85,766.5,0.0,766.5,4088.0,110638.8,114726.8,Gallatin County
MT,Garfield County,2010,14.6,0.0,14.6,0.0,3.65,3.65,80.3,1091.35,1171.65,Garfield County
MT,Glacier County,2010,368.65,313.9,682.5500000000001,91.25,0.0,91.25,219.0,45172.4,45391.4,Glacier County
MT,Golden Valley County,2010,14.6,0.0,14.6,21.9,0.0,21.9,3.65,14282.45,14286.1,Golden Valley County
MT,Granite County,2010,0.0,18.25,18.25,14.6,0.0,14.6,149.64999999999998,25889.45,26039.1,Granite County
MT,Hill County,2010,160.6,631.45,792.05,18.25,0.0,18.25,281.05,2679.1,2960.15,Hill County
MT,Jefferson County,2010,427.05,0.0,427.05,113.15,0.0,113.15,500.05,31828.0,32328.05,Jefferson County
MT,Lake County,2010,762.8499999999999,175.2,938.05,146.0,0.0,146.0,2839.7000000000003,136656.0,139495.7,Lake County
MT,Lewis and Clark County,2010,1054.85,1653.45,2708.3,69.35,375.95,445.3,2555.0,49588.9,52143.9,Lewis and Clark County
MT,Liberty County,2010,73.0,14.6,87.6,7.3,0.0,7.3,29.2,10289.35,10318.55,Liberty County
MT,Lincoln County,2010,321.2,233.6,554.8,47.45,4803.4,4850.849999999999,14.6,310.25,324.85,Lincoln County
MT,McCone County,2010,43.8,0.0,43.8,7.3,0.0,7.3,7.3,9033.75,9041.05,McCone County
MT,Madison County,2010,328.5,0.0,328.5,43.8,0.0,43.8,500.05,156676.25,157176.3,Madison County
MT,Meagher County,2010,18.25,76.64999999999999,94.9,43.8,0.0,43.8,602.25,78230.45000000001,78832.7,Meagher County
MT,Mineral County,2010,105.85,0.0,105.85,835.85,164.25,1000.1,131.4,587.6500000000001,719.05,Mineral County
MT,Missoula County,2010,4876.4,65.7,4942.099999999999,6664.900000000001,1040.25,7705.15,1543.95,15764.35,17308.3,Missoula County
MT,Musselshell County,2010,76.64999999999999,21.9,98.55,21.9,0.0,21.9,116.8,25783.6,25900.4,Musselshell County
MT,Park County,2010,876.0,0.0,876.0,105.85,0.0,105.85,514.65,68371.8,68886.45,Park County
MT,Phillips County,2010,200.75000000000003,0.0,200.75000000000003,10.95,0.0,10.95,1631.55,86775.1,88406.65000000001,Phillips County
MT,Pondera County,2010,105.85,186.15,292.0,7.3,0.0,7.3,1120.55,87198.5,88319.05,Pondera County
MT,Powell County,2010,540.2,0.0,540.2,21.9,0.0,21.9,397.85,49245.8,49643.65,Powell County
MT,Ravalli County,2010,832.1999999999999,324.85,1157.05,354.05,0.0,354.05,1237.35,57429.1,58666.45,Ravalli County
MT,Richland County,2010,405.15,0.0,405.15,3.65,306.6,310.25,386.9,81132.2,81519.1,Richland County
MT,Roosevelt County,2010,350.4,87.6,438.0,3.65,0.0,3.65,974.55,29835.1,30809.65,Roosevelt County
MT,Rosebud County,2010,255.5,302.95,558.45,21.9,0.0,21.9,591.3000000000001,58994.95,59586.25,Rosebud County
MT,Sanders County,2010,259.15,18.25,277.4,127.75,0.0,127.75,1708.1999999999998,20297.65,22005.85,Sanders County
MT,Sheridan County,2010,109.5,0.0,109.5,10.95,0.0,10.95,4974.950000000001,1708.1999999999998,6683.15,Sheridan County
MT,Silver Bow County,2010,10.95,4113.55,4124.5,868.6999999999999,0.0,868.6999999999999,58.4,2861.6,2920.0,Silver Bow County
MT,Stillwater County,2010,142.35,0.0,142.35,32.85,0.0,32.85,1000.1,29930.0,30930.1,Stillwater County
MT,Sweet Grass County,2010,186.15,0.0,186.15,40.15,0.0,40.15,153.29999999999998,55538.4,55691.7,Sweet Grass County
MT,Teton County,2010,405.15,18.25,423.4,18.25,0.0,18.25,313.9,154635.90000000002,154949.8,Teton County
MT,Toole County,2010,394.2000000000001,10.95,405.15,0.0,54.75,54.75,69.35,2416.3,2485.65,Toole County
MT,Treasure County,2010,0.0,25.55,25.55,0.0,7.3,7.3,416.1,32244.1,32660.2,Treasure County
MT,Valley County,2010,94.9,478.15,573.0500000000001,32.85,0.0,32.85,1660.75,66641.70000000001,68302.45,Valley County
MT,Wheatland County,2010,120.45,0.0,120.45,7.3,0.0,7.3,1098.65,44876.75,45975.4,Wheatland County
MT,Yellowstone County,2010,350.4,8734.45,9084.85,189.8,3598.9,3788.7,1821.35,110726.4,112547.75,Yellowstone County
NE,Adams County,2010,2620.7,0.0,2620.7,894.2500000000001,0.0,894.2500000000001,42336.35,51.1,42387.45,Adams County
NE,Buffalo County,2010,2580.55,0.0,2580.55,795.7,0.0,795.7,57242.95,22462.1,79705.05,Buffalo County
NE,Cass County,2010,5026.05,138.7,5164.75,405.15,0.0,405.15,390.55,0.0,390.55,Cass County
NE,Colfax County,2010,390.55,0.0,390.55,711.75,0.0,711.75,6894.85,0.0,6894.85,Colfax County
NE,Dakota County,2010,1127.85,0.0,1127.85,273.75,0.0,273.75,1011.05,0.0,1011.05,Dakota County
NE,Dawson County,2010,2503.9,0.0,2503.9,222.65,0.0,222.65,36989.1,25334.65,62323.75,Dawson County
NE,Dixon County,2010,281.05,0.0,281.05,3.65,0.0,3.65,2777.65,0.0,2777.65,Dixon County
NE,Dodge County,2010,361.35,0.0,361.35,675.25,0.0,675.25,10986.5,0.0,10986.5,Dodge County
NE,Douglas County,2010,5646.55,17925.15,23571.7,76.64999999999999,0.0,76.64999999999999,2660.85,0.0,2660.85,Douglas County
NE,Furnas County,2010,193.45,0.0,193.45,105.85,0.0,105.85,8154.1,3033.15,11187.25,Furnas County
NE,Gage County,2010,1671.7,0.0,1671.7,175.2,0.0,175.2,6635.7,0.0,6635.7,Gage County
NE,Hall County,2010,4953.05,0.0,4953.05,372.3,0.0,372.3,41547.95,167.9,41715.850000000006,Hall County
NE,Hitchcock County,2010,149.64999999999998,0.0,149.64999999999998,167.9,0.0,167.9,6329.1,2127.95,8457.050000000001,Hitchcock County
NE,Holt County,2010,635.1,0.0,635.1,248.2,0.0,248.2,125038.05,0.0,125038.05,Holt County
NE,Kearney County,2010,302.95,0.0,302.95,193.45,0.0,193.45,31083.4,5635.599999999999,36719.0,Kearney County
NE,Lancaster County,2010,339.45000000000005,0.0,339.45000000000005,21.9,0.0,21.9,2799.55,0.0,2799.55,Lancaster County
NE,Lincoln County,2010,2135.25,0.0,2135.25,29.2,0.0,29.2,67240.3,16811.9,84052.2,Lincoln County
NE,Madison County,2010,1850.55,0.0,1850.55,547.5,3.65,551.15,11672.7,0.0,11672.7,Madison County
NE,Morrill County,2010,313.9,0.0,313.9,171.54999999999998,0.0,171.54999999999998,11187.25,50505.05,61692.3,Morrill County
NE,Pierce County,2010,365.0,0.0,365.0,211.7,0.0,211.7,18542.0,0.0,18542.0,Pierce County
NE,Platte County,2010,2117.0,0.0,2117.0,2788.6,0.0,2788.6,38518.45,0.0,38518.45,Platte County
NE,Red Willow County,2010,821.25,0.0,821.25,7.3,0.0,7.3,9738.2,3485.7500000000005,13223.95,Red Willow County
NE,Saline County,2010,540.2,0.0,540.2,591.3000000000001,0.0,591.3000000000001,14607.3,773.8000000000001,15381.1,Saline County
NE,Sarpy County,2010,9427.95,0.0,9427.95,58.4,0.0,58.4,1116.9,0.0,1116.9,Sarpy County
NE,Saunders County,2010,19764.75,0.0,19764.75,32.85,0.0,32.85,17417.8,0.0,17417.8,Saunders County
NE,Scotts Bluff County,2010,2726.55,0.0,2726.55,401.50000000000006,846.8,1248.3,2587.85,181784.6,184372.45,Scotts Bluff County
NE,Thayer County,2010,288.35,0.0,288.35,3.65,0.0,3.65,28042.95,186.15,28229.1,Thayer County
NE,Washington County,2010,160.6,4036.9,4197.5,3.65,0.0,3.65,956.3,0.0,956.3,Washington County
NE,York County,2010,598.5999999999999,0.0,598.5999999999999,317.55,0.0,317.55,48545.0,474.5,49019.50000000001,York County
NV,Churchill County,2010,1135.15,0.0,1135.15,10.95,0.0,10.95,1317.65,63086.6,64404.24999999999,Churchill County
NV,Clark County,2010,19213.6,141178.35,160391.95,164.25,1653.45,1817.7,3639.05,1616.9499999999998,5256.0,Clark County
NV,Douglas County,2010,3832.5,332.15000000000003,4164.65,3.65,0.0,3.65,3679.2,31933.85,35613.05,Douglas County
NV,Lyon County,2010,2927.3,0.0,2927.3,54.75,0.0,54.75,4095.3,69923.05,74018.34999999999,Lyon County
NV,Nye County,2010,1781.2,0.0,1781.2,21.9,0.0,21.9,7639.45,292.0,7931.45,Nye County
NH,Belknap County,2010,438.0,722.7,1160.7,200.75000000000003,54.75,255.5,18.25,10.95,29.2,Belknap County
NH,Carroll County,2010,949.0,248.2,1197.1999999999998,127.75,0.0,127.75,14.6,10.95,25.55,Carroll County
NH,Cheshire County,2010,1032.95,605.9,1638.85,124.1,65.7,189.8,7.3,10.95,18.25,Cheshire County
NH,Coos County,2010,474.5,751.9,1226.4,94.9,2058.6,2153.5,7.3,3.65,10.95,Coos County
NH,Grafton County,2010,923.45,1686.3,2609.75,197.1,43.8,240.9,18.25,14.6,32.85,Grafton County
NH,Hillsborough County,2010,2584.2,10347.75,12931.95,1850.55,222.65,2073.2,127.75,80.3,208.05,Hillsborough County
NH,Merrimack County,2010,1346.85,1901.65,3248.5,248.2,0.0,248.2,83.95,47.45,131.4,Merrimack County
NH,Rockingham County,2010,2905.4,1397.95,4303.349999999999,558.45,83.95,642.4,120.45,40.15,160.6,Rockingham County
NH,Strafford County,2010,1708.1999999999998,2284.9,3993.1,394.2000000000001,47.45,441.65,25.55,18.25,43.8,Strafford County
NH,Sullivan County,2010,302.95,693.5,996.45,83.95,0.0,83.95,32.85,7.3,40.15,Sullivan County
NJ,Atlantic County,2010,11749.35,1095.0,12844.35,799.35,43.8,843.15,4876.4,657.0,5533.4,Atlantic County
NJ,Bergen County,2010,7595.65,32200.3,39795.95,613.1999999999999,813.95,1427.15,186.15,146.0,332.15000000000003,Bergen County
NJ,Burlington County,2010,10464.55,10143.35,20607.9,379.6,18.25,397.85,2876.2,13169.2,16045.4,Burlington County
NJ,Camden County,2010,16888.550000000003,0.0,16888.550000000003,131.4,1182.6,1314.0,711.75,211.7,923.45,Camden County
NJ,Cape May County,2010,4814.349999999999,18.25,4832.6,299.29999999999995,222.65,521.9499999999999,383.25,156.95,540.2,Cape May County
NJ,Cumberland County,2010,6223.25,0.0,6223.25,1963.7,949.0,2912.7000000000003,9157.85,1018.35,10176.2,Cumberland County
NJ,Essex County,2010,9650.6,1678.9999999999998,11329.6,233.6,0.0,233.6,164.25,113.15,277.4,Essex County
NJ,Gloucester County,2010,7519.000000000001,18.25,7537.249999999999,1343.2,8081.1,9424.3,1284.8,1124.2,2409.0,Gloucester County
NJ,Hunterdon County,2010,1562.2,27469.9,29032.1,83.95,193.45,277.4,248.2,135.05,383.25,Hunterdon County
NJ,Mercer County,2010,4361.75,9143.25,13505.0,127.75,10.95,138.7,116.8,2930.95,3047.75,Mercer County
NJ,Middlesex County,2010,10931.75,1839.6,12771.35,1368.75,0.0,1368.75,598.5999999999999,292.0,890.6,Middlesex County
NJ,Monmouth County,2010,6935.0,17961.65,24896.65,667.95,0.0,667.95,682.5500000000001,730.0,1412.55,Monmouth County
NJ,Morris County,2010,15552.65,18257.300000000003,33809.95,438.0,339.45000000000005,777.4499999999999,98.55,215.35,313.9,Morris County
NJ,Ocean County,2010,17709.800000000003,2518.5,20228.3,1314.0,1835.95,3149.9500000000003,970.9,2062.25,3033.15,Ocean County
NJ,Passaic County,2010,2051.3,76894.54999999999,78945.84999999999,277.4,29.2,306.6,58.4,32.85,91.25,Passaic County
NJ,Salem County,2010,1533.0,47.45,1580.45,427.05,3263.1,3690.15,1671.7,1846.9,3518.6000000000004,Salem County
NJ,Somerset County,2010,1390.65,80.3,1470.95,408.8,14.6,423.4,266.45,346.75,613.1999999999999,Somerset County
NJ,Sussex County,2010,1770.2499999999998,419.75,2190.0,36.5,434.35,470.85,76.64999999999999,135.05,211.7,Sussex County
NJ,Union County,2010,3876.3,49212.95,53089.24999999999,514.65,0.0,514.65,142.35,83.95,226.3,Union County
NJ,Warren County,2010,2657.2000000000003,0.0,2657.2000000000003,1127.85,266.45,1394.3,94.9,160.6,255.5,Warren County
NM,Bernalillo County,2010,21162.7,14702.2,35864.9,350.4,0.0,350.4,2832.4,14099.95,16932.35,Bernalillo County
NM,Chaves County,2010,5391.05,0.0,5391.05,21.9,0.0,21.9,73660.65,5223.150000000001,78883.8,Chaves County
NM,Cibola County,2010,959.95,0.0,959.95,894.2500000000001,0.0,894.2500000000001,1255.6,518.3,1773.9,Cibola County
NM,Colfax County,2010,277.4,686.1999999999999,963.6,14.6,0.0,14.6,1208.15,15008.8,16216.95,Colfax County
NM,Dona Ana County,2010,13490.4,0.0,13490.4,40.15,0.0,40.15,40763.2,88424.9,129188.1,Doña Ana County
NM,Eddy County,2010,5037.0,0.0,5037.0,686.1999999999999,0.0,686.1999999999999,35802.85,25557.3,61360.15,Eddy County
NM,Hidalgo County,2010,204.4,0.0,204.4,255.5,0.0,255.5,19085.85,2197.3,21283.15,Hidalgo County
NM,Lea County,2010,4296.05,0.0,4296.05,87.6,0.0,87.6,56589.6,0.0,56589.6,Lea County
NM,Luna County,2010,1321.3,0.0,1321.3,3.65,0.0,3.65,16092.85,21695.6,37788.45,Luna County
NM,McKinley County,2010,1343.2,0.0,1343.2,259.15,0.0,259.15,0.0,357.7,357.7,McKinley County
NM,Otero County,2010,1266.5500000000002,1573.15,2839.7000000000003,10.95,0.0,10.95,5580.849999999999,2193.65,7774.5,Otero County
NM,Sandoval County,2010,5110.0,73.0,5183.0,996.45,0.0,996.45,795.7,15735.15,16530.85,Sandoval County
NM,San Juan County,2010,124.1,6274.35,6398.450000000001,0.0,302.95,302.95,0.0,102360.6,102360.6,San Juan County
NM,Socorro County,2010,748.2499999999999,0.0,748.2499999999999,18.25,0.0,18.25,9895.15,36087.55,45982.7,Socorro County
NM,Valencia County,2010,2135.25,0.0,2135.25,109.5,0.0,109.5,3741.25,52165.8,55907.05,Valencia County
NY,Albany County,2010,2091.4500000000003,13621.8,15713.249999999998,408.8,704.4499999999999,1113.25,32.85,281.05,313.9,Albany County
NY,Allegany County,2010,514.65,375.95,890.6,182.5,0.0,182.5,47.45,87.6,135.05,Allegany County
NY,Broome County,2010,2598.8,2456.4500000000003,5055.25,372.3,0.0,372.3,98.55,156.95,255.5,Broome County
NY,Cattaraugus County,2010,1733.75,744.6,2478.35,94.9,0.0,94.9,80.3,135.05,215.35,Cattaraugus County
NY,Chautauqua County,2010,1835.95,3215.65,5051.6,182.5,0.0,182.5,375.95,281.05,657.0,Chautauqua County
NY,Chemung County,2010,1514.7500000000002,1627.9,3142.65,219.0,0.0,219.0,25.55,43.8,69.35,Chemung County
NY,Chenango County,2010,620.5,135.05,755.55,423.4,0.0,423.4,21.9,87.6,109.5,Chenango County
NY,Clinton County,2010,605.9,2971.1000000000004,3577.0000000000005,0.0,419.75,419.75,7.3,76.64999999999999,83.95,Clinton County
NY,Columbia County,2010,613.1999999999999,456.25,1069.45,328.5,0.0,328.5,94.9,416.1,511.0,Columbia County
NY,Cortland County,2010,1383.35,0.0,1383.35,69.35,0.0,69.35,29.2,43.8,73.0,Cortland County
NY,Delaware County,2010,660.65,163775.5,164436.15,803.0000000000001,0.0,803.0000000000001,18.25,73.0,91.25,Delaware County
NY,Dutchess County,2010,2361.55,4303.349999999999,6664.900000000001,963.6,9676.15,10639.75,105.85,397.85,503.7,Dutchess County
NY,Erie County,2010,438.0,55049.3,55487.3,1040.25,17571.1,18611.35,470.85,755.55,1226.4,Erie County
NY,Essex County,2010,284.7,1204.5,1489.2,0.0,6164.85,6164.85,21.9,105.85,127.75,Essex County
NY,Franklin County,2010,799.35,1124.2,1923.55,229.95,0.0,229.95,10.95,105.85,116.8,Franklin County
NY,Genesee County,2010,631.45,613.1999999999999,1244.65,2752.1,146.0,2898.1000000000004,708.1,1124.2,1832.3,Genesee County
NY,Greene County,2010,175.2,839.4999999999999,1014.7,0.0,321.2,321.2,47.45,226.3,273.75,Greene County
NY,Herkimer County,2010,759.2,719.05,1478.25,281.05,1146.1,1427.15,7.3,98.55,105.85,Herkimer County
NY,Jefferson County,2010,525.6,2492.95,3018.55,51.1,295.65000000000003,346.75,18.25,182.5,200.75000000000003,Jefferson County
NY,Lewis County,2010,131.4,339.45000000000005,470.85,343.1,773.8000000000001,1116.9,7.3,58.4,65.7,Lewis County
NY,Livingston County,2010,408.8,1434.45,1843.25,3.65,58.4,62.05,87.6,138.7,226.3,Livingston County
NY,Monroe County,2010,189.8,32536.1,32725.9,0.0,5515.15,5515.15,248.2,536.55,784.75,Monroe County
NY,Niagara County,2010,0.0,16016.2,16016.2,346.75,31098.0,31444.750000000004,270.1,543.85,813.95,Niagara County
NY,Oneida County,2010,459.9,6310.849999999999,6770.75,0.0,2153.5,2153.5,25.55,251.85,277.4,Oneida County
NY,Onondaga County,2010,379.6,34875.75,35255.35,113.15,386.9,500.05,317.55,547.5,865.0500000000001,Onondaga County
NY,Ontario County,2010,266.45,2693.7,2960.15,14.6,3.65,18.25,142.35,248.2,390.55,Ontario County
NY,Orange County,2010,3255.8,5799.85,9055.65,3.65,0.0,3.65,233.6,1043.9,1277.5,Orange County
NY,Oswego County,2010,908.85,3285.0,4193.85,448.95,273.75,722.7,142.35,284.7,427.05,Oswego County
NY,Otsego County,2010,200.75000000000003,1124.2,1324.95,0.0,3.65,3.65,25.55,120.45,146.0,Otsego County
NY,Rensselaer County,2010,219.0,6562.7,6781.7,80.3,18.25,98.55,58.4,262.8,321.2,Rensselaer County
NY,St Lawrence County,2010,554.8,2179.05,2733.85,197.1,2277.6,2474.7000000000003,10.95,131.4,142.35,St. Lawrence County
NY,Saratoga County,2010,2901.75,832.1999999999999,3733.95,149.64999999999998,8219.8,8369.45,43.8,222.65,266.45,Saratoga County
NY,Schenectady County,2010,8139.5,0.0,8139.5,543.85,5438.5,5982.35,40.15,175.2,215.35,Schenectady County
NY,Seneca County,2010,47.45,872.35,919.8,189.8,1397.95,1587.7499999999998,32.85,54.75,87.6,Seneca County
NY,Steuben County,2010,1839.6,565.75,2405.35,1281.15,0.0,1281.15,167.9,244.55,412.45,Steuben County
NY,Ulster County,2010,784.75,162654.95,163439.69999999998,0.0,14.6,14.6,226.3,1022.0,1248.3,Ulster County
NY,Warren County,2010,266.45,3741.25,4007.7,901.55,14121.85,15023.4,3.65,73.0,76.64999999999999,Warren County
NY,Washington County,2010,354.05,529.25,883.3,0.0,751.9,751.9,14.6,142.35,156.95,Washington County
NY,Wayne County,2010,361.35,1678.9999999999998,2040.35,69.35,0.0,69.35,226.3,390.55,616.85,Wayne County
NY,Westchester County,2010,514.65,7610.250000000001,8124.900000000001,0.0,3044.1,3044.1,171.54999999999998,726.35,897.9,Westchester County
NY,Wyoming County,2010,244.55,700.8,945.35,0.0,3350.7,3350.7,361.35,584.0,945.35,Wyoming County
NY,Yates County,2010,62.05,292.0,354.05,0.0,18.25,18.25,47.45,91.25,138.7,Yates County
NC,Alamance County,2010,73.0,6153.9,6226.9,0.0,14.6,14.6,0.0,1058.5,1058.5,Alamance County
NC,Avery County,2010,456.25,94.9,551.15,0.0,485.4500000000001,485.4500000000001,98.55,2277.6,2376.15,Avery County
NC,Beaufort County,2010,1456.35,0.0,1456.35,22929.3,0.0,22929.3,350.4,87.6,438.0,Beaufort County
NC,Bertie County,2010,3938.35,0.0,3938.35,1043.9,0.0,1043.9,102.2,2080.5,2182.7000000000003,Bertie County
NC,Bladen County,2010,708.1,12621.7,13329.8,594.9499999999999,3978.5,4573.45,963.6,2252.05,3215.65,Bladen County
NC,Brunswick County,2010,0.0,1748.35,1748.35,0.0,1795.8,1795.8,558.45,2230.15,2788.6,Brunswick County
NC,Caldwell County,2010,47.45,2649.9,2697.35,0.0,65.7,65.7,368.65,3339.75,3708.4,Caldwell County
NC,Carteret County,2010,2522.15,0.0,2522.15,14.6,0.0,14.6,540.2,135.05,675.25,Carteret County
NC,Chatham County,2010,29.2,8051.9,8081.1,0.0,91.25,91.25,51.1,481.8,532.9,Chatham County
NC,Cleveland County,2010,36.5,3839.8,3876.3,0.0,58.4,58.4,69.35,616.85,686.1999999999999,Cleveland County
NC,Columbus County,2010,945.35,0.0,945.35,0.0,12665.500000000002,12665.500000000002,262.8,598.5999999999999,861.4,Columbus County
NC,Craven County,2010,5164.75,0.0,5164.75,310.25,5281.55,5591.8,1237.35,302.95,1540.3,Craven County
NC,Duplin County,2010,1927.2,0.0,1927.2,1200.85,0.0,1200.85,1890.7,4412.85,6303.55,Duplin County
NC,Gaston County,2010,671.6,8646.85,9318.45,3.65,306.6,310.25,98.55,536.55,635.1,Gaston County
NC,Guilford County,2010,354.05,16600.199999999997,16954.25,32.85,0.0,32.85,302.95,2784.95,3087.9,Guilford County
NC,Halifax County,2010,21.9,3624.45,3646.35,0.0,6402.099999999999,6402.099999999999,91.25,832.1999999999999,923.45,Halifax County
NC,Haywood County,2010,21.9,2022.1,2044.0,0.0,11041.25,11041.25,36.5,511.0,547.5,Haywood County
NC,Hertford County,2010,824.9,0.0,824.9,912.5,0.0,912.5,890.6,886.95,1777.55,Hertford County
NC,Iredell County,2010,1259.25,2777.65,4036.9,51.1,0.0,51.1,175.2,1631.55,1806.75,Iredell County
NC,Jackson County,2010,233.6,456.25,689.8499999999999,0.0,29.2,29.2,40.15,602.25,642.4,Jackson County
NC,Lee County,2010,36.5,2354.25,2390.75,0.0,365.0,365.0,138.7,821.25,959.95,Lee County
NC,Lenoir County,2010,1427.15,2857.95,4285.1,302.95,0.0,302.95,503.7,949.0,1452.7,Lenoir County
NC,McDowell County,2010,222.65,551.15,773.8000000000001,430.7,51.1,481.8,83.95,1642.5,1726.45,McDowell County
NC,Martin County,2010,562.1,0.0,562.1,215.35,21155.4,21370.75,124.1,722.7,846.8,Martin County
NC,Mecklenburg County,2010,401.50000000000006,44292.75,44694.25,29.2,2379.8,2409.0,551.15,1642.5,2193.65,Mecklenburg County
NC,New Hanover County,2010,1737.4,0.0,1737.4,1646.15,397.85,2044.0,474.5,474.5,949.0,New Hanover County
NC,Pitt County,2010,1368.75,4869.1,6237.85,91.25,0.0,91.25,1463.65,620.5,2084.15,Pitt County
NC,Robeson County,2010,5923.95,1460.0,7383.95,146.0,0.0,146.0,525.6,1211.8,1737.4,Robeson County
NC,Rockingham County,2010,1525.6999999999998,4540.599999999999,6066.3,0.0,3.65,3.65,222.65,1996.55,2219.2,Rockingham County
NC,Rowan County,2010,156.95,2992.9999999999995,3149.9500000000003,0.0,149.64999999999998,149.64999999999998,94.9,897.9,992.8,Rowan County
NC,Sampson County,2010,930.75,0.0,930.75,576.7,0.0,576.7,1511.1,6062.65,7573.75,Sampson County
NC,Scotland County,2010,1109.6,0.0,1109.6,0.0,215.35,215.35,178.85,529.25,708.1,Scotland County
NC,Surry County,2010,770.15,1142.45,1912.6,0.0,40.15,40.15,0.0,1200.85,1200.85,Surry County
NC,Union County,2010,18.25,2204.6,2222.85,0.0,730.0,730.0,547.5,664.3000000000001,1211.8,Union County
NC,Wayne County,2010,2620.7,1748.35,4369.05,51.1,0.0,51.1,912.5,1814.05,2726.55,Wayne County
NC,Wilkes County,2010,21.9,2602.45,2624.3500000000004,0.0,755.55,755.55,40.15,354.05,394.2000000000001,Wilkes County
NC,Wilson County,2010,292.0,3303.2500000000005,3595.25,10.95,0.0,10.95,434.35,985.5,1419.85,Wilson County
ND,Bowman County,2010,80.3,0.0,80.3,21.9,0.0,21.9,0.0,233.6,233.6,Bowman County
ND,Burleigh County,2010,270.1,3317.85,3587.95,25.55,0.0,25.55,481.8,1303.05,1784.85,Burleigh County
ND,Cass County,2010,1003.75,3894.55,4898.3,98.55,324.85,423.4,635.1,171.54999999999998,806.65,Cass County
ND,Cavalier County,2010,0.0,219.0,219.0,0.0,3.65,3.65,0.0,3.65,3.65,Cavalier County
ND,Divide County,2010,80.3,0.0,80.3,18.25,0.0,18.25,602.25,14.6,616.85,Divide County
ND,Dunn County,2010,54.75,0.0,54.75,91.25,0.0,91.25,25.55,532.9,558.45,Dunn County
ND,Eddy County,2010,317.55,0.0,317.55,0.0,47.45,47.45,138.7,3.65,142.35,Eddy County
ND,Kidder County,2010,32.85,0.0,32.85,3.65,0.0,3.65,4668.349999999999,54.75,4723.099999999999,Kidder County
ND,McHenry County,2010,248.2,0.0,248.2,94.9,0.0,94.9,2784.95,4463.95,7248.9,McHenry County
ND,McKenzie County,2010,208.05,83.95,292.0,98.55,21.9,120.45,605.9,11771.25,12377.15,McKenzie County
ND,Mercer County,2010,306.6,1430.8,1737.4,0.0,2876.2,2876.2,233.6,375.95,609.55,Mercer County
ND,Morton County,2010,0.0,941.7,941.7,0.0,310.25,310.25,149.64999999999998,543.85,693.5,Morton County
ND,Mountrail County,2010,109.5,69.35,178.85,153.29999999999998,284.7,438.0,51.1,131.4,182.5,Mountrail County
ND,Oliver County,2010,29.2,0.0,29.2,32.85,178.85,211.7,237.25,1419.85,1657.1,Oliver County
ND,Pembina County,2010,317.55,65.7,383.25,94.9,0.0,94.9,25.55,204.4,229.95,Pembina County
ND,Richland County,2010,664.3000000000001,0.0,664.3000000000001,423.4,649.7,1073.1,178.85,3.65,182.5,Richland County
ND,Stutsman County,2010,1142.45,0.0,1142.45,854.0999999999999,14.6,868.6999999999999,1014.7,0.0,1014.7,Stutsman County
ND,Ward County,2010,2065.9,0.0,2065.9,3.65,0.0,3.65,32.85,255.5,288.35,Ward County
ND,Williams County,2010,229.95,832.1999999999999,1062.15,83.95,0.0,83.95,2230.15,3682.85,5913.0,Williams County
OH,Allen County,2010,124.1,9763.75,9887.85,959.95,0.0,959.95,47.45,211.7,259.15,Allen County
OH,Ashland County,2010,1014.7,0.0,1014.7,32.85,0.0,32.85,3.65,21.9,25.55,Ashland County
OH,Ashtabula County,2010,197.1,2631.65,2828.75,0.0,7500.75,7500.75,0.0,40.15,40.15,Ashtabula County
OH,Auglaize County,2010,2204.6,0.0,2204.6,47.45,0.0,47.45,10.95,0.0,10.95,Auglaize County
OH,Butler County,2010,21480.25,0.0,21480.25,6610.15,3292.3,9902.45,156.95,58.4,215.35,Butler County
OH,Carroll County,2010,295.65000000000003,29.2,324.85,29.2,0.0,29.2,0.0,21.9,21.9,Carroll County
OH,Champaign County,2010,952.65,0.0,952.65,313.9,0.0,313.9,846.8,40.15,886.95,Champaign County
OH,Clark County,2010,6172.15,0.0,6172.15,14.6,0.0,14.6,463.55,945.35,1408.9,Clark County
OH,Columbiana County,2010,828.55,1416.2,2244.75,10.95,0.0,10.95,3.65,124.1,127.75,Columbiana County
OH,Coshocton County,2010,2284.9,0.0,2284.9,1744.7,0.0,1744.7,65.7,0.0,65.7,Coshocton County
OH,Cuyahoga County,2010,0.0,84037.6,84037.6,120.45,25776.300000000003,25896.75,32.85,175.2,208.05,Cuyahoga County
OH,Darke County,2010,518.3,507.35,1025.65,226.3,0.0,226.3,25.55,73.0,98.55,Darke County
OH,Delaware County,2010,248.2,8274.550000000001,8522.75,3.65,0.0,3.65,368.65,292.0,660.65,Delaware County
OH,Erie County,2010,40.15,4296.05,4336.200000000001,912.5,1752.0,2664.5,0.0,2500.25,2500.25,Erie County
OH,Fayette County,2010,226.3,594.9499999999999,821.25,317.55,0.0,317.55,18.25,40.15,58.4,Fayette County
OH,Franklin County,2010,6814.55,51315.35,58129.9,175.2,0.0,175.2,602.25,386.9,989.15,Franklin County
OH,Greene County,2010,3347.05,0.0,3347.05,102.2,32.85,135.05,324.85,153.29999999999998,478.15,Greene County
OH,Hamilton County,2010,2770.35,42018.8,44789.15,31955.75,0.0,31955.75,69.35,87.6,156.95,Hamilton County
OH,Henry County,2010,109.5,1255.6,1365.1,0.0,2456.4500000000003,2456.4500000000003,7.3,7.3,14.6,Henry County
OH,Hocking County,2010,518.3,0.0,518.3,14.6,0.0,14.6,0.0,3.65,3.65,Hocking County
OH,Jefferson County,2010,956.3,2766.7,3723.0,1273.85,8851.25,10125.1,0.0,40.15,40.15,Jefferson County
OH,Licking County,2010,1500.15,2865.25,4365.400000000001,80.3,0.0,80.3,131.4,116.8,248.2,Licking County
OH,Logan County,2010,952.65,0.0,952.65,120.45,0.0,120.45,0.0,3.65,3.65,Logan County
OH,Lorain County,2010,0.0,16676.85,16676.85,10.95,8646.85,8657.8,0.0,2376.15,2376.15,Lorain County
OH,Lucas County,2010,102.2,31265.9,31368.1,98.55,13559.75,13658.3,182.5,80.3,262.8,Lucas County
OH,Mahoning County,2010,18.25,1752.0,1770.2499999999998,0.0,602.25,602.25,32.85,47.45,80.3,Mahoning County
OH,Marion County,2010,1069.45,1554.9,2624.3500000000004,0.0,3.65,3.65,14.6,65.7,80.3,Marion County
OH,Mercer County,2010,584.0,463.55,1047.55,73.0,0.0,73.0,80.3,47.45,127.75,Mercer County
OH,Monroe County,2010,346.75,91.25,438.0,540.2,0.0,540.2,3.65,0.0,3.65,Monroe County
OH,Montgomery County,2010,30393.55,0.0,30393.55,4051.5,0.0,4051.5,686.1999999999999,262.8,949.0,Montgomery County
OH,Muskingum County,2010,3222.95,259.15,3482.1,511.0,368.65,879.6500000000001,0.0,29.2,29.2,Muskingum County
OH,Ottawa County,2010,51.1,1474.6,1525.6999999999998,339.45000000000005,0.0,339.45000000000005,3.65,32.85,36.5,Ottawa County
OH,Pickaway County,2010,1241.0,0.0,1241.0,1806.75,0.0,1806.75,175.2,149.64999999999998,324.85,Pickaway County
OH,Portage County,2010,2927.3,13439.3,16366.6,109.5,0.0,109.5,32.85,116.8,149.64999999999998,Portage County
OH,Putnam County,2010,492.75000000000006,511.0,1003.75,0.0,94.9,94.9,32.85,43.8,76.64999999999999,Putnam County
OH,Richland County,2010,2164.45,2766.7,4931.15,36.5,0.0,36.5,14.6,7.3,21.9,Richland County
OH,Ross County,2010,3022.2,0.0,3022.2,7748.95,3372.6,11121.55,0.0,58.4,58.4,Ross County
OH,Sandusky County,2010,226.3,1744.7,1971.0,2299.5,0.0,2299.5,167.9,18.25,186.15,Sandusky County
OH,Scioto County,2010,1277.5,2011.15,3288.65,0.0,916.15,916.15,25.55,14.6,40.15,Scioto County
OH,Seneca County,2010,222.65,500.05,722.7,321.2,0.0,321.2,36.5,25.55,62.05,Seneca County
OH,Shelby County,2010,430.7,865.0500000000001,1295.75,116.8,0.0,116.8,21.9,0.0,21.9,Shelby County
OH,Stark County,2010,9325.75,1251.95,10577.7,2284.9,76.64999999999999,2361.55,197.1,105.85,302.95,Stark County
OH,Summit County,2010,3087.9,1284.8,4372.7,532.9,711.75,1244.65,105.85,197.1,302.95,Summit County
OH,Trumbull County,2010,193.45,12964.8,13158.249999999998,0.0,28656.15,28656.15,51.1,94.9,146.0,Trumbull County
OH,Tuscarawas County,2010,5902.05,452.6,6354.65,3066.0,0.0,3066.0,109.5,0.0,109.5,Tuscarawas County
OH,Union County,2010,335.8,1149.75,1485.5500000000002,1452.7,0.0,1452.7,21.9,43.8,65.7,Union County
OH,Van Wert County,2010,124.1,941.7,1065.8,40.15,0.0,40.15,32.85,21.9,54.75,Van Wert County
OH,Warren County,2010,6113.75,580.35,6694.1,80.3,0.0,80.3,51.1,215.35,266.45,Warren County
OH,Wayne County,2010,2963.8,0.0,2963.8,470.85,0.0,470.85,32.85,10.95,43.8,Wayne County
OH,Williams County,2010,1051.2,0.0,1051.2,102.2,0.0,102.2,73.0,7.3,80.3,Williams County
OK,Beckham County,2010,1682.65,0.0,1682.65,3.65,0.0,3.65,1883.4,109.5,1992.9,Beckham County
OK,Blaine County,2010,638.75,0.0,638.75,69.35,21.9,91.25,1087.7,905.2,1992.9,Blaine County
OK,Canadian County,2010,1365.1,0.0,1365.1,36.5,0.0,36.5,857.75,80.3,938.05,Canadian County
OK,Carter County,2010,365.0,1766.6,2131.6,7.3,25.55,32.85,149.64999999999998,138.7,288.35,Carter County
OK,Cleveland County,2010,5073.5,7599.3,12672.8,14.6,0.0,14.6,116.8,29.2,146.0,Cleveland County
OK,Comanche County,2010,824.9,6799.95,7624.85,62.05,69.35,131.4,182.5,339.45000000000005,521.9499999999999,Comanche County
OK,Custer County,2010,1138.8,576.7,1715.5,7.3,0.0,7.3,766.5,248.2,1014.7,Custer County
OK,Dewey County,2010,73.0,0.0,73.0,25.55,0.0,25.55,876.0,18.25,894.2500000000001,Dewey County
OK,Ellis County,2010,237.25,0.0,237.25,7.3,0.0,7.3,6862.0,80.3,6942.3,Ellis County
OK,Grady County,2010,762.8499999999999,0.0,762.8499999999999,0.0,200.75000000000003,200.75000000000003,354.05,2164.45,2518.5,Grady County
OK,Jackson County,2010,58.4,0.0,58.4,91.25,0.0,91.25,3047.75,22995.0,26042.75,Jackson County
OK,Johnston County,2010,229.95,204.4,434.35,0.0,14.6,14.6,47.45,233.6,281.05,Johnston County
OK,Kay County,2010,3047.75,5350.9,8398.650000000001,1288.4499999999998,584.0,1872.45,474.5,474.5,949.0,Kay County
OK,Kingfisher County,2010,646.05,0.0,646.05,0.0,3.65,3.65,1084.0500000000002,149.64999999999998,1233.7,Kingfisher County
OK,Le Flore County,2010,58.4,4055.15,4113.55,0.0,10.95,10.95,255.5,1551.25,1806.75,Le Flore County
OK,Logan County,2010,485.4500000000001,711.75,1197.1999999999998,3.65,386.9,390.55,10.95,602.25,613.1999999999999,Logan County
OK,McClain County,2010,1153.4,65.7,1219.1,3.65,0.0,3.65,405.15,233.6,638.75,McClain County
OK,McCurtain County,2010,0.0,2230.15,2230.15,0.0,32.85,32.85,0.0,164.25,164.25,McCurtain County
OK,Muskogee County,2010,186.15,4818.0,5004.150000000001,0.0,3098.85,3098.85,912.5,1624.25,2536.75,Muskogee County
OK,Oklahoma County,2010,8073.8,32401.05,40474.85,14.6,0.0,14.6,1335.9,226.3,1562.2,Oklahoma County
OK,Osage County,2010,193.45,5026.05,5219.5,383.25,58.4,441.65,3.65,73.0,76.64999999999999,Osage County
OK,Ottawa County,2010,927.1,0.0,927.1,18.25,0.0,18.25,7.3,73.0,80.3,Ottawa County
OK,Pittsburg County,2010,18.25,3182.8,3201.05,0.0,197.1,197.1,51.1,821.25,872.35,Pittsburg County
OK,Pontotoc County,2010,412.45,1799.4499999999998,2211.9,153.29999999999998,3.65,156.95,29.2,189.8,219.0,Pontotoc County
OK,Pottawatomie County,2010,302.95,1463.65,1766.6,3.65,0.0,3.65,54.75,131.4,186.15,Pottawatomie County
OK,Sequoyah County,2010,0.0,2445.5,2445.5,0.0,485.4500000000001,485.4500000000001,178.85,310.25,489.1,Sequoyah County
OK,Texas County,2010,2722.9,0.0,2722.9,7.3,0.0,7.3,72270.0,146.0,72416.0,Texas County
OK,Woodward County,2010,2419.95,0.0,2419.95,146.0,0.0,146.0,2007.5,197.1,2204.6,Woodward County
OR,Baker County,2010,175.2,868.6999999999999,1043.9,646.05,149.64999999999998,795.7,25002.5,153635.80000000002,178638.30000000002,Baker County
OR,Benton County,2010,62.05,3956.6,4018.65,0.0,255.5,255.5,2343.3,4164.65,6507.95,Benton County
OR,Clackamas County,2010,1715.5,48782.25,50497.75,0.0,3821.55,3821.55,15271.6,19224.55,34496.15,Clackamas County
OR,Clatsop County,2010,80.3,3639.05,3719.35,0.0,10099.55,10099.55,91.25,1087.7,1178.95,Clatsop County
OR,Columbia County,2010,474.5,1098.65,1573.15,0.0,9384.15,9384.15,401.50000000000006,1595.05,1996.55,Columbia County
OR,Lane County,2010,5285.2,11037.6,16322.8,83.95,6044.4,6128.349999999999,4672.0,9194.35,13866.35,Lane County
OR,Lincoln County,2010,306.6,2106.05,2412.65,0.0,4000.4,4000.4,25.55,401.50000000000006,427.05,Lincoln County
OR,Linn County,2010,459.9,3431.0,3890.9,124.1,7967.95,8092.05,9314.8,11340.55,20655.35,Linn County
OR,Marion County,2010,5037.0,19673.5,24710.5,73.0,0.0,73.0,42869.25,26320.15,69189.4,Marion County
OR,Multnomah County,2010,2825.1,321.2,3146.3,14.6,7.3,21.9,4478.55,5055.25,9533.8,Multnomah County
OR,Union County,2010,1518.4,0.0,1518.4,7.3,0.0,7.3,8749.05,37171.6,45920.65,Union County
OR,Washington County,2010,292.0,14399.250000000002,14691.25,7.3,0.0,7.3,5405.650000000001,15994.3,21399.95,Washington County
OR,Yamhill County,2010,518.3,2511.2,3029.5000000000005,0.0,3212.0000000000005,3212.0000000000005,4471.25,15844.65,20315.9,Yamhill County
PA,Adams County,2010,981.85,3646.35,4628.2,423.4,0.0,423.4,58.4,197.1,255.5,Adams County
PA,Allegheny County,2010,317.55,67806.05,68123.59999999999,886.95,113109.85,113996.8,73.0,189.8,262.8,Allegheny County
PA,Armstrong County,2010,248.2,1595.05,1843.25,10.95,18.25,29.2,58.4,47.45,105.85,Armstrong County
PA,Beaver County,2010,3182.8,5150.15,8332.949999999999,2186.35,74773.90000000001,76960.25,29.2,80.3,109.5,Beaver County
PA,Bedford County,2010,375.95,3365.3,3741.25,83.95,3.65,87.6,25.55,80.3,105.85,Bedford County
PA,Berks County,2010,4405.55,5898.4,10303.95,755.55,394.2000000000001,1149.75,105.85,219.0,324.85,Berks County
PA,Blair County,2010,657.0,3912.8,4569.8,1832.3,0.0,1832.3,18.25,29.2,47.45,Blair County
PA,Bradford County,2010,1171.65,0.0,1171.65,1609.65,0.0,1609.65,10.95,21.9,32.85,Bradford County
PA,Bucks County,2010,5807.15,20447.300000000003,26254.45,98.55,14187.55,14286.1,138.7,259.15,397.85,Bucks County
PA,Butler County,2010,500.05,2657.2000000000003,3157.25,131.4,365.0,496.4,43.8,171.54999999999998,215.35,Butler County
PA,Cambria County,2010,1032.95,6051.7,7084.65,3.65,0.0,3.65,14.6,21.9,36.5,Cambria County
PA,Carbon County,2010,1051.2,7300.0,8351.199999999999,25.55,0.0,25.55,25.55,36.5,62.05,Carbon County
PA,Centre County,2010,6726.95,649.7,7376.650000000001,153.29999999999998,0.0,153.29999999999998,47.45,109.5,156.95,Centre County
PA,Chester County,2010,2628.0,24268.85,26896.85,872.35,438.0,1310.35,186.15,459.9,646.05,Chester County
PA,Clarion County,2010,127.75,872.35,1000.1,62.05,0.0,62.05,10.95,18.25,29.2,Clarion County
PA,Clinton County,2010,295.65000000000003,1485.5500000000002,1781.2,142.35,1204.5,1346.85,14.6,62.05,76.64999999999999,Clinton County
PA,Columbia County,2010,865.0500000000001,930.75,1795.8,306.6,0.0,306.6,29.2,91.25,120.45,Columbia County
PA,Crawford County,2010,1887.05,135.05,2022.1,127.75,0.0,127.75,47.45,113.15,160.6,Crawford County
PA,Cumberland County,2010,1894.35,2788.6,4682.95,65.7,0.0,65.7,65.7,193.45,259.15,Cumberland County
PA,Dauphin County,2010,722.7,10731.0,11453.7,3752.2,6737.900000000001,10490.1,80.3,105.85,186.15,Dauphin County
PA,Delaware County,2010,7.3,3058.7000000000003,3066.0,3.65,29156.2,29159.85,47.45,65.7,113.15,Delaware County
PA,Elk County,2010,189.8,1467.3,1657.1,0.0,5602.75,5602.75,7.3,10.95,18.25,Elk County
PA,Erie County,2010,1376.05,10329.5,11705.55,14.6,1938.15,1952.75,76.64999999999999,248.2,324.85,Erie County
PA,Franklin County,2010,2226.5,883.3,3109.8,14.6,14.6,29.2,76.64999999999999,295.65000000000003,372.3,Franklin County
PA,Fulton County,2010,102.2,0.0,102.2,3.65,0.0,3.65,3.65,10.95,14.6,Fulton County
PA,Greene County,2010,0.0,2638.9500000000003,2638.9500000000003,0.0,3.65,3.65,3.65,10.95,14.6,Greene County
PA,Jefferson County,2010,222.65,602.25,824.9,3.65,0.0,3.65,3.65,7.3,10.95,Jefferson County
PA,Juniata County,2010,149.64999999999998,211.7,361.35,3.65,0.0,3.65,10.95,51.1,62.05,Juniata County
PA,Lancaster County,2010,4872.75,9460.8,14333.55,861.4,0.0,861.4,229.95,711.75,941.7,Lancaster County
PA,Lawrence County,2010,102.2,3631.75,3733.95,146.0,0.0,146.0,10.95,32.85,43.8,Lawrence County
PA,Lebanon County,2010,1065.8,580.35,1646.15,142.35,0.0,142.35,51.1,146.0,197.1,Lebanon County
PA,Lehigh County,2010,8734.45,2898.1000000000004,11632.55,1945.45,372.3,2317.75,47.45,295.65000000000003,343.1,Lehigh County
PA,Luzerne County,2010,1562.2,6237.85,7800.05,7.3,0.0,7.3,14.6,54.75,69.35,Luzerne County
PA,Lycoming County,2010,1755.65,2292.2000000000003,4047.85,441.65,0.0,441.65,51.1,153.29999999999998,204.4,Lycoming County
PA,McKean County,2010,843.15,1569.5,2412.65,1850.55,0.0,1850.55,7.3,7.3,14.6,McKean County
PA,Mercer County,2010,733.65,4109.9,4843.55,14.6,4858.150000000001,4872.75,25.55,40.15,65.7,Mercer County
PA,Mifflin County,2010,47.45,1091.35,1138.8,98.55,1361.45,1460.0,7.3,25.55,32.85,Mifflin County
PA,Monroe County,2010,2277.6,2609.75,4887.35,0.0,124.1,124.1,47.45,62.05,109.5,Monroe County
PA,Montgomery County,2010,6259.749999999999,14954.05,21213.8,1230.05,0.0,1230.05,215.35,365.0,580.35,Montgomery County
PA,Northampton County,2010,876.0,2668.15,3544.15,2525.8,719.05,3244.8500000000004,25.55,113.15,138.7,Northampton County
PA,Northumberland County,2010,51.1,4588.05,4639.150000000001,167.9,1846.9,2014.8,47.45,142.35,189.8,Northumberland County
PA,Perry County,2010,284.7,0.0,284.7,3.65,0.0,3.65,3.65,14.6,18.25,Perry County
PA,Philadelphia County,2010,0.0,99670.55,99670.55,116.8,12767.7,12884.499999999998,14.6,0.0,14.6,Philadelphia County
PA,Schuylkill County,2010,1668.0500000000002,6821.85,8489.900000000001,255.5,0.0,255.5,62.05,204.4,266.45,Schuylkill County
PA,Snyder County,2010,565.75,197.1,762.8499999999999,7.3,0.0,7.3,40.15,131.4,171.54999999999998,Snyder County
PA,Somerset County,2010,1197.1999999999998,7529.95,8727.15,0.0,3.65,3.65,21.9,58.4,80.3,Somerset County
PA,Tioga County,2010,532.9,434.35,967.25,175.2,430.7,605.9,10.95,25.55,36.5,Tioga County
PA,Union County,2010,156.95,1029.3,1186.25,29.2,0.0,29.2,14.6,40.15,54.75,Union County
PA,Venango County,2010,1821.35,116.8,1938.15,0.0,87.6,87.6,32.85,7.3,40.15,Venango County
PA,Warren County,2010,1080.4,69.35,1149.75,3095.2000000000003,0.0,3095.2000000000003,10.95,29.2,40.15,Warren County
PA,Washington County,2010,25.55,16556.4,16581.95,0.0,2832.4,2832.4,32.85,200.75000000000003,233.6,Washington County
PA,Westmoreland County,2010,215.35,11081.4,11296.75,0.0,682.5500000000001,682.5500000000001,69.35,197.1,266.45,Westmoreland County
PA,Wyoming County,2010,273.75,0.0,273.75,3.65,3989.45,3993.1,3.65,25.55,29.2,Wyoming County
PA,York County,2010,1627.9,12034.05,13661.95,233.6,11227.4,11461.0,83.95,186.15,270.1,York County
RI,Bristol County,2010,0.0,324.85,324.85,109.5,0.0,109.5,29.2,7.3,36.5,Bristol County
RI,Kent County,2010,605.9,0.0,605.9,47.45,317.55,365.0,113.15,7.3,120.45,Kent County
RI,Newport County,2010,3.65,3022.2,3025.85,36.5,0.0,36.5,149.64999999999998,25.55,175.2,Newport County
RI,Providence County,2010,1474.6,30313.25,31787.85,1251.95,642.4,1894.35,270.1,21.9,292.0,Providence County
RI,Washington County,2010,3686.5,0.0,3686.5,76.64999999999999,262.8,339.45000000000005,277.4,80.3,357.7,Washington County
SC,Aiken County,2010,5256.0,2171.75,7427.750000000001,744.6,19939.95,20684.55,452.6,711.75,1164.35,Aiken County
SC,Allendale County,2010,416.1,0.0,416.1,788.4000000000001,0.0,788.4000000000001,2671.8,667.95,3339.75,Allendale County
SC,Anderson County,2010,14.6,7227.0,7241.6,0.0,2511.2,2511.2,0.0,131.4,131.4,Anderson County
SC,Barnwell County,2010,773.8000000000001,0.0,773.8000000000001,416.1,0.0,416.1,131.4,186.15,317.55,Barnwell County
SC,Beaufort County,2010,4646.45,0.0,4646.45,36.5,0.0,36.5,2025.75,1744.7,3770.45,Beaufort County
SC,Berkeley County,2010,80.3,27075.7,27156.000000000004,1025.65,3587.95,4613.6,29.2,941.7,970.9,Berkeley County
SC,Calhoun County,2010,277.4,0.0,277.4,156.95,19914.4,20071.35,1927.2,135.05,2062.25,Calhoun County
SC,Charleston County,2010,1558.55,0.0,1558.55,76.64999999999999,10190.8,10267.45,558.45,350.4,908.85,Charleston County
SC,Chester County,2010,0.0,974.55,974.55,7.3,25.55,32.85,25.55,14.6,40.15,Chester County
SC,Clarendon County,2010,766.5,0.0,766.5,3.65,0.0,3.65,565.75,98.55,664.3000000000001,Clarendon County
SC,Darlington County,2010,2419.95,0.0,2419.95,1211.8,5394.7,6606.500000000001,284.7,310.25,594.9499999999999,Darlington County
SC,Dorchester County,2010,434.35,10311.25,10745.6,332.15000000000003,0.0,332.15000000000003,62.05,29.2,91.25,Dorchester County
SC,Florence County,2010,5153.799999999999,850.45,6004.25,438.0,7000.7,7438.7,124.1,281.05,405.15,Florence County
SC,Georgetown County,2010,927.1,1956.4,2883.5,116.8,18691.65,18808.45,40.15,1394.3,1434.45,Georgetown County
SC,Greenville County,2010,47.45,13114.45,13161.9,73.0,0.0,73.0,32.85,551.15,584.0,Greenville County
SC,Greenwood County,2010,25.55,3920.1,3945.65,3.65,0.0,3.65,0.0,47.45,47.45,Greenwood County
SC,Hampton County,2010,569.4,0.0,569.4,193.45,0.0,193.45,1803.1,91.25,1894.35,Hampton County
SC,Horry County,2010,1930.85,15074.499999999998,17005.350000000002,87.6,0.0,87.6,843.15,3135.35,3978.5,Horry County
SC,Kershaw County,2010,456.25,1631.55,2087.8,379.6,759.2,1138.8,43.8,83.95,127.75,Kershaw County
SC,Lancaster County,2010,0.0,6354.65,6354.65,0.0,21.9,21.9,10.95,40.15,51.1,Lancaster County
SC,Lexington County,2010,949.0,18122.25,19071.25,343.1,12504.9,12848.000000000002,3044.1,985.5,4029.6,Lexington County
SC,Marlboro County,2010,1062.15,328.5,1390.65,146.0,9526.5,9672.5,200.75000000000003,146.0,346.75,Marlboro County
SC,Orangeburg County,2010,521.9499999999999,2960.15,3482.1,416.1,175.2,591.3000000000001,3847.1,1481.9,5329.0,Orangeburg County
SC,Pickens County,2010,10.95,16333.75,16344.7,0.0,124.1,124.1,0.0,386.9,386.9,Pickens County
SC,Richland County,2010,186.15,12110.7,12296.85,759.2,10241.9,11001.1,98.55,375.95,474.5,Richland County
SC,Sumter County,2010,5460.400000000001,0.0,5460.400000000001,156.95,0.0,156.95,1200.85,635.1,1835.95,Sumter County
SC,Union County,2010,0.0,1200.85,1200.85,3.65,328.5,332.15000000000003,0.0,10.95,10.95,Union County
SC,Williamsburg County,2010,777.4499999999999,0.0,777.4499999999999,372.3,0.0,372.3,7.3,25.55,32.85,Williamsburg County
SC,York County,2010,281.05,6004.25,6285.299999999999,3.65,11318.65,11322.3,156.95,259.15,416.1,York County
SD,Beadle County,2010,226.3,10.95,237.25,0.0,29.2,29.2,1266.5500000000002,0.0,1266.5500000000002,Beadle County
SD,Bon Homme County,2010,0.0,182.5,182.5,0.0,186.15,186.15,846.8,1029.3,1876.1,Bon Homme County
SD,Brookings County,2010,1810.4,0.0,1810.4,496.4,0.0,496.4,2047.65,58.4,2106.05,Brookings County
SD,Brown County,2010,313.9,1438.1,1752.0,54.75,0.0,54.75,883.3,83.95,967.25,Brown County
SD,Butte County,2010,32.85,0.0,32.85,25.55,0.0,25.55,930.75,4931.15,5861.9,Butte County
SD,Charles Mix County,2010,3.65,1620.6,1624.25,0.0,113.15,113.15,434.35,4438.4,4872.75,Charles Mix County
SD,Clay County,2010,598.5999999999999,10.95,609.55,65.7,0.0,65.7,1197.1999999999998,47.45,1244.65,Clay County
SD,Codington County,2010,919.8,0.0,919.8,62.05,65.7,127.75,2576.9,503.7,3080.6,Codington County
SD,Davison County,2010,0.0,29.2,29.2,0.0,36.5,36.5,149.64999999999998,131.4,281.05,Davison County
SD,Fall River County,2010,215.35,10.95,226.3,10.95,0.0,10.95,127.75,1967.35,2095.1,Fall River County
SD,Grant County,2010,36.5,83.95,120.45,76.64999999999999,0.0,76.64999999999999,3222.95,109.5,3332.4500000000003,Grant County
SD,Hughes County,2010,813.95,1503.8,2317.75,80.3,178.85,259.15,1098.65,13129.05,14227.7,Hughes County
SD,Lake County,2010,284.7,0.0,284.7,32.85,0.0,32.85,1883.4,470.85,2354.25,Lake County
SD,Lawrence County,2010,792.05,135.05,927.1,80.3,0.0,80.3,324.85,0.0,324.85,Lawrence County
SD,Lincoln County,2010,959.95,215.35,1175.3000000000002,62.05,25.55,87.6,219.0,160.6,379.6,Lincoln County
SD,Meade County,2010,441.65,0.0,441.65,29.2,0.0,29.2,146.0,2190.0,2336.0,Meade County
SD,Minnehaha County,2010,7595.65,1748.35,9344.0,897.9,18.25,916.15,492.75000000000006,138.7,631.45,Minnehaha County
SD,Moody County,2010,912.5,0.0,912.5,43.8,0.0,43.8,401.50000000000006,0.0,401.50000000000006,Moody County
SD,Pennington County,2010,4347.15,1989.25,6336.4,350.4,21.9,372.3,288.35,3956.6,4244.950000000001,Pennington County
SD,Roberts County,2010,248.2,0.0,248.2,80.3,0.0,80.3,1306.7,40.15,1346.85,Roberts County
SD,Stanley County,2010,0.0,1387.0,1387.0,0.0,7.3,7.3,0.0,87.6,87.6,Stanley County
SD,Tripp County,2010,335.8,445.3,781.1,51.1,0.0,51.1,1339.55,1405.25,2744.8,Tripp County
SD,Walworth County,2010,91.25,2222.85,2314.1,0.0,229.95,229.95,1587.7499999999998,631.45,2219.2,Walworth County
SD,Yankton County,2010,14.6,3504.0,3518.6000000000004,0.0,36.5,36.5,1759.3000000000002,80.3,1839.6,Yankton County
TN,Anderson County,2010,80.3,4818.0,4898.3,0.0,189.8,189.8,51.1,262.8,313.9,Anderson County
TN,Bradley County,2010,959.95,3974.85,4934.8,0.0,1390.65,1390.65,40.15,7.3,47.45,Bradley County
TN,Carroll County,2010,876.0,0.0,876.0,646.05,0.0,646.05,87.6,87.6,175.2,Carroll County
TN,Carter County,2010,2722.9,0.0,2722.9,47.45,0.0,47.45,25.55,0.0,25.55,Carter County
TN,Chester County,2010,335.8,0.0,335.8,32.85,0.0,32.85,43.8,7.3,51.1,Chester County
TN,Clay County,2010,0.0,423.4,423.4,3.65,0.0,3.65,14.6,0.0,14.6,Clay County
TN,Cocke County,2010,0.0,1770.2499999999998,1770.2499999999998,76.64999999999999,0.0,76.64999999999999,142.35,0.0,142.35,Cocke County
TN,Coffee County,2010,7.3,2095.1,2102.4,284.7,51.1,335.8,467.2,142.35,609.55,Coffee County
TN,Davidson County,2010,0.0,49778.7,49778.7,0.0,8497.2,8497.2,270.1,803.0000000000001,1073.1,Davidson County
TN,Decatur County,2010,0.0,540.2,540.2,0.0,3.65,3.65,69.35,21.9,91.25,Decatur County
TN,De Kalb County,2010,25.55,660.65,686.1999999999999,0.0,51.1,51.1,226.3,54.75,281.05,DeKalb County
TN,Dyer County,2010,1887.05,0.0,1887.05,193.45,0.0,193.45,1376.05,1376.05,2752.1,Dyer County
TN,Fayette County,2010,730.0,0.0,730.0,167.9,0.0,167.9,324.85,266.45,591.3000000000001,Fayette County
TN,Franklin County,2010,755.55,843.15,1598.7,7.3,12523.15,12530.45,302.95,138.7,441.65,Franklin County
TN,Greene County,2010,0.0,3266.7499999999995,3266.7499999999995,0.0,536.55,536.55,98.55,138.7,237.25,Greene County
TN,Hamilton County,2010,3905.5,20031.2,23936.7,1525.6999999999998,2222.85,3748.55,237.25,233.6,470.85,Hamilton County
TN,Hardin County,2010,879.6500000000001,281.05,1160.7,0.0,9125.0,9125.0,229.95,51.1,281.05,Hardin County
TN,Hawkins County,2010,624.15,1065.8,1689.95,0.0,233.6,233.6,47.45,7.3,54.75,Hawkins County
TN,Haywood County,2010,649.7,0.0,649.7,21.9,0.0,21.9,675.25,675.25,1350.5,Haywood County
TN,Humphreys County,2010,492.75000000000006,350.4,843.15,3.65,25648.55,25652.2,7.3,7.3,14.6,Humphreys County
TN,Jackson County,2010,0.0,197.1,197.1,14.6,0.0,14.6,21.9,0.0,21.9,Jackson County
TN,Jefferson County,2010,1671.7,0.0,1671.7,0.0,459.9,459.9,54.75,25.55,80.3,Jefferson County
TN,Johnson County,2010,485.4500000000001,226.3,711.75,14.6,0.0,14.6,3.65,21.9,25.55,Johnson County
TN,Knox County,2010,0.0,24706.85,24706.85,248.2,715.4,963.6,138.7,18.25,156.95,Knox County
TN,Loudon County,2010,208.05,4018.65,4226.7,3.65,2069.55,2073.2,54.75,0.0,54.75,Loudon County
TN,McMinn County,2010,660.65,1116.9,1777.55,0.0,22611.75,22611.75,62.05,7.3,69.35,McMinn County
TN,Macon County,2010,733.65,54.75,788.4000000000001,127.75,0.0,127.75,21.9,0.0,21.9,Macon County
TN,Madison County,2010,4828.95,0.0,4828.95,313.9,0.0,313.9,284.7,178.85,463.55,Madison County
TN,Maury County,2010,372.3,3993.1,4365.400000000001,0.0,43.8,43.8,80.3,25.55,105.85,Maury County
TN,Montgomery County,2010,1306.7,6854.700000000001,8161.4,0.0,456.25,456.25,200.75000000000003,54.75,255.5,Montgomery County
TN,Obion County,2010,1949.1,0.0,1949.1,941.7,0.0,941.7,146.0,109.5,255.5,Obion County
TN,Polk County,2010,368.65,102.2,470.85,73.0,788.4000000000001,861.4,40.15,0.0,40.15,Polk County
TN,Putnam County,2010,3.65,5310.75,5314.400000000001,0.0,29.2,29.2,25.55,47.45,73.0,Putnam County
TN,Rutherford County,2010,0.0,12424.6,12424.6,7.3,40.15,47.45,361.35,153.29999999999998,514.65,Rutherford County
TN,Sevier County,2010,62.05,3744.9,3806.95,14.6,0.0,14.6,25.55,102.2,127.75,Sevier County
TN,Shelby County,2010,63170.55,0.0,63170.55,12515.85,0.0,12515.85,1014.7,182.5,1197.1999999999998,Shelby County
TN,Sullivan County,2010,83.95,8387.7,8471.65,0.0,177992.25,177992.25,32.85,153.29999999999998,186.15,Sullivan County
TN,Warren County,2010,0.0,1861.5,1861.5,3.65,0.0,3.65,1500.15,273.75,1773.9,Warren County
TN,Weakley County,2010,886.95,0.0,886.95,7.3,0.0,7.3,98.55,54.75,153.29999999999998,Weakley County
TX,Andrews County,2010,868.6999999999999,0.0,868.6999999999999,7.3,0.0,7.3,7610.250000000001,0.0,7610.250000000001,Andrews County
TX,Angelina County,2010,4161.0,0.0,4161.0,474.5,0.0,474.5,76.64999999999999,295.65000000000003,372.3,Angelina County
TX,Austin County,2010,36.5,0.0,36.5,36.5,0.0,36.5,1299.4,0.0,1299.4,Austin County
TX,Bastrop County,2010,1241.0,0.0,1241.0,21.9,0.0,21.9,2051.3,248.2,2299.5,Bastrop County
TX,Bexar County,2010,82125.0,4051.5,86176.5,627.8,0.0,627.8,3325.15,1197.1999999999998,4522.35,Bexar County
TX,Bowie County,2010,29.2,1777.55,1806.75,10.95,237.25,248.2,2540.4,29.2,2569.6,Bowie County
TX,Brazoria County,2010,7358.4,1752.0,9110.4,452.6,266789.44999999995,267242.05,4850.849999999999,20527.6,25378.45,Brazoria County
TX,Brazos County,2010,10621.5,0.0,10621.5,496.4,0.0,496.4,10373.3,1208.15,11581.45,Brazos County
TX,Burleson County,2010,594.9499999999999,0.0,594.9499999999999,36.5,0.0,36.5,6110.099999999999,2719.25,8829.35,Burleson County
TX,Caldwell County,2010,302.95,989.15,1292.1,58.4,0.0,58.4,233.6,10.95,244.55,Caldwell County
TX,Calhoun County,2010,87.6,1434.45,1522.05,0.0,12556.0,12556.0,0.0,3409.1,3409.1,Calhoun County
TX,Carson County,2010,7482.5,0.0,7482.5,1773.9,0.0,1773.9,19494.65,302.95,19797.6,Carson County
TX,Castro County,2010,346.75,0.0,346.75,18.25,0.0,18.25,114777.9,0.0,114777.9,Castro County
TX,Chambers County,2010,660.65,292.0,952.65,21.9,0.0,21.9,0.0,19647.95,19647.95,Chambers County
TX,Cherokee County,2010,1989.25,405.15,2394.4,0.0,7.3,7.3,65.7,87.6,153.29999999999998,Cherokee County
TX,Collin County,2010,1376.05,112785.0,114161.05,58.4,0.0,58.4,36.5,200.75000000000003,237.25,Collin County
TX,Colorado County,2010,653.35,0.0,653.35,3.65,0.0,3.65,15136.55,33755.200000000004,48891.74999999999,Colorado County
TX,Comal County,2010,2668.15,8833.0,11501.15,109.5,0.0,109.5,73.0,76.64999999999999,149.64999999999998,Comal County
TX,Dallas County,2010,171.54999999999998,66065.0,66236.55,32.85,14.6,47.45,1127.85,1930.85,3058.7000000000003,Dallas County
TX,Donley County,2010,186.15,897.9,1084.0500000000002,0.0,54.75,54.75,8307.400000000001,14.6,8322.0,Donley County
TX,Ector County,2010,270.1,0.0,270.1,215.35,0.0,215.35,343.1,0.0,343.1,Ector County
TX,Ellis County,2010,1766.6,4927.5,6694.1,427.05,339.45000000000005,766.5,87.6,0.0,87.6,Ellis County
TX,El Paso County,2010,22739.5,18980.0,41719.5,970.9,0.0,970.9,0.0,55224.50000000001,55224.50000000001,El Paso County
TX,Erath County,2010,744.6,0.0,744.6,10.95,0.0,10.95,1584.1,186.15,1770.2499999999998,Erath County
TX,Fayette County,2010,569.4,0.0,569.4,21.9,0.0,21.9,65.7,40.15,105.85,Fayette County
TX,Fort Bend County,2010,17264.5,2690.05,19954.55,883.3,8687.0,9570.3,4869.1,3909.15,8778.25,Fort Bend County
TX,Galveston County,2010,80.3,11242.0,11322.3,80.3,7281.75,7362.05,94.9,653.35,748.2499999999999,Galveston County
TX,Gonzales County,2010,3558.75,142.35,3701.1,182.5,0.0,182.5,1168.0,394.2000000000001,1562.2,Gonzales County
TX,Gray County,2010,335.8,0.0,335.8,149.64999999999998,0.0,149.64999999999998,7402.200000000001,0.0,7402.200000000001,Gray County
TX,Gregg County,2010,576.7,6752.5,7329.2,0.0,219.0,219.0,0.0,10.95,10.95,Gregg County
TX,Grimes County,2010,540.2,0.0,540.2,40.15,0.0,40.15,25.55,65.7,91.25,Grimes County
TX,Guadalupe County,2010,1609.65,3328.8,4938.45,0.0,229.95,229.95,167.9,25.55,193.45,Guadalupe County
TX,Hale County,2010,1292.1,0.0,1292.1,365.0,0.0,365.0,71532.7,569.4,72102.09999999999,Hale County
TX,Hardin County,2010,463.55,0.0,463.55,10.95,0.0,10.95,467.2,65.7,532.9,Hardin County
TX,Harris County,2010,69974.15000000001,32320.75,102294.9,3219.3,31043.25,34262.55,452.6,489.1,941.7,Harris County
TX,Harrison County,2010,784.75,2310.45,3095.2000000000003,36.5,2792.25,2828.75,204.4,43.8,248.2,Harrison County
TX,Hays County,2010,2876.2,1058.5,3934.7,32.85,0.0,32.85,215.35,3.65,219.0,Hays County
TX,Henderson County,2010,1387.0,9417.0,10804.0,40.15,0.0,40.15,43.8,47.45,91.25,Henderson County
TX,Hidalgo County,2010,2817.8,33835.5,36653.3,0.0,248.2,248.2,0.0,131969.4,131969.4,Hidalgo County
TX,Houston County,2010,974.55,459.9,1434.45,0.0,43.8,43.8,69.35,492.75000000000006,562.1,Houston County
TX,Howard County,2010,1784.85,0.0,1784.85,489.1,0.0,489.1,2190.0,0.0,2190.0,Howard County
TX,Hutchinson County,2010,2047.65,11971.999999999998,14019.65,5840.0,0.0,5840.0,13066.999999999998,91.25,13158.249999999998,Hutchinson County
TX,Jackson County,2010,302.95,16461.5,16764.45,317.55,142.35,459.9,13767.8,489.1,14256.9,Jackson County
TX,Jefferson County,2010,3591.6,14016.0,17607.600000000002,0.0,36938.0,36938.0,40.15,28024.7,28064.85,Jefferson County
TX,Johnson County,2010,963.6,2233.8,3197.4,29.2,0.0,29.2,43.8,87.6,131.4,Johnson County
TX,Kerr County,2010,901.55,1481.9,2383.4500000000003,7.3,0.0,7.3,146.0,186.15,332.15000000000003,Kerr County
TX,Kimble County,2010,0.0,4818.0,4818.0,0.0,167.9,167.9,175.2,795.7,970.9,Kimble County
TX,Lavaca County,2010,478.15,0.0,478.15,25.55,0.0,25.55,1821.35,124.1,1945.45,Lavaca County
TX,Leon County,2010,667.95,0.0,667.95,178.85,0.0,178.85,10.95,0.0,10.95,Leon County
TX,Liberty County,2010,1803.1,47.45,1850.55,40.15,0.0,40.15,0.0,14078.05,14078.05,Liberty County
TX,Live Oak County,2010,7.3,686.1999999999999,693.5,284.7,0.0,284.7,226.3,0.0,226.3,Live Oak County
TX,Lubbock County,2010,5694.0,299.29999999999995,5993.3,109.5,0.0,109.5,34550.9,2930.95,37481.85,Lubbock County
TX,McLennan County,2010,2657.2000000000003,10877.0,13534.2,164.25,0.0,164.25,270.1,1069.45,1339.55,McLennan County
TX,Matagorda County,2010,854.0999999999999,0.0,854.0999999999999,357.7,773.8000000000001,1131.5,6847.400000000001,45654.2,52501.6,Matagorda County
TX,Medina County,2010,1766.6,47.45,1814.05,3.65,0.0,3.65,11048.55,4938.45,15986.999999999998,Medina County
TX,Milam County,2010,978.2,412.45,1390.65,4124.5,6387.5,10512.0,624.15,514.65,1138.8,Milam County
TX,Montgomery County,2010,21462.0,0.0,21462.0,222.65,29.2,251.85,153.29999999999998,189.8,343.1,Montgomery County
TX,Moore County,2010,1678.9999999999998,0.0,1678.9999999999998,1321.3,0.0,1321.3,52983.4,0.0,52983.4,Moore County
TX,Nacogdoches County,2010,1646.15,2153.5,3799.65,10.95,0.0,10.95,47.45,54.75,102.2,Nacogdoches County
TX,Newton County,2010,427.05,0.0,427.05,18.25,0.0,18.25,43.8,0.0,43.8,Newton County
TX,Nolan County,2010,657.0,0.0,657.0,3.65,0.0,3.65,2624.3500000000004,21.9,2646.25,Nolan County
TX,Nueces County,2010,7.3,19746.5,19753.8,1054.85,2711.95,3766.8,485.4500000000001,3.65,489.1,Nueces County
TX,Parker County,2010,996.45,1616.9499999999998,2613.4,3.65,0.0,3.65,58.4,7.3,65.7,Parker County
TX,Parmer County,2010,401.50000000000006,0.0,401.50000000000006,507.35,0.0,507.35,83581.35,36.5,83617.85,Parmer County
TX,Pecos County,2010,1368.75,0.0,1368.75,58.4,0.0,58.4,39974.8,1095.0,41069.8,Pecos County
TX,Polk County,2010,649.7,196005.0,196654.7,76.64999999999999,6069.95,6146.6,193.45,0.0,193.45,Polk County
TX,Robertson County,2010,934.4,36.5,970.9,18.25,1540.3,1558.55,25035.35,905.2,25940.55,Robertson County
TX,Smith County,2010,3080.6,4672.0,7752.599999999999,116.8,0.0,116.8,21.9,244.55,266.45,Smith County
TX,Starr County,2010,0.0,3098.85,3098.85,3.65,3.65,7.3,0.0,4887.35,4887.35,Starr County
TX,Tarrant County,2010,2091.4500000000003,82490.0,84581.45,200.75000000000003,102.2,302.95,193.45,1270.2,1463.65,Tarrant County
TX,Titus County,2010,7.3,2635.3,2642.6,29.2,0.0,29.2,0.0,310.25,310.25,Titus County
TX,Tom Green County,2010,445.3,332.15000000000003,777.4499999999999,116.8,0.0,116.8,12329.7,5073.5,17403.2,Tom Green County
TX,Travis County,2010,2821.4500000000003,56940.0,59761.45,259.15,0.0,259.15,237.25,978.2,1215.45,Travis County
TX,Upshur County,2010,1007.4,1496.4999999999998,2503.9,14.6,0.0,14.6,36.5,0.0,36.5,Upshur County
TX,Van Zandt County,2010,726.35,934.4,1660.75,0.0,54.75,54.75,29.2,175.2,204.4,Van Zandt County
TX,Victoria County,2010,178.85,3533.2,3712.05,87.6,7394.900000000001,7482.5,2752.1,0.0,2752.1,Victoria County
TX,Walker County,2010,1317.65,2058.6,3376.25,10.95,58.4,69.35,186.15,0.0,186.15,Walker County
TX,Waller County,2010,1003.75,0.0,1003.75,7.3,0.0,7.3,7146.7,36.5,7183.2,Waller County
TX,Washington County,2010,251.85,1069.45,1321.3,94.9,0.0,94.9,98.55,0.0,98.55,Washington County
TX,Wharton County,2010,722.7,0.0,722.7,10.95,0.0,10.95,38558.6,37689.9,76248.5,Wharton County
TX,Wilbarger County,2010,930.75,0.0,930.75,18.25,0.0,18.25,8373.1,62.05,8435.15,Wilbarger County
TX,Williamson County,2010,4416.5,15038.000000000002,19454.5,3.65,0.0,3.65,120.45,10.95,131.4,Williamson County
TX,Wilson County,2010,1872.45,0.0,1872.45,10.95,0.0,10.95,4463.95,368.65,4832.6,Wilson County
TX,Winkler County,2010,576.7,0.0,576.7,10.95,0.0,10.95,846.8,0.0,846.8,Winkler County
TX,Wood County,2010,1467.3,13687.5,15154.8,215.35,0.0,215.35,98.55,83.95,182.5,Wood County
TX,Zavala County,2010,839.4999999999999,0.0,839.4999999999999,175.2,0.0,175.2,12804.2,146.0,12950.2,Zavala County
UT,Beaver County,2010,868.6999999999999,0.0,868.6999999999999,295.65000000000003,0.0,295.65000000000003,16198.7,12198.3,28397.0,Beaver County
UT,Box Elder County,2010,5799.85,0.0,5799.85,328.5,0.0,328.5,15417.6,123486.8,138904.4,Box Elder County
UT,Cache County,2010,12085.15,131.4,12216.55,186.15,0.0,186.15,5150.15,81376.75,86526.9,Cache County
UT,Carbon County,2010,1113.25,1142.45,2255.7,3.65,7.3,10.95,32.85,11512.1,11544.95,Carbon County
UT,Davis County,2010,6613.8,8559.25,15173.05,664.3000000000001,0.0,664.3000000000001,1171.65,13526.9,14698.55,Davis County
UT,Emery County,2010,335.8,397.85,733.65,7.3,0.0,7.3,32.85,36956.25,36989.1,Emery County
UT,Garfield County,2010,313.9,0.0,313.9,10.95,0.0,10.95,343.1,21560.55,21903.65,Garfield County
UT,Grand County,2010,1208.15,0.0,1208.15,0.0,164.25,164.25,164.25,4347.15,4511.4,Grand County
UT,Iron County,2010,3573.35,0.0,3573.35,1332.25,0.0,1332.25,47066.74999999999,24301.7,71368.45,Iron County
UT,Juab County,2010,1814.05,0.0,1814.05,36.5,0.0,36.5,8212.5,10256.5,18469.0,Juab County
UT,Millard County,2010,1281.15,0.0,1281.15,335.8,0.0,335.8,51034.3,45190.65,96224.95,Millard County
UT,Morgan County,2010,529.25,0.0,529.25,43.8,0.0,43.8,32.85,12351.6,12384.45,Morgan County
UT,Salt Lake County,2010,26254.45,81676.05,107930.5,8387.7,12081.5,20469.2,704.4499999999999,16662.25,17366.7,Salt Lake County
UT,San Juan County,2010,324.85,496.4,821.25,76.64999999999999,0.0,76.64999999999999,324.85,7256.2,7581.05,San Juan County
UT,Sanpete County,2010,1321.3,0.0,1321.3,277.4,0.0,277.4,1923.55,59473.1,61396.65,Sanpete County
UT,Sevier County,2010,1814.05,0.0,1814.05,10.95,0.0,10.95,6522.55,42194.0,48716.55,Sevier County
UT,Tooele County,2010,5307.099999999999,302.95,5610.049999999999,6467.799999999999,0.0,6467.799999999999,6259.749999999999,15030.7,21290.45,Tooele County
UT,Uintah County,2010,2598.8,379.6,2978.4,1365.1,0.0,1365.1,324.85,82683.45,83008.29999999999,Uintah County
UT,Utah County,2010,29207.3,7982.55,37189.85,5142.85,0.0,5142.85,11840.6,76343.4,88184.0,Utah County
UT,Wasatch County,2010,3003.9500000000003,40.15,3044.1,7.3,0.0,7.3,324.85,15768.000000000002,16092.85,Wasatch County
UT,Washington County,2010,10873.35,5277.900000000001,16151.25,36.5,0.0,36.5,2759.4,25575.55,28334.95,Washington County
UT,Weber County,2010,8796.5,5475.0,14271.5,58.4,5814.45,5872.85,1376.05,25389.4,26765.45,Weber County
VT,Addison County,2010,616.85,551.15,1168.0,51.1,32.85,83.95,18.25,40.15,58.4,Addison County
VT,Bennington County,2010,313.9,689.8499999999999,1003.75,62.05,36.5,98.55,29.2,40.15,69.35,Bennington County
VT,Caledonia County,2010,262.8,394.2000000000001,657.0,40.15,21.9,62.05,14.6,14.6,29.2,Caledonia County
VT,Chittenden County,2010,149.64999999999998,4985.9,5135.55,43.8,87.6,131.4,51.1,83.95,135.05,Chittenden County
VT,Franklin County,2010,167.9,941.7,1109.6,69.35,211.7,281.05,32.85,40.15,73.0,Franklin County
VT,Grand Isle County,2010,0.0,167.9,167.9,36.5,7.3,43.8,3.65,25.55,29.2,Grand Isle County
VT,Lamoille County,2010,445.3,87.6,532.9,21.9,3.65,25.55,7.3,21.9,29.2,Lamoille County
VT,Orange County,2010,310.25,0.0,310.25,18.25,0.0,18.25,21.9,25.55,47.45,Orange County
VT,Orleans County,2010,529.25,94.9,624.15,32.85,3.65,36.5,14.6,43.8,58.4,Orleans County
VT,Rutland County,2010,609.55,1011.05,1620.6,40.15,310.25,350.4,29.2,54.75,83.95,Rutland County
VT,Washington County,2010,226.3,1014.7,1241.0,76.64999999999999,14.6,91.25,10.95,47.45,58.4,Washington County
VT,Windham County,2010,156.95,646.05,803.0000000000001,43.8,613.1999999999999,657.0,32.85,54.75,87.6,Windham County
VT,Windsor County,2010,1226.4,21.9,1248.3,186.15,0.0,186.15,14.6,120.45,135.05,Windsor County
VA,Accomack County,2010,335.8,0.0,335.8,667.95,0.0,667.95,2865.25,868.6999999999999,3733.95,Accomack County
VA,Albemarle County,2010,14.6,3796.0,3810.6,3.65,0.0,3.65,36.5,219.0,255.5,Albemarle County
VA,Alleghany County,2010,0.0,511.0,511.0,295.65000000000003,14300.7,14596.35,10.95,29.2,40.15,Alleghany County
VA,Amherst County,2010,0.0,3551.4500000000003,3551.4500000000003,0.0,1343.2,1343.2,0.0,73.0,73.0,Amherst County
VA,Appomattox County,2010,76.64999999999999,0.0,76.64999999999999,3.65,0.0,3.65,0.0,32.85,32.85,Appomattox County
VA,Augusta County,2010,2142.55,740.9499999999999,2883.5,284.7,0.0,284.7,3.65,423.4,427.05,Augusta County
VA,Bath County,2010,80.3,0.0,80.3,281.05,0.0,281.05,0.0,58.4,58.4,Bath County
VA,Bedford County,2010,29.2,1795.8,1825.0,7.3,4314.3,4321.6,21.9,208.05,229.95,Bedford County
VA,Botetourt County,2010,354.05,313.9,667.95,25.55,3.65,29.2,7.3,51.1,58.4,Botetourt County
VA,Buckingham County,2010,0.0,131.4,131.4,0.0,255.5,255.5,0.0,3.65,3.65,Buckingham County
VA,Campbell County,2010,189.8,1343.2,1533.0,18.25,0.0,18.25,7.3,102.2,109.5,Campbell County
VA,Caroline County,2010,350.4,0.0,350.4,7.3,1332.25,1339.55,94.9,1127.85,1222.75,Caroline County
VA,Charles City,2010,21.9,0.0,21.9,3.65,10.95,14.6,36.5,54.75,91.25,Charles City County
VA,Chesterfield County,2010,0.0,15038.000000000002,15038.000000000002,153.29999999999998,16432.300000000003,16585.6,32.85,277.4,310.25,Chesterfield County
VA,Culpeper County,2010,58.4,719.05,777.4499999999999,18.25,21.9,40.15,25.55,156.95,182.5,Culpeper County
VA,Essex County,2010,135.05,0.0,135.05,3.65,0.0,3.65,14.6,324.85,339.45000000000005,Essex County
VA,Fairfax County,2010,10.95,0.0,10.95,7.3,10.95,18.25,62.05,470.85,532.9,Fairfax County
VA,Frederick County,2010,503.7,1456.35,1960.05,18.25,0.0,18.25,32.85,65.7,98.55,Frederick County
VA,Giles County,2010,452.6,0.0,452.6,4354.45,17906.9,22261.35,0.0,94.9,94.9,Giles County
VA,Goochland County,2010,40.15,0.0,40.15,0.0,281.05,281.05,3.65,113.15,116.8,Goochland County
VA,Greene County,2010,0.0,226.3,226.3,7.3,0.0,7.3,0.0,32.85,32.85,Greene County
VA,Greensville County,2010,7.3,0.0,7.3,0.0,394.2000000000001,394.2000000000001,0.0,18.25,18.25,Greensville County
VA,Halifax County,2010,14.6,613.1999999999999,627.8,3.65,0.0,3.65,25.55,189.8,215.35,Halifax County
VA,Hanover County,2010,197.1,1251.95,1449.0500000000002,29.2,0.0,29.2,0.0,981.85,981.85,Hanover County
VA,Henry County,2010,10.95,1806.75,1817.7,3.65,25.55,29.2,3.65,156.95,160.6,Henry County
VA,Isle of Wight County,2010,704.4499999999999,456.25,1160.7,4894.65,0.0,4894.65,0.0,211.7,211.7,Isle of Wight County
VA,James City County,2010,1733.75,2832.4,4566.15,36.5,0.0,36.5,69.35,208.05,277.4,James City County
VA,King George County,2010,222.65,0.0,222.65,105.85,0.0,105.85,0.0,208.05,208.05,King George County
VA,King William County,2010,193.45,0.0,193.45,6978.8,0.0,6978.8,25.55,733.65,759.2,King William County
VA,Lancaster County,2010,80.3,0.0,80.3,10.95,0.0,10.95,10.95,73.0,83.95,Lancaster County
VA,Loudoun County,2010,357.7,4916.55,5274.25,21.9,14.6,36.5,164.25,470.85,635.1,Loudoun County
VA,Louisa County,2010,58.4,105.85,164.25,21.9,0.0,21.9,10.95,47.45,58.4,Louisa County
VA,Montgomery County,2010,25.55,2445.5,2471.05,0.0,7997.15,7997.15,40.15,120.45,160.6,Montgomery County
VA,Nelson County,2010,54.75,18.25,73.0,21.9,343.1,365.0,0.0,470.85,470.85,Nelson County
VA,New Kent County,2010,98.55,9650.6,9749.15,160.6,0.0,160.6,10.95,197.1,208.05,New Kent County
VA,Northampton County,2010,116.8,0.0,116.8,54.75,0.0,54.75,744.6,98.55,843.15,Northampton County
VA,Northumberland County,2010,51.1,0.0,51.1,51.1,934.4,985.5,21.9,21.9,43.8,Northumberland County
VA,Nottoway County,2010,0.0,178.85,178.85,7.3,0.0,7.3,3.65,58.4,62.05,Nottoway County
VA,Pittsylvania County,2010,0.0,240.9,240.9,3.65,0.0,3.65,51.1,456.25,507.35,Pittsylvania County
VA,Prince Edward County,2010,0.0,372.3,372.3,21.9,0.0,21.9,0.0,51.1,51.1,Prince Edward County
VA,Prince George County,2010,109.5,0.0,109.5,10.95,5905.7,5916.650000000001,18.25,226.3,244.55,Prince George County
VA,Prince William County,2010,58.4,22896.45,22954.85,29.2,0.0,29.2,189.8,354.05,543.85,Prince William County
VA,Pulaski County,2010,0.0,1635.2,1635.2,0.0,383.25,383.25,10.95,76.64999999999999,87.6,Pulaski County
VA,Roanoke County,2010,554.8,5026.05,5580.849999999999,0.0,7.3,7.3,10.95,102.2,113.15,Roanoke County
VA,Rockbridge County,2010,438.0,536.55,974.55,229.95,0.0,229.95,3.65,47.45,51.1,Rockbridge County
VA,Rockingham County,2010,1960.05,2872.55,4832.6,3931.05,0.0,3931.05,62.05,671.6,733.65,Rockingham County
VA,Shenandoah County,2010,518.3,551.15,1069.45,832.1999999999999,83.95,916.15,10.95,120.45,131.4,Shenandoah County
VA,Southampton County,2010,175.2,1043.9,1219.1,1281.15,0.0,1281.15,0.0,321.2,321.2,Southampton County
VA,Surry County,2010,43.8,0.0,43.8,7.3,0.0,7.3,0.0,87.6,87.6,Surry County
VA,Sussex County,2010,237.25,0.0,237.25,7.3,0.0,7.3,0.0,255.5,255.5,Sussex County
VA,Westmoreland County,2010,357.7,0.0,357.7,21.9,0.0,21.9,21.9,288.35,310.25,Westmoreland County
VA,Wythe County,2010,120.45,861.4,981.85,14.6,0.0,14.6,10.95,29.2,40.15,Wythe County
VA,York County,2010,142.35,8508.15,8650.5,0.0,19337.7,19337.7,0.0,32.85,32.85,York County
VA,Chesapeake City,2010,1635.2,0.0,1635.2,127.75,0.0,127.75,98.55,222.65,321.2,Chesapeake city
VA,Lynchburg City,2010,0.0,40.15,40.15,0.0,14.6,14.6,0.0,7.3,7.3,Lynchburg city
VA,Newport News City,2010,204.4,8927.9,9132.3,73.0,1127.85,1200.85,29.2,83.95,113.15,Newport News city
VA,Norfolk City,2010,0.0,255.5,255.5,65.7,0.0,65.7,7.3,43.8,51.1,Norfolk city
VA,Roanoke City,2010,1773.9,0.0,1773.9,62.05,0.0,62.05,21.9,62.05,83.95,Roanoke city
VA,Salem City,2010,383.25,1244.65,1627.9,25.55,0.0,25.55,32.85,7.3,40.15,Salem city
VA,Suffolk City,2010,2317.75,27291.05,29608.800000000003,29.2,0.0,29.2,47.45,109.5,156.95,Suffolk city
VA,Waynesboro City,2010,919.8,0.0,919.8,1208.15,3.65,1211.8,7.3,21.9,29.2,Waynesboro city
WA,Adams County,2010,2065.9,0.0,2065.9,810.3000000000001,0.0,810.3000000000001,67003.05,8836.65,75839.7,Adams County
WA,Benton County,2010,8113.95,2974.75,11088.7,3153.6000000000004,21115.25,24268.85,18319.35,86749.54999999999,105068.9,Benton County
WA,Chelan County,2010,2547.7000000000003,1047.55,3595.25,0.0,3657.3,3657.3,1054.85,13008.6,14063.45,Chelan County
WA,Clark County,2010,14709.499999999998,0.0,14709.499999999998,14132.8,12534.1,26666.9,1850.55,635.1,2485.65,Clark County
WA,Columbia County,2010,204.4,0.0,204.4,18.25,0.0,18.25,200.75000000000003,1974.65,2175.4,Columbia County
WA,Cowlitz County,2010,346.75,3398.15,3744.9,0.0,44719.8,44719.8,178.85,1022.0,1200.85,Cowlitz County
WA,Douglas County,2010,1620.6,0.0,1620.6,748.2499999999999,0.0,748.2499999999999,1460.0,7449.65,8909.65,Douglas County
WA,Ferry County,2010,171.54999999999998,7.3,178.85,36.5,0.0,36.5,204.4,766.5,970.9,Ferry County
WA,Franklin County,2010,1251.95,4307.0,5558.95,609.55,0.0,609.55,29554.05,136243.55,165797.6,Franklin County
WA,Grant County,2010,7891.3,197.1,8088.4,1102.3,0.0,1102.3,68025.05,308439.6,376464.65,Grant County
WA,Grays Harbor County,2010,1529.35,1321.3,2850.65,434.35,2646.25,3080.6,1507.45,795.7,2303.15,Grays Harbor County
WA,King County,2010,22513.2,62944.24999999999,85457.45,1135.15,1131.5,2266.65,558.45,1346.85,1905.3,King County
WA,Kitsap County,2010,4909.25,2237.45,7146.7,7.3,29.2,36.5,489.1,226.3,715.4,Kitsap County
WA,Kittitas County,2010,1992.9,445.3,2438.2,401.50000000000006,0.0,401.50000000000006,1058.5,43321.85,44380.35,Kittitas County
WA,Klickitat County,2010,1273.85,0.0,1273.85,0.0,335.8,335.8,6186.75,3215.65,9402.4,Klickitat County
WA,Lewis County,2010,1324.95,967.25,2292.2000000000003,930.75,0.0,930.75,1423.5,1182.6,2606.1,Lewis County
WA,Mason County,2010,1529.35,0.0,1529.35,127.75,3098.85,3226.6,208.05,36.5,244.55,Mason County
WA,Okanogan County,2010,1766.6,153.29999999999998,1919.9,485.4500000000001,0.0,485.4500000000001,9088.5,20056.75,29145.25,Okanogan County
WA,Pacific County,2010,259.15,784.75,1043.9,76.64999999999999,105.85,182.5,361.35,547.5,908.85,Pacific County
WA,Pend Oreille County,2010,313.9,91.25,405.15,0.0,343.1,343.1,54.75,65.7,120.45,Pend Oreille County
WA,Pierce County,2010,17676.95,18644.2,36321.15,4803.4,11212.8,16016.2,1591.4,649.7,2241.1,Pierce County
WA,San Juan County,2010,94.9,237.25,332.15000000000003,36.5,0.0,36.5,14.6,32.85,47.45,San Juan County
WA,Skamania County,2010,233.6,178.85,412.45,0.0,2058.6,2058.6,58.4,76.64999999999999,135.05,Skamania County
WA,Snohomish County,2010,2770.35,40087.95,42858.3,817.6,19622.4,20440.0,886.95,1073.1,1960.05,Snohomish County
WA,Spokane County,2010,43128.4,0.0,43128.4,2533.1000000000004,10785.75,13318.85,4905.599999999999,722.7,5628.3,Spokane County
WA,Stevens County,2010,2905.4,0.0,2905.4,0.0,36.5,36.5,740.9499999999999,2726.55,3467.5,Stevens County
WA,Thurston County,2010,8008.1,0.0,8008.1,1379.6999999999998,0.0,1379.6999999999998,2679.1,748.2499999999999,3427.3500000000004,Thurston County
WA,Walla Walla County,2010,2784.95,1865.15,4650.1,350.4,6672.200000000001,7022.599999999999,8303.75,37989.2,46292.95,Walla Walla County
WA,Whatcom County,2010,2438.2,4785.15,7223.349999999999,0.0,2799.55,2799.55,12953.85,3624.45,16578.3,Whatcom County
WA,Yakima County,2010,6467.799999999999,3774.1,10241.9,2135.25,0.0,2135.25,35390.399999999994,167363.44999999998,202753.85,Yakima County
WV,Berkeley County,2010,2040.35,1032.95,3073.3,1423.5,5110.0,6533.499999999999,3.65,3.65,7.3,Berkeley County
WV,Jefferson County,2010,255.5,857.75,1113.25,18.25,876.0,894.2500000000001,3.65,3.65,7.3,Jefferson County
WV,Mason County,2010,1062.15,0.0,1062.15,288.35,4015.0,4303.349999999999,3.65,3.65,7.3,Mason County
WV,Mineral County,2010,87.6,675.25,762.8499999999999,62.05,474.5,536.55,3.65,3.65,7.3,Mineral County
WV,Putnam County,2010,0.0,886.95,886.95,29.2,2883.5,2912.7000000000003,3.65,0.0,3.65,Putnam County
WI,Adams County,2010,306.6,0.0,306.6,58.4,7.3,65.7,14121.85,3774.1,17895.95,Adams County
WI,Ashland County,2010,98.55,233.6,332.15000000000003,65.7,0.0,65.7,3.65,0.0,3.65,Ashland County
WI,Barron County,2010,1489.2,0.0,1489.2,91.25,0.0,91.25,1595.05,0.0,1595.05,Barron County
WI,Bayfield County,2010,156.95,0.0,156.95,43.8,3.65,47.45,54.75,0.0,54.75,Bayfield County
WI,Brown County,2010,514.65,6646.650000000001,7161.3,1164.35,31828.0,32992.35,259.15,0.0,259.15,Brown County
WI,Buffalo County,2010,186.15,0.0,186.15,124.1,0.0,124.1,397.85,0.0,397.85,Buffalo County
WI,Burnett County,2010,113.15,0.0,113.15,40.15,21.9,62.05,47.45,156.95,204.4,Burnett County
WI,Calumet County,2010,803.0000000000001,0.0,803.0000000000001,120.45,412.45,532.9,32.85,0.0,32.85,Calumet County
WI,Chippewa County,2010,1985.6,0.0,1985.6,248.2,3128.05,3376.25,478.15,0.0,478.15,Chippewa County
WI,Clark County,2010,496.4,0.0,496.4,14.6,0.0,14.6,21.9,54.75,76.64999999999999,Clark County
WI,Columbia County,2010,1310.35,0.0,1310.35,576.7,0.0,576.7,306.6,3.65,310.25,Columbia County
WI,Dane County,2010,16085.55,0.0,16085.55,408.8,689.8499999999999,1098.65,1814.05,0.0,1814.05,Dane County
WI,Dodge County,2010,2073.2,0.0,2073.2,332.15000000000003,127.75,459.9,211.7,0.0,211.7,Dodge County
WI,Door County,2010,558.45,0.0,558.45,29.2,233.6,262.8,255.5,0.0,255.5,Door County
WI,Douglas County,2010,3.65,0.0,3.65,3.65,211.7,215.35,83.95,558.45,642.4,Douglas County
WI,Dunn County,2010,865.0500000000001,0.0,865.0500000000001,262.8,142.35,405.15,4704.85,0.0,4704.85,Dunn County
WI,Eau Claire County,2010,3022.2,0.0,3022.2,131.4,200.75000000000003,332.15000000000003,934.4,54.75,989.15,Eau Claire County
WI,Fond du Lac County,2010,2675.45,0.0,2675.45,605.9,76.64999999999999,682.5500000000001,266.45,0.0,266.45,Fond du Lac County
WI,Grant County,2010,1157.05,0.0,1157.05,51.1,0.0,51.1,146.0,10.95,156.95,Grant County
WI,Green County,2010,897.9,0.0,897.9,368.65,0.0,368.65,514.65,0.0,514.65,Green County
WI,Green Lake County,2010,470.85,0.0,470.85,2190.0,189.8,2379.8,876.0,47.45,923.45,Green Lake County
WI,Iowa County,2010,430.7,0.0,430.7,10.95,153.29999999999998,164.25,1390.65,0.0,1390.65,Iowa County
WI,Iron County,2010,83.95,0.0,83.95,0.0,40.15,40.15,18.25,569.4,587.6500000000001,Iron County
WI,Jackson County,2010,288.35,0.0,288.35,438.0,10.95,448.95,430.7,4788.799999999999,5219.5,Jackson County
WI,Jefferson County,2010,2244.75,0.0,2244.75,938.05,0.0,938.05,1073.1,3.65,1076.75,Jefferson County
WI,Juneau County,2010,543.85,0.0,543.85,102.2,0.0,102.2,3482.1,2317.75,5799.85,Juneau County
WI,Kenosha County,2010,94.9,4934.8,5029.7,40.15,0.0,40.15,142.35,14.6,156.95,Kenosha County
WI,Kewaunee County,2010,292.0,0.0,292.0,149.64999999999998,0.0,149.64999999999998,73.0,0.0,73.0,Kewaunee County
WI,La Crosse County,2010,4945.75,0.0,4945.75,744.6,3.65,748.2499999999999,339.45000000000005,0.0,339.45000000000005,La Crosse County
WI,Lafayette County,2010,317.55,0.0,317.55,7.3,0.0,7.3,40.15,0.0,40.15,Lafayette County
WI,Langlade County,2010,379.6,0.0,379.6,76.64999999999999,0.0,76.64999999999999,3967.55,36.5,4004.05,Langlade County
WI,Lincoln County,2010,434.35,0.0,434.35,3.65,3978.5,3982.15,29.2,244.55,273.75,Lincoln County
WI,Manitowoc County,2010,383.25,5467.7,5850.950000000001,208.05,1730.1,1938.15,113.15,47.45,160.6,Manitowoc County
WI,Marathon County,2010,4131.8,0.0,4131.8,489.1,11092.35,11581.45,1810.4,463.55,2273.9500000000003,Marathon County
WI,Marinette County,2010,270.1,784.75,1054.85,167.9,821.25,989.15,2441.8500000000004,21.9,2463.75,Marinette County
WI,Marquette County,2010,43.8,0.0,43.8,102.2,0.0,102.2,803.0000000000001,0.0,803.0000000000001,Marquette County
WI,Milwaukee County,2010,40.15,43161.25,43201.4,430.7,368.65,799.35,135.05,0.0,135.05,Milwaukee County
WI,Monroe County,2010,861.4,0.0,861.4,91.25,835.85,927.1,4150.049999999999,8964.4,13114.45,Monroe County
WI,Oconto County,2010,474.5,0.0,474.5,62.05,521.9499999999999,584.0,259.15,7.3,266.45,Oconto County
WI,Oneida County,2010,697.15,0.0,697.15,7.3,3011.25,3018.55,156.95,1284.8,1441.75,Oneida County
WI,Outagamie County,2010,2580.55,3087.9,5668.45,474.5,16702.399999999998,17176.9,178.85,0.0,178.85,Outagamie County
WI,Ozaukee County,2010,1584.1,445.3,2029.4,233.6,142.35,375.95,226.3,36.5,262.8,Ozaukee County
WI,Pepin County,2010,138.7,0.0,138.7,58.4,0.0,58.4,675.25,0.0,675.25,Pepin County
WI,Pierce County,2010,489.1,0.0,489.1,562.1,0.0,562.1,120.45,0.0,120.45,Pierce County
WI,Polk County,2010,740.9499999999999,0.0,740.9499999999999,146.0,29.2,175.2,167.9,18.25,186.15,Polk County
WI,Portage County,2010,3128.05,0.0,3128.05,2956.5,1368.75,4325.25,17983.550000000003,2492.95,20476.5,Portage County
WI,Price County,2010,361.35,0.0,361.35,54.75,3164.55,3219.3,80.3,1711.85,1792.15,Price County
WI,Racine County,2010,992.8,6840.099999999999,7832.900000000001,14.6,481.8,496.4,886.95,0.0,886.95,Racine County
WI,Richland County,2010,474.5,0.0,474.5,3.65,0.0,3.65,386.9,0.0,386.9,Richland County
WI,Rock County,2010,6442.249999999999,0.0,6442.249999999999,416.1,0.0,416.1,2120.65,0.0,2120.65,Rock County
WI,Rusk County,2010,160.6,0.0,160.6,10.95,478.15,489.1,87.6,116.8,204.4,Rusk County
WI,St Croix County,2010,1803.1,0.0,1803.1,810.3000000000001,0.0,810.3000000000001,1449.0500000000002,0.0,1449.0500000000002,St. Croix County
WI,Sauk County,2010,2576.9,0.0,2576.9,270.1,10.95,281.05,1777.55,102.2,1879.75,Sauk County
WI,Sawyer County,2010,146.0,0.0,146.0,18.25,0.0,18.25,127.75,689.8499999999999,817.6,Sawyer County
WI,Shawano County,2010,810.3000000000001,0.0,810.3000000000001,36.5,1839.6,1876.1,73.0,620.5,693.5,Shawano County
WI,Sheboygan County,2010,1087.7,4522.35,5610.049999999999,708.1,0.0,708.1,204.4,0.0,204.4,Sheboygan County
WI,Taylor County,2010,211.7,0.0,211.7,3.65,18.25,21.9,21.9,0.0,21.9,Taylor County
WI,Trempealeau County,2010,901.55,0.0,901.55,58.4,0.0,58.4,992.8,102.2,1095.0,Trempealeau County
WI,Vernon County,2010,386.9,0.0,386.9,7.3,0.0,7.3,51.1,0.0,51.1,Vernon County
WI,Vilas County,2010,167.9,0.0,167.9,14.6,0.0,14.6,109.5,1748.35,1857.85,Vilas County
WI,Walworth County,2010,2463.75,0.0,2463.75,259.15,7.3,266.45,861.4,0.0,861.4,Walworth County
WI,Washburn County,2010,215.35,0.0,215.35,7.3,0.0,7.3,478.15,350.4,828.55,Washburn County
WI,Washington County,2010,2770.35,0.0,2770.35,127.75,127.75,255.5,281.05,7.3,288.35,Washington County
WI,Waukesha County,2010,7000.7,0.0,7000.7,306.6,3445.6,3752.2,686.1999999999999,65.7,751.9,Waukesha County
WI,Waupaca County,2010,1554.9,0.0,1554.9,47.45,25.55,73.0,1211.8,58.4,1270.2,Waupaca County
WI,Waushara County,2010,193.45,0.0,193.45,47.45,0.0,47.45,12840.7,3.65,12844.35,Waushara County
WI,Winnebago County,2010,1036.6,4453.0,5489.599999999999,1146.1,5026.05,6172.15,178.85,87.6,266.45,Winnebago County
WI,Wood County,2010,1646.15,0.0,1646.15,18.25,46661.6,46679.85,1029.3,13242.2,14271.5,Wood County
WY,Albany County,2010,1025.65,978.2,2003.85,14.6,7.3,21.9,0.0,66225.6,66225.6,Albany County
WY,Big Horn County,2010,565.75,171.54999999999998,737.3,14.6,91.25,105.85,766.5,138798.55,139565.05,Big Horn County
WY,Campbell County,2010,4033.250000000001,0.0,4033.250000000001,47.45,29.2,76.64999999999999,474.5,15377.45,15851.95,Campbell County
WY,Carbon County,2010,770.15,489.1,1259.25,14.6,7.3,21.9,459.9,134597.4,135057.3,Carbon County
WY,Converse County,2010,740.9499999999999,32.85,773.8000000000001,7.3,7.3,14.6,1091.35,49158.2,50249.55,Converse County
WY,Crook County,2010,397.85,0.0,397.85,7.3,7.3,14.6,810.3000000000001,15191.3,16001.6,Crook County
WY,Fremont County,2010,711.75,1412.55,2124.3,29.2,18.25,47.45,0.0,182938.0,182938.0,Fremont County
WY,Goshen County,2010,730.0,0.0,730.0,0.0,14.6,14.6,34364.75,108521.8,142886.55000000002,Goshen County
WY,Hot Springs County,2010,87.6,251.85,339.45000000000005,10.95,3.65,14.6,905.2,27148.7,28053.9,Hot Springs County
WY,Johnson County,2010,36.5,397.85,434.35,3.65,3.65,7.3,124.1,41653.8,41777.9,Johnson County
WY,Laramie County,2010,1503.8,3719.35,5223.150000000001,386.9,3.65,390.55,56096.85,23305.25,79402.09999999999,Laramie County
WY,Lincoln County,2010,1142.45,273.75,1416.2,18.25,0.0,18.25,1197.1999999999998,68057.90000000001,69255.1,Lincoln County
WY,Natrona County,2010,2649.9,1317.65,3967.55,54.75,32.85,87.6,0.0,56863.35,56863.35,Natrona County
WY,Park County,2010,69.35,1084.0500000000002,1153.4,288.35,175.2,463.55,0.0,107189.55,107189.55,Park County
WY,Platte County,2010,452.6,0.0,452.6,18.25,7.3,25.55,20830.55,98816.45,119647.0,Platte County
WY,Sheridan County,2010,0.0,1748.35,1748.35,14.6,10.95,25.55,0.0,70116.5,70116.5,Sheridan County
WY,Sweetwater County,2010,109.5,3500.35,3609.85,781.1,164.25,945.35,3905.5,33280.700000000004,37186.2,Sweetwater County
WY,Teton County,2010,1861.5,40.15,1901.65,10.95,7.3,18.25,0.0,9026.45,9026.45,Teton County
WY,Uinta County,2010,142.35,1438.1,1580.45,36.5,21.9,58.4,8132.200000000001,69331.75,77463.95,Uinta County
WY,Washakie County,2010,562.1,0.0,562.1,0.0,14.6,14.6,1719.15,55571.25,57290.4,Washakie County
WY,Weston County,2010,605.9,0.0,605.9,36.5,36.5,73.0,153.29999999999998,8924.25,9077.55,Weston County
PR,Aguadilla County,2010,3.65,10143.35,10147.0,7.3,0.0,7.3,171.54999999999998,14.6,186.15,Aguadilla Municipio
PR,Guayama County,2010,361.35,4657.4,5018.75,146.0,0.0,146.0,83.95,328.5,412.45,Guayama Municipio
PR,Penuelas County,2010,153.29999999999998,956.3,1109.6,14.6,0.0,14.6,51.1,0.0,51.1,Peñuelas Municipio
PR,Salinas County,2010,1456.35,0.0,1456.35,3.65,0.0,3.65,131.4,1565.85,1697.2500000000002,Salinas Municipio
PR,Yabucoa County,2010,620.5,1022.0,1642.5,135.05,0.0,135.05,248.2,0.0,248.2,Yabucoa Municipio
AL,Autauga County,2015,1328.6,0.0,1328.6,667.95,12034.05,12701.999999999998,1226.4,58.4,1284.8,Autauga County
AL,Barbour County,2015,1178.95,0.0,1178.95,547.5,0.0,547.5,208.05,872.35,1080.4,Barbour County
AL,Butler County,2015,832.1999999999999,0.0,832.1999999999999,73.0,0.0,73.0,3.65,357.7,361.35,Butler County
AL,Calhoun County,2015,8201.55,1014.7,9216.25,419.75,0.0,419.75,0.0,1149.75,1149.75,Calhoun County
AL,Chilton County,2015,916.15,689.8499999999999,1606.0000000000002,142.35,0.0,142.35,120.45,58.4,178.85,Chilton County
AL,Choctaw County,2015,441.65,0.0,441.65,0.0,17012.65,17012.65,3.65,58.4,62.05,Choctaw County
AL,Clarke County,2015,912.5,29.2,941.7,0.0,8081.1,8081.1,7.3,94.9,102.2,Clarke County
AL,Coffee County,2015,2314.1,0.0,2314.1,635.1,0.0,635.1,248.2,1164.35,1412.55,Coffee County
AL,Colbert County,2015,219.0,2795.9,3014.9,0.0,10840.5,10840.5,284.7,602.25,886.95,Colbert County
AL,Cullman County,2015,113.15,8369.45,8482.599999999999,270.1,886.95,1157.05,102.2,229.95,332.15000000000003,Cullman County
AL,Dallas County,2015,2157.15,0.0,2157.15,87.6,11190.9,11278.5,251.85,916.15,1168.0,Dallas County
AL,DeKalb County,2015,120.45,2036.7,2157.15,208.05,0.0,208.05,178.85,784.75,963.6,DeKalb County
AL,Escambia County,2015,1825.0,0.0,1825.0,532.9,11877.1,12410.0,365.0,270.1,635.1,Escambia County
AL,Etowah County,2015,1503.8,4646.45,6150.250000000001,0.0,3029.5000000000005,3029.5000000000005,0.0,365.0,365.0,Etowah County
AL,Greene County,2015,507.35,0.0,507.35,7.3,0.0,7.3,116.8,47.45,164.25,Greene County
AL,Hale County,2015,1131.5,0.0,1131.5,7.3,0.0,7.3,332.15000000000003,58.4,390.55,Hale County
AL,Houston County,2015,6913.1,0.0,6913.1,109.5,0.0,109.5,1876.1,879.6500000000001,2755.75,Houston County
AL,Jackson County,2015,182.5,4120.849999999999,4303.349999999999,0.0,3321.5,3321.5,98.55,368.65,467.2,Jackson County
AL,Jefferson County,2015,2872.55,15005.15,17877.699999999997,317.55,0.0,317.55,29.2,2117.0,2146.2,Jefferson County
AL,Lamar County,2015,518.3,0.0,518.3,36.5,0.0,36.5,0.0,87.6,87.6,Lamar County
AL,Lowndes County,2015,346.75,0.0,346.75,1547.6,0.0,1547.6,0.0,2091.4500000000003,2091.4500000000003,Lowndes County
AL,Madison County,2015,10585.0,13924.75,24509.750000000004,0.0,204.4,204.4,1825.0,1514.7500000000002,3339.75,Madison County
AL,Marengo County,2015,1011.05,0.0,1011.05,0.0,6730.6,6730.6,62.05,94.9,156.95,Marengo County
AL,Marshall County,2015,1208.15,7464.25,8672.400000000001,29.2,0.0,29.2,284.7,470.85,755.55,Marshall County
AL,Mobile County,2015,4920.2,19206.3,24126.5,2368.85,1317.65,3686.5,3157.25,824.9,3982.15,Mobile County
AL,Monroe County,2015,843.15,0.0,843.15,43.8,17998.15,18041.95,149.64999999999998,58.4,208.05,Monroe County
AL,Montgomery County,2015,4799.75,5420.25,10220.0,649.7,0.0,649.7,1554.9,733.65,2288.55,Montgomery County
AL,Morgan County,2015,0.0,9344.0,9344.0,3.65,32240.45,32244.1,58.4,321.2,379.6,Morgan County
AL,Pickens County,2015,1095.0,0.0,1095.0,3.65,0.0,3.65,0.0,711.75,711.75,Pickens County
AL,Russell County,2015,580.35,2503.9,3084.2499999999995,525.6,9490.0,10015.6,0.0,2719.25,2719.25,Russell County
AL,St. Clair County,2015,2317.75,941.7,3259.45,0.0,2226.5,2226.5,124.1,503.7,627.8,St. Clair County
AL,Sumter County,2015,751.9,0.0,751.9,0.0,1460.0,1460.0,182.5,94.9,277.4,Sumter County
AL,Talladega County,2015,3427.3500000000004,2412.65,5840.0,0.0,9705.35,9705.35,222.65,1522.05,1744.7,Talladega County
AL,Tuscaloosa County,2015,251.85,11220.1,11471.95,558.45,244.55,803.0000000000001,481.8,1584.1,2065.9,Tuscaloosa County
AL,Washington County,2015,1025.65,0.0,1025.65,2127.95,1248.3,3376.25,25.55,58.4,83.95,Washington County
AL,Wilcox County,2015,306.6,715.4,1022.0,0.0,7179.55,7179.55,21.9,142.35,164.25,Wilcox County
AK,Aleutians West Census Area,2015,18.25,810.3000000000001,828.55,0.0,178.85,178.85,3.65,0.0,3.65,Aleutians West Census Area
AK,Municipality of Anchorage,2015,4547.900000000001,11690.95,16238.85,91.25,0.0,91.25,149.64999999999998,0.0,149.64999999999998,Anchorage Municipality
AK,Fairbanks North Star Borough,2015,5153.799999999999,0.0,5153.799999999999,3.65,0.0,3.65,87.6,0.0,87.6,Fairbanks North Star Borough
AK,City & Borough of Juneau,2015,507.35,1244.65,1752.0,332.15000000000003,0.0,332.15000000000003,3.65,0.0,3.65,Juneau City and Borough
AK,Kenai Peninsula Borough,2015,292.0,1032.95,1324.95,135.05,0.0,135.05,21.9,0.0,21.9,Kenai Peninsula Borough
AZ,Cochise County,2015,5894.749999999999,0.0,5894.749999999999,7.3,0.0,7.3,79413.05,0.0,79413.05,Cochise County
AZ,Coconino County,2015,5920.299999999999,1332.25,7252.55,3.65,0.0,3.65,102.2,0.0,102.2,Coconino County
AZ,Gila County,2015,1759.3000000000002,3.65,1762.95,10.95,0.0,10.95,715.4,397.85,1113.25,Gila County
AZ,Graham County,2015,1387.0,0.0,1387.0,62.05,0.0,62.05,38963.75,28028.35,66992.09999999999,Graham County
AZ,Maricopa County,2015,69112.75,214324.35,283437.1,660.65,0.0,660.65,348155.25,101816.75,449972.0,Maricopa County
AZ,Mohave County,2015,17468.9,0.0,17468.9,32.85,0.0,32.85,18666.1,22159.15,40825.25,Mohave County
AZ,Navajo County,2015,5292.5,0.0,5292.5,83.95,0.0,83.95,2219.2,1580.45,3799.65,Navajo County
AZ,Pima County,2015,64021.0,0.0,64021.0,861.4,0.0,861.4,21983.95,11690.95,33674.9,Pima County
AZ,Pinal County,2015,19812.2,3270.4,23082.6,83.95,0.0,83.95,131421.9,209893.25,341315.15,Pinal County
AZ,Yavapai County,2015,7716.1,0.0,7716.1,408.8,0.0,408.8,4558.85,6807.249999999999,11366.1,Yavapai County
AZ,Yuma County,2015,3989.45,9256.4,13245.85,18.25,0.0,18.25,40004.0,354082.85000000003,394086.85,Yuma County
AR,Ashley County,2015,438.0,0.0,438.0,2190.0,13877.3,16067.3,52027.1,6310.849999999999,58337.95,Ashley County
AR,Clark County,2015,21.9,649.7,671.6,62.05,0.0,62.05,0.0,1960.05,1960.05,Clark County
AR,Conway County,2015,0.0,1518.4,1518.4,0.0,2565.9500000000003,2565.9500000000003,996.45,481.8,1478.25,Conway County
AR,Crittenden County,2015,2602.45,0.0,2602.45,65.7,0.0,65.7,93045.8,441.65,93487.45,Crittenden County
AR,Cross County,2015,660.65,0.0,660.65,47.45,0.0,47.45,199822.9,16782.699999999997,216605.6,Cross County
AR,Desha County,2015,156.95,0.0,156.95,1817.7,5124.599999999999,6942.3,171272.6,58126.25,229398.85,Desha County
AR,Greene County,2015,1613.3,0.0,1613.3,14.6,0.0,14.6,126392.2,3675.55,130067.75,Greene County
AR,Independence County,2015,240.9,1883.4,2124.3,0.0,16315.500000000002,16315.500000000002,24411.2,10369.65,34780.850000000006,Independence County
AR,Jefferson County,2015,4303.349999999999,32.85,4336.200000000001,1781.2,0.0,1781.2,106247.85,25130.25,131378.1,Jefferson County
AR,Little River County,2015,182.5,839.4999999999999,1022.0,0.0,7544.55,7544.55,3635.4,8551.95,12187.35,Little River County
AR,Lonoke County,2015,2193.65,0.0,2193.65,240.9,0.0,240.9,213346.15,115814.5,329160.65,Lonoke County
AR,Miller County,2015,32.85,0.0,32.85,69.35,0.0,69.35,0.0,83.95,83.95,Miller County
AR,Mississippi County,2015,503.7,21.9,525.6,1350.5,0.0,1350.5,12760.4,105.85,12866.25,Mississippi County
AR,Saline County,2015,328.5,10490.1,10818.6,0.0,91.25,91.25,0.0,821.25,821.25,Saline County
CA,Alameda County,2015,8402.3,53187.8,61590.100000000006,328.5,0.0,328.5,2346.95,1124.2,3471.15,Alameda County
CA,Amador County,2015,438.0,2715.6000000000004,3153.6000000000004,76.64999999999999,73.0,149.64999999999998,5310.75,2263.0,7573.75,Amador County
CA,Butte County,2015,6964.2,3551.4500000000003,10515.65,1157.05,310.25,1467.3,261595.50000000003,13132.7,274728.19999999995,Butte County
CA,Calaveras County,2015,69.35,2336.0,2405.35,62.05,0.0,62.05,2200.9500000000003,1011.05,3212.0000000000005,Calaveras County
CA,Colusa County,2015,897.9,0.0,897.9,306.6,0.0,306.6,232187.45,21578.8,253766.25,Colusa County
CA,Contra Costa County,2015,2587.85,48501.2,51089.05,1219.1,0.0,1219.1,4887.35,26900.5,31787.85,Contra Costa County
CA,El Dorado County,2015,1854.2,8292.8,10147.0,324.85,0.0,324.85,6778.05,2996.65,9774.7,El Dorado County
CA,Fresno County,2015,39916.4,17417.8,57334.2,3836.15,0.0,3836.15,313414.55,276655.4,590069.9500000001,Fresno County
CA,Glenn County,2015,908.85,21.9,930.75,98.55,0.0,98.55,229544.85,11592.4,241137.25,Glenn County
CA,Humboldt County,2015,3715.7,478.15,4193.85,175.2,0.0,175.2,15403.000000000002,6486.05,21889.05,Humboldt County
CA,Imperial County,2015,562.1,8369.45,8931.55,438.0,0.0,438.0,475879.7,199494.4,675374.1,Imperial County
CA,Inyo County,2015,883.3,0.0,883.3,32.85,0.0,32.85,4467.6,1919.9,6387.5,Inyo County
CA,Kern County,2015,41139.15,20498.4,61637.55,897.9,0.0,897.9,542342.5499999999,48110.65,590453.2000000001,Kern County
CA,Kings County,2015,8522.75,2087.8,10610.55,1124.2,0.0,1124.2,220631.55,12026.750000000002,232658.3,Kings County
CA,Lake County,2015,540.2,529.25,1069.45,321.2,29.2,350.4,13563.4,5704.950000000001,19268.35,Lake County
CA,Los Angeles County,2015,180853.85,277746.75,458600.6,37693.55,0.0,37693.55,8814.75,3814.25,12629.0,Los Angeles County
CA,Madera County,2015,5664.8,40.15,5704.950000000001,1668.0500000000002,0.0,1668.0500000000002,275943.65,5993.3,281936.94999999995,Madera County
CA,Marin County,2015,127.75,10161.6,10289.35,73.0,0.0,73.0,10522.95,4449.349999999999,14972.3,Marin County
CA,Mendocino County,2015,1116.9,2106.05,3222.95,1222.75,0.0,1222.75,17662.35,7413.15,25075.5,Mendocino County
CA,Merced County,2015,17326.55,985.5,18312.05,2054.95,0.0,2054.95,241359.9,112916.4,354276.3,Merced County
CA,Mono County,2015,160.6,562.1,722.7,10.95,0.0,10.95,15034.35,6329.1,21363.45,Mono County
CA,Monterey County,2015,13932.05,21.9,13953.95,788.4000000000001,0.0,788.4000000000001,43325.5,18308.4,61633.9,Monterey County
CA,Napa County,2015,40.15,5537.05,5577.2,2755.75,0.0,2755.75,26374.9,11110.6,37485.5,Napa County
CA,Nevada County,2015,1507.45,2668.15,4175.599999999999,29.2,0.0,29.2,12336.999999999998,5343.6,17680.6,Nevada County
CA,Orange County,2015,102692.75,64309.35,167002.1,6610.15,0.0,6610.15,3011.25,1328.6,4339.85,Orange County
CA,Placer County,2015,1208.15,18527.4,19735.55,700.8,0.0,700.8,31871.8,16848.399999999998,48720.2,Placer County
CA,Plumas County,2015,580.35,204.4,784.75,492.75000000000006,0.0,492.75000000000006,26327.45,11187.25,37514.7,Plumas County
CA,Riverside County,2015,120373.35,40493.1,160866.45,1908.95,0.0,1908.95,190632.2,80121.15,270753.35,Riverside County
CA,Sacramento County,2015,42409.35,42011.5,84420.84999999999,6172.15,0.0,6172.15,102616.1,58735.8,161351.9,Sacramento County
CA,San Benito County,2015,1339.55,573.0500000000001,1912.6,1467.3,0.0,1467.3,3876.3,1642.5,5518.799999999999,San Benito County
CA,San Bernardino County,2015,97747.0,25513.500000000004,123260.5,16793.649999999998,0.0,16793.649999999998,8544.65,3620.8,12165.45,San Bernardino County
CA,San Diego County,2015,6810.9,142408.40000000002,149219.3,591.3000000000001,0.0,591.3000000000001,30338.800000000003,12833.4,43172.2,San Diego County
CA,San Joaquin County,2015,12899.1,21188.25,34087.35,8351.199999999999,0.0,8351.199999999999,246977.25,187464.0,434441.25,San Joaquin County
CA,San Luis Obispo County,2015,5153.799999999999,5467.7,10621.5,1416.2,0.0,1416.2,20297.65,8526.4,28824.05,San Luis Obispo County
CA,San Mateo County,2015,1971.0,22991.35,24962.35,62.05,0.0,62.05,5883.8,2540.4,8424.199999999999,San Mateo County
CA,Santa Barbara County,2015,8022.7,10205.4,18228.1,2321.4,0.0,2321.4,14373.7,6048.05,20421.75,Santa Barbara County
CA,Santa Clara County,2015,24790.8,46234.55,71025.35,4555.2,0.0,4555.2,1960.05,996.45,2956.5,Santa Clara County
CA,Santa Cruz County,2015,3960.25,2774.0,6734.25,2500.25,0.0,2500.25,8037.3,3401.8,11439.1,Santa Cruz County
CA,Shasta County,2015,4299.7,7916.85,12216.55,5533.4,0.0,5533.4,36967.2,21786.85,58754.05,Shasta County
CA,Sierra County,2015,116.8,18.25,135.05,164.25,0.0,164.25,6007.900000000001,2518.5,8526.4,Sierra County
CA,Siskiyou County,2015,857.75,824.9,1682.65,835.85,0.0,835.85,51800.8,21739.4,73540.2,Siskiyou County
CA,Solano County,2015,3157.25,15888.45,19045.7,2219.2,0.0,2219.2,101678.05,42686.75,144364.8,Solano County
CA,Sonoma County,2015,4985.9,9792.95,14778.85,5292.5,0.0,5292.5,54023.65,22750.45,76774.1,Sonoma County
CA,Stanislaus County,2015,24177.6,5197.6,29375.2,5555.3,0.0,5555.3,218580.25,158888.15,377468.4,Stanislaus County
CA,Sutter County,2015,1087.7,3879.95,4967.65,3131.7,0.0,3131.7,170031.59999999998,62141.25,232172.85,Sutter County
CA,Tehama County,2015,1908.95,10.95,1919.9,653.35,0.0,653.35,69258.75,29046.7,98305.45,Tehama County
CA,Trinity County,2015,18.25,343.1,361.35,182.5,0.0,182.5,2755.75,1157.05,3912.8,Trinity County
CA,Tulare County,2015,24396.6,1273.85,25670.45,5832.7,0.0,5832.7,419257.25000000006,90268.15,509525.4,Tulare County
CA,Tuolumne County,2015,164.25,1832.3,1996.55,558.45,0.0,558.45,773.8000000000001,375.95,1149.75,Tuolumne County
CA,Ventura County,2015,17012.65,30444.65,47457.3,3726.65,0.0,3726.65,21863.5,9201.65,31065.15,Ventura County
CA,Yolo County,2015,6526.2,3295.95,9822.15,288.35,0.0,288.35,68547.0,140116.2,208663.2,Yolo County
CA,Yuba County,2015,3102.5,164.25,3266.7499999999995,445.3,0.0,445.3,80873.05,33963.25,114836.3,Yuba County
CO,Adams County,2015,4540.599999999999,24254.25,28794.85,91.25,3.65,94.9,1376.05,30389.9,31765.95,Adams County
CO,Boulder County,2015,18.25,17611.25,17629.5,0.0,62.05,62.05,7.3,37865.1,37872.4,Boulder County
CO,Fremont County,2015,80.3,2263.0,2343.3,0.0,248.2,248.2,58.4,34791.8,34850.200000000004,Fremont County
CO,Gunnison County,2015,445.3,240.9,686.1999999999999,7.3,0.0,7.3,0.0,189993.45,189993.45,Gunnison County
CO,Jefferson County,2015,131.4,8259.949999999999,8391.349999999999,766.5,14746.0,15512.5,69.35,8059.2,8128.55,Jefferson County
CO,La Plata County,2015,244.55,1850.55,2095.1,0.0,51.1,51.1,98.55,117482.55,117581.1,La Plata County
CO,Logan County,2015,1189.9,0.0,1189.9,197.1,3.65,200.75000000000003,21637.2,30601.6,52238.8,Logan County
CO,Mesa County,2015,14.6,6376.549999999999,6391.150000000001,0.0,627.8,627.8,10.95,276279.44999999995,276290.4,Mesa County
CO,Moffat County,2015,25.55,609.55,635.1,0.0,3.65,3.65,18.25,44212.45,44230.7,Moffat County
CO,Morgan County,2015,653.35,1522.05,2175.4,365.0,1503.8,1868.8,4810.7,39941.95,44752.65,Morgan County
CO,Pueblo County,2015,255.5,14815.35,15070.85,47.45,11873.45,11920.9,3033.15,93885.3,96918.45,Pueblo County
CO,Weld County,2015,532.9,9796.6,10329.5,65.7,25.55,91.25,8924.25,124793.5,133717.75,Weld County
CT,Fairfield County,2015,1638.85,30473.85,32112.7,83.95,1328.6,1412.55,215.35,518.3,733.65,Fairfield County
CT,Hartford County,2015,4664.7,16950.6,21615.3,3292.3,35496.25,38788.55,208.05,1284.8,1492.85,Hartford County
CT,Litchfield County,2015,1839.6,1876.1,3715.7,485.4500000000001,2781.3,3266.7499999999995,226.3,36.5,262.8,Litchfield County
CT,Middlesex County,2015,1689.95,978.2,2668.15,1481.9,18.25,1500.15,76.64999999999999,211.7,288.35,Middlesex County
CT,New Haven County,2015,1741.05,18147.8,19888.85,8358.5,6752.5,15111.0,3.65,532.9,536.55,New Haven County
CT,New London County,2015,821.25,2138.9,2960.15,29.2,18104.0,18133.2,178.85,248.2,427.05,New London County
CT,Tolland County,2015,1200.85,598.5999999999999,1799.4499999999998,171.54999999999998,193.45,365.0,102.2,80.3,182.5,Tolland County
CT,Windham County,2015,2102.4,711.75,2814.15,726.35,1846.9,2573.25,91.25,113.15,204.4,Windham County
DE,Kent County,2015,4310.650000000001,0.0,4310.650000000001,36.5,0.0,36.5,8712.550000000001,1518.4,10230.95,Kent County
DE,New Castle County,2015,7303.650000000001,14819.0,22122.65,1511.1,103827.9,105339.0,536.55,259.15,795.7,New Castle County
DE,Sussex County,2015,5084.45,0.0,5084.45,2368.85,2346.95,4715.8,25582.85,4602.65,30185.5,Sussex County
FL,Alachua County,2015,8530.050000000001,0.0,8530.050000000001,18.25,0.0,18.25,5511.5,73.0,5584.5,Alachua County
FL,Baker County,2015,328.5,0.0,328.5,54.75,0.0,54.75,105.85,21.9,127.75,Baker County
FL,Bay County,2015,594.9499999999999,16786.350000000002,17381.3,51.1,0.0,51.1,938.05,186.15,1124.2,Bay County
FL,Brevard County,2015,6259.749999999999,5219.5,11479.25,2299.5,0.0,2299.5,11479.25,2489.3,13968.55,Brevard County
FL,Broward County,2015,85282.25,0.0,85282.25,32.85,3.65,36.5,5416.6,12034.05,17450.65,Broward County
FL,Citrus County,2015,5164.75,0.0,5164.75,58.4,0.0,58.4,1752.0,62.05,1814.05,Citrus County
FL,DeSoto County,2015,905.2,11212.8,12118.000000000002,215.35,0.0,215.35,15016.1,91.25,15107.35,DeSoto County
FL,Duval County,2015,39795.95,0.0,39795.95,5015.1,1146.1,6161.2,894.2500000000001,2233.8,3128.05,Duval County
FL,Escambia County,2015,13694.8,0.0,13694.8,8303.75,8573.849999999999,16877.600000000002,919.8,189.8,1109.6,Escambia County
FL,Gadsden County,2015,1485.5500000000002,0.0,1485.5500000000002,18.25,0.0,18.25,474.5,1963.7,2438.2,Gadsden County
FL,Gilchrist County,2015,83.95,0.0,83.95,51.1,0.0,51.1,4383.65,3.65,4387.3,Gilchrist County
FL,Glades County,2015,186.15,0.0,186.15,0.0,2427.25,2427.25,3135.35,41051.55,44186.9,Glades County
FL,Gulf County,2015,193.45,492.75000000000006,686.1999999999999,10.95,0.0,10.95,40.15,0.0,40.15,Gulf County
FL,Hardee County,2015,598.5999999999999,0.0,598.5999999999999,113.15,0.0,113.15,11785.85,113.15,11899.0,Hardee County
FL,Hendry County,2015,1208.15,0.0,1208.15,0.0,609.55,609.55,44694.25,93691.85,138386.1,Hendry County
FL,Hernando County,2015,6661.25,0.0,6661.25,1635.2,0.0,1635.2,1241.0,215.35,1456.35,Hernando County
FL,Highlands County,2015,2730.2000000000003,3.65,2733.85,32.85,7.3,40.15,25203.25,5256.0,30459.25,Highlands County
FL,Hillsborough County,2015,21976.65,49702.05,71678.7,4635.5,967.25,5602.75,16793.649999999998,886.95,17680.6,Hillsborough County
FL,Jackson County,2015,897.9,0.0,897.9,3.65,0.0,3.65,8920.6,29.2,8949.8,Jackson County
FL,Lake County,2015,17768.2,219.0,17987.2,744.6,0.0,744.6,11512.1,3587.95,15100.05,Lake County
FL,Lee County,2015,23009.6,551.15,23560.75,10.95,21.9,32.85,12373.5,10008.3,22381.8,Lee County
FL,Levy County,2015,540.2,0.0,540.2,3.65,0.0,3.65,5653.85,14.6,5668.45,Levy County
FL,Liberty County,2015,167.9,0.0,167.9,43.8,10.95,54.75,21.9,0.0,21.9,Liberty County
FL,Madison County,2015,448.95,0.0,448.95,164.25,0.0,164.25,4938.45,14.6,4953.05,Madison County
FL,Manatee County,2015,5376.45,10256.5,15632.95,91.25,0.0,91.25,19655.25,365.0,20020.25,Manatee County
FL,Marion County,2015,10114.15,0.0,10114.15,80.3,0.0,80.3,4595.35,1135.15,5730.5,Marion County
FL,Martin County,2015,5697.65,0.0,5697.65,558.45,248.2,806.65,4157.35,35624.0,39781.35,Martin County
FL,Miami-Dade County,2015,128450.8,0.0,128450.8,1087.7,10.95,1098.65,12614.4,1989.25,14603.65,Miami-Dade County
FL,Nassau County,2015,2555.0,0.0,2555.0,12139.9,459.9,12599.8,383.25,908.85,1292.1,Nassau County
FL,Orange County,2015,80993.5,7.3,81000.79999999999,401.50000000000006,0.0,401.50000000000006,4715.8,2018.45,6734.25,Orange County
FL,Palm Beach County,2015,76463.85,10672.6,87136.45,62.05,0.0,62.05,13311.55,205148.25,218459.8,Palm Beach County
FL,Pasco County,2015,22312.45,7.3,22319.75,120.45,0.0,120.45,3142.65,124.1,3266.7499999999995,Pasco County
FL,Pinellas County,2015,8708.9,0.0,8708.9,65.7,0.0,65.7,642.4,142.35,784.75,Pinellas County
FL,Polk County,2015,24652.1,0.0,24652.1,10446.3,328.5,10774.8,30543.2,2708.3,33251.5,Polk County
FL,Putnam County,2015,766.5,0.0,766.5,120.45,8738.1,8858.55,7613.9,547.5,8161.4,Putnam County
FL,Santa Rosa County,2015,5460.400000000001,0.0,5460.400000000001,740.9499999999999,0.0,740.9499999999999,456.25,47.45,503.7,Santa Rosa County
FL,Sarasota County,2015,7048.15,313.9,7362.05,65.7,65.7,131.4,3299.6,448.95,3748.55,Sarasota County
FL,Sumter County,2015,6913.1,1894.35,8807.449999999999,189.8,0.0,189.8,2609.75,36.5,2646.25,Sumter County
FL,Suwannee County,2015,434.35,0.0,434.35,620.5,0.0,620.5,10209.05,43.8,10252.85,Suwannee County
FL,Taylor County,2015,638.75,0.0,638.75,14636.5,0.0,14636.5,29.2,0.0,29.2,Taylor County
FL,Union County,2015,80.3,0.0,80.3,14.6,0.0,14.6,416.1,0.0,416.1,Union County
FL,Volusia County,2015,20239.25,0.0,20239.25,934.4,0.0,934.4,6380.2,2456.4500000000003,8836.65,Volusia County
FL,Wakulla County,2015,843.15,0.0,843.15,255.5,0.0,255.5,116.8,0.0,116.8,Wakulla County
FL,Washington County,2015,346.75,0.0,346.75,25.55,0.0,25.55,324.85,7.3,332.15000000000003,Washington County
GA,Atkinson County,2015,156.95,0.0,156.95,146.0,0.0,146.0,481.8,138.7,620.5,Atkinson County
GA,Bacon County,2015,357.7,0.0,357.7,69.35,0.0,69.35,1259.25,226.3,1485.5500000000002,Bacon County
GA,Baldwin County,2015,7.3,1387.0,1394.3,7.3,0.0,7.3,0.0,18.25,18.25,Baldwin County
GA,Barrow County,2015,10.95,1616.9499999999998,1627.9,149.64999999999998,0.0,149.64999999999998,58.4,127.75,186.15,Barrow County
GA,Bartow County,2015,69.35,19060.3,19129.65,485.4500000000001,573.0500000000001,1058.5,40.15,708.1,748.2499999999999,Bartow County
GA,Bibb County,2015,51.1,8756.349999999999,8807.449999999999,627.8,6643.0,7270.8,346.75,47.45,394.2000000000001,Bibb County
GA,Brooks County,2015,328.5,0.0,328.5,43.8,0.0,43.8,3379.9,138.7,3518.6000000000004,Brooks County
GA,Burke County,2015,310.25,0.0,310.25,83.95,0.0,83.95,5569.9,963.6,6533.499999999999,Burke County
GA,Camden County,2015,1438.1,0.0,1438.1,7.3,0.0,7.3,83.95,58.4,142.35,Camden County
GA,Chatham County,2015,10249.2,0.0,10249.2,6205.0,8672.400000000001,14877.4,197.1,62.05,259.15,Chatham County
GA,Cherokee County,2015,146.0,6894.85,7040.849999999999,3.65,0.0,3.65,361.35,438.0,799.35,Cherokee County
GA,Clinch County,2015,164.25,0.0,164.25,14.6,0.0,14.6,153.29999999999998,3.65,156.95,Clinch County
GA,Cobb County,2015,0.0,15410.3,15410.3,0.0,222.65,222.65,80.3,419.75,500.05,Cobb County
GA,Coffee County,2015,1478.25,0.0,1478.25,32.85,0.0,32.85,1908.95,1368.75,3277.7000000000003,Coffee County
GA,Colquitt County,2015,1135.15,0.0,1135.15,416.1,0.0,416.1,2788.6,4591.7,7380.299999999999,Colquitt County
GA,Columbia County,2015,21.9,5788.9,5810.8,3.65,0.0,3.65,58.4,200.75000000000003,259.15,Columbia County
GA,Crisp County,2015,733.65,0.0,733.65,54.75,0.0,54.75,4080.7,1244.65,5325.35,Crisp County
GA,Decatur County,2015,886.95,0.0,886.95,127.75,306.6,434.35,20155.3,346.75,20502.05,Decatur County
GA,Dodge County,2015,507.35,0.0,507.35,7.3,0.0,7.3,1328.6,1153.4,2482.0,Dodge County
GA,Dougherty County,2015,4223.05,0.0,4223.05,2755.75,0.0,2755.75,5274.25,32.85,5307.099999999999,Dougherty County
GA,Early County,2015,441.65,0.0,441.65,127.75,37970.95,38098.7,6810.9,1058.5,7869.4,Early County
GA,Effingham County,2015,1011.05,12055.95,13066.999999999998,266.45,4807.05,5073.5,361.35,32.85,394.2000000000001,Effingham County
GA,Emanuel County,2015,580.35,0.0,580.35,270.1,0.0,270.1,671.6,83.95,755.55,Emanuel County
GA,Evans County,2015,197.1,0.0,197.1,631.45,0.0,631.45,441.65,554.8,996.45,Evans County
GA,Floyd County,2015,394.2000000000001,3912.8,4307.0,36.5,8358.5,8395.0,259.15,321.2,580.35,Floyd County
GA,Fulton County,2015,58.4,71598.4,71656.8,10.95,0.0,10.95,167.9,748.2499999999999,916.15,Fulton County
GA,Gilmer County,2015,14.6,897.9,912.5,905.2,0.0,905.2,0.0,76.64999999999999,76.64999999999999,Gilmer County
GA,Glynn County,2015,3398.15,0.0,3398.15,10778.45,0.0,10778.45,759.2,58.4,817.6,Glynn County
GA,Hall County,2015,193.45,31992.250000000004,32185.7,142.35,18.25,160.6,116.8,131.4,248.2,Hall County
GA,Houston County,2015,8668.75,0.0,8668.75,981.85,0.0,981.85,2069.55,131.4,2200.9500000000003,Houston County
GA,Jackson County,2015,124.1,3350.7,3474.8,189.8,0.0,189.8,25.55,80.3,105.85,Jackson County
GA,Jeff Davis County,2015,328.5,0.0,328.5,36.5,0.0,36.5,532.9,317.55,850.45,Jeff Davis County
GA,Jefferson County,2015,481.8,0.0,481.8,1500.15,1084.0500000000002,2584.2,5208.55,584.0,5792.549999999999,Jefferson County
GA,Jenkins County,2015,164.25,0.0,164.25,25.55,0.0,25.55,1934.5,565.75,2500.25,Jenkins County
GA,Laurens County,2015,598.5999999999999,693.5,1292.1,503.7,3708.4,4212.099999999999,1080.4,339.45000000000005,1419.85,Laurens County
GA,Lowndes County,2015,4803.4,0.0,4803.4,4109.9,0.0,4109.9,565.75,175.2,740.9499999999999,Lowndes County
GA,McIntosh County,2015,379.6,0.0,379.6,7.3,0.0,7.3,58.4,0.0,58.4,McIntosh County
GA,Macon County,2015,375.95,0.0,375.95,193.45,3569.7,3763.15,3405.45,967.25,4372.7,Macon County
GA,Madison County,2015,193.45,0.0,193.45,0.0,40.15,40.15,0.0,69.35,69.35,Madison County
GA,Marion County,2015,514.65,0.0,514.65,0.0,160.6,160.6,76.64999999999999,233.6,310.25,Marion County
GA,Meriwether County,2015,65.7,47.45,113.15,25.55,0.0,25.55,32.85,32.85,65.7,Meriwether County
GA,Mitchell County,2015,1376.05,0.0,1376.05,350.4,0.0,350.4,18319.35,675.25,18994.6,Mitchell County
GA,Morgan County,2015,21.9,467.2,489.1,7.3,0.0,7.3,10.95,536.55,547.5,Morgan County
GA,Peach County,2015,843.15,0.0,843.15,73.0,0.0,73.0,1496.4999999999998,62.05,1558.55,Peach County
GA,Pickens County,2015,324.85,686.1999999999999,1011.05,408.8,0.0,408.8,0.0,32.85,32.85,Pickens County
GA,Pierce County,2015,208.05,0.0,208.05,40.15,0.0,40.15,1175.3000000000002,204.4,1379.6999999999998,Pierce County
GA,Polk County,2015,565.75,1478.25,2044.0,620.5,0.0,620.5,58.4,0.0,58.4,Polk County
GA,Pulaski County,2015,397.85,0.0,397.85,109.5,0.0,109.5,2817.8,956.3,3774.1,Pulaski County
GA,Putnam County,2015,182.5,1189.9,1372.4,25.55,0.0,25.55,73.0,54.75,127.75,Putnam County
GA,Rabun County,2015,51.1,532.9,584.0,36.5,102.2,138.7,0.0,94.9,94.9,Rabun County
GA,Randolph County,2015,321.2,0.0,321.2,62.05,0.0,62.05,3113.45,3387.2,6500.65,Randolph County
GA,Richmond County,2015,2642.6,11654.45,14297.05,489.1,23655.65,24144.750000000004,58.4,156.95,215.35,Richmond County
GA,Screven County,2015,270.1,0.0,270.1,489.1,0.0,489.1,3956.6,792.05,4748.65,Screven County
GA,Sumter County,2015,905.2,0.0,905.2,142.35,0.0,142.35,5376.45,2131.6,7508.05,Sumter County
GA,Tattnall County,2015,445.3,0.0,445.3,10.95,0.0,10.95,970.9,1569.5,2540.4,Tattnall County
GA,Taylor County,2015,226.3,0.0,226.3,0.0,635.1,635.1,3.65,102.2,105.85,Taylor County
GA,Telfair County,2015,445.3,0.0,445.3,21.9,0.0,21.9,740.9499999999999,127.75,868.6999999999999,Telfair County
GA,Thomas County,2015,2058.6,0.0,2058.6,62.05,0.0,62.05,1186.25,160.6,1346.85,Thomas County
GA,Twiggs County,2015,164.25,0.0,164.25,1222.75,0.0,1222.75,445.3,14.6,459.9,Twiggs County
GA,Upson County,2015,197.1,905.2,1102.3,0.0,102.2,102.2,0.0,146.0,146.0,Upson County
GA,Ware County,2015,1000.1,0.0,1000.1,313.9,0.0,313.9,200.75000000000003,299.29999999999995,500.05,Ware County
GA,Washington County,2015,730.0,0.0,730.0,4558.85,0.0,4558.85,361.35,91.25,452.6,Washington County
GA,Wayne County,2015,547.5,0.0,547.5,20823.25,0.0,20823.25,730.0,91.25,821.25,Wayne County
GA,Whitfield County,2015,0.0,8745.4,8745.4,40.15,0.0,40.15,0.0,47.45,47.45,Whitfield County
GA,Wilkinson County,2015,255.5,0.0,255.5,4544.25,91.25,4635.5,14.6,0.0,14.6,Wilkinson County
HI,Hawaii County,2015,13643.7,846.8,14490.500000000002,76.64999999999999,0.0,76.64999999999999,5281.55,4449.349999999999,9730.9,Hawaii County
HI,Kauai County,2015,4989.55,974.55,5964.1,10.95,0.0,10.95,686.1999999999999,8749.05,9435.25,Kauai County
ID,Ada County,2015,21597.05,4942.099999999999,26539.15,1412.55,1043.9,2456.4500000000003,13943.000000000002,67992.2,81935.2,Ada County
ID,Adams County,2015,193.45,0.0,193.45,3.65,0.0,3.65,361.35,12431.9,12793.249999999998,Adams County
ID,Bannock County,2015,6150.250000000001,21.9,6172.15,87.6,281.05,368.65,15319.05,64440.75000000001,79759.8,Bannock County
ID,Bear Lake County,2015,135.05,0.0,135.05,0.0,3.65,3.65,981.85,91417.9,92399.75,Bear Lake County
ID,Benewah County,2015,73.0,116.8,189.8,0.0,18.25,18.25,448.95,3310.55,3759.500000000001,Benewah County
ID,Bingham County,2015,726.35,0.0,726.35,1916.25,3.65,1919.9,153694.19999999998,153606.59999999998,307300.8,Bingham County
ID,Blaine County,2015,1985.6,0.0,1985.6,47.45,69.35,116.8,27714.45,50870.05,78584.5,Blaine County
ID,Bonner County,2015,65.7,558.45,624.15,10.95,328.5,339.45000000000005,591.3000000000001,2062.25,2653.55,Bonner County
ID,Bonneville County,2015,13366.3,0.0,13366.3,1113.25,73.0,1186.25,70591.0,211072.2,281663.19999999995,Bonneville County
ID,Boundary County,2015,43.8,98.55,142.35,0.0,211.7,211.7,18443.45,31335.25,49778.7,Boundary County
ID,Canyon County,2015,5810.8,0.0,5810.8,4387.3,0.0,4387.3,77376.35,257715.55,335091.9,Canyon County
ID,Caribou County,2015,569.4,0.0,569.4,142.35,58.4,200.75000000000003,26214.3,137316.65,163530.94999999998,Caribou County
ID,Cassia County,2015,1335.9,0.0,1335.9,897.9,156.95,1054.85,209586.65,145565.65,355152.3,Cassia County
ID,Clark County,2015,62.05,0.0,62.05,98.55,0.0,98.55,19001.9,33780.75,52782.65,Clark County
ID,Clearwater County,2015,124.1,255.5,379.6,0.0,14.6,14.6,1810.4,10022.9,11833.3,Clearwater County
ID,Custer County,2015,346.75,0.0,346.75,0.0,10.95,10.95,2814.15,27707.15,30521.300000000003,Custer County
ID,Fremont County,2015,489.1,0.0,489.1,211.7,0.0,211.7,20144.35,113314.25,133458.6,Fremont County
ID,Gem County,2015,313.9,0.0,313.9,7.3,40.15,47.45,2722.9,50986.85,53709.75,Gem County
ID,Gooding County,2015,1310.35,0.0,1310.35,959.95,0.0,959.95,37273.8,111700.95,148974.75,Gooding County
ID,Idaho County,2015,339.45000000000005,0.0,339.45000000000005,0.0,14.6,14.6,689.8499999999999,31879.1,32568.95,Idaho County
ID,Jefferson County,2015,390.55,0.0,390.55,751.9,0.0,751.9,113131.75,113069.7,226201.45,Jefferson County
ID,Jerome County,2015,1339.55,0.0,1339.55,1025.65,0.0,1025.65,25604.750000000004,170301.69999999998,195906.45,Jerome County
ID,Kootenai County,2015,12632.65,29.2,12661.85,91.25,193.45,284.7,10672.6,20615.2,31287.8,Kootenai County
ID,Latah County,2015,1533.0,0.0,1533.0,62.05,29.2,91.25,42778.0,23995.1,66773.1,Latah County
ID,Lewis County,2015,193.45,0.0,193.45,0.0,32.85,32.85,4131.8,13088.9,17220.7,Lewis County
ID,Lincoln County,2015,142.35,3.65,146.0,156.95,0.0,156.95,34470.6,56242.85,90713.45,Lincoln County
ID,Madison County,2015,1237.35,0.0,1237.35,29.2,511.0,540.2,38649.85,94341.55,132991.4,Madison County
ID,Minidoka County,2015,1025.65,0.0,1025.65,1387.0,182.5,1569.5,175937.3,122205.65,298142.95,Minidoka County
ID,Nez Perce County,2015,1211.8,2463.75,3675.55,102.2,536.55,638.75,4044.2,51147.45,55191.65,Nez Perce County
ID,Owyhee County,2015,266.45,0.0,266.45,0.0,156.95,156.95,42365.55,240078.75,282444.30000000005,Owyhee County
ID,Payette County,2015,558.45,149.64999999999998,708.1,328.5,211.7,540.2,15603.75,139703.75,155307.5,Payette County
ID,Power County,2015,784.75,0.0,784.75,1098.65,124.1,1222.75,126151.3,70945.05,197096.35,Power County
ID,Shoshone County,2015,576.7,328.5,905.2,0.0,29.2,29.2,153.29999999999998,244.55,397.85,Shoshone County
ID,Twin Falls County,2015,5745.1,0.0,5745.1,58.4,62.05,120.45,120690.9,360893.75,481584.65,Twin Falls County
ID,Washington County,2015,32.85,237.25,270.1,21.9,226.3,248.2,30295.0,121012.1,151307.1,Washington County
IL,Adams County,2015,857.75,2920.0,3777.75,2073.2,0.0,2073.2,262.8,102.2,365.0,Adams County
IL,Boone County,2015,1299.4,0.0,1299.4,156.95,0.0,156.95,266.45,47.45,313.9,Boone County
IL,Bureau County,2015,1080.4,0.0,1080.4,14.6,0.0,14.6,2091.4500000000003,69.35,2160.8,Bureau County
IL,Carroll County,2015,375.95,0.0,375.95,1000.1,0.0,1000.1,397.85,14.6,412.45,Carroll County
IL,Cass County,2015,401.50000000000006,0.0,401.50000000000006,624.15,0.0,624.15,3339.75,83.95,3423.7000000000003,Cass County
IL,Champaign County,2015,8913.300000000001,0.0,8913.300000000001,689.8499999999999,0.0,689.8499999999999,1602.35,80.3,1682.65,Champaign County
IL,Cook County,2015,3361.65,301077.55,304439.2,989.15,22812.5,23801.65,1095.0,500.05,1595.05,Cook County
IL,Crawford County,2015,795.7,0.0,795.7,839.4999999999999,897.9,1737.4,2003.85,25.55,2029.4,Crawford County
IL,Douglas County,2015,244.55,0.0,244.55,0.0,1051.2,1051.2,58.4,21.9,80.3,Douglas County
IL,DuPage County,2015,2482.0,0.0,2482.0,18.25,339.45000000000005,357.7,766.5,244.55,1011.05,DuPage County
IL,Ford County,2015,525.6,0.0,525.6,532.9,0.0,532.9,200.75000000000003,0.0,200.75000000000003,Ford County
IL,Grundy County,2015,1244.65,0.0,1244.65,1620.6,10.95,1631.55,73.0,18.25,91.25,Grundy County
IL,Henry County,2015,1449.0500000000002,0.0,1449.0500000000002,803.0000000000001,0.0,803.0000000000001,1014.7,54.75,1069.45,Henry County
IL,Jo Daviess County,2015,740.9499999999999,0.0,740.9499999999999,602.25,0.0,602.25,164.25,40.15,204.4,Jo Daviess County
IL,Kane County,2015,14683.95,7854.8,22538.75,219.0,0.0,219.0,394.2000000000001,94.9,489.1,Kane County
IL,Kendall County,2015,2795.9,0.0,2795.9,113.15,0.0,113.15,47.45,40.15,87.6,Kendall County
IL,Lake County,2015,3931.05,17841.2,21772.25,222.65,2825.1,3047.75,762.8499999999999,584.0,1346.85,Lake County
IL,LaSalle County,2015,3310.55,0.0,3310.55,1248.3,0.0,1248.3,664.3000000000001,51.1,715.4,LaSalle County
IL,Lee County,2015,1438.1,0.0,1438.1,3.65,0.0,3.65,1806.75,226.3,2033.05,Lee County
IL,Livingston County,2015,821.25,1244.65,2065.9,7.3,0.0,7.3,21.9,21.9,43.8,Livingston County
IL,McHenry County,2015,6825.5,0.0,6825.5,445.3,0.0,445.3,941.7,251.85,1193.55,McHenry County
IL,Macon County,2015,295.65000000000003,7011.650000000001,7307.3,573.0500000000001,4682.95,5256.0,54.75,51.1,105.85,Macon County
IL,Madison County,2015,5164.75,13961.25,19126.0,12019.45,3274.05,15293.5,142.35,127.75,270.1,Madison County
IL,Marshall County,2015,609.55,0.0,609.55,259.15,0.0,259.15,73.0,10.95,83.95,Marshall County
IL,Mason County,2015,208.05,0.0,208.05,32.85,0.0,32.85,24440.4,10.95,24451.35,Mason County
IL,Massac County,2015,1726.45,0.0,1726.45,1507.45,0.0,1507.45,1131.5,0.0,1131.5,Massac County
IL,Morgan County,2015,25.55,87.6,113.15,609.55,0.0,609.55,375.95,21.9,397.85,Morgan County
IL,Ogle County,2015,1857.85,0.0,1857.85,573.0500000000001,0.0,573.0500000000001,80.3,18.25,98.55,Ogle County
IL,Peoria County,2015,5606.4,3146.3,8752.7,5420.25,55396.05,60816.3,386.9,0.0,386.9,Peoria County
IL,Piatt County,2015,408.8,0.0,408.8,1226.4,0.0,1226.4,109.5,0.0,109.5,Piatt County
IL,Putnam County,2015,167.9,0.0,167.9,733.65,0.0,733.65,149.64999999999998,18.25,167.9,Putnam County
IL,Rock Island County,2015,795.7,5551.650000000001,6347.35,3164.55,1292.1,4456.650000000001,547.5,98.55,646.05,Rock Island County
IL,Shelby County,2015,357.7,244.55,602.25,3.65,0.0,3.65,10.95,25.55,36.5,Shelby County
IL,Stephenson County,2015,1405.25,0.0,1405.25,635.1,0.0,635.1,25.55,54.75,80.3,Stephenson County
IL,Tazewell County,2015,5372.8,0.0,5372.8,5825.400000000001,7632.15,13457.55,7602.95,51.1,7654.049999999999,Tazewell County
IL,Vermilion County,2015,500.05,2766.7,3266.7499999999995,135.05,0.0,135.05,171.54999999999998,73.0,244.55,Vermilion County
IL,Whiteside County,2015,1321.3,0.0,1321.3,7.3,0.0,7.3,4606.299999999999,73.0,4679.3,Whiteside County
IL,Will County,2015,12581.55,215.35,12796.9,2770.35,8880.449999999999,11650.8,452.6,197.1,649.7,Will County
IL,Winnebago County,2015,10668.95,0.0,10668.95,416.1,0.0,416.1,200.75000000000003,73.0,273.75,Winnebago County
IN,Adams County,2015,843.15,0.0,843.15,215.35,908.85,1124.2,10.95,0.0,10.95,Adams County
IN,Allen County,2015,310.25,12720.25,13030.500000000002,193.45,36.5,229.95,80.3,21.9,102.2,Allen County
IN,Bartholomew County,2015,3463.85,0.0,3463.85,14.6,0.0,14.6,1511.1,80.3,1591.4,Bartholomew County
IN,Boone County,2015,733.65,0.0,733.65,3.65,0.0,3.65,3.65,149.64999999999998,153.29999999999998,Boone County
IN,Cass County,2015,2168.1000000000004,0.0,2168.1000000000004,518.3,0.0,518.3,76.64999999999999,29.2,105.85,Cass County
IN,Clark County,2015,7975.250000000001,94.9,8070.15,146.0,2405.35,2551.35,0.0,58.4,58.4,Clark County
IN,Daviess County,2015,1295.75,0.0,1295.75,1197.1999999999998,10.95,1208.15,153.29999999999998,0.0,153.29999999999998,Daviess County
IN,Dearborn County,2015,1609.65,0.0,1609.65,3471.15,0.0,3471.15,0.0,21.9,21.9,Dearborn County
IN,DeKalb County,2015,1157.05,0.0,1157.05,1350.5,65.7,1416.2,135.05,3.65,138.7,DeKalb County
IN,Delaware County,2015,1456.35,2040.35,3496.7,18.25,587.6500000000001,605.9,25.55,116.8,142.35,Delaware County
IN,Elkhart County,2015,4726.75,0.0,4726.75,423.4,0.0,423.4,1967.35,521.9499999999999,2489.3,Elkhart County
IN,Fountain County,2015,321.2,0.0,321.2,748.2499999999999,18.25,766.5,18.25,10.95,29.2,Fountain County
IN,Franklin County,2015,956.3,0.0,956.3,14.6,40.15,54.75,0.0,7.3,7.3,Franklin County
IN,Fulton County,2015,390.55,0.0,390.55,3.65,0.0,3.65,2792.25,94.9,2887.15,Fulton County
IN,Gibson County,2015,609.55,14.6,624.15,3.65,0.0,3.65,156.95,0.0,156.95,Gibson County
IN,Grant County,2015,1441.75,0.0,1441.75,259.15,372.3,631.45,51.1,18.25,69.35,Grant County
IN,Greene County,2015,1047.55,0.0,1047.55,10.95,0.0,10.95,14.6,0.0,14.6,Greene County
IN,Hamilton County,2015,8920.6,4106.25,13026.85,554.8,29.2,584.0,310.25,102.2,412.45,Hamilton County
IN,Hendricks County,2015,1861.5,0.0,1861.5,219.0,0.0,219.0,32.85,32.85,65.7,Hendricks County
IN,Henry County,2015,1708.1999999999998,0.0,1708.1999999999998,43.8,105.85,149.64999999999998,21.9,58.4,80.3,Henry County
IN,Howard County,2015,1368.75,1722.8,3091.55,80.3,0.0,80.3,40.15,3.65,43.8,Howard County
IN,Huntington County,2015,1361.45,0.0,1361.45,47.45,379.6,427.05,0.0,3.65,3.65,Huntington County
IN,Jackson County,2015,1832.3,135.05,1967.35,0.0,3.65,3.65,799.35,47.45,846.8,Jackson County
IN,Jasper County,2015,332.15000000000003,0.0,332.15000000000003,208.05,0.0,208.05,1463.65,3847.1,5310.75,Jasper County
IN,Jay County,2015,554.8,0.0,554.8,29.2,456.25,485.4500000000001,7.3,25.55,32.85,Jay County
IN,Johnson County,2015,3664.6,0.0,3664.6,146.0,0.0,146.0,124.1,36.5,160.6,Johnson County
IN,Knox County,2015,1533.0,0.0,1533.0,0.0,91.25,91.25,2872.55,91.25,2963.8,Knox County
IN,Kosciusko County,2015,1215.45,0.0,1215.45,1773.9,0.0,1773.9,2551.35,120.45,2671.8,Kosciusko County
IN,LaGrange County,2015,354.05,0.0,354.05,18.25,29.2,47.45,2321.4,470.85,2792.25,LaGrange County
IN,Lake County,2015,1368.75,26389.5,27758.25,839.4999999999999,429400.6,430240.1,153.29999999999998,1470.95,1624.25,Lake County
IN,LaPorte County,2015,1397.95,2014.8,3412.75,18.25,0.0,18.25,4058.8,4931.15,8989.949999999999,LaPorte County
IN,Madison County,2015,5467.7,0.0,5467.7,208.05,25.55,233.6,29.2,29.2,58.4,Madison County
IN,Marion County,2015,8734.45,31890.050000000003,40624.5,2186.35,25.55,2211.9,138.7,146.0,284.7,Marion County
IN,Marshall County,2015,1040.25,0.0,1040.25,54.75,0.0,54.75,620.5,91.25,711.75,Marshall County
IN,Martin County,2015,229.95,0.0,229.95,14.6,7.3,21.9,0.0,14.6,14.6,Martin County
IN,Miami County,2015,970.9,0.0,970.9,3.65,328.5,332.15000000000003,54.75,29.2,83.95,Miami County
IN,Monroe County,2015,0.0,5759.7,5759.7,0.0,452.6,452.6,0.0,32.85,32.85,Monroe County
IN,Montgomery County,2015,1317.65,0.0,1317.65,229.95,0.0,229.95,54.75,10.95,65.7,Montgomery County
IN,Morgan County,2015,3839.8,0.0,3839.8,18.25,883.3,901.55,3.65,7.3,10.95,Morgan County
IN,Noble County,2015,839.4999999999999,0.0,839.4999999999999,105.85,186.15,292.0,1029.3,18.25,1047.55,Noble County
IN,Parke County,2015,339.45000000000005,0.0,339.45000000000005,91.25,0.0,91.25,226.3,0.0,226.3,Parke County
IN,Porter County,2015,1627.9,4153.700000000001,5781.6,171.54999999999998,189876.65,190048.2,229.95,306.6,536.55,Porter County
IN,Posey County,2015,73.0,292.0,365.0,131.4,3146.3,3277.7000000000003,445.3,18.25,463.55,Posey County
IN,Pulaski County,2015,138.7,0.0,138.7,69.35,0.0,69.35,1416.2,229.95,1646.15,Pulaski County
IN,Randolph County,2015,795.7,0.0,795.7,0.0,1000.1,1000.1,3.65,0.0,3.65,Randolph County
IN,St. Joseph County,2015,7942.400000000001,0.0,7942.400000000001,2047.65,0.0,2047.65,2730.2000000000003,127.75,2857.95,St. Joseph County
IN,Shelby County,2015,2065.9,0.0,2065.9,58.4,0.0,58.4,313.9,0.0,313.9,Shelby County
IN,Steuben County,2015,496.4,0.0,496.4,7.3,36.5,43.8,182.5,127.75,310.25,Steuben County
IN,Tippecanoe County,2015,4686.6,0.0,4686.6,4467.6,0.0,4467.6,248.2,25.55,273.75,Tippecanoe County
IN,Vermillion County,2015,456.25,0.0,456.25,1503.8,0.0,1503.8,25.55,3.65,29.2,Vermillion County
IN,Vigo County,2015,4453.0,0.0,4453.0,602.25,0.0,602.25,532.9,18.25,551.15,Vigo County
IN,Wabash County,2015,1270.2,0.0,1270.2,372.3,0.0,372.3,178.85,62.05,240.9,Wabash County
IN,Warren County,2015,156.95,0.0,156.95,270.1,0.0,270.1,73.0,0.0,73.0,Warren County
IN,Warrick County,2015,985.5,0.0,985.5,1606.0000000000002,169506.0,171112.0,0.0,3.65,3.65,Warrick County
IN,Wayne County,2015,803.0000000000001,1025.65,1828.65,18.25,1576.8000000000002,1595.05,98.55,0.0,98.55,Wayne County
IN,White County,2015,354.05,0.0,354.05,3.65,0.0,3.65,554.8,18.25,573.0500000000001,White County
IN,Whitley County,2015,503.7,0.0,503.7,335.8,0.0,335.8,94.9,76.64999999999999,171.54999999999998,Whitley County
IA,Black Hawk County,2015,6044.4,0.0,6044.4,5226.8,0.0,5226.8,58.4,0.0,58.4,Black Hawk County
IA,Buchanan County,2015,438.0,0.0,438.0,167.9,0.0,167.9,3.65,0.0,3.65,Buchanan County
IA,Buena Vista County,2015,1303.05,0.0,1303.05,467.2,0.0,467.2,10.95,7.3,18.25,Buena Vista County
IA,Butler County,2015,302.95,0.0,302.95,343.1,0.0,343.1,47.45,0.0,47.45,Butler County
IA,Carroll County,2015,744.6,0.0,744.6,156.95,0.0,156.95,36.5,3.65,40.15,Carroll County
IA,Cedar County,2015,379.6,0.0,379.6,7.3,0.0,7.3,14.6,0.0,14.6,Cedar County
IA,Cerro Gordo County,2015,2372.5,0.0,2372.5,401.50000000000006,0.0,401.50000000000006,32.85,36.5,69.35,Cerro Gordo County
IA,Cherokee County,2015,704.4499999999999,0.0,704.4499999999999,511.0,0.0,511.0,40.15,0.0,40.15,Cherokee County
IA,Chickasaw County,2015,386.9,0.0,386.9,405.15,0.0,405.15,36.5,0.0,36.5,Chickasaw County
IA,Clay County,2015,828.55,0.0,828.55,14.6,0.0,14.6,142.35,47.45,189.8,Clay County
IA,Clayton County,2015,266.45,0.0,266.45,135.05,0.0,135.05,14.6,0.0,14.6,Clayton County
IA,Clinton County,2015,1412.55,0.0,1412.55,3912.8,59491.350000000006,63404.15,10.95,0.0,10.95,Clinton County
IA,Crawford County,2015,1080.4,0.0,1080.4,178.85,0.0,178.85,14.6,7.3,21.9,Crawford County
IA,Dallas County,2015,536.55,0.0,536.55,324.85,0.0,324.85,58.4,10.95,69.35,Dallas County
IA,Delaware County,2015,321.2,0.0,321.2,386.9,0.0,386.9,0.0,7.3,7.3,Delaware County
IA,Des Moines County,2015,251.85,1850.55,2102.4,299.29999999999995,0.0,299.29999999999995,248.2,0.0,248.2,Des Moines County
IA,Dickinson County,2015,14.6,740.9499999999999,755.55,98.55,0.0,98.55,149.64999999999998,109.5,259.15,Dickinson County
IA,Dubuque County,2015,2814.15,0.0,2814.15,1182.6,0.0,1182.6,65.7,3.65,69.35,Dubuque County
IA,Emmet County,2015,427.05,0.0,427.05,7.3,0.0,7.3,18.25,0.0,18.25,Emmet County
IA,Fayette County,2015,408.8,0.0,408.8,54.75,0.0,54.75,54.75,0.0,54.75,Fayette County
IA,Floyd County,2015,810.3000000000001,0.0,810.3000000000001,29.2,0.0,29.2,182.5,0.0,182.5,Floyd County
IA,Fremont County,2015,182.5,0.0,182.5,105.85,0.0,105.85,284.7,29.2,313.9,Fremont County
IA,Greene County,2015,240.9,0.0,240.9,372.3,0.0,372.3,18.25,3.65,21.9,Greene County
IA,Hamilton County,2015,416.1,0.0,416.1,7.3,0.0,7.3,0.0,10.95,10.95,Hamilton County
IA,Hancock County,2015,211.7,0.0,211.7,138.7,0.0,138.7,237.25,0.0,237.25,Hancock County
IA,Hardin County,2015,536.55,0.0,536.55,704.4499999999999,0.0,704.4499999999999,0.0,3.65,3.65,Hardin County
IA,Iowa County,2015,383.25,0.0,383.25,65.7,0.0,65.7,3.65,10.95,14.6,Iowa County
IA,Kossuth County,2015,456.25,0.0,456.25,350.4,0.0,350.4,91.25,0.0,91.25,Kossuth County
IA,Lee County,2015,824.9,3693.8,4518.700000000001,1419.85,3963.9,5383.75,178.85,18.25,197.1,Lee County
IA,Linn County,2015,15289.85,0.0,15289.85,2722.9,573.0500000000001,3295.95,149.64999999999998,25.55,175.2,Linn County
IA,Louisa County,2015,178.85,0.0,178.85,558.45,0.0,558.45,1284.8,10.95,1295.75,Louisa County
IA,Marshall County,2015,1828.65,0.0,1828.65,507.35,0.0,507.35,0.0,7.3,7.3,Marshall County
IA,Mills County,2015,317.55,0.0,317.55,98.55,0.0,98.55,146.0,0.0,146.0,Mills County
IA,Mitchell County,2015,273.75,0.0,273.75,361.35,0.0,361.35,40.15,43.8,83.95,Mitchell County
IA,Muscatine County,2015,10563.1,0.0,10563.1,3230.25,3482.1,6712.35,1043.9,0.0,1043.9,Muscatine County
IA,O'Brien County,2015,843.15,0.0,843.15,372.3,0.0,372.3,14.6,25.55,40.15,O'Brien County
IA,Osceola County,2015,1569.5,0.0,1569.5,167.9,10.95,178.85,240.9,3.65,244.55,Osceola County
IA,Palo Alto County,2015,284.7,0.0,284.7,211.7,0.0,211.7,416.1,40.15,456.25,Palo Alto County
IA,Plymouth County,2015,1219.1,0.0,1219.1,259.15,0.0,259.15,171.54999999999998,18.25,189.8,Plymouth County
IA,Pottawattamie County,2015,1496.4999999999998,3985.8,5482.3,423.4,0.0,423.4,109.5,7.3,116.8,Pottawattamie County
IA,Sac County,2015,416.1,0.0,416.1,29.2,0.0,29.2,51.1,10.95,62.05,Sac County
IA,Scott County,2015,492.75000000000006,6011.549999999999,6504.3,324.85,91.25,416.1,91.25,0.0,91.25,Scott County
IA,Tama County,2015,970.9,0.0,970.9,536.55,0.0,536.55,0.0,3.65,3.65,Tama County
IA,Webster County,2015,4018.65,0.0,4018.65,832.1999999999999,0.0,832.1999999999999,10.95,3.65,14.6,Webster County
IA,Winnebago County,2015,324.85,0.0,324.85,156.95,0.0,156.95,7.3,10.95,18.25,Winnebago County
IA,Winneshiek County,2015,485.4500000000001,0.0,485.4500000000001,32.85,0.0,32.85,29.2,21.9,51.1,Winneshiek County
IA,Woodbury County,2015,5099.05,0.0,5099.05,3215.65,828.55,4044.2,120.45,0.0,120.45,Woodbury County
IA,Worth County,2015,164.25,0.0,164.25,131.4,0.0,131.4,43.8,0.0,43.8,Worth County
KS,Allen County,2015,0.0,649.7,649.7,29.2,10.95,40.15,0.0,3.65,3.65,Allen County
KS,Anderson County,2015,0.0,219.0,219.0,0.0,7.3,7.3,0.0,233.6,233.6,Anderson County
KS,Barton County,2015,883.3,0.0,883.3,91.25,0.0,91.25,11581.45,0.0,11581.45,Barton County
KS,Brown County,2015,211.7,131.4,343.1,3.65,0.0,3.65,339.45000000000005,500.05,839.4999999999999,Brown County
KS,Butler County,2015,32.85,3558.75,3591.6,0.0,164.25,164.25,18.25,167.9,186.15,Butler County
KS,Cherokee County,2015,434.35,233.6,667.95,51.1,0.0,51.1,54.75,109.5,164.25,Cherokee County
KS,Cloud County,2015,324.85,0.0,324.85,7.3,0.0,7.3,3164.55,178.85,3343.4,Cloud County
KS,Coffey County,2015,10.95,178.85,189.8,3.65,0.0,3.65,7.3,76.64999999999999,83.95,Coffey County
KS,Dickinson County,2015,591.3000000000001,113.15,704.4499999999999,3.65,0.0,3.65,883.3,40.15,923.45,Dickinson County
KS,Edwards County,2015,91.25,0.0,91.25,18.25,0.0,18.25,36408.75,0.0,36408.75,Edwards County
KS,Ellis County,2015,923.45,0.0,923.45,14.6,0.0,14.6,456.25,7.3,463.55,Ellis County
KS,Finney County,2015,2781.3,0.0,2781.3,1387.0,0.0,1387.0,78117.3,0.0,78117.3,Finney County
KS,Ford County,2015,2478.35,0.0,2478.35,1653.45,0.0,1653.45,25765.35,0.0,25765.35,Ford County
KS,Geary County,2015,1638.85,0.0,1638.85,7.3,0.0,7.3,467.2,105.85,573.0500000000001,Geary County
KS,Gove County,2015,109.5,0.0,109.5,98.55,0.0,98.55,6084.55,0.0,6084.55,Gove County
KS,Graham County,2015,197.1,0.0,197.1,10.95,0.0,10.95,5080.8,0.0,5080.8,Graham County
KS,Grant County,2015,445.3,0.0,445.3,91.25,0.0,91.25,34707.85,0.0,34707.85,Grant County
KS,Greeley County,2015,91.25,0.0,91.25,18.25,0.0,18.25,5226.8,0.0,5226.8,Greeley County
KS,Hamilton County,2015,255.5,0.0,255.5,25.55,0.0,25.55,11975.65,1540.3,13515.95,Hamilton County
KS,Harper County,2015,313.9,0.0,313.9,3.65,3.65,7.3,427.05,54.75,481.8,Harper County
KS,Haskell County,2015,197.1,0.0,197.1,21.9,0.0,21.9,49275.0,0.0,49275.0,Haskell County
KS,Jackson County,2015,98.55,288.35,386.9,3.65,0.0,3.65,10.95,21.9,32.85,Jackson County
KS,Kingman County,2015,310.25,0.0,310.25,14.6,0.0,14.6,5471.35,65.7,5537.05,Kingman County
KS,Labette County,2015,0.0,956.3,956.3,0.0,69.35,69.35,0.0,3.65,3.65,Labette County
KS,Lincoln County,2015,54.75,0.0,54.75,0.0,10.95,10.95,186.15,69.35,255.5,Lincoln County
KS,Logan County,2015,211.7,0.0,211.7,3.65,0.0,3.65,2514.85,0.0,2514.85,Logan County
KS,McPherson County,2015,1580.45,0.0,1580.45,886.95,7.3,894.2500000000001,8588.45,405.15,8993.6,McPherson County
KS,Marshall County,2015,405.15,0.0,405.15,14.6,0.0,14.6,171.54999999999998,135.05,306.6,Marshall County
KS,Montgomery County,2015,0.0,1887.05,1887.05,0.0,2445.5,2445.5,0.0,76.64999999999999,76.64999999999999,Montgomery County
KS,Neosho County,2015,0.0,394.2000000000001,394.2000000000001,0.0,65.7,65.7,0.0,21.9,21.9,Neosho County
KS,Phillips County,2015,357.7,0.0,357.7,91.25,0.0,91.25,1879.75,4657.4,6537.15,Phillips County
KS,Pratt County,2015,609.55,0.0,609.55,43.8,0.0,43.8,30451.95,0.0,30451.95,Pratt County
KS,Reno County,2015,2777.65,0.0,2777.65,1850.55,0.0,1850.55,19045.7,0.0,19045.7,Reno County
KS,Republic County,2015,237.25,0.0,237.25,32.85,0.0,32.85,4850.849999999999,854.0999999999999,5704.950000000001,Republic County
KS,Rice County,2015,423.4,0.0,423.4,459.9,0.0,459.9,7267.15,14.6,7281.75,Rice County
KS,Riley County,2015,1105.9499999999998,0.0,1105.9499999999998,14.6,0.0,14.6,365.0,21.9,386.9,Riley County
KS,Saline County,2015,1189.9,963.6,2153.5,7.3,0.0,7.3,1047.55,240.9,1288.4499999999998,Saline County
KS,Sedgwick County,2015,2047.65,16925.05,18972.7,1200.85,0.0,1200.85,8212.5,262.8,8475.3,Sedgwick County
KS,Seward County,2015,1777.55,0.0,1777.55,1091.35,0.0,1091.35,50077.99999999999,0.0,50077.99999999999,Seward County
KS,Shawnee County,2015,697.15,4536.95,5234.1,1303.05,0.0,1303.05,416.1,109.5,525.6,Shawnee County
KS,Sherman County,2015,489.1,0.0,489.1,51.1,0.0,51.1,37459.95,0.0,37459.95,Sherman County
KS,Stafford County,2015,127.75,0.0,127.75,10.95,0.0,10.95,30908.2,0.0,30908.2,Stafford County
KS,Stevens County,2015,500.05,0.0,500.05,310.25,0.0,310.25,66805.95,0.0,66805.95,Stevens County
KS,Sumner County,2015,328.5,438.0,766.5,58.4,0.0,58.4,2087.8,116.8,2204.6,Sumner County
KS,Thomas County,2015,463.55,0.0,463.55,62.05,0.0,62.05,30342.45,0.0,30342.45,Thomas County
KS,Wallace County,2015,80.3,0.0,80.3,32.85,0.0,32.85,13063.35,0.0,13063.35,Wallace County
KS,Washington County,2015,284.7,0.0,284.7,7.3,0.0,7.3,1095.0,438.0,1533.0,Washington County
KS,Wichita County,2015,105.85,0.0,105.85,14.6,0.0,14.6,13337.1,0.0,13337.1,Wichita County
KS,Wyandotte County,2015,1394.3,21290.45,22684.75,21.9,0.0,21.9,47.45,47.45,94.9,Wyandotte County
KY,Anderson County,2015,0.0,806.65,806.65,0.0,40.15,40.15,0.0,36.5,36.5,Anderson County
KY,Ballard County,2015,211.7,0.0,211.7,1003.75,7957.0,8960.75,3.65,65.7,69.35,Ballard County
KY,Boone County,2015,14.6,0.0,14.6,43.8,525.6,569.4,0.0,113.15,113.15,Boone County
KY,Boyd County,2015,0.0,4047.85,4047.85,0.0,10475.5,10475.5,0.0,3.65,3.65,Boyd County
KY,Bracken County,2015,237.25,0.0,237.25,73.0,0.0,73.0,0.0,32.85,32.85,Bracken County
KY,Calloway County,2015,1266.5500000000002,0.0,1266.5500000000002,339.45000000000005,0.0,339.45000000000005,32.85,594.9499999999999,627.8,Calloway County
KY,Carroll County,2015,682.5500000000001,0.0,682.5500000000001,5829.05,1543.95,7373.0,0.0,10.95,10.95,Carroll County
KY,Christian County,2015,0.0,4449.349999999999,4449.349999999999,0.0,193.45,193.45,21.9,569.4,591.3000000000001,Christian County
KY,Clark County,2015,0.0,2518.5,2518.5,0.0,113.15,113.15,0.0,36.5,36.5,Clark County
KY,Daviess County,2015,4876.4,0.0,4876.4,2602.45,0.0,2602.45,91.25,1511.1,1602.35,Daviess County
KY,Franklin County,2015,0.0,5876.500000000001,5876.500000000001,0.0,94.9,94.9,3.65,87.6,91.25,Franklin County
KY,Gallatin County,2015,219.0,0.0,219.0,120.45,354.05,474.5,0.0,7.3,7.3,Gallatin County
KY,Grant County,2015,0.0,620.5,620.5,0.0,7.3,7.3,0.0,7.3,7.3,Grant County
KY,Graves County,2015,956.3,0.0,956.3,1376.05,0.0,1376.05,29.2,700.8,730.0,Graves County
KY,Greenup County,2015,193.45,1193.55,1387.0,94.9,5861.9,5956.8,0.0,58.4,58.4,Greenup County
KY,Hancock County,2015,193.45,0.0,193.45,10059.4,0.0,10059.4,3.65,87.6,91.25,Hancock County
KY,Henderson County,2015,0.0,3168.2,3168.2,0.0,98.55,98.55,40.15,934.4,974.55,Henderson County
KY,Jefferson County,2015,12789.6,36029.15,48818.75,2901.75,12742.15,15643.9,485.4500000000001,401.50000000000006,886.95,Jefferson County
KY,Lawrence County,2015,0.0,543.85,543.85,0.0,2690.05,2690.05,0.0,3.65,3.65,Lawrence County
KY,Livingston County,2015,69.35,536.55,605.9,0.0,1894.35,1894.35,0.0,14.6,14.6,Livingston County
KY,Lyon County,2015,116.8,857.75,974.55,0.0,3.65,3.65,7.3,197.1,204.4,Lyon County
KY,McCracken County,2015,0.0,2996.65,2996.65,124.1,1489.2,1613.3,21.9,43.8,65.7,McCracken County
KY,Marion County,2015,0.0,1507.45,1507.45,0.0,21.9,21.9,3.65,47.45,51.1,Marion County
KY,Marshall County,2015,1496.4999999999998,0.0,1496.4999999999998,777.4499999999999,4664.7,5442.15,0.0,43.8,43.8,Marshall County
KY,Mason County,2015,200.75000000000003,795.7,996.45,73.0,963.6,1036.6,0.0,3.65,3.65,Mason County
KY,Meade County,2015,273.75,0.0,273.75,2715.6000000000004,25.55,2741.15,0.0,14.6,14.6,Meade County
KY,Nelson County,2015,0.0,2007.5,2007.5,0.0,536.55,536.55,3.65,113.15,116.8,Nelson County
KY,Ohio County,2015,25.55,930.75,956.3,0.0,383.25,383.25,3.65,87.6,91.25,Ohio County
KY,Pulaski County,2015,0.0,2759.4,2759.4,0.0,87.6,87.6,3.65,164.25,167.9,Pulaski County
KY,Shelby County,2015,0.0,1069.45,1069.45,0.0,21.9,21.9,7.3,251.85,259.15,Shelby County
KY,Simpson County,2015,0.0,602.25,602.25,0.0,3.65,3.65,0.0,29.2,29.2,Simpson County
KY,Warren County,2015,0.0,6376.549999999999,6376.549999999999,29.2,0.0,29.2,3.65,240.9,244.55,Warren County
LA,Acadia Parish,2015,2051.3,0.0,2051.3,211.7,0.0,211.7,41537.0,17881.350000000002,59418.35,Acadia Parish
LA,Allen Parish,2015,1547.6,0.0,1547.6,120.45,0.0,120.45,8165.05,2660.85,10825.9,Allen Parish
LA,Ascension Parish,2015,467.2,500.05,967.25,521.9499999999999,66167.2,66689.15000000001,164.25,0.0,164.25,Ascension Parish
LA,Assumption Parish,2015,0.0,1529.35,1529.35,3354.35,2379.8,5734.150000000001,102.2,153.29999999999998,255.5,Assumption Parish
LA,Beauregard Parish,2015,1613.3,0.0,1613.3,12789.6,0.0,12789.6,945.35,14.6,959.95,Beauregard Parish
LA,Bienville Parish,2015,992.8,0.0,992.8,2219.2,0.0,2219.2,0.0,54.75,54.75,Bienville Parish
LA,Caddo Parish,2015,481.8,15315.4,15797.2,0.0,36.5,36.5,1668.0500000000002,416.1,2084.15,Caddo Parish
LA,Calcasieu Parish,2015,10041.15,0.0,10041.15,14651.1,47420.8,62071.9,7059.1,2277.6,9336.7,Calcasieu Parish
LA,Cameron Parish,2015,547.5,0.0,547.5,36.5,3193.75,3230.25,3292.3,4993.2,8285.5,Cameron Parish
LA,De Soto Parish,2015,452.6,671.6,1124.2,208.05,6073.6,6281.650000000001,3.65,43.8,47.45,De Soto Parish
LA,East Baton Rouge Parish,2015,26323.800000000003,0.0,26323.800000000003,26484.4,6088.2,32572.6,142.35,0.0,142.35,East Baton Rouge Parish
LA,Evangeline Parish,2015,2372.5,0.0,2372.5,397.85,0.0,397.85,28349.55,3149.9500000000003,31499.5,Evangeline Parish
LA,Franklin Parish,2015,711.75,0.0,711.75,54.75,0.0,54.75,7033.55,2412.65,9446.2,Franklin Parish
LA,Grant Parish,2015,1062.15,594.9499999999999,1657.1,29.2,0.0,29.2,0.0,584.0,584.0,Grant Parish
LA,Iberia Parish,2015,3157.25,0.0,3157.25,1025.65,2722.9,3748.55,317.55,675.25,992.8,Iberia Parish
LA,Iberville Parish,2015,503.7,219.0,722.7,8916.95,133527.94999999998,142444.9,324.85,215.35,540.2,Iberville Parish
LA,Jefferson Parish,2015,0.0,22553.35,22553.35,594.9499999999999,1762.95,2357.9,7.3,0.0,7.3,Jefferson Parish
LA,Lafayette Parish,2015,9278.3,0.0,9278.3,3.65,0.0,3.65,1938.15,474.5,2412.65,Lafayette Parish
LA,Lafourche Parish,2015,0.0,9365.9,9365.9,379.6,1277.5,1657.1,0.0,211.7,211.7,Lafourche Parish
LA,Livingston Parish,2015,4212.099999999999,0.0,4212.099999999999,3.65,0.0,3.65,3.65,0.0,3.65,Livingston Parish
LA,Morehouse Parish,2015,1266.5500000000002,0.0,1266.5500000000002,14.6,0.0,14.6,20450.95,9920.7,30371.65,Morehouse Parish
LA,Natchitoches Parish,2015,456.25,2361.55,2817.8,0.0,5234.1,5234.1,507.35,3931.05,4438.4,Natchitoches Parish
LA,Orleans Parish,2015,0.0,51428.5,51428.5,324.85,0.0,324.85,18.25,3.65,21.9,Orleans Parish
LA,Ouachita Parish,2015,3657.3,5168.4,8825.7,3175.4999999999995,5252.35,8427.85,2044.0,4620.9,6664.900000000001,Ouachita Parish
LA,Pointe Coupee Parish,2015,1292.1,0.0,1292.1,2014.8,0.0,2014.8,4515.049999999999,0.0,4515.049999999999,Pointe Coupee Parish
LA,Red River Parish,2015,215.35,149.64999999999998,365.0,0.0,153.29999999999998,153.29999999999998,755.55,149.64999999999998,905.2,Red River Parish
LA,St. Charles Parish,2015,0.0,3317.85,3317.85,405.15,217244.35,217649.5,10.95,7.3,18.25,St. Charles Parish
LA,St. Helena Parish,2015,328.5,0.0,328.5,10.95,0.0,10.95,7.3,0.0,7.3,St. Helena Parish
LA,St. James Parish,2015,0.0,1460.0,1460.0,0.0,65145.2,65145.2,0.0,124.1,124.1,St. James Parish
LA,St. John the Baptist Parish,2015,1646.15,1073.1,2719.25,3157.25,23148.3,26305.55,0.0,58.4,58.4,St. John the Baptist Parish
LA,St. Landry Parish,2015,3763.15,0.0,3763.15,361.35,0.0,361.35,17092.95,3255.8,20348.75,St. Landry Parish
LA,St. Martin Parish,2015,1704.55,0.0,1704.55,43.8,0.0,43.8,299.29999999999995,2788.6,3087.9,St. Martin Parish
LA,St. Mary Parish,2015,156.95,3244.8500000000004,3401.8,1040.25,1328.6,2368.85,18.25,262.8,281.05,St. Mary Parish
LA,St. Tammany Parish,2015,8628.6,0.0,8628.6,18.25,29.2,47.45,7.3,0.0,7.3,St. Tammany Parish
LA,Tangipahoa Parish,2015,5496.900000000001,0.0,5496.900000000001,302.95,0.0,302.95,73.0,0.0,73.0,Tangipahoa Parish
LA,Vermilion Parish,2015,2580.55,0.0,2580.55,306.6,18.25,324.85,14851.85,22425.6,37277.45,Vermilion Parish
LA,Washington Parish,2015,1689.95,0.0,1689.95,6069.95,1642.5,7712.45,113.15,29.2,142.35,Washington Parish
LA,West Baton Rouge Parish,2015,2631.65,0.0,2631.65,514.65,0.0,514.65,416.1,306.6,722.7,West Baton Rouge Parish
LA,West Feliciana Parish,2015,609.55,0.0,609.55,587.6500000000001,5869.2,6456.85,0.0,94.9,94.9,West Feliciana Parish
ME,Androscoggin County,2015,292.0,2598.8,2890.8,277.4,459.9,737.3,21.9,186.15,208.05,Androscoggin County
ME,Aroostook County,2015,1230.05,270.1,1500.15,138.7,4974.950000000001,5113.65,160.6,1310.35,1470.95,Aroostook County
ME,Cumberland County,2015,1569.5,7683.25,9252.75,87.6,4084.35,4171.95,62.05,321.2,383.25,Cumberland County
ME,Franklin County,2015,270.1,226.3,496.4,182.5,12680.1,12862.6,0.0,51.1,51.1,Franklin County
ME,Hancock County,2015,105.85,2336.0,2441.8500000000004,3.65,13238.55,13242.2,32.85,390.55,423.4,Hancock County
ME,Kennebec County,2015,1241.0,1003.75,2244.75,83.95,65.7,149.64999999999998,40.15,131.4,171.54999999999998,Kennebec County
ME,Knox County,2015,62.05,1040.25,1102.3,3.65,3832.5,3836.15,25.55,102.2,127.75,Knox County
ME,Lincoln County,2015,40.15,226.3,266.45,14.6,62.05,76.64999999999999,3.65,40.15,43.8,Lincoln County
ME,Oxford County,2015,1003.75,36.5,1040.25,346.75,12431.9,12778.65,29.2,105.85,135.05,Oxford County
ME,Penobscot County,2015,1131.5,616.85,1748.35,113.15,4489.5,4602.65,40.15,485.4500000000001,525.6,Penobscot County
ME,Piscataquis County,2015,182.5,138.7,321.2,36.5,25.55,62.05,7.3,40.15,47.45,Piscataquis County
ME,Sagadahoc County,2015,94.9,419.75,514.65,3.65,21.9,25.55,3.65,62.05,65.7,Sagadahoc County
ME,Somerset County,2015,288.35,375.95,664.3000000000001,94.9,13300.6,13395.500000000002,3.65,47.45,51.1,Somerset County
ME,Waldo County,2015,361.35,0.0,361.35,102.2,36.5,138.7,10.95,73.0,83.95,Waldo County
ME,Washington County,2015,503.7,69.35,573.0500000000001,142.35,9847.7,9990.05,1339.55,1350.5,2690.05,Washington County
ME,York County,2015,1646.15,3949.3,5595.45,496.4,427.05,923.45,65.7,350.4,416.1,York County
MD,Allegany County,2015,94.9,149.64999999999998,244.55,7.3,13552.45,13559.75,0.0,29.2,29.2,Allegany County
MD,Anne Arundel County,2015,14413.85,0.0,14413.85,18.25,219.0,237.25,142.35,138.7,281.05,Anne Arundel County
MD,Baltimore County,2015,21.9,76431.0,76452.90000000001,970.9,0.0,970.9,127.75,186.15,313.9,Baltimore County
MD,Calvert County,2015,908.85,0.0,908.85,29.2,0.0,29.2,0.0,7.3,7.3,Calvert County
MD,Caroline County,2015,357.7,0.0,357.7,54.75,0.0,54.75,4193.85,1262.9,5456.75,Caroline County
MD,Carroll County,2015,989.15,1584.1,2573.25,91.25,76.64999999999999,167.9,40.15,36.5,76.64999999999999,Carroll County
MD,Cecil County,2015,569.4,744.6,1314.0,10.95,3.65,14.6,558.45,36.5,594.9499999999999,Cecil County
MD,Charles County,2015,2671.8,0.0,2671.8,3.65,0.0,3.65,65.7,36.5,102.2,Charles County
MD,Dorchester County,2015,967.25,0.0,967.25,321.2,0.0,321.2,4686.6,259.15,4945.75,Dorchester County
MD,Frederick County,2015,959.95,4073.4,5033.349999999999,1507.45,7.3,1514.7500000000002,167.9,1529.35,1697.2500000000002,Frederick County
MD,Harford County,2015,1730.1,1861.5,3591.6,229.95,3.65,233.6,32.85,109.5,142.35,Harford County
MD,Howard County,2015,3.65,0.0,3.65,109.5,3.65,113.15,40.15,120.45,160.6,Howard County
MD,Kent County,2015,397.85,0.0,397.85,65.7,0.0,65.7,1116.9,262.8,1379.6999999999998,Kent County
MD,Montgomery County,2015,182.5,129370.6,129553.1,10.95,244.55,255.5,160.6,306.6,467.2,Montgomery County
MD,Prince George's County,2015,627.8,18476.3,19104.1,10.95,0.0,10.95,171.54999999999998,200.75000000000003,372.3,Prince George's County
MD,Queen Anne's County,2015,646.05,0.0,646.05,80.3,0.0,80.3,2682.75,657.0,3339.75,Queen Anne's County
MD,St. Mary's County,2015,1514.7500000000002,0.0,1514.7500000000002,3.65,0.0,3.65,18.25,7.3,25.55,St. Mary's County
MD,Somerset County,2015,397.85,0.0,397.85,3.65,284.7,288.35,120.45,32.85,153.29999999999998,Somerset County
MD,Talbot County,2015,817.6,0.0,817.6,270.1,3.65,273.75,448.95,284.7,733.65,Talbot County
MD,Washington County,2015,357.7,5945.849999999999,6303.55,7.3,0.0,7.3,36.5,21.9,58.4,Washington County
MD,Wicomico County,2015,2503.9,0.0,2503.9,102.2,0.0,102.2,1865.15,73.0,1938.15,Wicomico County
MD,Worcester County,2015,2803.2,0.0,2803.2,36.5,0.0,36.5,949.0,167.9,1116.9,Worcester County
MA,Barnstable County,2015,10891.6,730.0,11621.6,43.8,3.65,47.45,3263.1,543.85,3806.95,Barnstable County
MA,Berkshire County,2015,1084.0500000000002,4146.4,5230.45,1817.7,777.4499999999999,2595.15,80.3,58.4,138.7,Berkshire County
MA,Bristol County,2015,5715.9,3993.1,9709.0,226.3,109.5,335.8,3047.75,631.45,3679.2,Bristol County
MA,Essex County,2015,3755.85,24403.9,28159.750000000004,806.65,660.65,1467.3,423.4,76.64999999999999,500.05,Essex County
MA,Franklin County,2015,1361.45,0.0,1361.45,784.75,375.95,1160.7,73.0,219.0,292.0,Franklin County
MA,Hampden County,2015,2985.7,13578.000000000002,16563.7,69.35,281.05,350.4,251.85,94.9,346.75,Hampden County
MA,Hampshire County,2015,2211.9,4390.95,6602.85,14.6,29.2,43.8,120.45,83.95,204.4,Hampshire County
MA,Middlesex County,2015,13767.8,11877.1,25644.9,565.75,1357.8000000000002,1923.55,934.4,313.9,1248.3,Middlesex County
MA,Norfolk County,2015,10340.45,2755.75,13096.2,186.15,105.85,292.0,569.4,62.05,631.45,Norfolk County
MA,Plymouth County,2015,10220.0,14632.85,24852.85,113.15,146.0,259.15,31948.45,6110.099999999999,38058.55,Plymouth County
MA,Worcester County,2015,8624.949999999999,83223.65,91848.6,810.3000000000001,675.25,1485.5500000000002,602.25,197.1,799.35,Worcester County
MI,Alger County,2015,149.64999999999998,0.0,149.64999999999998,102.2,1328.6,1430.8,10.95,0.0,10.95,Alger County
MI,Allegan County,2015,1470.95,0.0,1470.95,843.15,332.15000000000003,1175.3000000000002,2989.35,2376.15,5365.5,Allegan County
MI,Alpena County,2015,0.0,737.3,737.3,0.0,1606.0000000000002,1606.0000000000002,14.6,25.55,40.15,Alpena County
MI,Antrim County,2015,434.35,0.0,434.35,3.65,0.0,3.65,3274.05,47.45,3321.5,Antrim County
MI,Baraga County,2015,0.0,186.15,186.15,0.0,127.75,127.75,0.0,3.65,3.65,Baraga County
MI,Barry County,2015,573.0500000000001,0.0,573.0500000000001,146.0,98.55,244.55,821.25,503.7,1324.95,Barry County
MI,Bay County,2015,0.0,3274.05,3274.05,0.0,799.35,799.35,40.15,675.25,715.4,Bay County
MI,Benzie County,2015,248.2,0.0,248.2,40.15,0.0,40.15,116.8,0.0,116.8,Benzie County
MI,Berrien County,2015,992.8,3540.4999999999995,4533.3,292.0,0.0,292.0,3212.0000000000005,1076.75,4288.75,Berrien County
MI,Branch County,2015,1011.05,0.0,1011.05,7.3,146.0,153.29999999999998,4774.2,2164.45,6938.650000000001,Branch County
MI,Calhoun County,2015,4573.45,0.0,4573.45,1434.45,448.95,1883.4,1427.15,879.6500000000001,2306.8,Calhoun County
MI,Cass County,2015,419.75,0.0,419.75,0.0,397.85,397.85,10625.15,576.7,11201.85,Cass County
MI,Charlevoix County,2015,642.4,328.5,970.9,3938.35,1390.65,5329.0,36.5,40.15,76.64999999999999,Charlevoix County
MI,Cheboygan County,2015,357.7,0.0,357.7,3.65,248.2,251.85,87.6,25.55,113.15,Cheboygan County
MI,Chippewa County,2015,346.75,635.1,981.85,0.0,302.95,302.95,43.8,10.95,54.75,Chippewa County
MI,Clare County,2015,408.8,0.0,408.8,0.0,124.1,124.1,80.3,3.65,83.95,Clare County
MI,Clinton County,2015,423.4,0.0,423.4,211.7,0.0,211.7,204.4,547.5,751.9,Clinton County
MI,Crawford County,2015,240.9,0.0,240.9,32.85,0.0,32.85,43.8,102.2,146.0,Crawford County
MI,Delta County,2015,29.2,996.45,1025.65,54.75,13899.2,13953.95,18.25,73.0,91.25,Delta County
MI,Dickinson County,2015,857.75,0.0,857.75,18.25,7792.750000000001,7810.999999999999,29.2,29.2,58.4,Dickinson County
MI,Emmet County,2015,1401.6,0.0,1401.6,10.95,0.0,10.95,219.0,47.45,266.45,Emmet County
MI,Genesee County,2015,1540.3,0.0,1540.3,7.3,0.0,7.3,65.7,58.4,124.1,Genesee County
MI,Grand Traverse County,2015,660.65,2014.8,2675.45,215.35,0.0,215.35,507.35,54.75,562.1,Grand Traverse County
MI,Hillsdale County,2015,733.65,0.0,733.65,135.05,0.0,135.05,1113.25,222.65,1335.9,Hillsdale County
MI,Ingham County,2015,9522.85,0.0,9522.85,32.85,0.0,32.85,175.2,51.1,226.3,Ingham County
MI,Ionia County,2015,1821.35,0.0,1821.35,14.6,0.0,14.6,339.45000000000005,306.6,646.05,Ionia County
MI,Iosco County,2015,3.65,434.35,438.0,21.9,14.6,36.5,116.8,0.0,116.8,Iosco County
MI,Jackson County,2015,3956.6,0.0,3956.6,222.65,0.0,222.65,1536.65,467.2,2003.85,Jackson County
MI,Kalamazoo County,2015,8887.75,0.0,8887.75,7362.05,1496.4999999999998,8858.55,4686.6,1025.65,5712.25,Kalamazoo County
MI,Kent County,2015,3288.65,0.0,3288.65,204.4,182.5,386.9,1467.3,806.65,2273.9500000000003,Kent County
MI,Lapeer County,2015,146.0,0.0,146.0,69.35,0.0,69.35,43.8,73.0,116.8,Lapeer County
MI,Leelanau County,2015,182.5,0.0,182.5,153.29999999999998,14.6,167.9,547.5,43.8,591.3000000000001,Leelanau County
MI,Lenawee County,2015,828.55,1397.95,2226.5,171.54999999999998,3.65,175.2,146.0,295.65000000000003,441.65,Lenawee County
MI,Livingston County,2015,2525.8,0.0,2525.8,54.75,182.5,237.25,244.55,178.85,423.4,Livingston County
MI,Luce County,2015,182.5,0.0,182.5,18.25,0.0,18.25,438.0,0.0,438.0,Luce County
MI,Mackinac County,2015,0.0,470.85,470.85,3.65,3507.65,3511.3,0.0,18.25,18.25,Mackinac County
MI,Macomb County,2015,375.95,1073.1,1449.0500000000002,14.6,0.0,14.6,146.0,492.75000000000006,638.75,Macomb County
MI,Manistee County,2015,562.1,0.0,562.1,193.45,9457.15,9650.6,412.45,142.35,554.8,Manistee County
MI,Marquette County,2015,1036.6,846.8,1883.4,102.2,6690.45,6792.65,0.0,62.05,62.05,Marquette County
MI,Mason County,2015,76.64999999999999,817.6,894.2500000000001,204.4,8822.050000000001,9026.45,751.9,328.5,1080.4,Mason County
MI,Mecosta County,2015,463.55,0.0,463.55,346.75,0.0,346.75,3671.9,299.29999999999995,3971.2,Mecosta County
MI,Menominee County,2015,65.7,324.85,390.55,0.0,478.15,478.15,0.0,7.3,7.3,Menominee County
MI,Midland County,2015,51.1,0.0,51.1,0.0,1408.9,1408.9,51.1,29.2,80.3,Midland County
MI,Monroe County,2015,0.0,3383.55,3383.55,3934.7,0.0,3934.7,489.1,226.3,715.4,Monroe County
MI,Montcalm County,2015,1116.9,0.0,1116.9,0.0,4898.3,4898.3,11953.75,1233.7,13187.45,Montcalm County
MI,Muskegon County,2015,646.05,5223.150000000001,5869.2,788.4000000000001,2496.6,3285.0,609.55,321.2,930.75,Muskegon County
MI,Oakland County,2015,6975.15,0.0,6975.15,474.5,565.75,1040.25,868.6999999999999,569.4,1438.1,Oakland County
MI,Oceana County,2015,423.4,0.0,423.4,102.2,0.0,102.2,1511.1,295.65000000000003,1806.75,Oceana County
MI,Osceola County,2015,500.05,0.0,500.05,164.25,0.0,164.25,204.4,43.8,248.2,Osceola County
MI,Ottawa County,2015,87.6,32116.35,32203.95,116.8,332.15000000000003,448.95,1799.4499999999998,1292.1,3091.55,Ottawa County
MI,Presque Isle County,2015,167.9,0.0,167.9,0.0,8982.65,8982.65,62.05,21.9,83.95,Presque Isle County
MI,St. Clair County,2015,149.64999999999998,50180.2,50329.85,0.0,5175.7,5175.7,18.25,83.95,102.2,St. Clair County
MI,St. Joseph County,2015,1186.25,0.0,1186.25,459.9,91.25,551.15,14370.05,3525.9,17895.95,St. Joseph County
MI,Sanilac County,2015,459.9,109.5,569.4,120.45,0.0,120.45,321.2,32.85,354.05,Sanilac County
MI,Shiawassee County,2015,1054.85,0.0,1054.85,0.0,7.3,7.3,25.55,54.75,80.3,Shiawassee County
MI,Van Buren County,2015,817.6,478.15,1295.75,361.35,0.0,361.35,5883.8,434.35,6318.15,Van Buren County
MI,Washtenaw County,2015,2350.6000000000004,4350.8,6701.4,277.4,262.8,540.2,795.7,233.6,1029.3,Washtenaw County
MI,Wayne County,2015,0.0,170290.75,170290.75,3.65,81373.1,81376.75,131.4,219.0,350.4,Wayne County
MI,Wexford County,2015,967.25,0.0,967.25,3.65,0.0,3.65,708.1,10.95,719.05,Wexford County
MN,Anoka County,2015,9479.05,30024.9,39503.95,91.25,0.0,91.25,605.9,204.4,810.3000000000001,Anoka County
MN,Beltrami County,2015,529.25,0.0,529.25,18.25,0.0,18.25,51.1,1131.5,1182.6,Beltrami County
MN,Blue Earth County,2015,2273.9500000000003,0.0,2273.9500000000003,1328.6,0.0,1328.6,138.7,7.3,146.0,Blue Earth County
MN,Brown County,2015,390.55,0.0,390.55,69.35,0.0,69.35,627.8,102.2,730.0,Brown County
MN,Carlton County,2015,551.15,0.0,551.15,0.0,2474.7000000000003,2474.7000000000003,14.6,10.95,25.55,Carlton County
MN,Carver County,2015,3036.8,0.0,3036.8,248.2,0.0,248.2,73.0,21.9,94.9,Carver County
MN,Chippewa County,2015,427.05,0.0,427.05,0.0,120.45,120.45,109.5,10.95,120.45,Chippewa County
MN,Cottonwood County,2015,642.4,0.0,642.4,281.05,7.3,288.35,175.2,21.9,197.1,Cottonwood County
MN,Dakota County,2015,13807.95,1051.2,14859.15,2806.8500000000004,18.25,2825.1,6029.8,178.85,6208.650000000001,Dakota County
MN,Dodge County,2015,335.8,0.0,335.8,116.8,0.0,116.8,32.85,10.95,43.8,Dodge County
MN,Douglas County,2015,803.0000000000001,0.0,803.0000000000001,73.0,0.0,73.0,1098.65,18.25,1116.9,Douglas County
MN,Faribault County,2015,335.8,0.0,335.8,222.65,0.0,222.65,21.9,0.0,21.9,Faribault County
MN,Fillmore County,2015,467.2,0.0,467.2,21.9,0.0,21.9,25.55,10.95,36.5,Fillmore County
MN,Freeborn County,2015,1273.85,0.0,1273.85,138.7,0.0,138.7,116.8,7.3,124.1,Freeborn County
MN,Goodhue County,2015,1127.85,0.0,1127.85,54.75,0.0,54.75,569.4,10.95,580.35,Goodhue County
MN,Hennepin County,2015,26787.35,0.0,26787.35,1726.45,0.0,1726.45,901.55,120.45,1022.0,Hennepin County
MN,Hubbard County,2015,244.55,0.0,244.55,616.85,10.95,627.8,4467.6,14.6,4482.2,Hubbard County
MN,Isanti County,2015,481.8,0.0,481.8,47.45,0.0,47.45,186.15,0.0,186.15,Isanti County
MN,Itasca County,2015,737.3,0.0,737.3,58.4,3496.7,3555.1,14.6,62.05,76.64999999999999,Itasca County
MN,Jackson County,2015,204.4,0.0,204.4,226.3,0.0,226.3,10.95,14.6,25.55,Jackson County
MN,Kandiyohi County,2015,1664.4,0.0,1664.4,138.7,0.0,138.7,1562.2,40.15,1602.35,Kandiyohi County
MN,Koochiching County,2015,29.2,229.95,259.15,0.0,15059.9,15059.9,0.0,204.4,204.4,Koochiching County
MN,Lac qui Parle County,2015,135.05,0.0,135.05,474.5,0.0,474.5,489.1,36.5,525.6,Lac qui Parle County
MN,Lake County,2015,0.0,284.7,284.7,0.0,45781.95,45781.95,0.0,3.65,3.65,Lake County
MN,Le Sueur County,2015,846.8,0.0,846.8,171.54999999999998,0.0,171.54999999999998,167.9,3.65,171.54999999999998,Le Sueur County
MN,Lyon County,2015,985.5,0.0,985.5,594.9499999999999,0.0,594.9499999999999,0.0,69.35,69.35,Lyon County
MN,McLeod County,2015,1000.1,0.0,1000.1,660.65,0.0,660.65,21.9,14.6,36.5,McLeod County
MN,Martin County,2015,146.0,441.65,587.6500000000001,438.0,0.0,438.0,40.15,0.0,40.15,Martin County
MN,Meeker County,2015,456.25,0.0,456.25,29.2,3.65,32.85,868.6999999999999,18.25,886.95,Meeker County
MN,Nicollet County,2015,1540.3,0.0,1540.3,102.2,18.25,120.45,40.15,10.95,51.1,Nicollet County
MN,Olmsted County,2015,4693.9,0.0,4693.9,459.9,3.65,463.55,51.1,32.85,83.95,Olmsted County
MN,Otter Tail County,2015,963.6,292.0,1255.6,481.8,0.0,481.8,17863.1,273.75,18136.85,Otter Tail County
MN,Polk County,2015,394.2000000000001,2733.85,3128.05,21.9,0.0,21.9,204.4,2127.95,2332.35,Polk County
MN,Pope County,2015,200.75000000000003,0.0,200.75000000000003,14.6,0.0,14.6,7394.900000000001,18.25,7413.15,Pope County
MN,Ramsey County,2015,4405.55,14786.15,19191.7,693.5,0.0,693.5,288.35,43.8,332.15000000000003,Ramsey County
MN,Redwood County,2015,354.05,0.0,354.05,14.6,3.65,18.25,32.85,43.8,76.64999999999999,Redwood County
MN,Renville County,2015,372.3,0.0,372.3,83.95,0.0,83.95,51.1,43.8,94.9,Renville County
MN,Rice County,2015,2022.1,0.0,2022.1,58.4,0.0,58.4,204.4,43.8,248.2,Rice County
MN,St. Louis County,2015,1905.3,10971.9,12877.2,178.85,9639.65,9818.5,10.95,73.0,83.95,St. Louis County
MN,Scott County,2015,2861.6,0.0,2861.6,894.2500000000001,0.0,894.2500000000001,105.85,40.15,146.0,Scott County
MN,Sherburne County,2015,1806.75,0.0,1806.75,262.8,0.0,262.8,6672.200000000001,29.2,6701.4,Sherburne County
MN,Sibley County,2015,529.25,0.0,529.25,182.5,0.0,182.5,18.25,0.0,18.25,Sibley County
MN,Stearns County,2015,2587.85,2733.85,5321.7,427.05,0.0,427.05,6201.349999999999,226.3,6427.65,Stearns County
MN,Steele County,2015,1474.6,0.0,1474.6,7.3,0.0,7.3,94.9,7.3,102.2,Steele County
MN,Stevens County,2015,288.35,0.0,288.35,131.4,7.3,138.7,1799.4499999999998,29.2,1828.65,Stevens County
MN,Swift County,2015,288.35,0.0,288.35,146.0,0.0,146.0,5066.200000000001,21.9,5088.099999999999,Swift County
MN,Todd County,2015,430.7,0.0,430.7,193.45,0.0,193.45,2628.0,94.9,2722.9,Todd County
MN,Wabasha County,2015,675.25,0.0,675.25,164.25,0.0,164.25,142.35,7.3,149.64999999999998,Wabasha County
MN,Waseca County,2015,609.55,0.0,609.55,277.4,0.0,277.4,18.25,0.0,18.25,Waseca County
MN,Washington County,2015,7018.95,0.0,7018.95,1759.3000000000002,3.65,1762.95,551.15,167.9,719.05,Washington County
MN,Watonwan County,2015,470.85,0.0,470.85,25.55,0.0,25.55,788.4000000000001,54.75,843.15,Watonwan County
MN,Winona County,2015,1372.4,0.0,1372.4,551.15,0.0,551.15,51.1,0.0,51.1,Winona County
MN,Wright County,2015,2952.85,0.0,2952.85,94.9,0.0,94.9,627.8,47.45,675.25,Wright County
MS,Adams County,2015,1795.8,0.0,1795.8,605.9,0.0,605.9,0.0,14.6,14.6,Adams County
MS,Amite County,2015,489.1,0.0,489.1,3.65,0.0,3.65,7.3,18.25,25.55,Amite County
MS,Bolivar County,2015,1518.4,0.0,1518.4,310.25,0.0,310.25,116398.5,6128.349999999999,122526.85,Bolivar County
MS,Calhoun County,2015,832.1999999999999,0.0,832.1999999999999,21.9,0.0,21.9,7.3,405.15,412.45,Calhoun County
MS,Choctaw County,2015,350.4,0.0,350.4,1923.55,0.0,1923.55,160.6,160.6,321.2,Choctaw County
MS,Copiah County,2015,1383.35,0.0,1383.35,219.0,0.0,219.0,14.6,47.45,62.05,Copiah County
MS,Covington County,2015,678.9000000000001,0.0,678.9000000000001,397.85,0.0,397.85,51.1,149.64999999999998,200.75000000000003,Covington County
MS,DeSoto County,2015,7121.150000000001,0.0,7121.150000000001,770.15,0.0,770.15,3555.1,189.8,3744.9,DeSoto County
MS,Forrest County,2015,4416.5,0.0,4416.5,470.85,0.0,470.85,73.0,215.35,288.35,Forrest County
MS,Greene County,2015,678.9000000000001,0.0,678.9000000000001,7.3,0.0,7.3,18.25,54.75,73.0,Greene County
MS,Grenada County,2015,1445.4,0.0,1445.4,299.29999999999995,1507.45,1806.75,365.0,18.25,383.25,Grenada County
MS,Hancock County,2015,1602.35,0.0,1602.35,576.7,80.3,657.0,7.3,10.95,18.25,Hancock County
MS,Harrison County,2015,7606.6,0.0,7606.6,2945.55,0.0,2945.55,0.0,21.9,21.9,Harrison County
MS,Hinds County,2015,3456.55,14990.55,18447.1,949.0,0.0,949.0,32.85,127.75,160.6,Hinds County
MS,Holmes County,2015,803.0000000000001,0.0,803.0000000000001,62.05,0.0,62.05,13567.05,715.4,14282.45,Holmes County
MS,Humphreys County,2015,335.8,0.0,335.8,43.8,0.0,43.8,31211.15,1642.5,32853.65,Humphreys County
MS,Itawamba County,2015,135.05,3657.3,3792.35,0.0,7.3,7.3,0.0,14.6,14.6,Itawamba County
MS,Jackson County,2015,5292.5,0.0,5292.5,2054.95,6329.1,8384.05,14.6,40.15,54.75,Jackson County
MS,Jasper County,2015,1200.85,0.0,1200.85,1197.1999999999998,0.0,1197.1999999999998,0.0,10.95,10.95,Jasper County
MS,Jefferson Davis County,2015,529.25,0.0,529.25,62.05,0.0,62.05,29.2,83.95,113.15,Jefferson Davis County
MS,Jones County,2015,4288.75,0.0,4288.75,613.1999999999999,0.0,613.1999999999999,36.5,109.5,146.0,Jones County
MS,Kemper County,2015,649.7,0.0,649.7,7.3,0.0,7.3,10.95,32.85,43.8,Kemper County
MS,Lamar County,2015,2160.8,0.0,2160.8,7.3,0.0,7.3,14.6,58.4,73.0,Lamar County
MS,Lauderdale County,2015,3996.75,0.0,3996.75,51.1,0.0,51.1,10.95,29.2,40.15,Lauderdale County
MS,Lawrence County,2015,627.8,0.0,627.8,244.55,13140.0,13384.55,211.7,51.1,262.8,Lawrence County
MS,Leake County,2015,806.65,0.0,806.65,857.75,0.0,857.75,14.6,21.9,36.5,Leake County
MS,Leflore County,2015,1514.7500000000002,0.0,1514.7500000000002,208.05,0.0,208.05,58677.4,3087.9,61765.3,Leflore County
MS,Lincoln County,2015,1474.6,0.0,1474.6,76.64999999999999,0.0,76.64999999999999,14.6,47.45,62.05,Lincoln County
MS,Lowndes County,2015,3055.05,0.0,3055.05,1905.3,5803.5,7708.8,18.25,1598.7,1616.9499999999998,Lowndes County
MS,Madison County,2015,6029.8,0.0,6029.8,25.55,0.0,25.55,10.95,36.5,47.45,Madison County
MS,Marshall County,2015,923.45,0.0,923.45,29.2,0.0,29.2,0.0,1182.6,1182.6,Marshall County
MS,Monroe County,2015,1324.95,0.0,1324.95,4708.5,0.0,4708.5,0.0,171.54999999999998,171.54999999999998,Monroe County
MS,Neshoba County,2015,1631.55,0.0,1631.55,14.6,0.0,14.6,0.0,7.3,7.3,Neshoba County
MS,Noxubee County,2015,500.05,0.0,500.05,40.15,0.0,40.15,58.4,5803.5,5861.9,Noxubee County
MS,Panola County,2015,1222.75,0.0,1222.75,7.3,0.0,7.3,6285.299999999999,332.15000000000003,6617.45,Panola County
MS,Perry County,2015,448.95,0.0,448.95,43.8,8103.0,8146.8,40.15,116.8,156.95,Perry County
MS,Pike County,2015,2149.85,0.0,2149.85,448.95,0.0,448.95,14.6,62.05,76.64999999999999,Pike County
MS,Rankin County,2015,6445.9,0.0,6445.9,565.75,0.0,565.75,3.65,10.95,14.6,Rankin County
MS,Scott County,2015,2927.3,0.0,2927.3,459.9,0.0,459.9,3.65,18.25,21.9,Scott County
MS,Simpson County,2015,1314.0,0.0,1314.0,3.65,0.0,3.65,87.6,306.6,394.2000000000001,Simpson County
MS,Stone County,2015,532.9,0.0,532.9,390.55,0.0,390.55,10.95,29.2,40.15,Stone County
MS,Sunflower County,2015,1098.65,0.0,1098.65,58.4,0.0,58.4,88501.55,4657.4,93158.95,Sunflower County
MS,Tippah County,2015,981.85,0.0,981.85,69.35,0.0,69.35,0.0,83.95,83.95,Tippah County
MS,Warren County,2015,2916.35,0.0,2916.35,40.15,4843.55,4883.700000000001,1580.45,87.6,1668.0500000000002,Warren County
MS,Washington County,2015,4215.75,0.0,4215.75,98.55,0.0,98.55,83698.15,4405.55,88103.7,Washington County
MS,Yazoo County,2015,2003.85,0.0,2003.85,2671.8,0.0,2671.8,13140.0,689.8499999999999,13829.85,Yazoo County
MO,Audrain County,2015,708.1,80.3,788.4000000000001,149.64999999999998,0.0,149.64999999999998,1237.35,5183.0,6420.35,Audrain County
MO,Barry County,2015,1668.0500000000002,0.0,1668.0500000000002,602.25,0.0,602.25,156.95,0.0,156.95,Barry County
MO,Boone County,2015,6515.250000000001,0.0,6515.250000000001,14.6,0.0,14.6,2244.75,0.0,2244.75,Boone County
MO,Callaway County,2015,1314.0,0.0,1314.0,237.25,0.0,237.25,1507.45,795.7,2303.15,Callaway County
MO,Camden County,2015,1412.55,0.0,1412.55,3.65,0.0,3.65,21.9,0.0,21.9,Camden County
MO,Cape Girardeau County,2015,1664.4,1204.5,2868.9,5153.799999999999,989.15,6142.95,4920.2,0.0,4920.2,Cape Girardeau County
MO,Carroll County,2015,295.65000000000003,0.0,295.65000000000003,156.95,0.0,156.95,1478.25,0.0,1478.25,Carroll County
MO,Cass County,2015,0.0,565.75,565.75,0.0,3.65,3.65,594.9499999999999,594.9499999999999,1189.9,Cass County
MO,Cedar County,2015,313.9,0.0,313.9,7.3,0.0,7.3,3.65,244.55,248.2,Cedar County
MO,Christian County,2015,2390.75,0.0,2390.75,105.85,0.0,105.85,29.2,0.0,29.2,Christian County
MO,Clay County,2015,12307.8,33028.85,45336.65,1507.45,0.0,1507.45,135.05,135.05,270.1,Clay County
MO,Crawford County,2015,467.2,0.0,467.2,3.65,0.0,3.65,7.3,7.3,14.6,Crawford County
MO,Franklin County,2015,2533.1000000000004,0.0,2533.1000000000004,127.75,0.0,127.75,536.55,0.0,536.55,Franklin County
MO,Greene County,2015,2157.15,9960.85,12118.000000000002,266.45,0.0,266.45,131.4,3.65,135.05,Greene County
MO,Holt County,2015,146.0,0.0,146.0,29.2,0.0,29.2,4040.55,4040.55,8081.1,Holt County
MO,Iron County,2015,113.15,40.15,153.29999999999998,3.65,0.0,3.65,102.2,102.2,204.4,Iron County
MO,Jackson County,2015,9818.5,0.0,9818.5,704.4499999999999,11212.8,11917.25,0.0,142.35,142.35,Jackson County
MO,Jasper County,2015,2967.4500000000003,3799.65,6767.099999999999,379.6,1160.7,1540.3,1025.65,445.3,1470.95,Jasper County
MO,Jefferson County,2015,2525.8,7942.400000000001,10468.2,251.85,0.0,251.85,0.0,131.4,131.4,Jefferson County
MO,Johnson County,2015,1803.1,73.0,1876.1,40.15,0.0,40.15,73.0,730.0,803.0000000000001,Johnson County
MO,Lawrence County,2015,1011.05,0.0,1011.05,98.55,10.95,109.5,945.35,18.25,963.6,Lawrence County
MO,Lincoln County,2015,916.15,0.0,916.15,7.3,0.0,7.3,547.5,7.3,554.8,Lincoln County
MO,McDonald County,2015,678.9000000000001,0.0,678.9000000000001,1127.85,0.0,1127.85,0.0,127.75,127.75,McDonald County
MO,Macon County,2015,0.0,678.9000000000001,678.9000000000001,0.0,284.7,284.7,73.0,73.0,146.0,Macon County
MO,Maries County,2015,109.5,0.0,109.5,14.6,0.0,14.6,40.15,40.15,80.3,Maries County
MO,Marion County,2015,149.64999999999998,1186.25,1335.9,762.8499999999999,0.0,762.8499999999999,657.0,657.0,1314.0,Marion County
MO,Mercer County,2015,47.45,0.0,47.45,0.0,3.65,3.65,40.15,40.15,80.3,Mercer County
MO,Moniteau County,2015,536.55,0.0,536.55,197.1,0.0,197.1,94.9,0.0,94.9,Moniteau County
MO,New Madrid County,2015,711.75,0.0,711.75,401.50000000000006,0.0,401.50000000000006,83431.70000000001,0.0,83431.70000000001,New Madrid County
MO,Newton County,2015,781.1,799.35,1580.45,138.7,0.0,138.7,62.05,62.05,124.1,Newton County
MO,Osage County,2015,200.75000000000003,0.0,200.75000000000003,7.3,0.0,7.3,485.4500000000001,485.4500000000001,970.9,Osage County
MO,Pettis County,2015,1295.75,0.0,1295.75,813.95,0.0,813.95,94.9,94.9,189.8,Pettis County
MO,Phelps County,2015,1032.95,0.0,1032.95,7.3,0.0,7.3,29.2,0.0,29.2,Phelps County
MO,Pike County,2015,18.25,394.2000000000001,412.45,0.0,343.1,343.1,1584.1,0.0,1584.1,Pike County
MO,St. Charles County,2015,6548.1,0.0,6548.1,288.35,0.0,288.35,361.35,94.9,456.25,St. Charles County
MO,Ste. Genevieve County,2015,521.9499999999999,0.0,521.9499999999999,689.8499999999999,0.0,689.8499999999999,43.8,43.8,87.6,Ste. Genevieve County
MO,Saline County,2015,1051.2,0.0,1051.2,153.29999999999998,0.0,153.29999999999998,733.65,733.65,1467.3,Saline County
MO,Scott County,2015,2168.1000000000004,0.0,2168.1000000000004,3.65,0.0,3.65,30733.0,0.0,30733.0,Scott County
MO,Stoddard County,2015,1178.95,0.0,1178.95,313.9,0.0,313.9,95275.95,978.2,96254.15,Stoddard County
MO,Sullivan County,2015,0.0,237.25,237.25,0.0,332.15000000000003,332.15000000000003,32.85,32.85,65.7,Sullivan County
MO,Taney County,2015,1989.25,1036.6,3025.85,18.25,631.45,649.7,25.55,10.95,36.5,Taney County
MO,Texas County,2015,627.8,0.0,627.8,226.3,0.0,226.3,29.2,0.0,29.2,Texas County
MO,Warren County,2015,594.9499999999999,0.0,594.9499999999999,182.5,0.0,182.5,445.3,0.0,445.3,Warren County
MO,Washington County,2015,240.9,0.0,240.9,0.0,605.9,605.9,7.3,7.3,14.6,Washington County
MO,Wright County,2015,354.05,0.0,354.05,7.3,0.0,7.3,76.64999999999999,0.0,76.64999999999999,Wright County
MT,Beaverhead County,2015,664.3000000000001,0.0,664.3000000000001,3.65,3.65,7.3,419.75,303377.05,303796.80000000005,Beaverhead County
MT,Big Horn County,2015,156.95,284.7,441.65,47.45,0.0,47.45,335.8,117409.55,117745.35,Big Horn County
MT,Broadwater County,2015,375.95,0.0,375.95,32.85,0.0,32.85,226.3,72025.45000000001,72251.75,Broadwater County
MT,Carbon County,2015,642.4,0.0,642.4,3.65,0.0,3.65,62.05,183821.3,183883.35,Carbon County
MT,Cascade County,2015,507.35,4161.0,4668.349999999999,3.65,222.65,226.3,215.35,62170.45,62385.8,Cascade County
MT,Chouteau County,2015,284.7,36.5,321.2,3.65,0.0,3.65,208.05,32747.8,32955.850000000006,Chouteau County
MT,Custer County,2015,3.65,503.7,507.35,21.9,0.0,21.9,149.64999999999998,47873.4,48023.05,Custer County
MT,Dawson County,2015,178.85,459.9,638.75,3.65,0.0,3.65,32.85,28798.500000000004,28831.35,Dawson County
MT,Deer Lodge County,2015,806.65,32.85,839.4999999999999,7.3,0.0,7.3,76.64999999999999,25075.5,25152.15,Deer Lodge County
MT,Fallon County,2015,102.2,0.0,102.2,40.15,0.0,40.15,18.25,164.25,182.5,Fallon County
MT,Fergus County,2015,386.9,0.0,386.9,58.4,0.0,58.4,390.55,44489.85,44880.4,Fergus County
MT,Flathead County,2015,3598.9,573.0500000000001,4171.95,204.4,3.65,208.05,3686.5,21830.65,25517.15,Flathead County
MT,Gallatin County,2015,2259.3500000000004,2095.1,4354.45,208.05,0.0,208.05,2047.65,168659.19999999998,170706.85,Gallatin County
MT,Glacier County,2015,240.9,401.50000000000006,642.4,3.65,0.0,3.65,40.15,25320.050000000003,25360.2,Glacier County
MT,Golden Valley County,2015,14.6,0.0,14.6,3.65,0.0,3.65,0.0,10636.1,10636.1,Golden Valley County
MT,Granite County,2015,0.0,18.25,18.25,7.3,0.0,7.3,73.0,44657.75,44730.75,Granite County
MT,Hill County,2015,295.65000000000003,489.1,784.75,3.65,0.0,3.65,657.0,17089.3,17746.3,Hill County
MT,Jefferson County,2015,467.2,0.0,467.2,21.9,0.0,21.9,156.95,29378.85,29535.8,Jefferson County
MT,Judith Basin County,2015,32.85,0.0,32.85,3.65,0.0,3.65,211.7,48274.9,48486.6,Judith Basin County
MT,Lake County,2015,762.8499999999999,109.5,872.35,65.7,0.0,65.7,306.6,78022.4,78329.0,Lake County
MT,Lewis and Clark County,2015,945.35,1949.1,2894.45,14.6,87.6,102.2,1058.5,59228.55,60287.05,Lewis and Clark County
MT,Lincoln County,2015,317.55,514.65,832.1999999999999,0.0,65.7,65.7,83.95,4602.65,4686.6,Lincoln County
MT,Madison County,2015,401.50000000000006,0.0,401.50000000000006,10.95,0.0,10.95,211.7,262281.7,262493.4,Madison County
MT,Mineral County,2015,120.45,0.0,120.45,7.3,3.65,10.95,43.8,456.25,500.05,Mineral County
MT,Missoula County,2015,10855.1,244.55,11099.65,751.9,113.15,865.0500000000001,1481.9,48537.7,50019.6,Missoula County
MT,Musselshell County,2015,91.25,0.0,91.25,3.65,0.0,3.65,25.55,26287.3,26312.85,Musselshell County
MT,Park County,2015,883.3,0.0,883.3,36.5,0.0,36.5,189.8,101911.65,102101.45,Park County
MT,Phillips County,2015,171.54999999999998,0.0,171.54999999999998,3.65,0.0,3.65,463.55,114661.1,115124.65,Phillips County
MT,Pondera County,2015,94.9,211.7,306.6,14.6,0.0,14.6,211.7,48910.0,49121.7,Pondera County
MT,Powell County,2015,500.05,0.0,500.05,21.9,0.0,21.9,178.85,60834.55,61013.4,Powell County
MT,Ravalli County,2015,1087.7,98.55,1186.25,76.64999999999999,0.0,76.64999999999999,938.05,138364.19999999998,139302.25,Ravalli County
MT,Richland County,2015,430.7,0.0,430.7,0.0,43.8,43.8,120.45,117570.15,117690.6,Richland County
MT,Roosevelt County,2015,156.95,470.85,627.8,10.95,0.0,10.95,463.55,42467.75,42931.3,Roosevelt County
MT,Rosebud County,2015,248.2,306.6,554.8,10.95,0.0,10.95,204.4,56483.75,56688.15,Rosebud County
MT,Sanders County,2015,259.15,0.0,259.15,43.8,0.0,43.8,262.8,23487.75,23750.55,Sanders County
MT,Silver Bow County,2015,32.85,2788.6,2821.4500000000003,62.05,0.0,62.05,32.85,4310.650000000001,4343.5,Silver Bow County
MT,Stillwater County,2015,138.7,0.0,138.7,14.6,0.0,14.6,335.8,47862.45,48198.25000000001,Stillwater County
MT,Sweet Grass County,2015,186.15,0.0,186.15,7.3,0.0,7.3,40.15,93739.3,93779.45,Sweet Grass County
MT,Teton County,2015,394.2000000000001,18.25,412.45,3.65,0.0,3.65,80.3,143273.44999999998,143353.75,Teton County
MT,Toole County,2015,434.35,7.3,441.65,0.0,7.3,7.3,73.0,6829.150000000001,6902.15,Toole County
MT,Valley County,2015,94.9,492.75000000000006,587.6500000000001,7.3,0.0,7.3,828.55,87702.2,88530.75,Valley County
MT,Yellowstone County,2015,343.1,8814.75,9157.85,54.75,1073.1,1127.85,602.25,152026.15,152628.40000000002,Yellowstone County
NE,Adams County,2015,2372.5,0.0,2372.5,434.35,0.0,434.35,55144.2,1430.8,56575.0,Adams County
NE,Boone County,2015,229.95,0.0,229.95,445.3,0.0,445.3,32211.25,434.35,32645.6,Boone County
NE,Buffalo County,2015,2354.25,0.0,2354.25,770.15,0.0,770.15,73284.7,1646.15,74930.84999999999,Buffalo County
NE,Cass County,2015,4839.9,98.55,4938.45,248.2,0.0,248.2,200.75000000000003,321.2,521.9499999999999,Cass County
NE,Colfax County,2015,405.15,0.0,405.15,934.4,0.0,934.4,8584.8,288.35,8873.15,Colfax County
NE,Dakota County,2015,737.3,0.0,737.3,1795.8,0.0,1795.8,4292.4,58.4,4350.8,Dakota County
NE,Dawson County,2015,2179.05,0.0,2179.05,240.9,0.0,240.9,63301.95,9694.4,72996.35,Dawson County
NE,Dixon County,2015,273.75,0.0,273.75,368.65,0.0,368.65,5496.900000000001,500.05,5996.95,Dixon County
NE,Dodge County,2015,255.5,0.0,255.5,616.85,0.0,616.85,13450.25,1270.2,14720.45,Dodge County
NE,Douglas County,2015,4876.4,15793.55,20669.95,237.25,0.0,237.25,3281.35,222.65,3504.0,Douglas County
NE,Fillmore County,2015,284.7,0.0,284.7,445.3,0.0,445.3,28283.85,1427.15,29711.000000000004,Fillmore County
NE,Furnas County,2015,211.7,0.0,211.7,186.15,0.0,186.15,9752.8,2960.15,12712.95,Furnas County
NE,Gage County,2015,1314.0,0.0,1314.0,193.45,0.0,193.45,13943.000000000002,3737.6,17680.6,Gage County
NE,Hall County,2015,4358.099999999999,0.0,4358.099999999999,857.75,0.0,857.75,80252.55,175.2,80427.75,Hall County
NE,Hamilton County,2015,452.6,0.0,452.6,762.8499999999999,0.0,762.8499999999999,62422.3,850.45,63272.75,Hamilton County
NE,Hitchcock County,2015,135.05,0.0,135.05,109.5,0.0,109.5,8289.15,952.65,9241.8,Hitchcock County
NE,Holt County,2015,419.75,0.0,419.75,182.5,0.0,182.5,94735.75,4807.05,99542.8,Holt County
NE,Jefferson County,2015,153.29999999999998,251.85,405.15,10.95,0.0,10.95,26842.1,2073.2,28915.3,Jefferson County
NE,Kearney County,2015,313.9,0.0,313.9,255.5,0.0,255.5,58713.9,6405.75,65119.65,Kearney County
NE,Knox County,2015,215.35,138.7,354.05,80.3,0.0,80.3,16746.2,2854.3,19600.5,Knox County
NE,Lancaster County,2015,554.8,0.0,554.8,54.75,0.0,54.75,1908.95,302.95,2211.9,Lancaster County
NE,Lincoln County,2015,2054.95,0.0,2054.95,120.45,0.0,120.45,62929.65,11906.3,74835.95,Lincoln County
NE,Madison County,2015,1803.1,0.0,1803.1,897.9,0.0,897.9,3135.35,0.0,3135.35,Madison County
NE,Morrill County,2015,156.95,0.0,156.95,197.1,0.0,197.1,23677.550000000003,14158.35,37835.9,Morrill County
NE,Perkins County,2015,248.2,0.0,248.2,167.9,0.0,167.9,39865.3,0.0,39865.3,Perkins County
NE,Pierce County,2015,251.85,0.0,251.85,288.35,0.0,288.35,27743.65,131.4,27875.050000000003,Pierce County
NE,Platte County,2015,1810.4,0.0,1810.4,2868.9,0.0,2868.9,44329.25,945.35,45274.600000000006,Platte County
NE,Saline County,2015,496.4,0.0,496.4,751.9,0.0,751.9,23283.35,1817.7,25101.05,Saline County
NE,Sarpy County,2015,11187.25,0.0,11187.25,18.25,0.0,18.25,1405.25,47.45,1452.7,Sarpy County
NE,Scotts Bluff County,2015,2065.9,0.0,2065.9,365.0,846.8,1211.8,12917.35,42723.25,55640.6,Scotts Bluff County
NE,Stanton County,2015,131.4,0.0,131.4,18.25,0.0,18.25,6237.85,288.35,6526.2,Stanton County
NE,Thayer County,2015,295.65000000000003,0.0,295.65000000000003,3.65,0.0,3.65,35989.0,1084.0500000000002,37073.05,Thayer County
NE,Valley County,2015,456.25,0.0,456.25,211.7,0.0,211.7,15483.3,12264.0,27747.3,Valley County
NE,York County,2015,682.5500000000001,0.0,682.5500000000001,175.2,0.0,175.2,49541.45,762.8499999999999,50304.3,York County
NV,Churchill County,2015,1193.55,3.65,1197.1999999999998,10.95,0.0,10.95,1259.25,58520.45,59779.7,Churchill County
NV,Clark County,2015,20830.55,128866.9,149697.45,251.85,1711.85,1963.7,3000.3,9584.9,12585.2,Clark County
NV,Douglas County,2015,4266.849999999999,627.8,4894.65,7.3,0.0,7.3,3160.9,25633.95,28794.85,Douglas County
NV,Lyon County,2015,3193.75,0.0,3193.75,91.25,0.0,91.25,5642.900000000001,92282.95,97925.85,Lyon County
NV,Washoe County,2015,9084.85,11252.95,20337.8,10.95,0.0,10.95,4369.05,13986.8,18355.85,Washoe County
NH,Belknap County,2015,492.75000000000006,646.05,1138.8,21.9,87.6,109.5,36.5,113.15,149.64999999999998,Belknap County
NH,Carroll County,2015,1007.4,251.85,1259.25,54.75,7.3,62.05,18.25,124.1,142.35,Carroll County
NH,Cheshire County,2015,908.85,594.9499999999999,1503.8,98.55,51.1,149.64999999999998,10.95,65.7,76.64999999999999,Cheshire County
NH,Coos County,2015,558.45,974.55,1533.0,21.9,1478.25,1500.15,32.85,29.2,62.05,Coos County
NH,Grafton County,2015,1029.3,1733.75,2763.05,73.0,116.8,189.8,18.25,120.45,138.7,Grafton County
NH,Hillsborough County,2015,2529.45,11610.65,14140.1,594.9499999999999,730.0,1324.95,120.45,394.2000000000001,514.65,Hillsborough County
NH,Merrimack County,2015,1288.4499999999998,1726.45,3014.9,76.64999999999999,83.95,160.6,69.35,219.0,288.35,Merrimack County
NH,Rockingham County,2015,3412.75,2190.0,5602.75,423.4,299.29999999999995,722.7,65.7,281.05,346.75,Rockingham County
NH,Strafford County,2015,1365.1,1554.9,2920.0,149.64999999999998,98.55,248.2,18.25,120.45,138.7,Strafford County
NH,Sullivan County,2015,335.8,653.35,989.15,21.9,116.8,138.7,7.3,32.85,40.15,Sullivan County
NJ,Atlantic County,2015,10209.05,813.95,11023.0,824.9,167.9,992.8,5256.0,273.75,5529.75,Atlantic County
NJ,Bergen County,2015,8300.099999999999,38208.2,46508.3,259.15,1051.2,1310.35,215.35,94.9,310.25,Bergen County
NJ,Burlington County,2015,9296.55,10486.45,19783.0,295.65000000000003,29.2,324.85,1835.95,6376.549999999999,8212.5,Burlington County
NJ,Camden County,2015,15632.95,0.0,15632.95,124.1,762.8499999999999,886.95,456.25,222.65,678.9000000000001,Camden County
NJ,Cape May County,2015,4949.400000000001,18.25,4967.65,164.25,208.05,372.3,386.9,113.15,500.05,Cape May County
NJ,Cumberland County,2015,5737.8,0.0,5737.8,2036.7,3058.7000000000003,5095.400000000001,5967.750000000001,795.7,6763.450000000001,Cumberland County
NJ,Essex County,2015,8920.6,2474.7000000000003,11395.3,292.0,0.0,292.0,142.35,131.4,273.75,Essex County
NJ,Gloucester County,2015,6361.95,32.85,6394.8,1335.9,7577.400000000001,8913.300000000001,970.9,835.85,1806.75,Gloucester County
NJ,Hunterdon County,2015,1416.2,42347.3,43763.5,62.05,251.85,313.9,189.8,215.35,405.15,Hunterdon County
NJ,Mercer County,2015,3938.35,9792.95,13731.3,98.55,0.0,98.55,94.9,138.7,233.6,Mercer County
NJ,Middlesex County,2015,12399.05,1865.15,14264.2,810.3000000000001,0.0,810.3000000000001,412.45,295.65000000000003,708.1,Middlesex County
NJ,Monmouth County,2015,6821.85,19155.2,25977.05,321.2,0.0,321.2,810.3000000000001,536.55,1346.85,Monmouth County
NJ,Morris County,2015,15603.75,17257.2,32860.95,927.1,456.25,1383.35,127.75,171.54999999999998,299.29999999999995,Morris County
NJ,Ocean County,2015,17038.2,2106.05,19144.25,828.55,2529.45,3357.9999999999995,1248.3,1762.95,3011.25,Ocean County
NJ,Passaic County,2015,1967.35,96867.35,98834.7,98.55,219.0,317.55,80.3,36.5,116.8,Passaic County
NJ,Salem County,2015,1547.6,0.0,1547.6,945.35,3493.05,4438.4,1405.25,1511.1,2916.35,Salem County
NJ,Somerset County,2015,912.5,76.64999999999999,989.15,354.05,0.0,354.05,193.45,365.0,558.45,Somerset County
NJ,Sussex County,2015,1843.25,324.85,2168.1000000000004,65.7,2963.8,3029.5000000000005,69.35,105.85,175.2,Sussex County
NJ,Union County,2015,2638.9500000000003,49015.85,51654.8,215.35,0.0,215.35,149.64999999999998,47.45,197.1,Union County
NJ,Warren County,2015,2649.9,0.0,2649.9,817.6,616.85,1434.45,109.5,127.75,237.25,Warren County
NM,Bernalillo County,2015,17607.600000000002,17173.25,34780.850000000006,18.25,0.0,18.25,2507.55,12647.25,15154.8,Bernalillo County
NM,Eddy County,2015,4909.25,0.0,4909.25,339.45000000000005,0.0,339.45000000000005,29302.2,20856.1,50158.3,Eddy County
NM,Lea County,2015,3719.35,0.0,3719.35,25.55,0.0,25.55,54082.05,0.0,54082.05,Lea County
NM,McKinley County,2015,1241.0,0.0,1241.0,10.95,0.0,10.95,0.0,357.7,357.7,McKinley County
NM,Sandoval County,2015,4058.8,43.8,4102.6,839.4999999999999,0.0,839.4999999999999,755.55,15735.15,16490.7,Sandoval County
NM,San Juan County,2015,3.65,6869.3,6872.95,7.3,0.0,7.3,0.0,72916.05,72916.05,San Juan County
NY,Albany County,2015,2204.6,14505.1,16709.7,94.9,1675.35,1770.2499999999998,21.9,251.85,273.75,Albany County
NY,Allegany County,2015,792.05,346.75,1138.8,204.4,0.0,204.4,10.95,73.0,83.95,Allegany County
NY,Cattaraugus County,2015,2865.25,584.0,3449.2499999999995,109.5,0.0,109.5,25.55,189.8,215.35,Cattaraugus County
NY,Cayuga County,2015,419.75,1562.2,1981.95,3.65,0.0,3.65,14.6,120.45,135.05,Cayuga County
NY,Chemung County,2015,1719.15,1335.9,3055.05,211.7,0.0,211.7,7.3,43.8,51.1,Chemung County
NY,Chenango County,2015,664.3000000000001,146.0,810.3000000000001,390.55,0.0,390.55,18.25,87.6,105.85,Chenango County
NY,Clinton County,2015,678.9000000000001,1120.55,1799.4499999999998,0.0,328.5,328.5,7.3,65.7,73.0,Clinton County
NY,Columbia County,2015,675.25,408.8,1084.0500000000002,0.0,102.2,102.2,65.7,317.55,383.25,Columbia County
NY,Cortland County,2015,1387.0,0.0,1387.0,43.8,0.0,43.8,10.95,58.4,69.35,Cortland County
NY,Delaware County,2015,799.35,147222.75,148022.1,773.8000000000001,0.0,773.8000000000001,18.25,87.6,105.85,Delaware County
NY,Dutchess County,2015,2930.95,3993.1,6924.049999999999,653.35,7905.9,8559.25,80.3,288.35,368.65,Dutchess County
NY,Erie County,2015,434.35,62137.600000000006,62571.95,463.55,17403.2,17866.75,113.15,620.5,733.65,Erie County
NY,Essex County,2015,762.8499999999999,1226.4,1989.25,0.0,6106.45,6106.45,18.25,80.3,98.55,Essex County
NY,Franklin County,2015,1135.15,262.8,1397.95,270.1,0.0,270.1,14.6,124.1,138.7,Franklin County
NY,Genesee County,2015,733.65,631.45,1365.1,2478.35,233.6,2711.95,135.05,930.75,1065.8,Genesee County
NY,Herkimer County,2015,861.4,9665.2,10526.6,270.1,616.85,886.95,7.3,69.35,76.64999999999999,Herkimer County
NY,Jefferson County,2015,850.45,2540.4,3390.85,43.8,295.65000000000003,339.45000000000005,21.9,175.2,197.1,Jefferson County
NY,Lewis County,2015,310.25,350.4,660.65,7.3,445.3,452.6,7.3,47.45,54.75,Lewis County
NY,Livingston County,2015,178.85,1200.85,1379.6999999999998,127.75,40.15,167.9,10.95,98.55,109.5,Livingston County
NY,Monroe County,2015,0.0,19542.1,19542.1,0.0,4018.65,4018.65,40.15,434.35,474.5,Monroe County
NY,Niagara County,2015,0.0,18052.9,18052.9,569.4,32331.7,32901.1,76.64999999999999,591.3000000000001,667.95,Niagara County
NY,Oneida County,2015,605.9,11373.4,11979.3,58.4,2230.15,2288.55,29.2,240.9,270.1,Oneida County
NY,Onondaga County,2015,135.05,21049.55,21184.6,73.0,0.0,73.0,73.0,511.0,584.0,Onondaga County
NY,Ontario County,2015,423.4,16560.05,16983.45,3.65,0.0,3.65,29.2,219.0,248.2,Ontario County
NY,Orange County,2015,3931.05,8128.55,12059.6,54.75,0.0,54.75,127.75,609.55,737.3,Orange County
NY,Oswego County,2015,912.5,11815.05,12727.55,3.65,930.75,934.4,21.9,219.0,240.9,Oswego County
NY,Rensselaer County,2015,470.85,7416.8,7887.65,43.8,1284.8,1328.6,32.85,167.9,200.75000000000003,Rensselaer County
NY,Rockland County,2015,6059.000000000001,6051.7,12110.7,295.65000000000003,0.0,295.65000000000003,40.15,189.8,229.95,Rockland County
NY,St. Lawrence County,2015,605.9,1930.85,2536.75,105.85,1766.6,1872.45,21.9,156.95,178.85,St. Lawrence County
NY,Saratoga County,2015,3230.25,6303.55,9533.8,142.35,7289.049999999999,7431.4,47.45,186.15,233.6,Saratoga County
NY,Schenectady County,2015,8562.9,18.25,8581.150000000001,430.7,3120.7500000000005,3551.4500000000003,25.55,127.75,153.29999999999998,Schenectady County
NY,Seneca County,2015,14.6,1595.05,1609.65,602.25,3412.75,4015.0,10.95,76.64999999999999,87.6,Seneca County
NY,Steuben County,2015,2014.8,722.7,2737.5,1868.8,0.0,1868.8,25.55,197.1,222.65,Steuben County
NY,Suffolk County,2015,89833.8,0.0,89833.8,0.0,361.35,361.35,3310.55,0.0,3310.55,Suffolk County
NY,Ulster County,2015,901.55,142992.4,143893.95,3.65,76.64999999999999,80.3,160.6,693.5,854.0999999999999,Ulster County
NY,Warren County,2015,251.85,3967.55,4219.400000000001,189.8,9322.1,9511.9,7.3,83.95,91.25,Warren County
NY,Washington County,2015,434.35,511.0,945.35,0.0,1788.5000000000002,1788.5000000000002,14.6,135.05,149.64999999999998,Washington County
NY,Wayne County,2015,361.35,2500.25,2861.6,120.45,0.0,120.45,62.05,470.85,532.9,Wayne County
NY,Westchester County,2015,1022.0,22859.95,23881.95,0.0,3076.95,3076.95,167.9,795.7,963.6,Westchester County
NY,Yates County,2015,69.35,332.15000000000003,401.50000000000006,0.0,29.2,29.2,14.6,124.1,138.7,Yates County
NC,Alamance County,2015,65.7,5537.05,5602.75,0.0,18.25,18.25,0.0,1211.8,1211.8,Alamance County
NC,Avery County,2015,569.4,3.65,573.0500000000001,0.0,412.45,412.45,76.64999999999999,1784.85,1861.5,Avery County
NC,Beaufort County,2015,1573.15,0.0,1573.15,51.1,0.0,51.1,1131.5,284.7,1416.2,Beaufort County
NC,Bertie County,2015,613.1999999999999,0.0,613.1999999999999,730.0,0.0,730.0,43.8,872.35,916.15,Bertie County
NC,Bladen County,2015,908.85,12723.9,13632.75,62.05,4139.1,4201.15,799.35,1865.15,2664.5,Bladen County
NC,Brunswick County,2015,1022.0,0.0,1022.0,3.65,0.0,3.65,547.5,2091.4500000000003,2638.9500000000003,Brunswick County
NC,Caldwell County,2015,18.25,2595.15,2613.4,0.0,83.95,83.95,270.1,2427.25,2697.35,Caldwell County
NC,Carteret County,2015,2544.05,0.0,2544.05,14.6,0.0,14.6,824.9,167.9,992.8,Carteret County
NC,Chatham County,2015,32.85,9245.45,9278.3,0.0,29.2,29.2,83.95,781.1,865.0500000000001,Chatham County
NC,Columbus County,2015,737.3,0.0,737.3,0.0,12336.999999999998,12336.999999999998,317.55,704.4499999999999,1022.0,Columbus County
NC,Craven County,2015,3927.4,0.0,3927.4,313.9,5252.35,5566.25,1084.0500000000002,299.29999999999995,1383.35,Craven County
NC,Duplin County,2015,1737.4,0.0,1737.4,1142.45,0.0,1142.45,828.55,2040.35,2868.9,Duplin County
NC,Gaston County,2015,474.5,8679.7,9154.2,0.0,324.85,324.85,76.64999999999999,474.5,551.15,Gaston County
NC,Halifax County,2015,14.6,2759.4,2774.0,0.0,7635.8,7635.8,127.75,1080.4,1208.15,Halifax County
NC,Haywood County,2015,21.9,2138.9,2160.8,0.0,12285.9,12285.9,36.5,416.1,452.6,Haywood County
NC,Hertford County,2015,762.8499999999999,0.0,762.8499999999999,306.6,292.0,598.5999999999999,598.5999999999999,686.1999999999999,1284.8,Hertford County
NC,Hoke County,2015,1613.3,0.0,1613.3,18.25,0.0,18.25,116.8,270.1,386.9,Hoke County
NC,Iredell County,2015,956.3,3255.8,4212.099999999999,36.5,0.0,36.5,226.3,1854.2,2080.5,Iredell County
NC,Jackson County,2015,251.85,456.25,708.1,0.0,32.85,32.85,36.5,584.0,620.5,Jackson County
NC,Lee County,2015,25.55,2679.1,2704.65,0.0,178.85,178.85,116.8,598.5999999999999,715.4,Lee County
NC,Lenoir County,2015,638.75,2576.9,3215.65,113.15,0.0,113.15,416.1,828.55,1244.65,Lenoir County
NC,McDowell County,2015,164.25,547.5,711.75,492.75000000000006,182.5,675.25,105.85,1978.3,2084.15,McDowell County
NC,Martin County,2015,204.4,0.0,204.4,259.15,17019.95,17279.100000000002,91.25,416.1,507.35,Martin County
NC,Mecklenburg County,2015,295.65000000000003,40671.95,40967.6,62.05,2511.2,2573.25,602.25,1806.75,2409.0,Mecklenburg County
NC,New Hanover County,2015,2281.25,0.0,2281.25,500.05,372.3,872.35,518.3,511.0,1029.3,New Hanover County
NC,Person County,2015,7.3,916.15,923.45,0.0,80.3,80.3,83.95,383.25,467.2,Person County
NC,Pitt County,2015,76.64999999999999,4901.95,4978.6,51.1,0.0,51.1,1303.05,551.15,1854.2,Pitt County
NC,Robeson County,2015,5861.9,1905.3,7767.200000000001,262.8,0.0,262.8,653.35,1872.45,2525.8,Robeson County
NC,Rowan County,2015,156.95,3361.65,3518.6000000000004,0.0,233.6,233.6,149.64999999999998,1346.85,1496.4999999999998,Rowan County
NC,Sampson County,2015,1339.55,0.0,1339.55,938.05,0.0,938.05,649.7,4011.35,4661.05,Sampson County
NC,Scotland County,2015,1131.5,0.0,1131.5,0.0,3.65,3.65,251.85,762.8499999999999,1014.7,Scotland County
NC,Surry County,2015,94.9,1514.7500000000002,1609.65,0.0,29.2,29.2,3.65,1678.9999999999998,1682.65,Surry County
NC,Union County,2015,14.6,2383.4500000000003,2398.05,0.0,730.0,730.0,511.0,627.8,1138.8,Union County
NC,Wayne County,2015,2317.75,1795.8,4113.55,113.15,0.0,113.15,631.45,1324.95,1956.4,Wayne County
NC,Wilkes County,2015,3.65,2409.0,2412.65,3.65,832.1999999999999,835.85,25.55,219.0,244.55,Wilkes County
NC,Wilson County,2015,339.45000000000005,3171.85,3511.3,10.95,0.0,10.95,766.5,923.45,1689.95,Wilson County
ND,Bowman County,2015,80.3,0.0,80.3,10.95,0.0,10.95,0.0,175.2,175.2,Bowman County
ND,Burke County,2015,94.9,0.0,94.9,14.6,0.0,14.6,0.0,76.64999999999999,76.64999999999999,Burke County
ND,Burleigh County,2015,824.9,3518.6000000000004,4343.5,10.95,0.0,10.95,470.85,1496.4999999999998,1967.35,Burleigh County
ND,Cass County,2015,1241.0,3909.15,5150.15,73.0,332.15000000000003,405.15,1105.9499999999998,189.8,1295.75,Cass County
ND,Cavalier County,2015,0.0,182.5,182.5,0.0,3.65,3.65,0.0,3.65,3.65,Cavalier County
ND,Eddy County,2015,357.7,0.0,357.7,0.0,18.25,18.25,167.9,0.0,167.9,Eddy County
ND,Foster County,2015,156.95,0.0,156.95,7.3,0.0,7.3,981.85,3.65,985.5,Foster County
ND,McHenry County,2015,354.05,0.0,354.05,102.2,0.0,102.2,2606.1,4474.9,7080.999999999999,McHenry County
ND,McKenzie County,2015,21.9,266.45,288.35,259.15,478.15,737.3,835.85,27827.6,28663.45,McKenzie County
ND,Mercer County,2015,142.35,2292.2000000000003,2434.55,0.0,2682.75,2682.75,292.0,343.1,635.1,Mercer County
ND,Morton County,2015,0.0,1022.0,1022.0,0.0,445.3,445.3,102.2,605.9,708.1,Morton County
ND,Mountrail County,2015,146.0,43.8,189.8,146.0,496.4,642.4,51.1,62.05,113.15,Mountrail County
ND,Richland County,2015,759.2,0.0,759.2,164.25,186.15,350.4,740.9499999999999,10.95,751.9,Richland County
ND,Stutsman County,2015,1211.8,0.0,1211.8,908.85,3.65,912.5,1262.9,10.95,1273.85,Stutsman County
ND,Walsh County,2015,193.45,222.65,416.1,3.65,0.0,3.65,211.7,32.85,244.55,Walsh County
ND,Williams County,2015,251.85,3095.2000000000003,3347.05,470.85,7.3,478.15,2069.55,4810.7,6880.250000000001,Williams County
OH,Allen County,2015,105.85,6526.2,6632.05,1587.7499999999998,0.0,1587.7499999999998,25.55,98.55,124.1,Allen County
OH,Ashland County,2015,1091.35,0.0,1091.35,54.75,0.0,54.75,3.65,18.25,21.9,Ashland County
OH,Ashtabula County,2015,175.2,2452.8,2628.0,0.0,7500.75,7500.75,3.65,18.25,21.9,Ashtabula County
OH,Auglaize County,2015,1923.55,0.0,1923.55,58.4,0.0,58.4,32.85,0.0,32.85,Auglaize County
OH,Butler County,2015,18501.85,0.0,18501.85,4978.6,2868.9,7847.5,83.95,25.55,109.5,Butler County
OH,Carroll County,2015,306.6,0.0,306.6,7.3,0.0,7.3,0.0,14.6,14.6,Carroll County
OH,Champaign County,2015,908.85,0.0,908.85,295.65000000000003,0.0,295.65000000000003,394.2000000000001,25.55,419.75,Champaign County
OH,Clark County,2015,5902.05,0.0,5902.05,18.25,0.0,18.25,605.9,1120.55,1726.45,Clark County
OH,Coshocton County,2015,2405.35,0.0,2405.35,3306.9,0.0,3306.9,105.85,25.55,131.4,Coshocton County
OH,Cuyahoga County,2015,0.0,81194.25,81194.25,54.75,33696.8,33751.55,32.85,135.05,167.9,Cuyahoga County
OH,Darke County,2015,507.35,587.6500000000001,1095.0,120.45,0.0,120.45,25.55,18.25,43.8,Darke County
OH,Delaware County,2015,795.7,6380.2,7175.9,3.65,0.0,3.65,208.05,219.0,427.05,Delaware County
OH,Erie County,2015,36.5,4339.85,4376.35,762.8499999999999,2562.3,3325.15,0.0,2536.75,2536.75,Erie County
OH,Fayette County,2015,204.4,521.9499999999999,726.35,467.2,0.0,467.2,3.65,10.95,14.6,Fayette County
OH,Franklin County,2015,9212.6,47661.7,56874.3,167.9,0.0,167.9,343.1,240.9,584.0,Franklin County
OH,Geauga County,2015,529.25,0.0,529.25,36.5,0.0,36.5,29.2,146.0,175.2,Geauga County
OH,Greene County,2015,3277.7000000000003,0.0,3277.7000000000003,197.1,40.15,237.25,569.4,153.29999999999998,722.7,Greene County
OH,Hamilton County,2015,2328.7,39555.05,41883.75,8701.6,0.0,8701.6,51.1,51.1,102.2,Hamilton County
OH,Henry County,2015,83.95,996.45,1080.4,0.0,2310.45,2310.45,7.3,3.65,10.95,Henry County
OH,Jefferson County,2015,660.65,2540.4,3201.05,463.55,1310.35,1773.9,0.0,29.2,29.2,Jefferson County
OH,Lake County,2015,0.0,8329.3,8329.3,0.0,32.85,32.85,83.95,3620.8,3704.75,Lake County
OH,Licking County,2015,1923.55,2664.5,4588.05,76.64999999999999,0.0,76.64999999999999,65.7,43.8,109.5,Licking County
OH,Lorain County,2015,0.0,15483.3,15483.3,10.95,3321.5,3332.4500000000003,0.0,2325.05,2325.05,Lorain County
OH,Lucas County,2015,0.0,29729.25,29729.25,131.4,11986.6,12118.000000000002,135.05,65.7,200.75000000000003,Lucas County
OH,Mahoning County,2015,0.0,1569.5,1569.5,0.0,412.45,412.45,32.85,47.45,80.3,Mahoning County
OH,Marion County,2015,1003.75,1237.35,2241.1,0.0,3.65,3.65,43.8,29.2,73.0,Marion County
OH,Mercer County,2015,573.0500000000001,478.15,1051.2,94.9,0.0,94.9,14.6,14.6,29.2,Mercer County
OH,Monroe County,2015,292.0,98.55,390.55,452.6,0.0,452.6,14.6,0.0,14.6,Monroe County
OH,Montgomery County,2015,29616.1,0.0,29616.1,1314.0,0.0,1314.0,642.4,171.54999999999998,813.95,Montgomery County
OH,Muskingum County,2015,3361.65,248.2,3609.85,438.0,401.50000000000006,839.4999999999999,10.95,58.4,69.35,Muskingum County
OH,Ottawa County,2015,51.1,1620.6,1671.7,500.05,0.0,500.05,0.0,7.3,7.3,Ottawa County
OH,Pickaway County,2015,1335.9,0.0,1335.9,1963.7,0.0,1963.7,441.65,233.6,675.25,Pickaway County
OH,Portage County,2015,2562.3,13442.95,16005.25,91.25,0.0,91.25,36.5,102.2,138.7,Portage County
OH,Putnam County,2015,485.4500000000001,434.35,919.8,0.0,200.75000000000003,200.75000000000003,21.9,21.9,43.8,Putnam County
OH,Richland County,2015,2602.45,2671.8,5274.25,25.55,0.0,25.55,14.6,7.3,21.9,Richland County
OH,Ross County,2015,3460.2000000000003,0.0,3460.2000000000003,7770.849999999999,3766.8,11537.65,7.3,156.95,164.25,Ross County
OH,Sandusky County,2015,226.3,2653.55,2879.85,2430.9,226.3,2657.2000000000003,32.85,10.95,43.8,Sandusky County
OH,Scioto County,2015,1310.35,1828.65,3139.0,0.0,609.55,609.55,43.8,14.6,58.4,Scioto County
OH,Seneca County,2015,226.3,448.95,675.25,1076.75,0.0,1076.75,25.55,10.95,36.5,Seneca County
OH,Shelby County,2015,547.5,726.35,1273.85,138.7,0.0,138.7,740.9499999999999,0.0,740.9499999999999,Shelby County
OH,Stark County,2015,9709.0,1401.6,11110.6,1832.3,131.4,1963.7,237.25,153.29999999999998,390.55,Stark County
OH,Summit County,2015,2587.85,1456.35,4044.2,554.8,474.5,1029.3,87.6,178.85,266.45,Summit County
OH,Trumbull County,2015,208.05,12147.2,12355.25,0.0,4628.2,4628.2,32.85,58.4,91.25,Trumbull County
OH,Tuscarawas County,2015,6449.55,0.0,6449.55,2839.7000000000003,0.0,2839.7000000000003,131.4,0.0,131.4,Tuscarawas County
OH,Union County,2015,427.05,0.0,427.05,1233.7,0.0,1233.7,25.55,43.8,69.35,Union County
OH,Van Wert County,2015,98.55,584.0,682.5500000000001,54.75,0.0,54.75,14.6,21.9,36.5,Van Wert County
OH,Wayne County,2015,2941.9,0.0,2941.9,459.9,0.0,459.9,43.8,25.55,69.35,Wayne County
OH,Williams County,2015,974.55,0.0,974.55,116.8,0.0,116.8,186.15,18.25,204.4,Williams County
OK,Adair County,2015,3.65,2518.5,2522.15,0.0,3.65,3.65,0.0,94.9,94.9,Adair County
OK,Beaver County,2015,175.2,0.0,175.2,120.45,0.0,120.45,20140.7,21.9,20162.6,Beaver County
OK,Blaine County,2015,390.55,0.0,390.55,62.05,21.9,83.95,1930.85,164.25,2095.1,Blaine County
OK,Caddo County,2015,675.25,1934.5,2609.75,3.65,0.0,3.65,21316.0,1168.0,22484.0,Caddo County
OK,Canadian County,2015,1547.6,0.0,1547.6,32.85,0.0,32.85,872.35,719.05,1591.4,Canadian County
OK,Carter County,2015,445.3,1408.9,1854.2,3.65,21.9,25.55,7.3,197.1,204.4,Carter County
OK,Cleveland County,2015,3383.55,5146.5,8530.050000000001,3.65,0.0,3.65,222.65,51.1,273.75,Cleveland County
OK,Comanche County,2015,576.7,7080.999999999999,7657.7,62.05,69.35,131.4,47.45,240.9,288.35,Comanche County
OK,Dewey County,2015,40.15,0.0,40.15,18.25,0.0,18.25,1613.3,0.0,1613.3,Dewey County
OK,Grady County,2015,876.0,0.0,876.0,3.65,200.75000000000003,204.4,3533.2,6628.4,10161.6,Grady County
OK,Jackson County,2015,76.64999999999999,0.0,76.64999999999999,32.85,0.0,32.85,3982.15,20651.7,24633.85,Jackson County
OK,Kay County,2015,2398.05,4219.400000000001,6617.45,1299.4,18.25,1317.65,1591.4,594.9499999999999,2186.35,Kay County
OK,Kingfisher County,2015,605.9,0.0,605.9,3.65,21.9,25.55,3942.000000000001,204.4,4146.4,Kingfisher County
OK,Le Flore County,2015,0.0,2591.5,2591.5,0.0,43.8,43.8,730.0,1000.1,1730.1,Le Flore County
OK,Logan County,2015,467.2,485.4500000000001,952.65,3.65,0.0,3.65,346.75,379.6,726.35,Logan County
OK,McCurtain County,2015,0.0,2044.0,2044.0,605.9,11884.4,12490.3,390.55,226.3,616.85,McCurtain County
OK,Murray County,2015,624.15,2211.9,2836.05,3.65,14.6,18.25,18.25,222.65,240.9,Murray County
OK,Muskogee County,2015,98.55,321.2,419.75,0.0,3628.1,3628.1,598.5999999999999,2941.9,3540.4999999999995,Muskogee County
OK,Okfuskee County,2015,69.35,292.0,361.35,3.65,0.0,3.65,14.6,29.2,43.8,Okfuskee County
OK,Oklahoma County,2015,5573.55,32499.6,38073.15,47.45,120.45,167.9,1043.9,211.7,1255.6,Oklahoma County
OK,Osage County,2015,18.25,6033.450000000001,6051.7,109.5,94.9,204.4,361.35,80.3,441.65,Osage County
OK,Pittsburg County,2015,73.0,2080.5,2153.5,0.0,175.2,175.2,18.25,0.0,18.25,Pittsburg County
OK,Pontotoc County,2015,624.15,963.6,1587.7499999999998,0.0,3.65,3.65,744.6,328.5,1073.1,Pontotoc County
OK,Pottawatomie County,2015,167.9,2573.25,2741.15,51.1,0.0,51.1,47.45,438.0,485.4500000000001,Pottawatomie County
OK,Sequoyah County,2015,0.0,1627.9,1627.9,0.0,3.65,3.65,113.15,419.75,532.9,Sequoyah County
OK,Texas County,2015,1733.75,0.0,1733.75,10.95,0.0,10.95,118234.45,76.64999999999999,118311.1,Texas County
OK,Woods County,2015,270.1,0.0,270.1,3.65,0.0,3.65,1854.2,0.0,1854.2,Woods County
OK,Woodward County,2015,2299.5,0.0,2299.5,105.85,0.0,105.85,1963.7,142.35,2106.05,Woodward County
OR,Baker County,2015,222.65,970.9,1193.55,7.3,0.0,7.3,17290.05,75098.75,92388.8,Baker County
OR,Benton County,2015,76.64999999999999,4285.1,4361.75,0.0,255.5,255.5,6646.650000000001,21356.15,28002.8,Benton County
OR,Clackamas County,2015,1890.7,47147.05,49037.75,0.0,1934.5,1934.5,20341.45,16286.3,36627.75,Clackamas County
OR,Clatsop County,2015,343.1,3306.9,3650.0,0.0,6763.450000000001,6763.450000000001,10.95,244.55,255.5,Clatsop County
OR,Columbia County,2015,558.45,1157.05,1715.5,0.0,8460.7,8460.7,153.29999999999998,1489.2,1642.5,Columbia County
OR,Crook County,2015,759.2,10.95,770.15,10.95,0.0,10.95,4584.400000000001,46990.100000000006,51574.50000000001,Crook County
OR,Douglas County,2015,40.15,5142.85,5183.0,0.0,175.2,175.2,474.5,26831.15,27305.65,Douglas County
OR,Klamath County,2015,3449.2499999999995,0.0,3449.2499999999995,0.0,120.45,120.45,52490.65,187069.8,239560.45,Klamath County
OR,Lane County,2015,4617.25,11325.95,15943.2,229.95,6044.4,6274.35,10986.5,16990.75,27977.250000000004,Lane County
OR,Lincoln County,2015,208.05,2949.2,3157.25,0.0,4000.4,4000.4,18.25,715.4,733.65,Lincoln County
OR,Linn County,2015,562.1,2930.95,3493.05,25.55,5964.1,5989.65,16045.4,18381.4,34426.8,Linn County
OR,Marion County,2015,8044.599999999999,18206.2,26250.8,80.3,0.0,80.3,59301.55,53939.7,113241.25,Marion County
OR,Morrow County,2015,463.55,1584.1,2047.65,857.75,0.0,857.75,32539.750000000004,42745.15,75284.9,Morrow County
OR,Multnomah County,2015,5139.2,233.6,5372.8,25.55,0.0,25.55,4190.2,5767.0,9957.2,Multnomah County
OR,Tillamook County,2015,865.0500000000001,803.0000000000001,1668.0500000000002,0.0,3.65,3.65,259.15,1591.4,1850.55,Tillamook County
OR,Umatilla County,2015,4730.400000000001,5551.650000000001,10282.05,0.0,36.5,36.5,41277.85,65477.35,106755.2,Umatilla County
OR,Washington County,2015,427.05,17837.55,18264.6,21.9,3.65,25.55,4704.85,49395.45,54100.3,Washington County
OR,Yamhill County,2015,459.9,2763.05,3222.95,0.0,3212.0000000000005,3212.0000000000005,5515.15,35572.899999999994,41088.05,Yamhill County
PA,Adams County,2015,697.15,3825.2,4522.35,375.95,0.0,375.95,182.5,164.25,346.75,Adams County
PA,Allegheny County,2015,3219.3,61812.75,65032.05,974.55,89184.1,90158.65,284.7,346.75,631.45,Allegheny County
PA,Armstrong County,2015,602.25,1825.0,2427.25,0.0,7.3,7.3,65.7,40.15,105.85,Armstrong County
PA,Beaver County,2015,3401.8,4679.3,8081.1,10.95,25575.55,25586.5,36.5,109.5,146.0,Beaver County
PA,Berks County,2015,4818.0,6807.249999999999,11625.25,562.1,317.55,879.6500000000001,262.8,178.85,441.65,Berks County
PA,Blair County,2015,616.85,4153.700000000001,4770.55,51.1,0.0,51.1,43.8,40.15,83.95,Blair County
PA,Bradford County,2015,1102.3,0.0,1102.3,1189.9,0.0,1189.9,18.25,14.6,32.85,Bradford County
PA,Bucks County,2015,5694.0,30309.6,36003.6,109.5,19082.2,19191.7,116.8,215.35,332.15000000000003,Bucks County
PA,Butler County,2015,500.05,2295.85,2795.9,69.35,288.35,357.7,138.7,153.29999999999998,292.0,Butler County
PA,Cambria County,2015,824.9,4624.55,5449.45,3.65,0.0,3.65,43.8,73.0,116.8,Cambria County
PA,Carbon County,2015,992.8,7526.3,8519.1,25.55,0.0,25.55,40.15,58.4,98.55,Carbon County
PA,Centre County,2015,5599.1,923.45,6522.55,7.3,0.0,7.3,120.45,116.8,237.25,Centre County
PA,Chester County,2015,3055.05,12329.7,15384.75,270.1,288.35,558.45,372.3,222.65,594.9499999999999,Chester County
PA,Clinton County,2015,244.55,1222.75,1467.3,62.05,1580.45,1642.5,69.35,58.4,127.75,Clinton County
PA,Columbia County,2015,941.7,890.6,1832.3,164.25,0.0,164.25,69.35,62.05,131.4,Columbia County
PA,Crawford County,2015,1952.75,116.8,2069.55,116.8,0.0,116.8,87.6,80.3,167.9,Crawford County
PA,Cumberland County,2015,1974.65,2901.75,4876.4,83.95,0.0,83.95,149.64999999999998,164.25,313.9,Cumberland County
PA,Dauphin County,2015,799.35,10687.2,11486.55,1350.5,6445.9,7796.4,120.45,149.64999999999998,270.1,Dauphin County
PA,Delaware County,2015,7.3,7581.05,7588.349999999999,7.3,35426.9,35434.2,142.35,127.75,270.1,Delaware County
PA,Elk County,2015,116.8,1825.0,1941.8,0.0,5529.75,5529.75,21.9,21.9,43.8,Elk County
PA,Erie County,2015,1492.85,10676.25,12169.1,18.25,1098.65,1116.9,156.95,193.45,350.4,Erie County
PA,Franklin County,2015,2120.65,970.9,3091.55,58.4,0.0,58.4,233.6,222.65,456.25,Franklin County
PA,Jefferson County,2015,211.7,569.4,781.1,3.65,0.0,3.65,21.9,21.9,43.8,Jefferson County
PA,Juniata County,2015,105.85,193.45,299.29999999999995,273.75,0.0,273.75,14.6,14.6,29.2,Juniata County
PA,Lancaster County,2015,4788.799999999999,15085.45,19874.25,667.95,0.0,667.95,565.75,423.4,989.15,Lancaster County
PA,Lebanon County,2015,642.4,653.35,1295.75,204.4,0.0,204.4,160.6,127.75,288.35,Lebanon County
PA,Lehigh County,2015,7548.2,5073.5,12621.7,1901.65,3.65,1905.3,164.25,135.05,299.29999999999995,Lehigh County
PA,Lycoming County,2015,1062.15,2142.55,3204.7,248.2,0.0,248.2,54.75,54.75,109.5,Lycoming County
PA,McKean County,2015,781.1,1689.95,2471.05,1011.05,3.65,1014.7,25.55,21.9,47.45,McKean County
PA,Mercer County,2015,675.25,4339.85,5015.1,14.6,4861.8,4876.4,83.95,80.3,164.25,Mercer County
PA,Mifflin County,2015,25.55,956.3,981.85,0.0,1343.2,1343.2,7.3,21.9,29.2,Mifflin County
PA,Monroe County,2015,2346.95,1795.8,4142.75,0.0,120.45,120.45,54.75,127.75,182.5,Monroe County
PA,Montgomery County,2015,7445.999999999999,15662.15,23108.15,828.55,0.0,828.55,445.3,521.9499999999999,967.25,Montgomery County
PA,Northampton County,2015,952.65,2525.8,3478.45,1989.25,3.65,1992.9,138.7,40.15,178.85,Northampton County
PA,Northumberland County,2015,80.3,3952.95,4033.250000000001,47.45,762.8499999999999,810.3000000000001,109.5,87.6,197.1,Northumberland County
PA,Philadelphia County,2015,0.0,91082.1,91082.1,36.5,12034.05,12070.55,102.2,32.85,135.05,Philadelphia County
PA,Schuylkill County,2015,1419.85,7113.849999999999,8533.699999999999,259.15,0.0,259.15,142.35,127.75,270.1,Schuylkill County
PA,Snyder County,2015,496.4,87.6,584.0,14.6,0.0,14.6,76.64999999999999,54.75,131.4,Snyder County
PA,Somerset County,2015,1332.25,6920.400000000001,8252.65,0.0,3.65,3.65,47.45,73.0,120.45,Somerset County
PA,Tioga County,2015,438.0,302.95,740.9499999999999,105.85,511.0,616.85,25.55,29.2,54.75,Tioga County
PA,Union County,2015,124.1,923.45,1047.55,80.3,0.0,80.3,18.25,7.3,25.55,Union County
PA,Venango County,2015,1635.2,73.0,1708.1999999999998,0.0,80.3,80.3,21.9,18.25,40.15,Venango County
PA,Warren County,2015,1043.9,76.64999999999999,1120.55,3237.55,0.0,3237.55,25.55,32.85,58.4,Warren County
PA,Westmoreland County,2015,299.29999999999995,8526.4,8825.7,3.65,73.0,76.64999999999999,248.2,251.85,500.05,Westmoreland County
PA,Wyoming County,2015,240.9,0.0,240.9,7.3,3387.2,3394.5000000000005,25.55,25.55,51.1,Wyoming County
PA,York County,2015,1299.4,11409.9,12709.3,317.55,10515.65,10833.2,156.95,171.54999999999998,328.5,York County
RI,Bristol County,2015,3.65,0.0,3.65,21.9,0.0,21.9,40.15,0.0,40.15,Bristol County
RI,Kent County,2015,379.6,0.0,379.6,80.3,0.0,80.3,160.6,3.65,164.25,Kent County
RI,Newport County,2015,32.85,2595.15,2628.0,0.0,21.9,21.9,160.6,10.95,171.54999999999998,Newport County
RI,Providence County,2015,1266.5500000000002,27955.35,29221.9,14.6,397.85,412.45,273.75,7.3,281.05,Providence County
RI,Washington County,2015,3339.75,0.0,3339.75,80.3,142.35,222.65,744.6,149.64999999999998,894.2500000000001,Washington County
SC,Aiken County,2015,5164.75,6518.9,11683.65,620.5,7475.2,8095.7,511.0,1273.85,1784.85,Aiken County
SC,Allendale County,2015,434.35,0.0,434.35,693.5,0.0,693.5,1755.65,835.85,2591.5,Allendale County
SC,Anderson County,2015,18.25,6916.75,6935.0,0.0,792.05,792.05,0.0,14.6,14.6,Anderson County
SC,Barnwell County,2015,562.1,0.0,562.1,167.9,0.0,167.9,1102.3,87.6,1189.9,Barnwell County
SC,Beaufort County,2015,4657.4,0.0,4657.4,32.85,0.0,32.85,1292.1,375.95,1668.0500000000002,Beaufort County
SC,Berkeley County,2015,87.6,25586.5,25674.1,1091.35,3179.15,4270.5,18.25,0.0,18.25,Berkeley County
SC,Calhoun County,2015,405.15,0.0,405.15,0.0,20140.7,20140.7,4007.7,62.05,4069.75,Calhoun County
SC,Charleston County,2015,1649.8,0.0,1649.8,54.75,1288.4499999999998,1343.2,383.25,3.65,386.9,Charleston County
SC,Chester County,2015,0.0,1160.7,1160.7,3.65,69.35,73.0,29.2,0.0,29.2,Chester County
SC,Chesterfield County,2015,1193.55,934.4,2127.95,0.0,14.6,14.6,405.15,178.85,584.0,Chesterfield County
SC,Darlington County,2015,2339.65,0.0,2339.65,1708.1999999999998,1981.95,3690.15,799.35,354.05,1153.4,Darlington County
SC,Dorchester County,2015,441.65,11617.95,12059.6,459.9,0.0,459.9,83.95,0.0,83.95,Dorchester County
SC,Florence County,2015,4387.3,1343.2,5730.5,1463.65,6048.05,7511.7,186.15,142.35,328.5,Florence County
SC,Georgetown County,2015,1335.9,1916.25,3252.15,788.4000000000001,13439.3,14227.7,54.75,766.5,821.25,Georgetown County
SC,Greenville County,2015,43.8,16698.75,16742.55,62.05,0.0,62.05,3.65,313.9,317.55,Greenville County
SC,Hampton County,2015,536.55,0.0,536.55,51.1,0.0,51.1,2164.45,0.0,2164.45,Hampton County
SC,Horry County,2015,2095.1,16202.35,18297.45,3.65,0.0,3.65,569.4,613.1999999999999,1182.6,Horry County
SC,Kershaw County,2015,317.55,1627.9,1945.45,332.15000000000003,773.8000000000001,1105.9499999999998,25.55,80.3,105.85,Kershaw County
SC,Lancaster County,2015,0.0,7661.349999999999,7661.349999999999,0.0,3.65,3.65,32.85,0.0,32.85,Lancaster County
SC,Lexington County,2015,1051.2,18005.45,19056.65,372.3,9219.9,9592.2,2372.5,496.4,2868.9,Lexington County
SC,Marlboro County,2015,1182.6,240.9,1423.5,69.35,6102.799999999999,6172.15,346.75,251.85,598.5999999999999,Marlboro County
SC,Orangeburg County,2015,481.8,2788.6,3270.4,306.6,21.9,328.5,5157.450000000001,2095.1,7252.55,Orangeburg County
SC,Pickens County,2015,10.95,12037.7,12048.65,0.0,594.9499999999999,594.9499999999999,0.0,109.5,109.5,Pickens County
SC,Richland County,2015,554.8,10920.8,11475.6,682.5500000000001,10413.45,11096.0,47.45,215.35,262.8,Richland County
SC,Sumter County,2015,5329.0,0.0,5329.0,251.85,0.0,251.85,3361.65,704.4499999999999,4066.1,Sumter County
SC,Williamsburg County,2015,1102.3,0.0,1102.3,372.3,0.0,372.3,208.05,3.65,211.7,Williamsburg County
SC,York County,2015,328.5,7201.45,7529.95,3.65,12253.05,12256.7,73.0,76.64999999999999,149.64999999999998,York County
SD,Beadle County,2015,200.75000000000003,635.1,835.85,0.0,430.7,430.7,2664.5,397.85,3062.3500000000004,Beadle County
SD,Bon Homme County,2015,0.0,204.4,204.4,0.0,120.45,120.45,1306.7,1175.3000000000002,2482.0,Bon Homme County
SD,Brookings County,2015,1011.05,0.0,1011.05,412.45,0.0,412.45,2383.4500000000003,43.8,2427.25,Brookings County
SD,Brown County,2015,602.25,664.3000000000001,1266.5500000000002,2741.15,0.0,2741.15,865.0500000000001,146.0,1011.05,Brown County
SD,Charles Mix County,2015,3.65,197.1,200.75000000000003,0.0,675.25,675.25,1241.0,1288.4499999999998,2529.45,Charles Mix County
SD,Codington County,2015,1365.1,0.0,1365.1,675.25,675.25,1350.5,1273.85,175.2,1449.0500000000002,Codington County
SD,Grant County,2015,229.95,0.0,229.95,1065.8,0.0,1065.8,1189.9,36.5,1226.4,Grant County
SD,Lincoln County,2015,251.85,120.45,372.3,708.1,302.95,1011.05,379.6,29.2,408.8,Lincoln County
SD,Roberts County,2015,211.7,0.0,211.7,270.1,0.0,270.1,667.95,47.45,715.4,Roberts County
SD,Spink County,2015,10.95,178.85,189.8,817.6,0.0,817.6,4672.0,941.7,5613.700000000001,Spink County
SD,Turner County,2015,167.9,3.65,171.54999999999998,25.55,0.0,25.55,5694.0,0.0,5694.0,Turner County
TN,Anderson County,2015,76.64999999999999,3825.2,3901.85,0.0,116.8,116.8,7.3,0.0,7.3,Anderson County
TN,Bradley County,2015,806.65,4208.45,5015.1,397.85,1120.55,1518.4,14.6,3.65,18.25,Bradley County
TN,Carroll County,2015,905.2,0.0,905.2,368.65,0.0,368.65,127.75,127.75,255.5,Carroll County
TN,Carter County,2015,2182.7000000000003,397.85,2580.55,51.1,0.0,51.1,3.65,0.0,3.65,Carter County
TN,Chester County,2015,339.45000000000005,0.0,339.45000000000005,32.85,0.0,32.85,47.45,29.2,76.64999999999999,Chester County
TN,Cocke County,2015,0.0,1722.8,1722.8,40.15,0.0,40.15,105.85,0.0,105.85,Cocke County
TN,Coffee County,2015,3.65,2098.75,2102.4,237.25,10249.2,10486.45,302.95,51.1,354.05,Coffee County
TN,Davidson County,2015,0.0,48950.15,48950.15,0.0,5920.299999999999,5920.299999999999,178.85,1029.3,1208.15,Davidson County
TN,Decatur County,2015,0.0,500.05,500.05,0.0,3.65,3.65,3.65,0.0,3.65,Decatur County
TN,DeKalb County,2015,25.55,766.5,792.05,0.0,65.7,65.7,102.2,25.55,127.75,DeKalb County
TN,Dyer County,2015,989.15,0.0,989.15,215.35,0.0,215.35,1076.75,1076.75,2153.5,Dyer County
TN,Fayette County,2015,536.55,0.0,536.55,817.6,0.0,817.6,401.50000000000006,313.9,715.4,Fayette County
TN,Hamilton County,2015,4036.9,17874.05,21910.95,1540.3,883.3,2423.6,189.8,496.4,686.1999999999999,Hamilton County
TN,Hardin County,2015,678.9000000000001,281.05,959.95,0.0,10154.3,10154.3,222.65,58.4,281.05,Hardin County
TN,Hawkins County,2015,233.6,1014.7,1248.3,0.0,248.2,248.2,25.55,0.0,25.55,Hawkins County
TN,Haywood County,2015,543.85,0.0,543.85,981.85,0.0,981.85,923.45,923.45,1846.9,Haywood County
TN,Humphreys County,2015,452.6,357.7,810.3000000000001,0.0,19925.35,19925.35,21.9,21.9,43.8,Humphreys County
TN,Jefferson County,2015,368.65,1558.55,1927.2,0.0,430.7,430.7,43.8,18.25,62.05,Jefferson County
TN,Johnson County,2015,339.45000000000005,281.05,620.5,0.0,18.25,18.25,3.65,18.25,21.9,Johnson County
TN,Knox County,2015,0.0,23480.45,23480.45,54.75,770.15,824.9,29.2,32.85,62.05,Knox County
TN,Loudon County,2015,295.65000000000003,4500.45,4796.1,0.0,2299.5,2299.5,14.6,0.0,14.6,Loudon County
TN,McMinn County,2015,624.15,766.5,1390.65,0.0,10245.55,10245.55,21.9,3.65,25.55,McMinn County
TN,Macon County,2015,620.5,142.35,762.8499999999999,124.1,0.0,124.1,18.25,0.0,18.25,Macon County
TN,Madison County,2015,4726.75,1018.35,5745.1,372.3,0.0,372.3,569.4,459.9,1029.3,Madison County
TN,Maury County,2015,313.9,4186.55,4500.45,7.3,40.15,47.45,51.1,32.85,83.95,Maury County
TN,Montgomery County,2015,1332.25,6843.75,8175.999999999999,0.0,434.35,434.35,91.25,0.0,91.25,Montgomery County
TN,Obion County,2015,1686.3,0.0,1686.3,558.45,0.0,558.45,394.2000000000001,394.2000000000001,788.4000000000001,Obion County
TN,Polk County,2015,189.8,127.75,317.55,65.7,0.0,65.7,10.95,0.0,10.95,Polk County
TN,Rutherford County,2015,0.0,12037.7,12037.7,58.4,0.0,58.4,87.6,3.65,91.25,Rutherford County
TN,Sevier County,2015,54.75,4135.45,4190.2,21.9,0.0,21.9,3.65,91.25,94.9,Sevier County
TN,Shelby County,2015,53629.45,0.0,53629.45,12742.15,0.0,12742.15,671.6,226.3,897.9,Shelby County
TN,Stewart County,2015,7.3,251.85,259.15,0.0,120.45,120.45,14.6,7.3,21.9,Stewart County
TN,Sullivan County,2015,58.4,8614.0,8672.400000000001,0.0,185905.45,185905.45,7.3,40.15,47.45,Sullivan County
TN,Weakley County,2015,824.9,0.0,824.9,21.9,0.0,21.9,262.8,178.85,441.65,Weakley County
TX,Anderson County,2015,2292.2000000000003,1014.7,3306.9,237.25,0.0,237.25,116.8,105.85,222.65,Anderson County
TX,Angelina County,2015,4066.1,58.4,4124.5,277.4,602.25,879.6500000000001,0.0,36.5,36.5,Angelina County
TX,Atascosa County,2015,1949.1,0.0,1949.1,10.95,0.0,10.95,7150.35,0.0,7150.35,Atascosa County
TX,Austin County,2015,740.9499999999999,0.0,740.9499999999999,3.65,0.0,3.65,1613.3,0.0,1613.3,Austin County
TX,Bastrop County,2015,3869.0,0.0,3869.0,25.55,0.0,25.55,1043.9,193.45,1237.35,Bastrop County
TX,Bexar County,2015,77500.45000000001,0.0,77500.45000000001,719.05,0.0,719.05,2463.75,492.75000000000006,2956.5,Bexar County
TX,Bowie County,2015,14.6,6168.499999999999,6183.1,3.65,11015.7,11019.35,708.1,1390.65,2098.75,Bowie County
TX,Brazoria County,2015,7712.45,0.0,7712.45,496.4,248043.05,248539.45,1189.9,16005.25,17195.15,Brazoria County
TX,Brazos County,2015,11212.8,270.1,11482.9,459.9,0.0,459.9,5639.25,321.2,5960.45,Brazos County
TX,Burleson County,2015,642.4,0.0,642.4,36.5,0.0,36.5,2708.3,1416.2,4124.5,Burleson County
TX,Burnet County,2015,474.5,1018.35,1492.85,21.9,25.55,47.45,32.85,138.7,171.54999999999998,Burnet County
TX,Caldwell County,2015,1306.7,43.8,1350.5,43.8,0.0,43.8,131.4,18.25,149.64999999999998,Caldwell County
TX,Calhoun County,2015,91.25,0.0,91.25,0.0,4785.15,4785.15,116.8,978.2,1095.0,Calhoun County
TX,Carson County,2015,3285.0,0.0,3285.0,1627.9,0.0,1627.9,25681.4,40.15,25721.55,Carson County
TX,Castro County,2015,386.9,0.0,386.9,18.25,0.0,18.25,80259.84999999999,0.0,80259.84999999999,Castro County
TX,Chambers County,2015,580.35,0.0,580.35,284.7,0.0,284.7,18.25,27929.8,27948.05,Chambers County
TX,Collin County,2015,1109.6,0.0,1109.6,32.85,0.0,32.85,222.65,876.0,1098.65,Collin County
TX,Colorado County,2015,1073.1,0.0,1073.1,167.9,0.0,167.9,7066.4,15403.000000000002,22469.4,Colorado County
TX,Comal County,2015,3595.25,2500.25,6095.5,1157.05,0.0,1157.05,76.64999999999999,94.9,171.54999999999998,Comal County
TX,Dallas County,2015,91.25,122015.85,122107.1,178.85,0.0,178.85,890.6,1470.95,2361.55,Dallas County
TX,Denton County,2015,3131.7,8373.1,11504.8,7.3,0.0,7.3,211.7,518.3,730.0,Denton County
TX,DeWitt County,2015,1025.65,0.0,1025.65,36.5,0.0,36.5,69.35,0.0,69.35,DeWitt County
TX,Ector County,2015,233.6,0.0,233.6,40.15,0.0,40.15,32.85,204.4,237.25,Ector County
TX,Ellis County,2015,2138.9,3423.7000000000003,5562.6,638.75,259.15,897.9,270.1,0.0,270.1,Ellis County
TX,El Paso County,2015,29970.15,11760.3,41730.45,1084.0500000000002,0.0,1084.0500000000002,9668.85,37240.95,46909.8,El Paso County
TX,Erath County,2015,806.65,0.0,806.65,10.95,0.0,10.95,1981.95,18.25,2000.2,Erath County
TX,Fannin County,2015,949.0,0.0,949.0,0.0,51.1,51.1,164.25,3653.65,3817.9,Fannin County
TX,Fayette County,2015,934.4,0.0,934.4,69.35,0.0,69.35,124.1,29.2,153.29999999999998,Fayette County
TX,Fisher County,2015,7.3,0.0,7.3,43.8,0.0,43.8,1135.15,29.2,1164.35,Fisher County
TX,Fort Bend County,2015,19801.25,587.6500000000001,20388.9,452.6,0.0,452.6,3887.25,4142.75,8030.0,Fort Bend County
TX,Freestone County,2015,766.5,0.0,766.5,7.3,0.0,7.3,102.2,0.0,102.2,Freestone County
TX,Gaines County,2015,2996.65,0.0,2996.65,102.2,0.0,102.2,101703.6,0.0,101703.6,Gaines County
TX,Galveston County,2015,83.95,0.0,83.95,32.85,0.0,32.85,51.1,978.2,1029.3,Galveston County
TX,Gillespie County,2015,777.4499999999999,0.0,777.4499999999999,7.3,0.0,7.3,788.4000000000001,47.45,835.85,Gillespie County
TX,Gonzales County,2015,10110.5,492.75000000000006,10603.25,178.85,0.0,178.85,795.7,237.25,1032.95,Gonzales County
TX,Gray County,2015,452.6,0.0,452.6,91.25,0.0,91.25,9168.8,0.0,9168.8,Gray County
TX,Gregg County,2015,226.3,2376.15,2602.45,0.0,219.0,219.0,0.0,7.3,7.3,Gregg County
TX,Grimes County,2015,810.3000000000001,0.0,810.3000000000001,54.75,0.0,54.75,65.7,0.0,65.7,Grimes County
TX,Hale County,2015,525.6,0.0,525.6,200.75000000000003,0.0,200.75000000000003,66568.7,40.15,66608.85,Hale County
TX,Hansford County,2015,350.4,0.0,350.4,105.85,0.0,105.85,47654.4,0.0,47654.4,Hansford County
TX,Hardeman County,2015,25.55,0.0,25.55,40.15,0.0,40.15,4011.35,0.0,4011.35,Hardeman County
TX,Hardin County,2015,1470.95,0.0,1470.95,10.95,0.0,10.95,14.6,29.2,43.8,Hardin County
TX,Harris County,2015,70120.15000000001,34740.700000000004,104860.85,2861.6,6226.9,9088.5,832.1999999999999,2153.5,2985.7,Harris County
TX,Harrison County,2015,876.0,2237.45,3113.45,43.8,2978.4,3022.2,58.4,73.0,131.4,Harrison County
TX,Hays County,2015,2273.9500000000003,722.7,2996.65,40.15,0.0,40.15,83.95,62.05,146.0,Hays County
TX,Henderson County,2015,1343.2,317.55,1660.75,138.7,0.0,138.7,306.6,36.5,343.1,Henderson County
TX,Hockley County,2015,182.5,0.0,182.5,365.0,0.0,365.0,37233.65,0.0,37233.65,Hockley County
TX,Hood County,2015,1700.9,69.35,1770.2499999999998,3.65,0.0,3.65,671.6,1675.35,2346.95,Hood County
TX,Howard County,2015,10.95,0.0,10.95,105.85,0.0,105.85,1204.5,0.0,1204.5,Howard County
TX,Hunt County,2015,441.65,1335.9,1777.55,32.85,0.0,32.85,43.8,21.9,65.7,Hunt County
TX,Hutchinson County,2015,1934.5,0.0,1934.5,1620.6,0.0,1620.6,16140.3,627.8,16768.1,Hutchinson County
TX,Jackson County,2015,328.5,0.0,328.5,492.75000000000006,0.0,492.75000000000006,12720.25,160.6,12880.85,Jackson County
TX,Jasper County,2015,1084.0500000000002,0.0,1084.0500000000002,14359.1,1890.7,16249.8,7.3,32.85,40.15,Jasper County
TX,Jefferson County,2015,3328.8,5412.95,8741.75,0.0,18.25,18.25,73.0,21279.5,21352.5,Jefferson County
TX,Jim Wells County,2015,237.25,1204.5,1441.75,25.55,0.0,25.55,430.7,69.35,500.05,Jim Wells County
TX,Johnson County,2015,1704.55,2065.9,3770.45,43.8,0.0,43.8,29.2,142.35,171.54999999999998,Johnson County
TX,Kimble County,2015,0.0,164.25,164.25,0.0,200.75000000000003,200.75000000000003,43.8,748.2499999999999,792.05,Kimble County
TX,Kleberg County,2015,1208.15,0.0,1208.15,284.7,0.0,284.7,18.25,0.0,18.25,Kleberg County
TX,Lavaca County,2015,525.6,0.0,525.6,43.8,0.0,43.8,1704.55,94.9,1799.4499999999998,Lavaca County
TX,Leon County,2015,693.5,0.0,693.5,171.54999999999998,0.0,171.54999999999998,40.15,0.0,40.15,Leon County
TX,Liberty County,2015,2343.3,0.0,2343.3,54.75,0.0,54.75,233.6,4380.0,4613.6,Liberty County
TX,Live Oak County,2015,273.75,733.65,1007.4,295.65000000000003,0.0,295.65000000000003,98.55,215.35,313.9,Live Oak County
TX,Lubbock County,2015,481.8,0.0,481.8,83.95,0.0,83.95,54746.350000000006,32.85,54779.2,Lubbock County
TX,McCulloch County,2015,981.85,0.0,981.85,10.95,0.0,10.95,660.65,62.05,722.7,McCulloch County
TX,McLennan County,2015,3595.25,11519.4,15114.65,186.15,0.0,186.15,551.15,1043.9,1595.05,McLennan County
TX,Matagorda County,2015,1620.6,0.0,1620.6,500.05,2186.35,2686.4,11712.85,2379.8,14092.65,Matagorda County
TX,Medina County,2015,2427.25,0.0,2427.25,3.65,0.0,3.65,7456.95,4905.599999999999,12362.55,Medina County
TX,Midland County,2015,379.6,0.0,379.6,62.05,0.0,62.05,233.6,0.0,233.6,Midland County
TX,Milam County,2015,3631.75,343.1,3974.85,0.0,3945.65,3945.65,1624.25,91.25,1715.5,Milam County
TX,Montgomery County,2015,20910.85,0.0,20910.85,405.15,0.0,405.15,525.6,379.6,905.2,Montgomery County
TX,Moore County,2015,1850.55,0.0,1850.55,1766.6,0.0,1766.6,48902.7,0.0,48902.7,Moore County
TX,Morris County,2015,83.95,0.0,83.95,3.65,6325.45,6329.1,3.65,0.0,3.65,Morris County
TX,Nacogdoches County,2015,1781.2,2306.8,4088.0,7.3,0.0,7.3,32.85,0.0,32.85,Nacogdoches County
TX,Navarro County,2015,3.65,846.8,850.45,0.0,156.95,156.95,10.95,0.0,10.95,Navarro County
TX,Nolan County,2015,832.1999999999999,0.0,832.1999999999999,10.95,0.0,10.95,3445.6,91.25,3536.85,Nolan County
TX,Nueces County,2015,43.8,26374.9,26418.7,766.5,1945.45,2711.95,91.25,21.9,113.15,Nueces County
TX,Ochiltree County,2015,642.4,0.0,642.4,10.95,0.0,10.95,24538.95,0.0,24538.95,Ochiltree County
TX,Orange County,2015,3066.0,0.0,3066.0,974.55,7.3,981.85,0.0,620.5,620.5,Orange County
TX,Panola County,2015,419.75,0.0,419.75,0.0,328.5,328.5,365.0,0.0,365.0,Panola County
TX,Parker County,2015,1047.55,1693.6,2741.15,3.65,3.65,7.3,259.15,87.6,346.75,Parker County
TX,Parmer County,2015,313.9,0.0,313.9,532.9,0.0,532.9,47417.15,0.0,47417.15,Parmer County
TX,Pecos County,2015,1580.45,0.0,1580.45,47.45,0.0,47.45,49490.35,967.25,50457.600000000006,Pecos County
TX,Polk County,2015,1251.95,203801.4,205053.35,105.85,0.0,105.85,47.45,21.9,69.35,Polk County
TX,Reeves County,2015,1332.25,0.0,1332.25,14.6,0.0,14.6,12074.2,3974.85,16049.05,Reeves County
TX,Robertson County,2015,788.4000000000001,32.85,821.25,51.1,0.0,51.1,14581.750000000002,456.25,15038.000000000002,Robertson County
TX,San Jacinto County,2015,777.4499999999999,0.0,777.4499999999999,3.65,0.0,3.65,21.9,0.0,21.9,San Jacinto County
TX,Scurry County,2015,47.45,0.0,47.45,47.45,0.0,47.45,1726.45,302.95,2029.4,Scurry County
TX,Smith County,2015,6197.7,9457.15,15654.85,98.55,0.0,98.55,29.2,193.45,222.65,Smith County
TX,Starr County,2015,0.0,2850.65,2850.65,25.55,0.0,25.55,0.0,1485.5500000000002,1485.5500000000002,Starr County
TX,Tarrant County,2015,3014.9,6664.900000000001,9679.8,109.5,0.0,109.5,627.8,770.15,1397.95,Tarrant County
TX,Terry County,2015,62.05,0.0,62.05,3.65,0.0,3.65,28908.0,270.1,29178.1,Terry County
TX,Tom Green County,2015,354.05,69.35,423.4,167.9,0.0,167.9,15636.6,821.25,16457.850000000002,Tom Green County
TX,Travis County,2015,2518.5,42048.0,44566.5,237.25,58.4,295.65000000000003,244.55,1054.85,1299.4,Travis County
TX,Upshur County,2015,1168.0,397.85,1565.85,3.65,0.0,3.65,14.6,43.8,58.4,Upshur County
TX,Van Zandt County,2015,817.6,416.1,1233.7,25.55,36.5,62.05,7.3,164.25,171.54999999999998,Van Zandt County
TX,Victoria County,2015,781.1,3620.8,4401.900000000001,164.25,8413.25,8577.5,2587.85,0.0,2587.85,Victoria County
TX,Walker County,2015,974.55,0.0,974.55,58.4,58.4,116.8,40.15,36.5,76.64999999999999,Walker County
TX,Waller County,2015,1759.3000000000002,0.0,1759.3000000000002,7.3,0.0,7.3,2857.95,80.3,2938.2500000000005,Waller County
TX,Washington County,2015,324.85,0.0,324.85,113.15,0.0,113.15,54.75,0.0,54.75,Washington County
TX,Webb County,2015,54.75,13114.45,13169.2,3.65,0.0,3.65,0.0,642.4,642.4,Webb County
TX,Wharton County,2015,1346.85,0.0,1346.85,7.3,0.0,7.3,36116.75,9869.6,45986.35,Wharton County
TX,Wilbarger County,2015,675.25,0.0,675.25,7.3,0.0,7.3,6445.9,25.55,6471.45,Wilbarger County
TX,Williamson County,2015,4182.900000000001,8770.95,12953.85,3.65,0.0,3.65,47.45,40.15,87.6,Williamson County
TX,Wilson County,2015,2076.8500000000004,0.0,2076.8500000000004,14.6,0.0,14.6,3113.45,299.29999999999995,3412.75,Wilson County
TX,Winkler County,2015,529.25,0.0,529.25,18.25,0.0,18.25,529.25,0.0,529.25,Winkler County
TX,Wise County,2015,357.7,456.25,813.95,29.2,0.0,29.2,445.3,18.25,463.55,Wise County
TX,Wood County,2015,1441.75,94.9,1536.65,452.6,0.0,452.6,62.05,40.15,102.2,Wood County
TX,Zavala County,2015,828.55,0.0,828.55,219.0,0.0,219.0,10165.25,788.4000000000001,10953.65,Zavala County
UT,Beaver County,2015,777.4499999999999,0.0,777.4499999999999,956.3,0.0,956.3,18315.7,12629.0,30944.7,Beaver County
UT,Box Elder County,2015,4843.55,0.0,4843.55,346.75,0.0,346.75,13833.5,135947.9,149781.4,Box Elder County
UT,Cache County,2015,9687.1,0.0,9687.1,167.9,0.0,167.9,4599.0,40299.65,44898.65,Cache County
UT,Carbon County,2015,1200.85,773.8000000000001,1974.65,0.0,3.65,3.65,32.85,13713.05,13745.9,Carbon County
UT,Davis County,2015,8796.5,350.4,9146.9,719.05,0.0,719.05,737.3,15516.15,16253.45,Davis County
UT,Emery County,2015,299.29999999999995,335.8,635.1,7.3,0.0,7.3,32.85,46344.05,46376.9,Emery County
UT,Grand County,2015,1000.1,0.0,1000.1,0.0,51.1,51.1,178.85,6759.8,6938.650000000001,Grand County
UT,Iron County,2015,3562.4,0.0,3562.4,916.15,0.0,916.15,48917.3,10201.75,59119.05,Iron County
UT,Juab County,2015,1675.35,0.0,1675.35,76.64999999999999,120.45,197.1,11501.15,10811.3,22312.45,Juab County
UT,Millard County,2015,1536.65,0.0,1536.65,146.0,0.0,146.0,60637.45,48117.95,108755.4,Millard County
UT,Morgan County,2015,478.15,10176.2,10654.35,54.75,0.0,54.75,32.85,12731.2,12764.05,Morgan County
UT,Salt Lake County,2015,25312.75,19834.1,45146.85,8548.300000000001,15476.0,24024.3,1219.1,9281.95,10501.05,Salt Lake County
UT,San Juan County,2015,313.9,200.75000000000003,514.65,116.8,0.0,116.8,324.85,4891.0,5215.849999999999,San Juan County
UT,Sanpete County,2015,1788.5000000000002,0.0,1788.5000000000002,255.5,0.0,255.5,2671.8,69233.2,71905.0,Sanpete County
UT,Sevier County,2015,1689.95,0.0,1689.95,18.25,0.0,18.25,8059.2,16319.15,24378.35,Sevier County
UT,Tooele County,2015,5708.6,178.85,5887.45,6997.05,0.0,6997.05,7212.400000000001,23155.6,30368.0,Tooele County
UT,Uintah County,2015,2770.35,452.6,3222.95,1693.6,0.0,1693.6,324.85,70572.75,70897.6,Uintah County
UT,Utah County,2015,31663.75,40077.0,71740.75,5022.4,0.0,5022.4,11271.2,75084.15000000001,86355.35,Utah County
UT,Washington County,2015,10420.75,6179.45,16600.199999999997,229.95,0.0,229.95,2850.65,15001.5,17852.149999999998,Washington County
UT,Weber County,2015,7146.7,1901.65,9048.35,726.35,5949.5,6675.849999999999,762.8499999999999,28101.35,28864.2,Weber County
VT,Addison County,2015,638.75,620.5,1259.25,83.95,73.0,156.95,18.25,51.1,69.35,Addison County
VT,Bennington County,2015,357.7,846.8,1204.5,21.9,146.0,167.9,58.4,80.3,138.7,Bennington County
VT,Caledonia County,2015,317.55,328.5,646.05,14.6,142.35,156.95,14.6,14.6,29.2,Caledonia County
VT,Chittenden County,2015,171.54999999999998,4898.3,5069.85,21.9,438.0,459.9,62.05,102.2,164.25,Chittenden County
VT,Franklin County,2015,171.54999999999998,923.45,1095.0,14.6,233.6,248.2,36.5,58.4,94.9,Franklin County
VT,Grand Isle County,2015,10.95,171.54999999999998,182.5,0.0,3.65,3.65,3.65,32.85,36.5,Grand Isle County
VT,Lamoille County,2015,438.0,32.85,470.85,40.15,3.65,43.8,10.95,36.5,47.45,Lamoille County
VT,Orange County,2015,306.6,481.8,788.4000000000001,7.3,18.25,25.55,18.25,21.9,40.15,Orange County
VT,Orleans County,2015,467.2,127.75,594.9499999999999,25.55,226.3,251.85,18.25,43.8,62.05,Orleans County
VT,Rutland County,2015,671.6,923.45,1595.05,43.8,1730.1,1773.9,51.1,94.9,146.0,Rutland County
VT,Washington County,2015,222.65,452.6,675.25,54.75,251.85,306.6,10.95,54.75,65.7,Washington County
VT,Windham County,2015,131.4,635.1,766.5,113.15,178.85,292.0,54.75,91.25,146.0,Windham County
VT,Windsor County,2015,1109.6,21.9,1131.5,109.5,3.65,113.15,14.6,80.3,94.9,Windsor County
VA,Accomack County,2015,321.2,0.0,321.2,1408.9,0.0,1408.9,390.55,3514.9500000000003,3905.5,Accomack County
VA,Albemarle County,2015,21.9,4828.95,4850.849999999999,7.3,0.0,7.3,36.5,302.95,339.45000000000005,Albemarle County
VA,Alleghany County,2015,0.0,332.15000000000003,332.15000000000003,109.5,14563.5,14673.000000000002,10.95,29.2,40.15,Alleghany County
VA,Amherst County,2015,0.0,4390.95,4390.95,0.0,2033.05,2033.05,0.0,32.85,32.85,Amherst County
VA,Augusta County,2015,1025.65,1711.85,2737.5,244.55,0.0,244.55,36.5,394.2000000000001,430.7,Augusta County
VA,Bedford County,2015,7.3,554.8,562.1,0.0,5197.6,5197.6,18.25,47.45,65.7,Bedford County
VA,Caroline County,2015,302.95,0.0,302.95,0.0,1211.8,1211.8,87.6,547.5,635.1,Caroline County
VA,Chesterfield County,2015,0.0,14548.9,14548.9,124.1,17114.85,17238.949999999997,54.75,219.0,273.75,Chesterfield County
VA,Culpeper County,2015,73.0,777.4499999999999,850.45,0.0,25.55,25.55,32.85,76.64999999999999,109.5,Culpeper County
VA,Fairfax County,2015,7.3,14.6,21.9,3.65,7.3,10.95,54.75,335.8,390.55,Fairfax County
VA,Frederick County,2015,470.85,1452.7,1923.55,25.55,0.0,25.55,32.85,32.85,65.7,Frederick County
VA,Giles County,2015,408.8,0.0,408.8,4891.0,19217.25,24108.25,0.0,32.85,32.85,Giles County
VA,Henry County,2015,10.95,1032.95,1043.9,3.65,0.0,3.65,3.65,36.5,40.15,Henry County
VA,Isle of Wight County,2015,438.0,127.75,565.75,4270.5,657.0,4927.5,76.64999999999999,127.75,204.4,Isle of Wight County
VA,King William County,2015,204.4,0.0,204.4,7511.7,0.0,7511.7,47.45,441.65,489.1,King William County
VA,Loudoun County,2015,456.25,2047.65,2503.9,18.25,0.0,18.25,65.7,281.05,346.75,Loudoun County
VA,Louisa County,2015,98.55,94.9,193.45,18.25,0.0,18.25,10.95,54.75,65.7,Louisa County
VA,Montgomery County,2015,40.15,2485.65,2525.8,14.6,6748.849999999999,6763.450000000001,36.5,102.2,138.7,Montgomery County
VA,Northampton County,2015,146.0,0.0,146.0,10.95,0.0,10.95,215.35,638.75,854.0999999999999,Northampton County
VA,Northumberland County,2015,51.1,0.0,51.1,43.8,591.3000000000001,635.1,10.95,10.95,21.9,Northumberland County
VA,Patrick County,2015,10.95,94.9,105.85,54.75,47.45,102.2,10.95,36.5,47.45,Patrick County
VA,Pittsylvania County,2015,0.0,591.3000000000001,591.3000000000001,3.65,0.0,3.65,47.45,408.8,456.25,Pittsylvania County
VA,Prince George County,2015,51.1,0.0,51.1,14.6,0.0,14.6,18.25,131.4,149.64999999999998,Prince George County
VA,Prince William County,2015,62.05,29039.4,29101.45,29.2,3.65,32.85,76.64999999999999,299.29999999999995,375.95,Prince William County
VA,Roanoke County,2015,7675.950000000001,1496.4999999999998,9172.45,73.0,7.3,80.3,94.9,156.95,251.85,Roanoke County
VA,Rockbridge County,2015,83.95,551.15,635.1,113.15,0.0,113.15,3.65,25.55,29.2,Rockbridge County
VA,Rockingham County,2015,2142.55,3241.2000000000003,5383.75,3164.55,0.0,3164.55,124.1,540.2,664.3000000000001,Rockingham County
VA,Shenandoah County,2015,434.35,503.7,938.05,1040.25,317.55,1357.8000000000002,21.9,146.0,167.9,Shenandoah County
VA,Southampton County,2015,178.85,127.75,306.6,682.5500000000001,0.0,682.5500000000001,14.6,284.7,299.29999999999995,Southampton County
VA,Newport News City,2015,335.8,7767.200000000001,8103.0,10.95,1879.75,1890.7,29.2,36.5,65.7,Newport News city
VA,Norfolk City,2015,0.0,102.2,102.2,29.2,0.0,29.2,7.3,14.6,21.9,Norfolk city
VA,Portsmouth City,2015,0.0,22202.95,22202.95,105.85,0.0,105.85,25.55,14.6,40.15,Portsmouth city
VA,Suffolk City,2015,5080.8,11143.45,16224.250000000002,29.2,0.0,29.2,36.5,160.6,197.1,Suffolk city
VA,Virginia Beach City,2015,642.4,0.0,642.4,18.25,0.0,18.25,193.45,138.7,332.15000000000003,Virginia Beach city
WA,Adams County,2015,2036.7,0.0,2036.7,1284.8,0.0,1284.8,27429.750000000004,29273.0,56702.75,Adams County
WA,Asotin County,2015,1901.65,0.0,1901.65,0.0,10.95,10.95,65.7,76.64999999999999,142.35,Asotin County
WA,Benton County,2015,3901.85,8683.35,12585.2,2321.4,15903.05,18224.45,15381.1,74890.7,90271.8,Benton County
WA,Chelan County,2015,2989.35,1131.5,4120.849999999999,7.3,3799.65,3806.95,711.75,8931.55,9643.3,Chelan County
WA,Clallam County,2015,2106.05,142.35,2248.4,3.65,3.65,7.3,332.15000000000003,2029.4,2361.55,Clallam County
WA,Clark County,2015,16687.8,310.25,16998.05,11088.7,9873.25,20961.95,1854.2,237.25,2091.4500000000003,Clark County
WA,Columbia County,2015,365.0,0.0,365.0,3.65,0.0,3.65,262.8,1383.35,1646.15,Columbia County
WA,Cowlitz County,2015,3306.9,456.25,3763.15,116.8,40869.05,40985.850000000006,481.8,675.25,1157.05,Cowlitz County
WA,Douglas County,2015,1989.25,0.0,1989.25,171.54999999999998,0.0,171.54999999999998,1547.6,6091.85,7639.45,Douglas County
WA,Ferry County,2015,186.15,25.55,211.7,47.45,0.0,47.45,226.3,653.35,879.6500000000001,Ferry County
WA,Franklin County,2015,1299.4,4650.1,5949.5,598.5999999999999,0.0,598.5999999999999,33032.5,99082.9,132115.4,Franklin County
WA,Garfield County,2015,208.05,0.0,208.05,3.65,0.0,3.65,18.25,182.5,200.75000000000003,Garfield County
WA,Grant County,2015,8365.800000000001,219.0,8584.8,1518.4,0.0,1518.4,76620.79999999999,227212.5,303833.3,Grant County
WA,Grays Harbor County,2015,1609.65,1175.3000000000002,2784.95,328.5,3.65,332.15000000000003,1649.8,886.95,2536.75,Grays Harbor County
WA,Island County,2015,1357.8000000000002,1011.05,2368.85,3.65,0.0,3.65,412.45,91.25,503.7,Island County
WA,King County,2015,21790.5,50340.8,72131.3,839.4999999999999,715.4,1554.9,1412.55,1518.4,2930.95,King County
WA,Kitsap County,2015,5230.45,1934.5,7164.95,18.25,32.85,51.1,518.3,244.55,762.8499999999999,Kitsap County
WA,Kittitas County,2015,2029.4,489.1,2518.5,511.0,0.0,511.0,8617.65,45070.2,53687.85,Kittitas County
WA,Klickitat County,2015,1127.85,0.0,1127.85,0.0,766.5,766.5,6135.65,2215.55,8351.199999999999,Klickitat County
WA,Lewis County,2015,1255.6,916.15,2171.75,1149.75,0.0,1149.75,1281.15,1540.3,2821.4500000000003,Lewis County
WA,Lincoln County,2015,740.9499999999999,0.0,740.9499999999999,3.65,0.0,3.65,4511.4,1124.2,5635.599999999999,Lincoln County
WA,Mason County,2015,1810.4,0.0,1810.4,83.95,1832.3,1916.25,299.29999999999995,91.25,390.55,Mason County
WA,Okanogan County,2015,2054.95,153.29999999999998,2208.25,547.5,0.0,547.5,7774.5,10084.95,17859.45,Okanogan County
WA,Pacific County,2015,211.7,784.75,996.45,47.45,73.0,120.45,288.35,525.6,813.95,Pacific County
WA,Pend Oreille County,2015,262.8,98.55,361.35,0.0,226.3,226.3,58.4,58.4,116.8,Pend Oreille County
WA,Pierce County,2015,25371.15,14928.5,40299.65,3219.3,1226.4,4445.7,1536.65,576.7,2113.35,Pierce County
WA,San Juan County,2015,80.3,240.9,321.2,313.9,0.0,313.9,7.3,32.85,40.15,San Juan County
WA,Skamania County,2015,197.1,189.8,386.9,0.0,1828.65,1828.65,54.75,131.4,186.15,Skamania County
WA,Snohomish County,2015,3029.5000000000005,20885.3,23914.8,755.55,18538.35,19293.9,865.0500000000001,792.05,1657.1,Snohomish County
WA,Spokane County,2015,50665.65,0.0,50665.65,2040.35,8792.85,10833.2,2770.35,383.25,3153.6000000000004,Spokane County
WA,Stevens County,2015,2259.3500000000004,0.0,2259.3500000000004,0.0,25.55,25.55,879.6500000000001,1489.2,2368.85,Stevens County
WA,Thurston County,2015,8241.699999999999,0.0,8241.699999999999,1007.4,0.0,1007.4,1810.4,423.4,2233.8,Thurston County
WA,Walla Walla County,2015,2784.95,1857.85,4642.8,361.35,7478.849999999999,7840.2,16052.7,21188.25,37240.95,Walla Walla County
WA,Whatcom County,2015,2332.35,4285.1,6617.45,36.5,7391.25,7427.750000000001,9741.85,1562.2,11304.05,Whatcom County
WA,Whitman County,2015,2284.9,0.0,2284.9,675.25,0.0,675.25,357.7,459.9,817.6,Whitman County
WA,Yakima County,2015,7190.5,3759.500000000001,10950.0,1368.75,675.25,2044.0,32342.65,115314.45,147657.1,Yakima County
WV,Berkeley County,2015,1456.35,722.7,2179.05,0.0,10.95,10.95,21.9,25.55,47.45,Berkeley County
WV,Brooke County,2015,1215.45,686.1999999999999,1901.65,124.1,2146.2,2270.3,0.0,21.9,21.9,Brooke County
WV,Cabell County,2015,0.0,4442.05,4442.05,0.0,270.1,270.1,0.0,54.75,54.75,Cabell County
WV,Fayette County,2015,350.4,1609.65,1960.05,0.0,2138.9,2138.9,0.0,29.2,29.2,Fayette County
WV,Greenbrier County,2015,357.7,890.6,1248.3,0.0,116.8,116.8,47.45,51.1,98.55,Greenbrier County
WV,Hancock County,2015,532.9,0.0,532.9,135.05,7869.4,8004.45,0.0,51.1,51.1,Hancock County
WV,Jackson County,2015,288.35,372.3,660.65,105.85,0.0,105.85,0.0,14.6,14.6,Jackson County
WV,Jefferson County,2015,284.7,700.8,985.5,0.0,21.9,21.9,29.2,29.2,58.4,Jefferson County
WV,Kanawha County,2015,0.0,11738.4,11738.4,0.0,77989.54999999999,77989.54999999999,0.0,80.3,80.3,Kanawha County
WV,Lewis County,2015,0.0,394.2000000000001,394.2000000000001,0.0,29.2,29.2,0.0,25.55,25.55,Lewis County
WV,McDowell County,2015,1058.5,0.0,1058.5,0.0,3.65,3.65,0.0,3.65,3.65,McDowell County
WV,Marshall County,2015,1478.25,226.3,1704.55,1343.2,42000.55,43343.75,0.0,14.6,14.6,Marshall County
WV,Mason County,2015,850.45,0.0,850.45,255.5,0.0,255.5,0.0,29.2,29.2,Mason County
WV,Mercer County,2015,62.05,1244.65,1306.7,0.0,40.15,40.15,0.0,14.6,14.6,Mercer County
WV,Mineral County,2015,25.55,547.5,573.0500000000001,91.25,0.0,91.25,7.3,7.3,14.6,Mineral County
WV,Monroe County,2015,51.1,127.75,178.85,3.65,29.2,32.85,0.0,14.6,14.6,Monroe County
WV,Morgan County,2015,3.65,197.1,200.75000000000003,7.3,0.0,7.3,14.6,14.6,29.2,Morgan County
WV,Pleasants County,2015,208.05,0.0,208.05,1697.2500000000002,0.0,1697.2500000000002,0.0,7.3,7.3,Pleasants County
WV,Pocahontas County,2015,10.95,127.75,138.7,0.0,390.55,390.55,0.0,25.55,25.55,Pocahontas County
WV,Preston County,2015,405.15,401.50000000000006,806.65,3.65,0.0,3.65,0.0,32.85,32.85,Preston County
WV,Raleigh County,2015,1022.0,2587.85,3609.85,0.0,87.6,87.6,3.65,109.5,113.15,Raleigh County
WV,Tucker County,2015,25.55,197.1,222.65,0.0,62.05,62.05,0.0,25.55,25.55,Tucker County
WV,Tyler County,2015,105.85,102.2,208.05,1960.05,0.0,1960.05,0.0,7.3,7.3,Tyler County
WV,Wayne County,2015,0.0,1062.15,1062.15,0.0,94.9,94.9,0.0,14.6,14.6,Wayne County
WV,Wood County,2015,2423.6,485.4500000000001,2909.05,4748.65,12172.75,16921.4,3.65,94.9,98.55,Wood County
WI,Adams County,2015,295.65000000000003,0.0,295.65000000000003,32.85,0.0,32.85,19731.9,4723.099999999999,24455.0,Adams County
WI,Ashland County,2015,113.15,248.2,361.35,0.0,3.65,3.65,7.3,0.0,7.3,Ashland County
WI,Barron County,2015,1635.2,0.0,1635.2,357.7,3.65,361.35,1000.1,7.3,1007.4,Barron County
WI,Bayfield County,2015,135.05,0.0,135.05,18.25,3.65,21.9,36.5,7.3,43.8,Bayfield County
WI,Brown County,2015,507.35,6497.0,7004.35,1219.1,21378.05,22597.15,164.25,0.0,164.25,Brown County
WI,Buffalo County,2015,146.0,0.0,146.0,7.3,0.0,7.3,554.8,0.0,554.8,Buffalo County
WI,Burnett County,2015,131.4,0.0,131.4,25.55,222.65,248.2,76.64999999999999,3.65,80.3,Burnett County
WI,Calumet County,2015,616.85,3372.6,3989.45,109.5,0.0,109.5,21.9,0.0,21.9,Calumet County
WI,Chippewa County,2015,2540.4,0.0,2540.4,310.25,51.1,361.35,507.35,10.95,518.3,Chippewa County
WI,Clark County,2015,448.95,0.0,448.95,116.8,204.4,321.2,124.1,167.9,292.0,Clark County
WI,Columbia County,2015,1299.4,0.0,1299.4,660.65,0.0,660.65,664.3000000000001,10.95,675.25,Columbia County
WI,Dane County,2015,15873.85,0.0,15873.85,708.1,229.95,938.05,1854.2,248.2,2102.4,Dane County
WI,Dodge County,2015,2299.5,0.0,2299.5,416.1,10.95,427.05,229.95,14.6,244.55,Dodge County
WI,Door County,2015,496.4,0.0,496.4,25.55,10.95,36.5,222.65,21.9,244.55,Door County
WI,Douglas County,2015,10.95,0.0,10.95,47.45,87.6,135.05,69.35,262.8,332.15000000000003,Douglas County
WI,Dunn County,2015,872.35,0.0,872.35,284.7,135.05,419.75,3270.4,14.6,3285.0,Dunn County
WI,Eau Claire County,2015,2701.0,0.0,2701.0,102.2,200.75000000000003,302.95,697.15,69.35,766.5,Eau Claire County
WI,Fond du Lac County,2015,2894.45,0.0,2894.45,540.2,109.5,649.7,540.2,0.0,540.2,Fond du Lac County
WI,Grant County,2015,1237.35,0.0,1237.35,91.25,3.65,94.9,208.05,10.95,219.0,Grant County
WI,Green County,2015,970.9,0.0,970.9,408.8,0.0,408.8,481.8,0.0,481.8,Green County
WI,Green Lake County,2015,127.75,0.0,127.75,806.65,142.35,949.0,1825.0,25.55,1850.55,Green Lake County
WI,Iowa County,2015,368.65,0.0,368.65,7.3,0.0,7.3,1905.3,10.95,1916.25,Iowa County
WI,Iron County,2015,76.64999999999999,0.0,76.64999999999999,0.0,40.15,40.15,7.3,149.64999999999998,156.95,Iron County
WI,Jackson County,2015,350.4,0.0,350.4,386.9,94.9,481.8,927.1,5515.15,6442.249999999999,Jackson County
WI,Jefferson County,2015,2084.15,0.0,2084.15,854.0999999999999,0.0,854.0999999999999,2350.6000000000004,0.0,2350.6000000000004,Jefferson County
WI,Juneau County,2015,620.5,0.0,620.5,25.55,0.0,25.55,3562.4,4171.95,7734.35,Juneau County
WI,Kenosha County,2015,171.54999999999998,5252.35,5423.9,29.2,0.0,29.2,160.6,14.6,175.2,Kenosha County
WI,Kewaunee County,2015,317.55,0.0,317.55,197.1,594.9499999999999,792.05,80.3,0.0,80.3,Kewaunee County
WI,La Crosse County,2015,5193.95,0.0,5193.95,649.7,0.0,649.7,200.75000000000003,0.0,200.75000000000003,La Crosse County
WI,Lafayette County,2015,354.05,0.0,354.05,7.3,0.0,7.3,208.05,7.3,215.35,Lafayette County
WI,Langlade County,2015,423.4,0.0,423.4,54.75,0.0,54.75,6318.15,65.7,6383.849999999999,Langlade County
WI,Lincoln County,2015,503.7,0.0,503.7,3.65,4113.55,4117.2,29.2,489.1,518.3,Lincoln County
WI,Manitowoc County,2015,496.4,5226.8,5723.2,120.45,65.7,186.15,102.2,3.65,105.85,Manitowoc County
WI,Marathon County,2015,4007.7,0.0,4007.7,616.85,11325.95,11942.8,1401.6,317.55,1719.15,Marathon County
WI,Marinette County,2015,284.7,653.35,938.05,167.9,664.3000000000001,832.1999999999999,1007.4,18.25,1025.65,Marinette County
WI,Marquette County,2015,58.4,0.0,58.4,124.1,0.0,124.1,2157.15,0.0,2157.15,Marquette County
WI,Milwaukee County,2015,43.8,41693.95,41737.75,317.55,536.55,854.0999999999999,153.29999999999998,10.95,164.25,Milwaukee County
WI,Monroe County,2015,1299.4,0.0,1299.4,204.4,3336.1000000000004,3540.4999999999995,1157.05,8851.25,10008.3,Monroe County
WI,Oconto County,2015,496.4,0.0,496.4,102.2,408.8,511.0,372.3,10.95,383.25,Oconto County
WI,Oneida County,2015,740.9499999999999,0.0,740.9499999999999,10.95,3671.9,3682.85,120.45,4445.7,4566.15,Oneida County
WI,Outagamie County,2015,2237.45,0.0,2237.45,500.05,18374.1,18874.15,175.2,131.4,306.6,Outagamie County
WI,Ozaukee County,2015,1445.4,419.75,1865.15,233.6,0.0,233.6,167.9,29.2,197.1,Ozaukee County
WI,Pepin County,2015,142.35,0.0,142.35,7.3,0.0,7.3,799.35,0.0,799.35,Pepin County
WI,Pierce County,2015,730.0,0.0,730.0,281.05,0.0,281.05,98.55,0.0,98.55,Pierce County
WI,Polk County,2015,737.3,0.0,737.3,124.1,80.3,204.4,105.85,7.3,113.15,Polk County
WI,Portage County,2015,3171.85,0.0,3171.85,2182.7000000000003,1091.35,3274.05,16592.9,5183.0,21775.9,Portage County
WI,Price County,2015,372.3,0.0,372.3,76.64999999999999,5566.25,5642.900000000001,10.95,1084.0500000000002,1095.0,Price County
WI,Racine County,2015,927.1,6059.000000000001,6986.1,40.15,32.85,73.0,569.4,10.95,580.35,Racine County
WI,Richland County,2015,430.7,0.0,430.7,328.5,0.0,328.5,350.4,0.0,350.4,Richland County
WI,Rock County,2015,6099.150000000001,0.0,6099.150000000001,226.3,0.0,226.3,2690.05,7.3,2697.35,Rock County
WI,Rusk County,2015,175.2,0.0,175.2,14.6,496.4,511.0,40.15,131.4,171.54999999999998,Rusk County
WI,St. Croix County,2015,1616.9499999999998,0.0,1616.9499999999998,270.1,0.0,270.1,1222.75,0.0,1222.75,St. Croix County
WI,Sauk County,2015,2638.9500000000003,0.0,2638.9500000000003,156.95,25.55,182.5,2350.6000000000004,0.0,2350.6000000000004,Sauk County
WI,Sawyer County,2015,233.6,0.0,233.6,21.9,0.0,21.9,47.45,868.6999999999999,916.15,Sawyer County
WI,Shawano County,2015,883.3,0.0,883.3,36.5,627.8,664.3000000000001,73.0,14.6,87.6,Shawano County
WI,Sheboygan County,2015,1175.3000000000002,4591.7,5767.0,525.6,0.0,525.6,182.5,10.95,193.45,Sheboygan County
WI,Taylor County,2015,219.0,0.0,219.0,7.3,18.25,25.55,25.55,0.0,25.55,Taylor County
WI,Trempealeau County,2015,1073.1,0.0,1073.1,156.95,0.0,156.95,1317.65,58.4,1376.05,Trempealeau County
WI,Vernon County,2015,397.85,0.0,397.85,7.3,0.0,7.3,116.8,0.0,116.8,Vernon County
WI,Vilas County,2015,175.2,0.0,175.2,18.25,0.0,18.25,105.85,1127.85,1233.7,Vilas County
WI,Walworth County,2015,2682.75,0.0,2682.75,397.85,0.0,397.85,1354.15,47.45,1401.6,Walworth County
WI,Washburn County,2015,229.95,0.0,229.95,3.65,0.0,3.65,324.85,627.8,952.65,Washburn County
WI,Washington County,2015,2887.15,0.0,2887.15,138.7,0.0,138.7,215.35,3.65,219.0,Washington County
WI,Waukesha County,2015,7164.95,0.0,7164.95,306.6,69.35,375.95,682.5500000000001,47.45,730.0,Waukesha County
WI,Waupaca County,2015,1803.1,0.0,1803.1,25.55,58.4,83.95,1533.0,200.75000000000003,1733.75,Waupaca County
WI,Waushara County,2015,416.1,0.0,416.1,40.15,0.0,40.15,17304.649999999998,167.9,17472.55,Waushara County
WI,Winnebago County,2015,952.65,4153.700000000001,5106.35,751.9,2708.3,3460.2000000000003,193.45,91.25,284.7,Winnebago County
WI,Wood County,2015,1726.45,0.0,1726.45,21.9,45694.35,45716.25,1503.8,23506.000000000004,25009.8,Wood County
WY,Albany County,2015,1200.85,1153.4,2354.25,47.45,29.2,76.64999999999999,0.0,193103.25,193103.25,Albany County
WY,Big Horn County,2015,803.0000000000001,0.0,803.0000000000001,3.65,21.9,25.55,1178.95,213057.8,214236.75000000003,Big Horn County
WY,Campbell County,2015,2179.05,0.0,2179.05,58.4,32.85,91.25,116.8,3814.25,3931.05,Campbell County
WY,Carbon County,2015,616.85,423.4,1040.25,171.54999999999998,102.2,273.75,1113.25,326101.94999999995,327215.2,Carbon County
WY,Converse County,2015,711.75,32.85,744.6,10.95,10.95,21.9,1357.8000000000002,61301.74999999999,62659.55,Converse County
WY,Crook County,2015,2350.6000000000004,0.0,2350.6000000000004,18.25,21.9,40.15,547.5,10234.6,10782.1,Crook County
WY,Fremont County,2015,678.9000000000001,894.2500000000001,1573.15,25.55,18.25,43.8,0.0,354896.80000000005,354896.80000000005,Fremont County
WY,Goshen County,2015,675.25,0.0,675.25,0.0,25.55,25.55,58549.65,184898.05,243447.7,Goshen County
WY,Hot Springs County,2015,62.05,182.5,244.55,3.65,0.0,3.65,733.65,22038.7,22772.35,Hot Springs County
WY,Johnson County,2015,58.4,529.25,587.6500000000001,3.65,3.65,7.3,244.55,81913.29999999999,82157.85,Johnson County
WY,Laramie County,2015,1489.2,3620.8,5110.0,441.65,3.65,445.3,44077.4,18312.05,62389.45,Laramie County
WY,Lincoln County,2015,1328.6,149.64999999999998,1478.25,208.05,0.0,208.05,3036.8,172415.05,175451.85,Lincoln County
WY,Natrona County,2015,3036.8,1438.1,4474.9,397.85,259.15,657.0,0.0,46548.45,46548.45,Natrona County
WY,Park County,2015,3.65,1153.4,1157.05,25.55,14.6,40.15,0.0,222996.75000000003,222996.75000000003,Park County
WY,Platte County,2015,569.4,0.0,569.4,7.3,3.65,10.95,23903.85,113390.9,137294.75,Platte County
WY,Sheridan County,2015,3.65,1657.1,1660.75,18.25,10.95,29.2,0.0,105937.6,105937.6,Sheridan County
WY,Sublette County,2015,321.2,485.4500000000001,806.65,7.3,7.3,14.6,24951.4,212670.9,237622.3,Sublette County
WY,Sweetwater County,2015,120.45,4029.6,4150.049999999999,547.5,116.8,664.3000000000001,4317.95,36806.6,41124.55,Sweetwater County
WY,Teton County,2015,2770.35,69.35,2839.7000000000003,47.45,21.9,69.35,0.0,37449.0,37449.0,Teton County
WY,Uinta County,2015,149.64999999999998,1273.85,1423.5,47.45,25.55,73.0,14676.65,125114.7,139791.35,Uinta County
WY,Washakie County,2015,32.85,0.0,32.85,0.0,40.15,40.15,2905.4,93961.95,96867.35,Washakie County
WY,Weston County,2015,368.65,3.65,372.3,36.5,36.5,73.0,142.35,8165.05,8307.400000000001,Weston County
PR,Aguada Municipio,2015,262.8,7942.400000000001,8205.2,25.55,0.0,25.55,0.0,146.0,146.0,Aguada Municipio
PR,Aguadilla Municipio,2015,131.4,1266.5500000000002,1397.95,40.15,0.0,40.15,386.9,197.1,584.0,Aguadilla Municipio
PR,Bayamon Municipio,2015,0.0,266.45,266.45,18.25,0.0,18.25,25.55,0.0,25.55,Bayamón Municipio
PR,Cabo Rojo Municipio,2015,1138.8,441.65,1580.45,51.1,0.0,51.1,375.95,208.05,584.0,Cabo Rojo Municipio
PR,Caguas Municipio,2015,149.64999999999998,3449.2499999999995,3598.9,21.9,0.0,21.9,36.5,0.0,36.5,Caguas Municipio
PR,Dorado Municipio,2015,1098.65,0.0,1098.65,10.95,0.0,10.95,36.5,0.0,36.5,Dorado Municipio
PR,Fajardo Municipio,2015,0.0,3401.8,3401.8,29.2,0.0,29.2,25.55,0.0,25.55,Fajardo Municipio
PR,Guayama Municipio,2015,219.0,3671.9,3890.9,76.64999999999999,0.0,76.64999999999999,146.0,678.9000000000001,824.9,Guayama Municipio
PR,Isabela Municipio,2015,0.0,2463.75,2463.75,14.6,0.0,14.6,0.0,408.8,408.8,Isabela Municipio
PR,Manati Municipio,2015,1219.1,0.0,1219.1,65.7,0.0,65.7,25.55,0.0,25.55,Manatí Municipio
PR,Ponce Municipio,2015,1142.45,332.15000000000003,1474.6,18.25,0.0,18.25,613.1999999999999,0.0,613.1999999999999,Ponce Municipio
PR,Santa Isabel Municipio,2015,1868.8,0.0,1868.8,10.95,0.0,10.95,3058.7000000000003,2054.95,5113.65,Santa Isabel Municipio
PR,Yabucoa Municipio,2015,573.0500000000001,788.4000000000001,1361.45,3.65,0.0,3.65,1423.5,0.0,1423.5,Yabucoa Municipio
