Table 4,Spatial join of subbasins with the PCAs,Unnamed: 2,Unnamed: 3,Unnamed: 4
,,,,
Subbasin,HUC8,Subbasin Area (m2),HUC8 ID,PCA Name
Upper St. John,01010001,17222890136.6,1010001,ISO New England Inc.
Upper St. John,01010001,17222890136.6,1010001,New Brunswick System Operator
Allagash,01010002,3198097222.04,1010002,ISO New England Inc.
Allagash,01010002,3198097222.04,1010002,New Brunswick System Operator
Fish,01010003,2304014818.42,1010003,ISO New England Inc.
Fish,01010003,2304014818.42,1010003,New Brunswick System Operator
Aroostook,01010004,6324223755.5,1010004,ISO New England Inc.
Aroostook,01010004,6324223755.5,1010004,New Brunswick System Operator
Meduxnekeag,01010005,1936076711.9,1010005,ISO New England Inc.
Meduxnekeag,01010005,1936076711.9,1010005,New Brunswick System Operator
West Branch Penobscot,01020001,5520935487.97,1020001,ISO New England Inc.
East Branch Penobscot,01020002,2899615880.24,1020002,ISO New England Inc.
Mattawamkeag,01020003,3911366037.77,1020003,ISO New England Inc.
Mattawamkeag,01020003,3911366037.77,1020003,New Brunswick System Operator
Piscataquis,01020004,3784873612.39,1020004,ISO New England Inc.
Lower Penobscot,01020005,6202366353.66,1020005,ISO New England Inc.
Upper Kennebec,01030001,4109383298.96,1030001,ISO New England Inc.
Dead,01030002,2270360302.52,1030002,ISO New England Inc.
Lower Kennebec,01030003,8885465253.61,1030003,ISO New England Inc.
Upper Androscoggin,01040001,3549929487.44,1040001,ISO New England Inc.
Lower Androscoggin,01040002,5584844092.1,1040002,ISO New England Inc.
St. Croix,01050001,4261284753.83,1050001,ISO New England Inc.
St. Croix,01050001,4261284753.83,1050001,New Brunswick System Operator
Maine Coastal,01050002,13760290256.3,1050002,ISO New England Inc.
St. George-Sheepscot,01050003,3541389759.34,1050003,ISO New England Inc.
Presumpscot,01060001,3687466139.62,1060001,ISO New England Inc.
Saco,01060002,4405658885.19,1060002,ISO New England Inc.
Piscataqua-Salmon Falls,01060003,4361702644.96,1060003,ISO New England Inc.
Pemigewasset,01070001,2649280496.42,1070001,ISO New England Inc.
Merrimack,01070002,1258831686.71,1070002,ISO New England Inc.
Contoocook,01070003,1980092605.59,1070003,ISO New England Inc.
Nashua,01070004,1377639517.31,1070004,ISO New England Inc.
Concord,01070005,1036702417.52,1070005,ISO New England Inc.
Merrimack River,01070006,4664426124.15,1070006,ISO New England Inc.
Upper Connecticut,01080101,3631245577.39,1080101,ISO New England Inc.
Passumpsic,01080102,1315777373.02,1080102,ISO New England Inc.
Waits,01080103,2392551174.35,1080103,ISO New England Inc.
Upper Connecticut-Mascoma,01080104,1339361158.23,1080104,ISO New England Inc.
White,01080105,1843735874.96,1080105,ISO New England Inc.
Black-Ottauquechee,01080106,3422878138.66,1080106,ISO New England Inc.
West,01080107,2198562340.57,1080107,ISO New England Inc.
Middle Connecticut,01080201,2636938609.99,1080201,ISO New England Inc.
Miller,01080202,1007913031.03,1080202,ISO New England Inc.
Deerfield,01080203,1718228966.99,1080203,ISO New England Inc.
Chicopee,01080204,1871872046.58,1080204,ISO New England Inc.
Lower Connecticut,01080205,2809279002.73,1080205,ISO New England Inc.
Westfield,01080206,1343557033.42,1080206,ISO New England Inc.
Farmington,01080207,1571449805.28,1080207,ISO New England Inc.
Charles,01090001,2623762015.37,1090001,ISO New England Inc.
Cape Cod,01090002,3118335980.4,1090002,ISO New England Inc.
Blackstone,01090003,1228673900.52,1090003,ISO New England Inc.
Narragansett,01090004,3571464446.98,1090004,ISO New England Inc.
Pawcatuck-Wood,01090005,955565849.751,1090005,ISO New England Inc.
Quinebaug,01100001,1913205934.05,1100001,ISO New England Inc.
Shetucket,01100002,1362979926.98,1100002,ISO New England Inc.
Thames,01100003,955502285.87,1100003,ISO New England Inc.
Quinnipiac,01100004,1326991202.8,1100004,ISO New England Inc.
Housatonic,01100005,5050355690.52,1100005,ISO New England Inc.
Saugatuck,01100006,1163928390.67,1100006,ISO New England Inc.
St. Francois,01110000,1920366420.09,1110000,ISO New England Inc.
Lake George,02010001,1780459678.73,2010001,New York Independent System Operator
Otter,02010002,2442782710.93,2010002,ISO New England Inc.
Winooski,02010003,2753753245.53,2010003,ISO New England Inc.
Ausable,02010004,1333546113.27,2010004,New York Independent System Operator
Lamoille,02010005,1868162755.05,2010005,ISO New England Inc.
Great Chazy-Saranac,02010006,1588253105.52,2010006,New York Independent System Operator
Missiquoi,02010007,1906418734.46,2010007,ISO New England Inc.
Lake Champlain,02010008,7338397967.88,2010008,New York Independent System Operator
Upper Hudson,02020001,4309337210.56,2020001,New York Independent System Operator
Sacandaga,02020002,2731301851.38,2020002,New York Independent System Operator
Hudson-Hoosic,02020003,4936175364.67,2020003,New York Independent System Operator
Mohawk,02020004,6607191545.69,2020004,New York Independent System Operator
Schoharie,02020005,2403261194.49,2020005,New York Independent System Operator
Middle Hudson,02020006,6291533554.95,2020006,New York Independent System Operator
Rondout,02020007,3077758772.07,2020007,New York Independent System Operator
Hudson-Wappinger,02020008,2448210626.84,2020008,New York Independent System Operator
Lower Hudson,02030101,1941384201.95,2030101,New York Independent System Operator
Bronx,02030102,487618616.631,2030102,New York Independent System Operator
Hackensack-Passaic,02030103,2936738903.4,2030103,"PJM Interconnection, LLC"
,,,2030104,
Raritan,02030105,2863001787.35,2030105,"PJM Interconnection, LLC"
Northern Long Island,02030201,750510623.409,2030201,ISO New England Inc.
Northern Long Island,02030201,750510623.409,2030201,New York Independent System Operator
Southern Long Island,02030202,5301908562.16,2030202,ISO New England Inc.
Southern Long Island,02030202,5301908562.16,2030202,New York Independent System Operator
,,,2030203,
Upper Delaware,02040101,3083435590.4,2040101,New York Independent System Operator
East Branch Delaware,02040102,2176617765.96,2040102,New York Independent System Operator
Lackawaxen,02040103,1548682029.91,2040103,"PJM Interconnection, LLC"
Middle Delaware-Mongaup-Brodhead,02040104,3962018119.83,2040104,"PJM Interconnection, LLC"
Middle Delaware-Mongaup-Brodhead,02040104,3962018119.83,2040104,New York Independent System Operator
Middle Delaware-Musconetcong,02040105,3520745985.47,2040105,"PJM Interconnection, LLC"
Lehigh,02040106,3526732725.61,2040106,"PJM Interconnection, LLC"
Crosswicks-Neshaminy,02040201,1408288006.24,2040201,"PJM Interconnection, LLC"
Lower Delaware,02040202,2981822499.05,2040202,"PJM Interconnection, LLC"
Schuylkill,02040203,4952290568.11,2040203,"PJM Interconnection, LLC"
,,,2040204,
Brandywine-Christina,02040205,1957460174.04,2040205,"PJM Interconnection, LLC"
Cohansey-Maurice,02040206,3094168039.74,2040206,"PJM Interconnection, LLC"
Broadkill-Smyrna,02040207,1966717369.23,2040207,"PJM Interconnection, LLC"
Mullica-Toms,02040301,4460643597.62,2040301,"PJM Interconnection, LLC"
Great Egg Harbor,02040302,2234685030.57,2040302,"PJM Interconnection, LLC"
Chincoteague,02040303,2688777425.14,2040303,"PJM Interconnection, LLC"
,,,2040304,
Upper Susquehanna,02050101,5927484355.4,2050101,New York Independent System Operator
Chenango,02050102,4162801140.55,2050102,New York Independent System Operator
Owego-Wappasening,02050103,2705785276.64,2050103,New York Independent System Operator
Tioga,02050104,3585130037.06,2050104,New York Independent System Operator
Chemung,02050105,3138465084.98,2050105,New York Independent System Operator
Upper Susquehanna-Tunkhannock,02050106,5191429783.99,2050106,"PJM Interconnection, LLC"
Upper Susquehanna-Lackawanna,02050107,4572750528.11,2050107,"PJM Interconnection, LLC"
Upper West Branch Susquehanna,02050201,4136005237.33,2050201,"PJM Interconnection, LLC"
Sinnemahoning,02050202,2677956590.84,2050202,"PJM Interconnection, LLC"
Middle West Branch Susquehanna,02050203,2031224649.9,2050203,"PJM Interconnection, LLC"
Bald Eagle,02050204,2002698459.58,2050204,"PJM Interconnection, LLC"
Pine,02050205,2539975096.74,2050205,"PJM Interconnection, LLC"
Lower West Branch Susquehanna,02050206,4686951355,2050206,"PJM Interconnection, LLC"
Lower Susquehanna-Penns,02050301,3750659463.5,2050301,"PJM Interconnection, LLC"
Upper Juniata,02050302,2566366906.69,2050302,"PJM Interconnection, LLC"
Raystown,02050303,2492090233.14,2050303,"PJM Interconnection, LLC"
Lower Juniata,02050304,3756683995.91,2050304,"PJM Interconnection, LLC"
Lower Susquehanna-Swatara,02050305,4860524176.19,2050305,"PJM Interconnection, LLC"
Lower Susquehanna,02050306,6438155069.83,2050306,"PJM Interconnection, LLC"
Upper Chesapeake Bay,02060001,1962723877.3,2060001,"PJM Interconnection, LLC"
Chester-Sassafras,02060002,3372799571,2060002,"PJM Interconnection, LLC"
Gunpowder-Patapsco,02060003,3671317837.41,2060003,"PJM Interconnection, LLC"
Severn,02060004,954928909.42,2060004,"PJM Interconnection, LLC"
Choptank,02060005,2844434648.16,2060005,"PJM Interconnection, LLC"
Patuxent,02060006,2401095729.74,2060006,"PJM Interconnection, LLC"
South Branch Potomac,02070001,3832791996.07,2070001,"PJM Interconnection, LLC"
North Branch Potomac,02070002,3478643914.81,2070002,"PJM Interconnection, LLC"
Cacapon-Town,02070003,3120246576.52,2070003,"PJM Interconnection, LLC"
Conococheague-Opequon,02070004,5897881945.56,2070004,"PJM Interconnection, LLC"
South Fork Shenandoah,02070005,4330248300.24,2070005,"PJM Interconnection, LLC"
North Fork Shenandoah,02070006,2677701436.67,2070006,"PJM Interconnection, LLC"
Shenandoah,02070007,911248332.147,2070007,"PJM Interconnection, LLC"
Middle Potomac-Catoctin,02070008,3206860170.41,2070008,"PJM Interconnection, LLC"
Monocacy,02070009,2511001295.12,2070009,"PJM Interconnection, LLC"
Middle Potomac-Anacostia-Occoquan,02070010,3374298079.67,2070010,"PJM Interconnection, LLC"
Lower Potomac,02070011,4677377480.02,2070011,"PJM Interconnection, LLC"
,,,2080101,
Great Wicomico-Plankatank,02080102,1738815352.47,2080102,"PJM Interconnection, LLC"
Rapidan-Upper Rappahannock,02080103,4032085821.13,2080103,"PJM Interconnection, LLC"
Lower Rappahannock,02080104,2993911253.53,2080104,"PJM Interconnection, LLC"
Mattaponi,02080105,2359394629.52,2080105,"PJM Interconnection, LLC"
Pamunkey,02080106,3812185369.37,2080106,"PJM Interconnection, LLC"
,,,2080107,
,,,2080108,
Western Lower Delmarva,02080109,2142432711.35,2080109,"PJM Interconnection, LLC"
Eastern Lower Delmarva,02080110,2515300016.43,2080110,"PJM Interconnection, LLC"
,,,2080111,
Upper James,02080201,5728114577.22,2080201,"PJM Interconnection, LLC"
Maury,02080202,2170813508.39,2080202,"PJM Interconnection, LLC"
Middle James-Buffalo,02080203,5240267659.73,2080203,"PJM Interconnection, LLC"
Rivanna,02080204,1989412908.08,2080204,"PJM Interconnection, LLC"
Middle James-Willis,02080205,2447296765.64,2080205,"PJM Interconnection, LLC"
Lower James,02080206,3733157263.51,2080206,"PJM Interconnection, LLC"
Appomattox,02080207,4170672170.16,2080207,"PJM Interconnection, LLC"
Hampton Roads,02080208,1308417342.2,2080208,"PJM Interconnection, LLC"
Upper Roanoke,03010101,5674644229.73,3010101,"PJM Interconnection, LLC"
Middle Roanoke,03010102,4502552165.7,3010102,"PJM Interconnection, LLC"
Upper Dan,03010103,5323709052.94,3010103,"PJM Interconnection, LLC"
Lower Dan,03010104,3325525419.58,3010104,"PJM Interconnection, LLC"
Lower Dan,03010104,3325525419.58,3010104,Duke Energy Progress East
Lower Dan,03010104,3325525419.58,3010104,Duke Energy Carolinas
Banister,03010105,1545626574.25,3010105,"PJM Interconnection, LLC"
Roanoke Rapids,03010106,1532874086.86,3010106,"PJM Interconnection, LLC"
Lower Roanoke,03010107,3392094425.56,3010107,"PJM Interconnection, LLC"
Nottoway,03010201,4463260403.01,3010201,"PJM Interconnection, LLC"
Blackwater,03010202,1917393466.14,3010202,"PJM Interconnection, LLC"
Chowan,03010203,2327004497.35,3010203,"PJM Interconnection, LLC"
Meheriin,03010204,4175758736.03,3010204,"PJM Interconnection, LLC"
Albemarle,03010205,11197316510.1,3010205,"PJM Interconnection, LLC"
Upper Tar,03020101,3379481650.91,3020101,Duke Energy Progress East
Fishing,03020102,2315565459.38,3020102,Duke Energy Progress East
Lower Tar,03020103,2487024406.02,3020103,Duke Energy Progress East
Pamlico,03020104,3384265415.14,3020104,"PJM Interconnection, LLC"
Pamlico,03020104,3384265415.14,3020104,Duke Energy Progress East
,,,3020105,
Upper Neuse,03020201,6232019379.45,3020201,Duke Energy Progress East
Upper Neuse,03020201,6232019379.45,3020201,Duke Energy Carolinas
Middle Neuse,03020202,2759431868.83,3020202,Duke Energy Progress East
Contentnea,03020203,2612183219.18,3020203,Duke Energy Progress East
Lower Neuse,03020204,4100374339.1,3020204,"PJM Interconnection, LLC"
Lower Neuse,03020204,4100374339.1,3020204,Duke Energy Progress East
White Oak River,03020301,2415552887.99,3020301,Duke Energy Progress East
New River,03020302,2308921936.4,3020302,Duke Energy Progress East
Haw,03030002,4422623427.52,3030002,Duke Energy Progress East
Haw,03030002,4422623427.52,3030002,Duke Energy Carolinas
Deep,03030003,3755803298.56,3030003,Duke Energy Progress East
Deep,03030003,3755803298.56,3030003,Duke Energy Carolinas
Upper Cape Fear,03030004,4221597533.2,3030004,Duke Energy Progress East
Lower Cape Fear,03030005,2904687843.9,3030005,Duke Energy Progress East
Black,03030006,4076499663.12,3030006,Duke Energy Progress East
Northeast Cape Fear,03030007,4509980072.6,3030007,Duke Energy Progress East
Upper Yadkin,03040101,6357758810.7,3040101,Duke Energy Carolinas
South Yadkin,03040102,2347883531.15,3040102,Duke Energy Carolinas
Lower Yadkin,03040103,3081676686.31,3040103,Duke Energy Carolinas
Lower Yadkin,03040103,3081676686.31,3040103,"Alcoa Power Generating, Inc. - Yadkin Division"
Upper Pee Dee,03040104,2250816452.64,3040104,Duke Energy Progress East
Rocky,03040105,3670857341.56,3040105,Duke Energy Carolinas
Lower Pee Dee,03040201,6557669847.39,3040201,Duke Energy Progress East
Lynches,03040202,3660046169.35,3040202,Duke Energy Progress East
Lynches,03040202,3660046169.35,3040202,South Carolina Public Service Authority
Lumber,03040203,4539751717.14,3040203,Duke Energy Progress East
Little Pee Dee,03040204,3542419795.25,3040204,Duke Energy Progress East
Little Pee Dee,03040204,3542419795.25,3040204,South Carolina Public Service Authority
Black,03040205,5337436608.91,3040205,Duke Energy Progress East
Black,03040205,5337436608.91,3040205,South Carolina Public Service Authority
Waccamaw,03040206,4277134859.89,3040206,Duke Energy Progress East
Carolina Coastal-Sampit,03040207,1475440308.09,3040207,Duke Energy Progress East
Carolina Coastal-Sampit,03040207,1475440308.09,3040207,South Carolina Public Service Authority
,,,3040208,
Upper Catawba,03050101,6105716940.33,3050101,Duke Energy Carolinas
South Fork Catawba,03050102,1711708481.8,3050102,Duke Energy Carolinas
Lower Catawba,03050103,3456088185.94,3050103,Duke Energy Carolinas
Wateree,03050104,3255195788.89,3050104,Duke Energy Progress East
Wateree,03050104,3255195788.89,3050104,Duke Energy Carolinas
Wateree,03050104,3255195788.89,3050104,South Carolina Public Service Authority
Upper Broad,03050105,6419398695.16,3050105,Duke Energy Carolinas
Upper Broad,03050105,6419398695.16,3050105,Duke Energy Progress West
Lower Broad,03050106,3338003098.9,3050106,Duke Energy Carolinas
Lower Broad,03050106,3338003098.9,3050106,South Carolina Public Service Authority
Lower Broad,03050106,3338003098.9,3050106,South Carolina Electric & Gas Company
Tyger,03050107,2093805393.86,3050107,Duke Energy Carolinas
Enoree,03050108,1895268687.66,3050108,Duke Energy Carolinas
Saluda,03050109,6538723358.79,3050109,Duke Energy Carolinas
Congaree,03050110,1786114405.74,3050110,South Carolina Electric & Gas Company
Lake Marion,03050111,1421094810.66,3050111,Duke Energy Progress East
Santee,03050112,1972267464.4,3050112,Duke Energy Progress East
Copper,03050201,3274513059.12,3050201,South Carolina Public Service Authority
Copper,03050201,3274513059.12,3050201,South Carolina Electric & Gas Company
South Carolina Coastal,03050202,1008849045.8,3050202,South Carolina Electric & Gas Company
North Fork Edisto,03050203,1968565325.25,3050203,South Carolina Public Service Authority
North Fork Edisto,03050203,1968565325.25,3050203,South Carolina Electric & Gas Company
South Fork Edisto,03050204,2246611664.45,3050204,South Carolina Public Service Authority
South Fork Edisto,03050204,2246611664.45,3050204,South Carolina Electric & Gas Company
Edisto,03050205,1693805166.12,3050205,South Carolina Electric & Gas Company
Four Hole Swamp,03050206,2435197844.19,3050206,South Carolina Public Service Authority
Four Hole Swamp,03050206,2435197844.19,3050206,South Carolina Electric & Gas Company
Salkehatchie,03050207,4894867479.35,3050207,South Carolina Public Service Authority
Salkehatchie,03050207,4894867479.35,3050207,South Carolina Electric & Gas Company
Broad-St. Helena,03050208,2588878928.84,3050208,South Carolina Electric & Gas Company
,,,3050209,
,,,3050210,
Seneca,03060101,2662609276.76,3060101,Duke Energy Carolinas
Tugaloo,03060102,2562724929.2,3060102,Duke Energy Carolinas
Upper Savannah,03060103,4762936043.71,3060103,Duke Energy Carolinas
Broad,03060104,3894196474.76,3060104,"Southern Company Services, Inc. - Trans"
Little,03060105,1989663104.02,3060105,"Southern Company Services, Inc. - Trans"
Middle Savannah,03060106,4752434678.85,3060106,South Carolina Electric & Gas Company
Stevens,03060107,1916884883.26,3060107,Duke Energy Carolinas
Stevens,03060107,1916884883.26,3060107,South Carolina Public Service Authority
Stevens,03060107,1916884883.26,3060107,South Carolina Electric & Gas Company
Brier,03060108,2196760248.36,3060108,"Southern Company Services, Inc. - Trans"
Lower Savannah,03060109,2549836515.43,3060109,"Southern Company Services, Inc. - Trans"
Calibogue Sound-Wright River,03060110,1113319345.02,3060110,South Carolina Public Service Authority
Calibogue Sound-Wright River,03060110,1113319345.02,3060110,South Carolina Electric & Gas Company
Upper Ogeechee,03060201,4753995458.74,3060201,"Southern Company Services, Inc. - Trans"
Lower Ogeechee,03060202,3234818399.99,3060202,"Southern Company Services, Inc. - Trans"
Canoochee,03060203,3596766752.66,3060203,"Southern Company Services, Inc. - Trans"
Ogeechee Coastal,03060204,3240574105.96,3060204,"Southern Company Services, Inc. - Trans"
Upper Oconee,03070101,7550110459.69,3070101,"Southern Company Services, Inc. - Trans"
Lower Oconee,03070102,6244200312.58,3070102,"Southern Company Services, Inc. - Trans"
Upper Ocmulgee,03070103,7700266252.85,3070103,"Southern Company Services, Inc. - Trans"
Lower Ocmulgee,03070104,6021560833.88,3070104,"Southern Company Services, Inc. - Trans"
Little Ocmulgee,03070105,2082004198.17,3070105,"Southern Company Services, Inc. - Trans"
Altamaha,03070106,3584839951.16,3070106,"Southern Company Services, Inc. - Trans"
Ohoopee,03070107,3483484944.73,3070107,"Southern Company Services, Inc. - Trans"
Satilla,03070201,6875488434.05,3070201,"Southern Company Services, Inc. - Trans"
Little Satilla,03070202,2062813535.64,3070202,"Southern Company Services, Inc. - Trans"
Cumberland-St. Simons,03070203,1782448967.69,3070203,"Southern Company Services, Inc. - Trans"
St Marys,03070204,4088192894.32,3070204,"Southern Company Services, Inc. - Trans"
Nassau,03070205,1110263866.51,3070205,"Southern Company Services, Inc. - Trans"
Nassau,03070205,1110263866.51,3070205,Florida Power & Light Company
Nassau,03070205,1110263866.51,3070205,JEA
Upper St. Johns,03080101,10217060715.8,3080101,Duke Energy Florida Inc
Upper St. Johns,03080101,10217060715.8,3080101,Florida Municipal Power Pool
Oklawaha,03080102,7193415215.61,3080102,Duke Energy Florida Inc
Oklawaha,03080102,7193415215.61,3080102,Florida Municipal Power Pool
"Lower St, Johns",03080103,7211300946.4,3080103,Florida Power & Light Company
"Lower St, Johns",03080103,7211300946.4,3080103,Seminole Electric Cooperative
"Lower St, Johns",03080103,7211300946.4,3080103,Florida Municipal Power Pool
Daytona-St. Augustine,03080201,1770991569.81,3080201,Duke Energy Florida Inc
Daytona-St. Augustine,03080201,1770991569.81,3080201,Florida Power & Light Company
Cape Canaveral,03080202,1838266743.75,3080202,Florida Power & Light Company
Vero Beach,03080203,1260982527.68,3080203,Florida Power & Light Company
Kissimmee,03090101,7678768788.09,3090101,Duke Energy Florida Inc
Northern Okeechobee Inflow,03090102,792856358.601,3090102,Duke Energy Florida Inc
Northern Okeechobee Inflow,03090102,792856358.601,3090102,Florida Power & Light Company
Northern Okeechobee Inflow,03090102,792856358.601,3090102,Seminole Electric Cooperative
Western Okeechobee Inflow,03090103,2084522889.04,3090103,Duke Energy Florida Inc
Western Okeechobee Inflow,03090103,2084522889.04,3090103,Seminole Electric Cooperative
Lake Okeechobee,03090201,2243185218.72,3090201,Florida Power & Light Company
Lake Okeechobee,03090201,2243185218.72,3090201,Florida Municipal Power Pool
Everglades,03090202,11458516393,3090202,Florida Power & Light Company
,,,3090203,
Big Cypress Swamp,03090204,7381296087.61,3090204,Florida Power & Light Company
Caloosahatchee,03090205,3635378732.48,3090205,Duke Energy Florida Inc
Caloosahatchee,03090205,3635378732.48,3090205,Florida Power & Light Company
Caloosahatchee,03090205,3635378732.48,3090205,Seminole Electric Cooperative
Florida Southeast Coast,03090206,8102136484.53,3090206,Florida Power & Light Company
Florida Southeast Coast,03090206,8102136484.53,3090206,Florida Municipal Power Pool
Peace,03100101,6067173282.76,3100101,Duke Energy Florida Inc
Peace,03100101,6067173282.76,3100101,Seminole Electric Cooperative
Myakka,03100102,1557987203.63,3100102,Florida Power & Light Company
Myakka,03100102,1557987203.63,3100102,Seminole Electric Cooperative
Charlotte Harbor,03100103,1570891683.04,3100103,Florida Power & Light Company
Sarasota Bay,03100201,1035479568.37,3100201,Florida Power & Light Company
Manatee,03100202,943997831.434,3100202,Florida Power & Light Company
Manatee,03100202,943997831.434,3100202,Seminole Electric Cooperative
Little Manatee,03100203,586813997.386,3100203,Duke Energy Florida Inc
Little Manatee,03100203,586813997.386,3100203,Tampa Electric Company
Alafia,03100204,1091837997.45,3100204,Duke Energy Florida Inc
Alafia,03100204,1091837997.45,3100204,Tampa Electric Company
Hillsborough,03100205,1699386520.65,3100205,Duke Energy Florida Inc
Hillsborough,03100205,1699386520.65,3100205,Tampa Electric Company
Tampa Bay,03100206,2264363163.54,3100206,Duke Energy Florida Inc
Tampa Bay,03100206,2264363163.54,3100206,Tampa Electric Company
Crystal-Pithlachascotee,03100207,3040497085.15,3100207,Duke Energy Florida Inc
Crystal-Pithlachascotee,03100207,3040497085.15,3100207,Seminole Electric Cooperative
Withlacoochee,03100208,5395461802.33,3100208,Duke Energy Florida Inc
Withlacoochee,03100208,5395461802.33,3100208,Seminole Electric Cooperative
Waccasassa,03110101,2334251736.31,3110101,Duke Energy Florida Inc
Waccasassa,03110101,2334251736.31,3110101,Seminole Electric Cooperative
Econfina-Steinhatchee,03110102,4811542980.31,3110102,Duke Energy Florida Inc
Econfina-Steinhatchee,03110102,4811542980.31,3110102,Seminole Electric Cooperative
Aucilla,03110103,2467813572.46,3110103,Duke Energy Florida Inc
Aucilla,03110103,2467813572.46,3110103,Seminole Electric Cooperative
Upper Suwannee,03110201,6849083009.06,3110201,"Southern Company Services, Inc. - Trans"
Alapaha,03110202,4664261783.71,3110202,"Southern Company Services, Inc. - Trans"
Withlacoochee,03110203,3904550377.22,3110203,"Southern Company Services, Inc. - Trans"
Little,03110204,2309514969.77,3110204,"Southern Company Services, Inc. - Trans"
Lower Suwannee,03110205,4091733134.62,3110205,Duke Energy Florida Inc
Lower Suwannee,03110205,4091733134.62,3110205,Seminole Electric Cooperative
Santa Fe,03110206,3581150194.16,3110206,Florida Power & Light Company
Santa Fe,03110206,3581150194.16,3110206,Seminole Electric Cooperative
Apalachee Bay-St. Marks,03120001,3057942595.32,3120001,Duke Energy Florida Inc
Upper Ochlockonee,03120002,2404356042.28,3120002,"Southern Company Services, Inc. - Trans"
Lower Ochlockonee,03120003,4027034477.46,3120003,Duke Energy Florida Inc
Lower Ochlockonee,03120003,4027034477.46,3120003,Seminole Electric Cooperative
Upper Chattahoochee,03130001,4106242692.6,3130001,"Southern Company Services, Inc. - Trans"
Middle Chattahoochee-Lake Harding,03130002,7876587379.79,3130002,"Southern Company Services, Inc. - Trans"
Middle Chattahoochee-Walter F,03130003,7347619434.99,3130003,"Southern Company Services, Inc. - Trans"
Middle Chattahoochee-Walter F,03130003,7347619434.99,3130003,PowerSouth Energy Cooperative
Lower Chattahoochee,03130004,3222432529.75,3130004,"Southern Company Services, Inc. - Trans"
Lower Chattahoochee,03130004,3222432529.75,3130004,Southeastern Power Administration
Upper Flint,03130005,6811791012.64,3130005,"Southern Company Services, Inc. - Trans"
Middle Flint,03130006,4034768999.13,3130006,"Southern Company Services, Inc. - Trans"
Kinchafoonee-Muckalee,03130007,2851865742.1,3130007,"Southern Company Services, Inc. - Trans"
Lower Flint,03130008,3301424638.26,3130008,"Southern Company Services, Inc. - Trans"
Ichawaynochaway,03130009,2859453673.26,3130009,"Southern Company Services, Inc. - Trans"
Spring,03130010,2041231597.16,3130010,"Southern Company Services, Inc. - Trans"
Spring,03130010,2041231597.16,3130010,Southeastern Power Administration
Apalachicola,03130011,2895220483.46,3130011,Duke Energy Florida Inc
Apalachicola,03130011,2895220483.46,3130011,Seminole Electric Cooperative
Apalachicola,03130011,2895220483.46,3130011,JEA
Chipola,03130012,3347455021.51,3130012,"Southern Company Services, Inc. - Trans"
Chipola,03130012,3347455021.51,3130012,PowerSouth Energy Cooperative
Chipola,03130012,3347455021.51,3130012,JEA
New,03130013,1330090031.67,3130013,Duke Energy Florida Inc
,,,3130014,
St. Andrews-St. Joseph Bays,03140101,3493552955.03,3140101,"Southern Company Services, Inc. - Trans"
St. Andrews-St. Joseph Bays,03140101,3493552955.03,3140101,Duke Energy Florida Inc
Choctawhatchee Bay,03140102,1781716379.58,3140102,"Southern Company Services, Inc. - Trans"
Yellow,03140103,3559701125.44,3140103,"Southern Company Services, Inc. - Trans"
Yellow,03140103,3559701125.44,3140103,PowerSouth Energy Cooperative
Blackwater,03140104,2239229505.44,3140104,"Southern Company Services, Inc. - Trans"
Blackwater,03140104,2239229505.44,3140104,PowerSouth Energy Cooperative
,,,3140105,
Perdido,03140106,2382092295.11,3140106,"Southern Company Services, Inc. - Trans"
Perdido,03140106,2382092295.11,3140106,PowerSouth Energy Cooperative
Perdido Bay,03140107,754349633.438,3140107,"Southern Company Services, Inc. - Trans"
Perdido Bay,03140107,754349633.438,3140107,PowerSouth Energy Cooperative
Upper Choctawhatchee,03140201,3997296728.11,3140201,"Southern Company Services, Inc. - Trans"
Upper Choctawhatchee,03140201,3997296728.11,3140201,PowerSouth Energy Cooperative
Pea,03140202,4027907284.24,3140202,"Southern Company Services, Inc. - Trans"
Pea,03140202,4027907284.24,3140202,PowerSouth Energy Cooperative
Lower Choctawhatchee,03140203,4026486217.04,3140203,"Southern Company Services, Inc. - Trans"
Lower Choctawhatchee,03140203,4026486217.04,3140203,PowerSouth Energy Cooperative
Upper Conecuh,03140301,2129217371.68,3140301,"Southern Company Services, Inc. - Trans"
Upper Conecuh,03140301,2129217371.68,3140301,PowerSouth Energy Cooperative
Patsaliga,03140302,1554459376.47,3140302,"Southern Company Services, Inc. - Trans"
Patsaliga,03140302,1554459376.47,3140302,PowerSouth Energy Cooperative
Sepulga,03140303,2717804314.07,3140303,"Southern Company Services, Inc. - Trans"
Sepulga,03140303,2717804314.07,3140303,PowerSouth Energy Cooperative
Lower Conecuh,03140304,2626468011.04,3140304,"Southern Company Services, Inc. - Trans"
Lower Conecuh,03140304,2626468011.04,3140304,PowerSouth Energy Cooperative
Escambia,03140305,1966863125.83,3140305,"Southern Company Services, Inc. - Trans"
Escambia,03140305,1966863125.83,3140305,PowerSouth Energy Cooperative
Conasauga,03150101,1882996718.88,3150101,"Southern Company Services, Inc. - Trans"
Conasauga,03150101,1882996718.88,3150101,Tennessee Valley Authority
Coosawattee,03150102,2231772892.81,3150102,"Southern Company Services, Inc. - Trans"
Oostanaula,03150103,1453135280.86,3150103,"Southern Company Services, Inc. - Trans"
Oostanaula,03150103,1453135280.86,3150103,Tennessee Valley Authority
Etowah,03150104,4821540471.17,3150104,"Southern Company Services, Inc. - Trans"
Upper Coosa,03150105,4142236699.44,3150105,"Southern Company Services, Inc. - Trans"
Upper Coosa,03150105,4142236699.44,3150105,Tennessee Valley Authority
Middle Coosa,03150106,6691685688.1,3150106,"Southern Company Services, Inc. - Trans"
Middle Coosa,03150106,6691685688.1,3150106,PowerSouth Energy Cooperative
Lower Coosa,03150107,5082523281.18,3150107,"Southern Company Services, Inc. - Trans"
Lower Coosa,03150107,5082523281.18,3150107,PowerSouth Energy Cooperative
Upper Tallapoosa,03150108,3611707450.55,3150108,"Southern Company Services, Inc. - Trans"
Middle Tallapoosa,03150109,4117578635.82,3150109,"Southern Company Services, Inc. - Trans"
Middle Tallapoosa,03150109,4117578635.82,3150109,PowerSouth Energy Cooperative
Lower Tallapoosa,03150110,4411361964.96,3150110,"Southern Company Services, Inc. - Trans"
Upper Alabama,03150201,6193157160.9,3150201,"Southern Company Services, Inc. - Trans"
Upper Alabama,03150201,6193157160.9,3150201,PowerSouth Energy Cooperative
Cahaba,03150202,4723853951.3,3150202,"Southern Company Services, Inc. - Trans"
Middle Alabama,03150203,5774750264.64,3150203,"Southern Company Services, Inc. - Trans"
Middle Alabama,03150203,5774750264.64,3150203,PowerSouth Energy Cooperative
Lower Alabama,03150204,3757575460.74,3150204,"Southern Company Services, Inc. - Trans"
Upper Tombigbee,03160101,4654556069.15,3160101,Tennessee Valley Authority
Town,03160102,1769337467.86,3160102,Tennessee Valley Authority
Buttahatchee,03160103,2239514557.05,3160103,"Southern Company Services, Inc. - Trans"
Tibbee,03160104,2894166128.46,3160104,Tennessee Valley Authority
Luxapallila,03160105,2069625229.4,3160105,"Southern Company Services, Inc. - Trans"
Middle Tombigbee-Lubbub,03160106,4224164957.21,3160106,"Southern Company Services, Inc. - Trans"
Sipsey,03160107,2039901947.93,3160107,"Southern Company Services, Inc. - Trans"
Noxubee,03160108,3674048291.68,3160108,Tennessee Valley Authority
Mulberry,03160109,3554081914.79,3160109,"Southern Company Services, Inc. - Trans"
Mulberry,03160109,3554081914.79,3160109,Tennessee Valley Authority
Sipsey Fork,03160110,2581421705.77,3160110,"Southern Company Services, Inc. - Trans"
Sipsey Fork,03160110,2581421705.77,3160110,Tennessee Valley Authority
Locust,03160111,3134827928.32,3160111,"Southern Company Services, Inc. - Trans"
Upper Black Warrior,03160112,3226451962.82,3160112,"Southern Company Services, Inc. - Trans"
Lower Black Warrior,03160113,3763452806.25,3160113,"Southern Company Services, Inc. - Trans"
Middle Tombigbee-Chickasaw,03160201,5389175289.2,3160201,"Southern Company Services, Inc. - Trans"
Sucarnoochee,03160202,2522820292.37,3160202,"Southern Company Services, Inc. - Trans"
Sucarnoochee,03160202,2522820292.37,3160202,Tennessee Valley Authority
Lower Tombigbee,03160203,4185660125.18,3160203,"Midcontinent Independent Transmission System Operator, Inc.."
Lower Tombigbee,03160203,4185660125.18,3160203,"Southern Company Services, Inc. - Trans"
Lower Tombigbee,03160203,4185660125.18,3160203,PowerSouth Energy Cooperative
Mobile-Tensaw,03160204,2363199763.75,3160204,"Midcontinent Independent Transmission System Operator, Inc.."
Mobile-Tensaw,03160204,2363199763.75,3160204,"Southern Company Services, Inc. - Trans"
,,,3160205,
Chunky-Okatibbee,03170001,2351473300.63,3170001,"Midcontinent Independent Transmission System Operator, Inc.."
Chunky-Okatibbee,03170001,2351473300.63,3170001,"Southern Company Services, Inc. - Trans"
Upper Chickasawhay,03170002,3745405144.86,3170002,"Midcontinent Independent Transmission System Operator, Inc.."
Upper Chickasawhay,03170002,3745405144.86,3170002,"Southern Company Services, Inc. - Trans"
Lower Chickasawhay,03170003,1720972415.47,3170003,"Midcontinent Independent Transmission System Operator, Inc.."
Lower Chickasawhay,03170003,1720972415.47,3170003,"Southern Company Services, Inc. - Trans"
Upper Leaf,03170004,4540510634.53,3170004,"Midcontinent Independent Transmission System Operator, Inc.."
Upper Leaf,03170004,4540510634.53,3170004,"Southern Company Services, Inc. - Trans"
Lower Leaf,03170005,4726867101.75,3170005,"Midcontinent Independent Transmission System Operator, Inc.."
Lower Leaf,03170005,4726867101.75,3170005,"Southern Company Services, Inc. - Trans"
Pascagoula,03170006,1580593810.45,3170006,"Midcontinent Independent Transmission System Operator, Inc.."
Pascagoula,03170006,1580593810.45,3170006,"Southern Company Services, Inc. - Trans"
Black,03170007,3282261132.78,3170007,"Midcontinent Independent Transmission System Operator, Inc.."
Black,03170007,3282261132.78,3170007,"Southern Company Services, Inc. - Trans"
Escatawpa,03170008,2704750966.58,3170008,"Midcontinent Independent Transmission System Operator, Inc.."
Escatawpa,03170008,2704750966.58,3170008,"Southern Company Services, Inc. - Trans"
Mississippi Coastal,03170009,6339389794.76,3170009,"Midcontinent Independent Transmission System Operator, Inc.."
Mississippi Coastal,03170009,6339389794.76,3170009,"Southern Company Services, Inc. - Trans"
Upper Pearl,03180001,6378833240.42,3180001,"Southern Company Services, Inc. - Trans"
Upper Pearl,03180001,6378833240.42,3180001,Tennessee Valley Authority
Middle Pearl-Strong,03180002,5120085855.99,3180002,"Midcontinent Independent Transmission System Operator, Inc.."
Middle Pearl-Silver,03180003,3156237537.84,3180003,"Midcontinent Independent Transmission System Operator, Inc.."
Lower Pearl,03180004,4717208979.5,3180004,"Southern Company Services, Inc. - Trans"
Bogue Chitto,03180005,3130432939.28,3180005,"Midcontinent Independent Transmission System Operator, Inc.."
Baptism-Brule,04010101,4112084563.4,4010101,"Midcontinent Independent Transmission System Operator, Inc.."
Beaver-Lester,04010102,1617999049.02,4010102,"Midcontinent Independent Transmission System Operator, Inc.."
St. Louis,04010201,7617408865.5,4010201,"Midcontinent Independent Transmission System Operator, Inc.."
Cloquet,04010202,2055414584.51,4010202,"Midcontinent Independent Transmission System Operator, Inc.."
Beartrap-Nemadji,04010301,4994652277.6,4010301,"Midcontinent Independent Transmission System Operator, Inc.."
Bad-Montreal,04010302,3369854771.02,4010302,"Midcontinent Independent Transmission System Operator, Inc.."
Black-Presque Isle,04020101,2639297508.65,4020101,"Midcontinent Independent Transmission System Operator, Inc.."
Ontonagan,04020102,3595679045.69,4020102,"Midcontinent Independent Transmission System Operator, Inc.."
Keweenaw Peninsula,04020103,2880920730.42,4020103,"Midcontinent Independent Transmission System Operator, Inc.."
Sturgeon,04020104,1891284179.19,4020104,"Midcontinent Independent Transmission System Operator, Inc.."
Dead-Kelsey,04020105,2407943494.25,4020105,"Midcontinent Independent Transmission System Operator, Inc.."
Betsy-Chocolay,04020201,3023855510.7,4020201,"Midcontinent Independent Transmission System Operator, Inc.."
Tahquamenon,04020202,2097193062.51,4020202,"Midcontinent Independent Transmission System Operator, Inc.."
Waiska,04020203,763996521.557,4020203,"Midcontinent Independent Transmission System Operator, Inc.."
,,,4020300,
Manitowoc-Sheboygan,04030101,4221874259.86,4030101,"Midcontinent Independent Transmission System Operator, Inc.."
Door-Kewaunee,04030102,1984050030.76,4030102,"Midcontinent Independent Transmission System Operator, Inc.."
Duck-Pensaukee,04030103,861907854.282,4030103,"Midcontinent Independent Transmission System Operator, Inc.."
Oconto,04030104,2488702781.31,4030104,"Midcontinent Independent Transmission System Operator, Inc.."
Peshtigo,04030105,3158495007.33,4030105,"Midcontinent Independent Transmission System Operator, Inc.."
Brule,04030106,2724731415.04,4030106,"Midcontinent Independent Transmission System Operator, Inc.."
Michigamme,04030107,1875357383.68,4030107,"Midcontinent Independent Transmission System Operator, Inc.."
Menominee,04030108,5938679858.98,4030108,"Midcontinent Independent Transmission System Operator, Inc.."
Cedar-Ford,04030109,2639910560.16,4030109,"Midcontinent Independent Transmission System Operator, Inc.."
Escanaba,04030110,2402475485.08,4030110,"Midcontinent Independent Transmission System Operator, Inc.."
Tacoosh-Whitefish,04030111,1663606298.31,4030111,"Midcontinent Independent Transmission System Operator, Inc.."
Fishdam-Sturgeon,04030112,1503368703.33,4030112,"Midcontinent Independent Transmission System Operator, Inc.."
Upper Fox,04030201,4196277224.87,4030201,"Midcontinent Independent Transmission System Operator, Inc.."
Wolf,04030202,9650075146.13,4030202,"Midcontinent Independent Transmission System Operator, Inc.."
Lake Winnebago,04030203,1482291539.87,4030203,"Midcontinent Independent Transmission System Operator, Inc.."
Lower Fox,04030204,1678619106.86,4030204,"Midcontinent Independent Transmission System Operator, Inc.."
Little Calumet-Galien,04040001,1787158867.89,4040001,"Midcontinent Independent Transmission System Operator, Inc.."
Pike-Root,04040002,1083552539.46,4040002,"Midcontinent Independent Transmission System Operator, Inc.."
Milwaukee,04040003,2276512613.33,4040003,"Midcontinent Independent Transmission System Operator, Inc.."
St. Joseph,04050001,12206856148.4,4050001,"PJM Interconnection, LLC"
Black-Macatawa,04050002,1574840343.12,4050002,"Midcontinent Independent Transmission System Operator, Inc.."
Kalamazoo,04050003,5261702278.81,4050003,"Midcontinent Independent Transmission System Operator, Inc.."
Kalamazoo,04050003,5261702278.81,4050003,"PJM Interconnection, LLC"
Upper Grand,04050004,4558700082.33,4050004,"Midcontinent Independent Transmission System Operator, Inc.."
Maple,04050005,2449620027.55,4050005,"Midcontinent Independent Transmission System Operator, Inc.."
Lower Grand,04050006,5235974815,4050006,"Midcontinent Independent Transmission System Operator, Inc.."
Thornapple,04050007,2198995056.54,4050007,"Midcontinent Independent Transmission System Operator, Inc.."
Pere Marquette-White,04060101,5395146892.03,4060101,"Midcontinent Independent Transmission System Operator, Inc.."
Muskegon,04060102,7062068092.83,4060102,"Midcontinent Independent Transmission System Operator, Inc.."
Manistee,04060103,5049987849.71,4060103,"Midcontinent Independent Transmission System Operator, Inc.."
Betsie-Platte,04060104,2061235121.23,4060104,"Midcontinent Independent Transmission System Operator, Inc.."
Boardman-Charlevoix,04060105,4320271996.59,4060105,"Midcontinent Independent Transmission System Operator, Inc.."
Manistique,04060106,3810144126.06,4060106,"Midcontinent Independent Transmission System Operator, Inc.."
,,,4060107,
St. Marys,04070001,1137663386.7,4070001,"Midcontinent Independent Transmission System Operator, Inc.."
Carp-Pine,04070002,1696686724.31,4070002,"Midcontinent Independent Transmission System Operator, Inc.."
Lone Lake-Ocqueoc,04070003,2134577759.25,4070003,"Midcontinent Independent Transmission System Operator, Inc.."
Cheboygan,04070004,2315572745.67,4070004,"Midcontinent Independent Transmission System Operator, Inc.."
Black,04070005,1554008830.67,4070005,"Midcontinent Independent Transmission System Operator, Inc.."
Thunder Bay,04070006,3238126807.67,4070006,"Midcontinent Independent Transmission System Operator, Inc.."
Au Sable,04070007,5308069051.94,4070007,"Midcontinent Independent Transmission System Operator, Inc.."
Au Gres-Rifle,04080101,2654368734.61,4080101,"Midcontinent Independent Transmission System Operator, Inc.."
Kawkawlin-Pine,04080102,1257623642.85,4080102,"Midcontinent Independent Transmission System Operator, Inc.."
Pigeon-Wiscoggin,04080103,2333843846.52,4080103,"Midcontinent Independent Transmission System Operator, Inc.."
Birch-Willow,04080104,1360997588.29,4080104,"Midcontinent Independent Transmission System Operator, Inc.."
Tittabawassee,04080201,3748865642.74,4080201,"Midcontinent Independent Transmission System Operator, Inc.."
Pine,04080202,2656315377.83,4080202,"Midcontinent Independent Transmission System Operator, Inc.."
Shiawassee,04080203,3278140997.49,4080203,"Midcontinent Independent Transmission System Operator, Inc.."
Flint,04080204,3445935165.47,4080204,"Midcontinent Independent Transmission System Operator, Inc.."
Cass,04080205,2351366609.66,4080205,"Midcontinent Independent Transmission System Operator, Inc.."
Saginaw,04080206,650728969.224,4080206,"Midcontinent Independent Transmission System Operator, Inc.."
St. Clair,04090001,2997010655.59,4090001,"Midcontinent Independent Transmission System Operator, Inc.."
Lake St. Clair,04090002,662730355.019,4090002,"Midcontinent Independent Transmission System Operator, Inc.."
Clinton,04090003,2064468785.18,4090003,"Midcontinent Independent Transmission System Operator, Inc.."
Detroit,04090004,1518250305.42,4090004,"Midcontinent Independent Transmission System Operator, Inc.."
Huron,04090005,2378308386.59,4090005,"Midcontinent Independent Transmission System Operator, Inc.."
Ottawa-Stony,04100001,1806279626.25,4100001,"Midcontinent Independent Transmission System Operator, Inc.."
Ottawa-Stony,04100001,1806279626.25,4100001,"PJM Interconnection, LLC"
Raisin,04100002,2753305204.31,4100002,"Midcontinent Independent Transmission System Operator, Inc.."
Raisin,04100002,2753305204.31,4100002,"PJM Interconnection, LLC"
St. Joseph,04100003,2832311170.74,4100003,"PJM Interconnection, LLC"
St. Marys,04100004,2054851998.21,4100004,"PJM Interconnection, LLC"
Upper Maumee,04100005,1003290166.1,4100005,"PJM Interconnection, LLC"
Tiffin,04100006,2013990703.93,4100006,"PJM Interconnection, LLC"
Auglaize,04100007,4316142139.2,4100007,"PJM Interconnection, LLC"
Blanchard,04100008,1999400029.85,4100008,"PJM Interconnection, LLC"
Lower Maumee,04100009,2798591571.51,4100009,"PJM Interconnection, LLC"
Cedar-Portage,04100010,2510292280.31,4100010,"PJM Interconnection, LLC"
Sandusky,04100011,4732572158.77,4100011,"PJM Interconnection, LLC"
Huron-Vermilion,04100012,1979828604.08,4100012,"PJM Interconnection, LLC"
Black-Rocky,04110001,2324718805.58,4110001,"PJM Interconnection, LLC"
Cuyahoga,04110002,2101570986,4110002,"PJM Interconnection, LLC"
Ashtabula-Chagrin,04110003,1641532595.78,4110003,"PJM Interconnection, LLC"
Grand,04110004,1827474146.73,4110004,"PJM Interconnection, LLC"
Chautauqua-Conneaut,04120101,2246858632.53,4120101,"PJM Interconnection, LLC"
Cattaraugus,04120102,1449463299.26,4120102,New York Independent System Operator
Buffalo-Eighteenmile,04120103,1856124655,4120103,New York Independent System Operator
Niagara,04120104,2069876559.84,4120104,New York Independent System Operator
Oak Orchard-Twelvemile,04130001,2677635623.83,4130001,New York Independent System Operator
Upper Genesee,04130002,3692144354.8,4130002,New York Independent System Operator
Lower Genesee,04130003,2763586988.72,4130003,New York Independent System Operator
Irondequoit-Ninemile,04140101,1817573322.81,4140101,New York Independent System Operator
Salmon-Sandy,04140102,2521053885.05,4140102,New York Independent System Operator
Seneca,04140201,8961081631.47,4140201,New York Independent System Operator
Oneida,04140202,3879318451.6,4140202,New York Independent System Operator
Oswego,04140203,376545851.857,4140203,New York Independent System Operator
Black,04150101,4938584322.55,4150101,New York Independent System Operator
Chaumont-Perch,04150102,919378338.313,4150102,New York Independent System Operator
Upper St. Lawrence,04150301,1015344327.2,4150301,New York Independent System Operator
Oswegatchie,04150302,2719823849.15,4150302,New York Independent System Operator
Indian,04150303,1456900175.73,4150303,New York Independent System Operator
Grass,04150304,1639380363.74,4150304,New York Independent System Operator
Raquette,04150305,3262446498.47,4150305,New York Independent System Operator
St. Regis,04150306,2250465356.32,4150306,New York Independent System Operator
Salmon,04150307,1071706990.36,4150307,New York Independent System Operator
,,,4150308,
Upper Allegheny,05010001,6711403327.46,5010001,"PJM Interconnection, LLC"
Conewango,05010002,2328983240.43,5010002,New York Independent System Operator
Middle Allegheny-Tionesta,05010003,4361924658.43,5010003,"PJM Interconnection, LLC"
French,05010004,3202703205.8,5010004,"PJM Interconnection, LLC"
Clarion,05010005,3233963112.02,5010005,"PJM Interconnection, LLC"
Middle Allegheny-Redbank,05010006,4361106159.71,5010006,"PJM Interconnection, LLC"
Conemaugh,05010007,3555122202.03,5010007,"PJM Interconnection, LLC"
Kiskiminetas,05010008,1334509703.25,5010008,"PJM Interconnection, LLC"
Lower Allegheny,05010009,1281111491.96,5010009,"PJM Interconnection, LLC"
Tygart Valley,05020001,3562403831.96,5020001,"PJM Interconnection, LLC"
West Fork,05020002,2280211064.51,5020002,"PJM Interconnection, LLC"
Upper Monongahela,05020003,1200878581.13,5020003,"PJM Interconnection, LLC"
Cheat,05020004,3683310296.86,5020004,"PJM Interconnection, LLC"
Lower Monongahela,05020005,3816485175.84,5020005,"PJM Interconnection, LLC"
Youghiogheny,05020006,4561033854.35,5020006,"PJM Interconnection, LLC"
Upper Ohio,05030101,5145181592.64,5030101,"PJM Interconnection, LLC"
Shenango,05030102,2763017639.63,5030102,"PJM Interconnection, LLC"
Mahoning,05030103,2952013723.17,5030103,"PJM Interconnection, LLC"
Beaver,05030104,291346865,5030104,"PJM Interconnection, LLC"
Connoquenessing,05030105,2171214322.88,5030105,"PJM Interconnection, LLC"
Upper Ohio-Wheeling,05030106,3914087962.97,5030106,"PJM Interconnection, LLC"
Little Musringum-Middle Island,05030201,4700605732.45,5030201,"PJM Interconnection, LLC"
Upper Ohio-Shade,05030202,3669741606.11,5030202,"PJM Interconnection, LLC"
Little Kanawha,05030203,5981560551.56,5030203,"PJM Interconnection, LLC"
Hocking,05030204,3098262573.02,5030204,"PJM Interconnection, LLC"
Tuscarawas,05040001,6720144505.31,5040001,"PJM Interconnection, LLC"
Mohican,05040002,2603008182.11,5040002,"PJM Interconnection, LLC"
Walhonding,05040003,3239889929.18,5040003,"PJM Interconnection, LLC"
Muskingum,05040004,4056083534.6,5040004,"PJM Interconnection, LLC"
Wills,05040005,2210150262.05,5040005,"PJM Interconnection, LLC"
Licking,05040006,2020140592.66,5040006,"PJM Interconnection, LLC"
Upper New,05050001,7620598590.09,5050001,"PJM Interconnection, LLC"
Middle New,05050002,4351577824.16,5050002,"PJM Interconnection, LLC"
Greenbrier,05050003,4260408819.86,5050003,"PJM Interconnection, LLC"
Lower New,05050004,1790984653.42,5050004,"PJM Interconnection, LLC"
Gauley,05050005,3679959138.74,5050005,"PJM Interconnection, LLC"
Upper Kanawha,05050006,1344253484.21,5050006,"PJM Interconnection, LLC"
Elk,05050007,3970965708.75,5050007,"PJM Interconnection, LLC"
Lower Kanawha,05050008,2393906740.18,5050008,"PJM Interconnection, LLC"
Coal,05050009,2311216850.85,5050009,"PJM Interconnection, LLC"
Upper Scioto,05060001,8277104590.81,5060001,"PJM Interconnection, LLC"
Lower Scioto,05060002,5633387907.38,5060002,"PJM Interconnection, LLC"
Paint,05060003,2956236086.37,5060003,"PJM Interconnection, LLC"
Upper Guyandotte,05070101,2434045566.25,5070101,"PJM Interconnection, LLC"
Lower Guyandotte,05070102,1916990825.81,5070102,"PJM Interconnection, LLC"
Tug,05070201,4030392736.45,5070201,"PJM Interconnection, LLC"
Upper Levisa,05070202,3141366140.03,5070202,"PJM Interconnection, LLC"
Lower Levisa,05070203,2884082734.14,5070203,"PJM Interconnection, LLC"
Big Sandy,05070204,1062987046.24,5070204,"PJM Interconnection, LLC"
"Upper Great Miami, Indiana, Ohio",05080001,6506684600.22,5080001,"PJM Interconnection, LLC"
"Lower Great Miami, Indiana, Ohio",05080002,3576604782.6,5080002,"PJM Interconnection, LLC"
Whitewater,05080003,3816992084.9,5080003,"Midcontinent Independent Transmission System Operator, Inc.."
Raccoon-Symmes,05090101,3778868653.2,5090101,"PJM Interconnection, LLC"
Twelvepole,05090102,1145640294.8,5090102,"PJM Interconnection, LLC"
Little Scioto-Tygarts,05090103,2610037697.16,5090103,"PJM Interconnection, LLC"
Little Sandy,05090104,1875787505.22,5090104,"PJM Interconnection, LLC"
Ohio Brush-Whiteoak,05090201,5438855870.23,5090201,"PJM Interconnection, LLC"
Little Miami,05090202,4552889996.64,5090202,"PJM Interconnection, LLC"
Midle Ohio-Laughery,05090203,3653104670.9,5090203,"Midcontinent Independent Transmission System Operator, Inc.."
Licking,05100101,7196368864.17,5100101,"PJM Interconnection, LLC"
South Fork Licking,05100102,2401483854.12,5100102,"PJM Interconnection, LLC"
North Fork Kentucky,05100201,3428884057.55,5100201,"PJM Interconnection, LLC"
Middle Fork Kentucky,05100202,1448164493.88,5100202,"PJM Interconnection, LLC"
South Fork Kentucky,05100203,1937287677.47,5100203,"PJM Interconnection, LLC"
Upper Kentucky,05100204,2832792443.43,5100204,"PJM Interconnection, LLC"
Lower Kentucky,05100205,8393847257.31,5100205,Los Angeles Department of Water and Power
Upper Green,05110001,8133873064.91,5110001,"PJM Interconnection, LLC"
Barren,05110002,5866421571.35,5110002,Tennessee Valley Authority
Middle Green,05110003,2661482807.53,5110003,Tennessee Valley Authority
Rough,05110004,2799618361.76,5110004,"Midcontinent Independent Transmission System Operator, Inc.."
Lower Green,05110005,2390707322.67,5110005,"Midcontinent Independent Transmission System Operator, Inc.."
Pond,05110006,2064755130.32,5110006,Los Angeles Department of Water and Power
Upper Wabash,05120101,4230048382.99,5120101,"PJM Interconnection, LLC"
Salamonie,05120102,1450702426.95,5120102,"PJM Interconnection, LLC"
Mississinewa,05120103,2114939696.69,5120103,"PJM Interconnection, LLC"
Eel,05120104,2112878374.6,5120104,"Midcontinent Independent Transmission System Operator, Inc.."
Eel,05120104,2112878374.6,5120104,"PJM Interconnection, LLC"
Middle Wabash-Deer,05120105,1732773380.9,5120105,"Midcontinent Independent Transmission System Operator, Inc.."
Middle Wabash-Deer,05120105,1732773380.9,5120105,"PJM Interconnection, LLC"
Tippecanoe,05120106,5049451737.86,5120106,"Midcontinent Independent Transmission System Operator, Inc.."
Wildcat,05120107,2084394469.58,5120107,"Midcontinent Independent Transmission System Operator, Inc.."
Middle Wabash-Little Vermilion,05120108,5891512695.73,5120108,"Midcontinent Independent Transmission System Operator, Inc.."
Vermilion,05120109,3708426750.6,5120109,"Midcontinent Independent Transmission System Operator, Inc.."
Sugar,05120110,2101235202.43,5120110,"Midcontinent Independent Transmission System Operator, Inc.."
Sugar,05120110,2101235202.43,5120110,"PJM Interconnection, LLC"
Middle Wabash-Busseron,05120111,5252934435.09,5120111,"Midcontinent Independent Transmission System Operator, Inc.."
Embarras,05120112,6308816329.5,5120112,"Midcontinent Independent Transmission System Operator, Inc.."
Lower Wabash,05120113,3396619639.75,5120113,"Midcontinent Independent Transmission System Operator, Inc.."
Little Wabash,05120114,5547815785.42,5120114,"Midcontinent Independent Transmission System Operator, Inc.."
Skillet,05120115,2750767002.07,5120115,"Midcontinent Independent Transmission System Operator, Inc.."
Upper White,05120201,7047766158.64,5120201,"Midcontinent Independent Transmission System Operator, Inc.."
Lower White,05120202,4333855712.61,5120202,"Midcontinent Independent Transmission System Operator, Inc.."
Eel,05120203,3128582008.75,5120203,"Midcontinent Independent Transmission System Operator, Inc.."
Driftwood,05120204,3018632635.41,5120204,"Midcontinent Independent Transmission System Operator, Inc.."
Flatrock-Haw,05120205,1548958978.39,5120205,"Midcontinent Independent Transmission System Operator, Inc.."
Upper East Fork White,05120206,2102740443.81,5120206,"Midcontinent Independent Transmission System Operator, Inc.."
Muscatatuck,05120207,2953711455.03,5120207,"Midcontinent Independent Transmission System Operator, Inc.."
Lower East Fork White,05120208,5254173190.41,5120208,"Midcontinent Independent Transmission System Operator, Inc.."
Patoka,05120209,2231748901.54,5120209,"Midcontinent Independent Transmission System Operator, Inc.."
Upper Cumberland,05130101,6038401143.61,5130101,"PJM Interconnection, LLC"
Rockcastle,05130102,1977511658.07,5130102,"PJM Interconnection, LLC"
Upper Cumberland-Lake Cumberland,05130103,4874848328.42,5130103,"PJM Interconnection, LLC"
South Fork Cumberland,05130104,3581063816.77,5130104,Tennessee Valley Authority
Obey,05130105,2452647174.38,5130105,Tennessee Valley Authority
Upper Cumberland-Cordell Hull Reservoir,05130106,2063966067.45,5130106,Tennessee Valley Authority
Collins,05130107,2039105557.47,5130107,Tennessee Valley Authority
Caney,05130108,4653882340.63,5130108,Tennessee Valley Authority
Lower Cumberland-Old Hickory Lake,05130201,2552946867.01,5130201,Tennessee Valley Authority
Lower Cumberland-Sycamore,05130202,1676908385.09,5130202,Tennessee Valley Authority
Stones,05130203,2423477752.04,5130203,Tennessee Valley Authority
Harpeth,05130204,2245661240.01,5130204,Tennessee Valley Authority
Lower Cumberland,05130205,6044544630.19,5130205,Tennessee Valley Authority
Red,05130206,3765109478.54,5130206,Tennessee Valley Authority
Silver-Little Kentucky,05140101,3267373717.38,5140101,"Midcontinent Independent Transmission System Operator, Inc.."
Salt,05140102,3805287391.63,5140102,"PJM Interconnection, LLC"
Rolling Fork,05140103,3754208863.19,5140103,"PJM Interconnection, LLC"
Blue-Sinking,05140104,4916319449.39,5140104,"Midcontinent Independent Transmission System Operator, Inc.."
Lower Ohio-Little Pigeon,05140201,3613671616.19,5140201,"Midcontinent Independent Transmission System Operator, Inc.."
Highland-Pigeon,05140202,2686609831.53,5140202,"Midcontinent Independent Transmission System Operator, Inc.."
Lower Ohio-Bay,05140203,2706828978.1,5140203,"Midcontinent Independent Transmission System Operator, Inc.."
Saline,05140204,3049353716.86,5140204,"Midcontinent Independent Transmission System Operator, Inc.."
Tradewater,05140205,2442044314.23,5140205,"Midcontinent Independent Transmission System Operator, Inc.."
Lower Ohio,05140206,2393127566.49,5140206,"Midcontinent Independent Transmission System Operator, Inc.."
Lower Ohio,05140206,2393127566.49,5140206,"Electric Energy, Inc."
North Fork Holston,06010101,1882220208.76,6010101,"PJM Interconnection, LLC"
South Fork Holston,06010102,3054444240.58,6010102,"PJM Interconnection, LLC"
"Watauga, North Carolina, Tennessee",06010103,2249024393.1,6010103,Tennessee Valley Authority
Holston,06010104,2589966673.86,6010104,Tennessee Valley Authority
Upper French Broad,06010105,4867731687.41,6010105,Duke Energy Carolinas
Upper French Broad,06010105,4867731687.41,6010105,Duke Energy Progress West
Pigeon,06010106,1785601204.61,6010106,Duke Energy Carolinas
Pigeon,06010106,1785601204.61,6010106,Duke Energy Progress West
Lower French Broad,06010107,2063043189.15,6010107,Tennessee Valley Authority
Nolichucky,06010108,4553981381.62,6010108,Tennessee Valley Authority
Nolichucky,06010108,4553981381.62,6010108,Duke Energy Progress West
Watts Bar Lake,06010201,3505888601.42,6010201,Tennessee Valley Authority
Upper Little Tennessee,06010202,2168552828.15,6010202,Duke Energy Carolinas
Tuckasegee,06010203,1900622167.81,6010203,Duke Energy Carolinas
Tuckasegee,06010203,1900622167.81,6010203,Duke Energy Progress West
Lower Little Tennessee,06010204,2732563919.56,6010204,Tennessee Valley Authority
"Upper Clinch, Tennessee, Virginia",06010205,5091260066.3,6010205,"PJM Interconnection, LLC"
Powell,06010206,2451938160.08,6010206,Tennessee Valley Authority
Powell,06010207,1640977078.49,6010207,Tennessee Valley Authority
Emory,06010208,2250363951.8,6010208,Tennessee Valley Authority
Middle Tennessee-Chickamauga,06020001,4827975817.61,6020001,Tennessee Valley Authority
Hiwassee,06020002,5325521657.43,6020002,Tennessee Valley Authority
Hiwassee,06020002,5325521657.43,6020002,Duke Energy Carolinas
Ocoee,06020003,1654942592.66,6020003,Tennessee Valley Authority
Sequatchie,06020004,1558087625.2,6020004,Tennessee Valley Authority
Guntersville Lake,06030001,5173603831.08,6030001,Tennessee Valley Authority
Wheeler Lake,06030002,7493159172.38,6030002,Tennessee Valley Authority
Upper Elk,06030003,3324381730.96,6030003,Tennessee Valley Authority
Lower Elk,06030004,2496927967.93,6030004,Tennessee Valley Authority
Pickwick Lake,06030005,5911389866.81,6030005,Tennessee Valley Authority
Bear,06030006,2444269087.02,6030006,"Southern Company Services, Inc. - Trans"
Bear,06030006,2444269087.02,6030006,Tennessee Valley Authority
Lower Tennessee-Beech,06040001,5403436300.46,6040001,Tennessee Valley Authority
Upper Duck,06040002,3058964471.62,6040002,Tennessee Valley Authority
Lower Duck,06040003,4005755362.07,6040003,Tennessee Valley Authority
Buffalo,06040004,1975221543.64,6040004,Tennessee Valley Authority
Kentucky Lake,06040005,4700860905.46,6040005,Tennessee Valley Authority
Lower Tennessee,06040006,1807448714.98,6040006,Tennessee Valley Authority
Mississippi Headwaters,07010101,4974547190.12,7010101,"Midcontinent Independent Transmission System Operator, Inc.."
Leech Lake,07010102,3473870631.78,7010102,"Midcontinent Independent Transmission System Operator, Inc.."
Prairie-Willow,07010103,5397812086.5,7010103,"Midcontinent Independent Transmission System Operator, Inc.."
Elk-Nokasippi,07010104,4369659396.03,7010104,"Midcontinent Independent Transmission System Operator, Inc.."
Pine,07010105,2020567548.16,7010105,"Midcontinent Independent Transmission System Operator, Inc.."
Crow Wing,07010106,5133431079.79,7010106,"Midcontinent Independent Transmission System Operator, Inc.."
Redeye,07010107,2315270737.31,7010107,"Midcontinent Independent Transmission System Operator, Inc.."
Long Prairie,07010108,2292926742.22,7010108,"Midcontinent Independent Transmission System Operator, Inc.."
Platte-Spunk,07010201,2658451997.97,7010201,"Midcontinent Independent Transmission System Operator, Inc.."
Sauk,07010202,2699044222.3,7010202,"Midcontinent Independent Transmission System Operator, Inc.."
Clearwater-Elk,07010203,2905025698.11,7010203,"Midcontinent Independent Transmission System Operator, Inc.."
Crow,07010204,3825411063.05,7010204,"Midcontinent Independent Transmission System Operator, Inc.."
South Fork Crow,07010205,3312274650.74,7010205,"Midcontinent Independent Transmission System Operator, Inc.."
Twin Cities,07010206,2609523283.02,7010206,"Midcontinent Independent Transmission System Operator, Inc.."
Rum,07010207,4096402567.34,7010207,"Midcontinent Independent Transmission System Operator, Inc.."
Upper Minnesota,07020001,5515235856.68,7020001,"Midcontinent Independent Transmission System Operator, Inc.."
Upper Minnesota,07020001,5515235856.68,7020001,Southwest Power Pool
Upper Minnesota,07020001,5515235856.68,7020001,Western Area Power Administration - Rocky Mountain Region
Pomme De Terre,07020002,2266567182.89,7020002,"Midcontinent Independent Transmission System Operator, Inc.."
Lac Qui Parle,07020003,2840214173.14,7020003,"Midcontinent Independent Transmission System Operator, Inc.."
Lac Qui Parle,07020003,2840214173.14,7020003,Southwest Power Pool
Hawk-Yellow Medicine,07020004,5392688078.72,7020004,"Midcontinent Independent Transmission System Operator, Inc.."
Hawk-Yellow Medicine,07020004,5392688078.72,7020004,Southwest Power Pool
Chippewa,07020005,5376201083,7020005,"Midcontinent Independent Transmission System Operator, Inc.."
Redwood,07020006,1810315737.39,7020006,Southwest Power Pool
Middle Minnesota,07020007,3489378675.4,7020007,"Midcontinent Independent Transmission System Operator, Inc.."
Cottonwood,07020008,3405822250.73,7020008,"Midcontinent Independent Transmission System Operator, Inc.."
Blue Earth,07020009,4056369975.43,7020009,"Midcontinent Independent Transmission System Operator, Inc.."
Watonwan,07020010,2262849911,7020010,"Midcontinent Independent Transmission System Operator, Inc.."
Le Sueur,07020011,2879800935.43,7020011,"Midcontinent Independent Transmission System Operator, Inc.."
Lower Minnesota,07020012,4755586478.01,7020012,"Midcontinent Independent Transmission System Operator, Inc.."
Upper St. Croix,07030001,5247306853.21,7030001,"Midcontinent Independent Transmission System Operator, Inc.."
Namekagon,07030002,2637995161.7,7030002,"Midcontinent Independent Transmission System Operator, Inc.."
Kettle,07030003,2725402030.67,7030003,"Midcontinent Independent Transmission System Operator, Inc.."
Snake,07030004,2606381464.12,7030004,"Midcontinent Independent Transmission System Operator, Inc.."
Lower St. Croix,07030005,6784095602.19,7030005,"Midcontinent Independent Transmission System Operator, Inc.."
Rush-Vermillion,07040001,2880375473.56,7040001,"Midcontinent Independent Transmission System Operator, Inc.."
Cannon,07040002,3809227026.92,7040002,"Midcontinent Independent Transmission System Operator, Inc.."
Buffalo-Whitewater,07040003,3606267035.01,7040003,"Midcontinent Independent Transmission System Operator, Inc.."
Zumbro,07040004,3682899213.12,7040004,"Midcontinent Independent Transmission System Operator, Inc.."
Trempealeau,07040005,1888901966.92,7040005,"Midcontinent Independent Transmission System Operator, Inc.."
La Crosse-Pine,07040006,1800197022.88,7040006,"Midcontinent Independent Transmission System Operator, Inc.."
Black,07040007,5894476847.24,7040007,"Midcontinent Independent Transmission System Operator, Inc.."
Root,07040008,4310163584.06,7040008,"Midcontinent Independent Transmission System Operator, Inc.."
Upper Chippewa,07050001,5003130655.23,7050001,"Midcontinent Independent Transmission System Operator, Inc.."
Flambeau,07050002,3050574867.76,7050002,"Midcontinent Independent Transmission System Operator, Inc.."
South Fork Flambeau,07050003,1915074283.07,7050003,"Midcontinent Independent Transmission System Operator, Inc.."
Jump,07050004,2213028486.55,7050004,"Midcontinent Independent Transmission System Operator, Inc.."
Lower Chippewa,07050005,5334845966.47,7050005,"Midcontinent Independent Transmission System Operator, Inc.."
Eau Claire,07050006,2289023557.18,7050006,"Midcontinent Independent Transmission System Operator, Inc.."
Red Cedar,07050007,4897401062.07,7050007,"Midcontinent Independent Transmission System Operator, Inc.."
Coon-Yellow,07060001,3688490645.64,7060001,"Midcontinent Independent Transmission System Operator, Inc.."
Upper Iowa,07060002,2588685473.51,7060002,"Midcontinent Independent Transmission System Operator, Inc.."
Grant-Little Maquoketa,07060003,2898316202.43,7060003,"Midcontinent Independent Transmission System Operator, Inc.."
Turkey,07060004,4387237294.42,7060004,"Midcontinent Independent Transmission System Operator, Inc.."
Apple-Plum,07060005,3849781596.95,7060005,"Midcontinent Independent Transmission System Operator, Inc.."
Apple-Plum,07060005,3849781596.95,7060005,"PJM Interconnection, LLC"
Maquoketa,07060006,4844030814.21,7060006,"Midcontinent Independent Transmission System Operator, Inc.."
Upper Wisconsin,07070001,5645615573.64,7070001,"Midcontinent Independent Transmission System Operator, Inc.."
Lake Dubay,07070002,7043236224.04,7070002,"Midcontinent Independent Transmission System Operator, Inc.."
Castle Rock,07070003,8415947793.66,7070003,"Midcontinent Independent Transmission System Operator, Inc.."
Baraboo,07070004,1697371963.38,7070004,"Midcontinent Independent Transmission System Operator, Inc.."
Lower Wisconsin,07070005,6116384631,7070005,"Midcontinent Independent Transmission System Operator, Inc.."
Kickapoo,07070006,1988354814.96,7070006,"Midcontinent Independent Transmission System Operator, Inc.."
Copperas-Duck,07080101,2568512106.39,7080101,"Midcontinent Independent Transmission System Operator, Inc.."
Upper Wapsipinicon,07080102,4060526021.53,7080102,"Midcontinent Independent Transmission System Operator, Inc.."
Lower Wapsipinicon,07080103,2541826779.8,7080103,"Midcontinent Independent Transmission System Operator, Inc.."
Flint-Henderson,07080104,6257378879.01,7080104,"Midcontinent Independent Transmission System Operator, Inc.."
South Skunk,07080105,4774748010.95,7080105,"Midcontinent Independent Transmission System Operator, Inc.."
North Skunk,07080106,2259607467.5,7080106,"Midcontinent Independent Transmission System Operator, Inc.."
Skunk,07080107,4231116420.03,7080107,"Midcontinent Independent Transmission System Operator, Inc.."
Skunk,07080107,4231116420.03,7080107,"Associated Electric Cooperative, Inc."
Upper Cedar,07080201,4362974526.05,7080201,"Midcontinent Independent Transmission System Operator, Inc.."
Shell Rock,07080202,2797786454.2,7080202,"Midcontinent Independent Transmission System Operator, Inc.."
Winnebago,07080203,1782950411.65,7080203,"Midcontinent Independent Transmission System Operator, Inc.."
West Fork Cedar,07080204,2230295730.05,7080204,"Midcontinent Independent Transmission System Operator, Inc.."
Middle Cedar,07080205,6259590464.36,7080205,"Midcontinent Independent Transmission System Operator, Inc.."
Lower Cedar,07080206,2845966831.96,7080206,"Midcontinent Independent Transmission System Operator, Inc.."
Upper Iowa,07080207,3770970501.04,7080207,"Midcontinent Independent Transmission System Operator, Inc.."
Middle Iowa,07080208,4292362111.67,7080208,"Midcontinent Independent Transmission System Operator, Inc.."
Lower Iowa,07080209,4366127776.6,7080209,"Midcontinent Independent Transmission System Operator, Inc.."
Upper Rock,07090001,4902793101.06,7090001,"Midcontinent Independent Transmission System Operator, Inc.."
Crawfish,07090002,4743261326.15,7090002,"Midcontinent Independent Transmission System Operator, Inc.."
Pecatonica,07090003,4869565585.74,7090003,"Midcontinent Independent Transmission System Operator, Inc.."
Sugar,07090004,1969811165.96,7090004,"Midcontinent Independent Transmission System Operator, Inc.."
Lower Rock,07090005,5616763215.11,7090005,"PJM Interconnection, LLC"
Kishwaukee,07090006,3250091675.21,7090006,"Midcontinent Independent Transmission System Operator, Inc.."
Kishwaukee,07090006,3250091675.21,7090006,"PJM Interconnection, LLC"
Green,07090007,2923641966.92,7090007,"Midcontinent Independent Transmission System Operator, Inc.."
Green,07090007,2923641966.92,7090007,"PJM Interconnection, LLC"
Des Moines Headwaters,07100001,3227622810.89,7100001,"Midcontinent Independent Transmission System Operator, Inc.."
Upper Des Moines,07100002,2786657880.93,7100002,"Midcontinent Independent Transmission System Operator, Inc.."
Upper Des Moines,07100002,2786657880.93,7100002,Southwest Power Pool
East Fork Des Moines,07100003,3383483523.25,7100003,"Midcontinent Independent Transmission System Operator, Inc.."
Middle Des Moines,07100004,4468893260.18,7100004,"Midcontinent Independent Transmission System Operator, Inc.."
Boone,07100005,2352855392.94,7100005,"Midcontinent Independent Transmission System Operator, Inc.."
Boone,07100005,2352855392.94,7100005,Southwest Power Pool
North Raccoon,07100006,6399535825.22,7100006,"Midcontinent Independent Transmission System Operator, Inc.."
South Raccoon,07100007,2944481507.18,7100007,"Midcontinent Independent Transmission System Operator, Inc.."
South Raccoon,07100007,2944481507.18,7100007,Southwest Power Pool
Lake Red Rock,07100008,6326280533.5,7100008,"Midcontinent Independent Transmission System Operator, Inc.."
Lower Des Moines,07100009,5546966178.73,7100009,"Midcontinent Independent Transmission System Operator, Inc.."
Lower Des Moines,07100009,5546966178.73,7100009,"Associated Electric Cooperative, Inc."
Bear-Wyaconda,07110001,4470995753.85,7110001,"Midcontinent Independent Transmission System Operator, Inc.."
Bear-Wyaconda,07110001,4470995753.85,7110001,"Associated Electric Cooperative, Inc."
North Fabius,07110002,2371958765.1,7110002,"Midcontinent Independent Transmission System Operator, Inc.."
North Fabius,07110002,2371958765.1,7110002,"Associated Electric Cooperative, Inc."
South Fabius,07110003,1605276709.91,7110003,"Midcontinent Independent Transmission System Operator, Inc.."
South Fabius,07110003,1605276709.91,7110003,"Associated Electric Cooperative, Inc."
The Sny,07110004,5146745894.42,7110004,"Midcontinent Independent Transmission System Operator, Inc.."
The Sny,07110004,5146745894.42,7110004,"Associated Electric Cooperative, Inc."
North Fork Salt,07110005,2314544788.23,7110005,"Midcontinent Independent Transmission System Operator, Inc.."
North Fork Salt,07110005,2314544788.23,7110005,"Associated Electric Cooperative, Inc."
South Fork Salt,07110006,3143600246.16,7110006,"Associated Electric Cooperative, Inc."
Salt,07110007,2056517435.67,7110007,"Midcontinent Independent Transmission System Operator, Inc.."
Salt,07110007,2056517435.67,7110007,"Associated Electric Cooperative, Inc."
Cuivre,07110008,3268137447.99,7110008,"Midcontinent Independent Transmission System Operator, Inc.."
Cuivre,07110008,3268137447.99,7110008,"Associated Electric Cooperative, Inc."
Peruque-Piasa,07110009,1732506200.2,7110009,"Midcontinent Independent Transmission System Operator, Inc.."
Kankakee,07120001,7844705043.12,7120001,"Midcontinent Independent Transmission System Operator, Inc.."
Iroquois,07120002,5534409512.07,7120002,"Midcontinent Independent Transmission System Operator, Inc.."
Chicago,07120003,1698070460.27,7120003,"PJM Interconnection, LLC"
Des Plaines,07120004,3769717090.74,7120004,"PJM Interconnection, LLC"
Upper Illinois,07120005,2606490897.66,7120005,"PJM Interconnection, LLC"
Upper Fox,07120006,3999288308.86,7120006,"Midcontinent Independent Transmission System Operator, Inc.."
Lower Fox,07120007,2857071991.28,7120007,"PJM Interconnection, LLC"
Lower Illinois-Senachwine Lake,07130001,5075924820.72,7130001,"Midcontinent Independent Transmission System Operator, Inc.."
Vermilion,07130002,3452857109.16,7130002,"Midcontinent Independent Transmission System Operator, Inc.."
Vermilion,07130002,3452857109.16,7130002,"PJM Interconnection, LLC"
Lower Illinois-Lake Chautauqua,07130003,4202793135.22,7130003,"Midcontinent Independent Transmission System Operator, Inc.."
Mackinaw,07130004,2976155925.08,7130004,"Midcontinent Independent Transmission System Operator, Inc.."
Spoon,07130005,4831219851.78,7130005,"Midcontinent Independent Transmission System Operator, Inc.."
Upper Sangamon,07130006,3732179878.4,7130006,"Midcontinent Independent Transmission System Operator, Inc.."
South Fork Sangamon,07130007,3029596494.7,7130007,"Midcontinent Independent Transmission System Operator, Inc.."
Lower Sangamon,07130008,2311109099.38,7130008,"Midcontinent Independent Transmission System Operator, Inc.."
Salt,07130009,4836362288.2,7130009,"Midcontinent Independent Transmission System Operator, Inc.."
La Moine,07130010,3494643179.84,7130010,"Midcontinent Independent Transmission System Operator, Inc.."
Lower Illinois,07130011,5886710289.77,7130011,"Midcontinent Independent Transmission System Operator, Inc.."
Macoupin,07130012,2524210372.53,7130012,"Midcontinent Independent Transmission System Operator, Inc.."
Cahokia-Joachim,07140101,4262718389.59,7140101,"Midcontinent Independent Transmission System Operator, Inc.."
Meramec,07140102,5568381765.01,7140102,"Associated Electric Cooperative, Inc."
Bourbeuse,07140103,2185121281.37,7140103,"Midcontinent Independent Transmission System Operator, Inc.."
Bourbeuse,07140103,2185121281.37,7140103,"Associated Electric Cooperative, Inc."
Big,07140104,2512800705.71,7140104,"Midcontinent Independent Transmission System Operator, Inc.."
Upper Mississippi-Cape Girardeau,07140105,4472943199.39,7140105,"Midcontinent Independent Transmission System Operator, Inc.."
Big Muddy,07140106,6178522345.65,7140106,"Midcontinent Independent Transmission System Operator, Inc.."
Whitewater,07140107,3088162939.17,7140107,"Midcontinent Independent Transmission System Operator, Inc.."
Whitewater,07140107,3088162939.17,7140107,"Associated Electric Cooperative, Inc."
Cache,07140108,946317627.831,7140108,"Midcontinent Independent Transmission System Operator, Inc.."
Upper Kaskaskia,07140201,4062656010.66,7140201,"Midcontinent Independent Transmission System Operator, Inc.."
Middle Kaskaskia,07140202,4449874677.16,7140202,"Midcontinent Independent Transmission System Operator, Inc.."
Shoal,07140203,2373759428.79,7140203,"Midcontinent Independent Transmission System Operator, Inc.."
Lower Kaskaskia,07140204,4160701289.31,7140204,"Midcontinent Independent Transmission System Operator, Inc.."
Lower Mississippi-Memphis,08010100,2842158963.11,8010100,Tennessee Valley Authority
Bayou De Chien-Mayfield,08010201,2513552611.33,8010201,Tennessee Valley Authority
Obion,08010202,3406936741.89,8010202,Tennessee Valley Authority
South Fork Obion,08010203,2998577129.52,8010203,Tennessee Valley Authority
North Fork Forked Deer,08010204,2471417526.49,8010204,Tennessee Valley Authority
South Fork Forked Deer,08010205,2748170757.65,8010205,Tennessee Valley Authority
Forked Deer,08010206,184397971.802,8010206,Tennessee Valley Authority
Upper Hatchie,08010207,2967967644.39,8010207,Tennessee Valley Authority
Lower Hatchie,08010208,3791223267.82,8010208,Tennessee Valley Authority
Loosahatchie,08010209,1921438328.84,8010209,Tennessee Valley Authority
Wolf,08010210,2111232794.46,8010210,Tennessee Valley Authority
Horn Lake-Nonconnah,08010211,723164534.394,8010211,Tennessee Valley Authority
Lower Mississippi-Helena,08020100,1539406389.4,8020100,"Midcontinent Independent Transmission System Operator, Inc.."
New Madrid-St. Johns,08020201,1782807166.82,8020201,"Midcontinent Independent Transmission System Operator, Inc.."
New Madrid-St. Johns,08020201,1782807166.82,8020201,"Associated Electric Cooperative, Inc."
Upper St. Francis,08020202,3361876625.34,8020202,"Associated Electric Cooperative, Inc."
Lower St. Francis,08020203,9269849989.3,8020203,"Midcontinent Independent Transmission System Operator, Inc.."
Little River Ditches,08020204,6747751317.64,8020204,"Midcontinent Independent Transmission System Operator, Inc.."
Little River Ditches,08020204,6747751317.64,8020204,"Associated Electric Cooperative, Inc."
L'Anguille,08020205,2474473384.24,8020205,"Midcontinent Independent Transmission System Operator, Inc.."
Lower White-Bayou Des Arc,08020301,2942130072.47,8020301,"Midcontinent Independent Transmission System Operator, Inc.."
Cache,08020302,5199171638.19,8020302,"Midcontinent Independent Transmission System Operator, Inc.."
Lower White,08020303,3524465004.9,8020303,"Midcontinent Independent Transmission System Operator, Inc.."
Big,08020304,2453350519.79,8020304,"Midcontinent Independent Transmission System Operator, Inc.."
Lower Arkansas,08020401,1713756734.81,8020401,"Midcontinent Independent Transmission System Operator, Inc.."
Bayou Meto,08020402,2595733865.34,8020402,"Midcontinent Independent Transmission System Operator, Inc.."
Lower Mississippi-Greenville,08030100,1556617072.12,8030100,"Midcontinent Independent Transmission System Operator, Inc.."
Little Tallahatchie,08030201,4269536228.69,8030201,Tennessee Valley Authority
Tallahatchie,08030202,2736205006.95,8030202,"Midcontinent Independent Transmission System Operator, Inc.."
Tallahatchie,08030202,2736205006.95,8030202,Tennessee Valley Authority
Yocona,08030203,1926464314.55,8030203,Tennessee Valley Authority
Coldwater,08030204,4827679695.75,8030204,"Midcontinent Independent Transmission System Operator, Inc.."
Coldwater,08030204,4827679695.75,8030204,Tennessee Valley Authority
Yalobusha,08030205,5918114115.89,8030205,"Midcontinent Independent Transmission System Operator, Inc.."
Yalobusha,08030205,5918114115.89,8030205,Tennessee Valley Authority
Upper Yazoo,08030206,4335705072.35,8030206,"Midcontinent Independent Transmission System Operator, Inc.."
Big Sunflower,08030207,8170066985.78,8030207,"Midcontinent Independent Transmission System Operator, Inc.."
Lower Yazoo,08030208,518950685.194,8030208,"Midcontinent Independent Transmission System Operator, Inc.."
Deer-Steele,08030209,2132253097.86,8030209,"Midcontinent Independent Transmission System Operator, Inc.."
Ouachita Headwaters,08040101,4010002705.59,8040101,"Midcontinent Independent Transmission System Operator, Inc.."
Upper Ouachita,08040102,4540696877.99,8040102,"Midcontinent Independent Transmission System Operator, Inc.."
Little Missouri,08040103,5437735745.58,8040103,"Midcontinent Independent Transmission System Operator, Inc.."
Lower Ouachita-Smackover,08040201,4672395252.86,8040201,"Midcontinent Independent Transmission System Operator, Inc.."
Lower Ouachita-Bayou De Loutre,08040202,3401496462.71,8040202,"Midcontinent Independent Transmission System Operator, Inc.."
Upper Saline,08040203,4442932809.66,8040203,"Midcontinent Independent Transmission System Operator, Inc.."
Lower Saline,08040204,3934660603.22,8040204,"Midcontinent Independent Transmission System Operator, Inc.."
Bayou Bartholomew,08040205,4309665296.62,8040205,"Midcontinent Independent Transmission System Operator, Inc.."
Bayou D'Arbonne,08040206,4974382472.07,8040206,"Midcontinent Independent Transmission System Operator, Inc.."
Lower Ouachita,08040207,1906766169.18,8040207,"Midcontinent Independent Transmission System Operator, Inc.."
Lower Red,08040301,2350194594.56,8040301,"Midcontinent Independent Transmission System Operator, Inc.."
Castor,08040302,2479343547.47,8040302,"Midcontinent Independent Transmission System Operator, Inc.."
Dugdemona,08040303,2420063900.26,8040303,"Midcontinent Independent Transmission System Operator, Inc.."
Little,08040304,2597221776.43,8040304,"Midcontinent Independent Transmission System Operator, Inc.."
Black,08040305,188629876.388,8040305,"Midcontinent Independent Transmission System Operator, Inc.."
Bayou Cocodrie,08040306,1441515604.77,8040306,"Midcontinent Independent Transmission System Operator, Inc.."
Boeuf,08050001,7481480938.73,8050001,"Midcontinent Independent Transmission System Operator, Inc.."
Bayou Macon,08050002,2637496849.62,8050002,"Midcontinent Independent Transmission System Operator, Inc.."
Tensas,08050003,3601209234.62,8050003,"Midcontinent Independent Transmission System Operator, Inc.."
Lower Mississippi-Natchez,08060100,1793027162.18,8060100,"Midcontinent Independent Transmission System Operator, Inc.."
Upper Big Black,08060201,3831854266.38,8060201,"Midcontinent Independent Transmission System Operator, Inc.."
Lower Big Black,08060202,4934397517.7,8060202,"Midcontinent Independent Transmission System Operator, Inc.."
Bayou Pierre,08060203,2772307362.86,8060203,"Midcontinent Independent Transmission System Operator, Inc.."
Coles Creek,08060204,950118330.198,8060204,"Midcontinent Independent Transmission System Operator, Inc.."
Homochitto,08060205,3092044712.93,8060205,"Midcontinent Independent Transmission System Operator, Inc.."
Buffalo,08060206,960132647.505,8060206,"Midcontinent Independent Transmission System Operator, Inc.."
Lower Mississippi-Baton Rouge,08070100,601884535.5,8070100,"Midcontinent Independent Transmission System Operator, Inc.."
Bayou Sara-Thompson,08070201,1799677237.43,8070201,"Midcontinent Independent Transmission System Operator, Inc.."
Amite,08070202,4878896390.59,8070202,"Midcontinent Independent Transmission System Operator, Inc.."
Tickpaw,08070203,1880289866.88,8070203,"Midcontinent Independent Transmission System Operator, Inc.."
Lake Maurepas,08070204,1846393899.87,8070204,"Midcontinent Independent Transmission System Operator, Inc.."
Tangipahoa,08070205,2008395242.97,8070205,"Midcontinent Independent Transmission System Operator, Inc.."
Lower Grand,08070300,2058652996.81,8070300,"Midcontinent Independent Transmission System Operator, Inc.."
No Name Assigned,08080100,4883572533.21,8080100,"Midcontinent Independent Transmission System Operator, Inc.."
Bayou Teche,08080102,5730903792.94,8080102,"Midcontinent Independent Transmission System Operator, Inc.."
Vermillion,08080103,4565810447.4,8080103,"Midcontinent Independent Transmission System Operator, Inc.."
Mermentau Headwaters,08080201,3606638573.28,8080201,"Midcontinent Independent Transmission System Operator, Inc.."
Mermentau,08080202,6107332474.66,8080202,"Midcontinent Independent Transmission System Operator, Inc.."
Upper Calcasieu,08080203,3912173115.12,8080203,"Midcontinent Independent Transmission System Operator, Inc.."
Whiskey Chitto,08080204,2282154852.08,8080204,"Midcontinent Independent Transmission System Operator, Inc.."
West Fork Calcasieu,08080205,1946678526.04,8080205,"Midcontinent Independent Transmission System Operator, Inc.."
Lower Calcasieu,08080206,2859516663.36,8080206,"Midcontinent Independent Transmission System Operator, Inc.."
Lower Mississippi-New Orleans,08090100,1362395725.43,8090100,"Midcontinent Independent Transmission System Operator, Inc.."
Liberty Bayou-Tchefuncta,08090201,1798349305.43,8090201,"Midcontinent Independent Transmission System Operator, Inc.."
Lake Pontchartrain,08090202,1657621835.38,8090202,"Midcontinent Independent Transmission System Operator, Inc.."
Eastern Louisiana Coastal,08090203,8612476903.97,8090203,"Midcontinent Independent Transmission System Operator, Inc.."
East Central Louisiana Coastal,08090301,6341507104.21,8090301,"Midcontinent Independent Transmission System Operator, Inc.."
West Central Louisiana Coastal,08090302,7302163957.31,8090302,"Midcontinent Independent Transmission System Operator, Inc.."
Upper Souris,09010001,5403505740.36,9010001,"Midcontinent Independent Transmission System Operator, Inc.."
Upper Souris,09010001,5403505740.36,9010001,Southwest Power Pool
Des Lacs,09010002,2680718604.38,9010002,"Midcontinent Independent Transmission System Operator, Inc.."
Des Lacs,09010002,2680718604.38,9010002,Southwest Power Pool
Lower Souris,09010003,5953334894.05,9010003,"Midcontinent Independent Transmission System Operator, Inc.."
Lower Souris,09010003,5953334894.05,9010003,Southwest Power Pool
Willow,09010004,4456336494.29,9010004,"Midcontinent Independent Transmission System Operator, Inc.."
Willow,09010004,4456336494.29,9010004,Southwest Power Pool
Deep,09010005,4109477428.33,9010005,"Midcontinent Independent Transmission System Operator, Inc.."
Deep,09010005,4109477428.33,9010005,Southwest Power Pool
Bois De Sioux,09020101,2875039834.01,9020101,"Midcontinent Independent Transmission System Operator, Inc.."
Bois De Sioux,09020101,2875039834.01,9020101,Southwest Power Pool
Mustinka,09020102,2227081336.87,9020102,"Midcontinent Independent Transmission System Operator, Inc.."
Mustinka,09020102,2227081336.87,9020102,Southwest Power Pool
Otter Tail,09020103,4943604772.1,9020103,"Midcontinent Independent Transmission System Operator, Inc.."
Upper Red,09020104,1695546489.12,9020104,"Midcontinent Independent Transmission System Operator, Inc.."
Western Wild Rice,09020105,5793139371.39,9020105,"Midcontinent Independent Transmission System Operator, Inc.."
Western Wild Rice,09020105,5793139371.39,9020105,Southwest Power Pool
Buffalo,09020106,2928948320.65,9020106,"Midcontinent Independent Transmission System Operator, Inc.."
Buffalo,09020106,2928948320.65,9020106,Southwest Power Pool
Elm-Marsh,09020107,2847169623.48,9020107,"Midcontinent Independent Transmission System Operator, Inc.."
Eastern Wild Rice,09020108,4235149485.17,9020108,"Midcontinent Independent Transmission System Operator, Inc.."
Goose,09020109,3276772384.09,9020109,"Midcontinent Independent Transmission System Operator, Inc.."
Devils Lake,09020201,9945399029.8,9020201,"Midcontinent Independent Transmission System Operator, Inc.."
Upper Sheyenne,09020202,4877256985.95,9020202,"Midcontinent Independent Transmission System Operator, Inc.."
Upper Sheyenne,09020202,4877256985.95,9020202,Southwest Power Pool
Middle Sheyenne,09020203,5229072161.68,9020203,"Midcontinent Independent Transmission System Operator, Inc.."
Lower Sheyenne,09020204,4462692868.94,9020204,"Midcontinent Independent Transmission System Operator, Inc.."
Lower Sheyenne,09020204,4462692868.94,9020204,Southwest Power Pool
Maple,09020205,4088971603.36,9020205,"Midcontinent Independent Transmission System Operator, Inc.."
Sandhill-Wilson,09020301,3039772309.04,9020301,"Midcontinent Independent Transmission System Operator, Inc.."
Red Lakes,09020302,5027600682.84,9020302,"Midcontinent Independent Transmission System Operator, Inc.."
Red Lake,09020303,3468135126.36,9020303,"Midcontinent Independent Transmission System Operator, Inc.."
Thief,09020304,2714979255.06,9020304,"Midcontinent Independent Transmission System Operator, Inc.."
Clearwater,09020305,3517875555.96,9020305,"Midcontinent Independent Transmission System Operator, Inc.."
Grand Marais-Red,09020306,1644169334.34,9020306,"Midcontinent Independent Transmission System Operator, Inc.."
Turtle,09020307,1769747911.12,9020307,"Midcontinent Independent Transmission System Operator, Inc.."
Forest,09020308,2425112712.8,9020308,"Midcontinent Independent Transmission System Operator, Inc.."
Snake,09020309,2015854391.6,9020309,"Midcontinent Independent Transmission System Operator, Inc.."
Park,09020310,2472195822.94,9020310,"Midcontinent Independent Transmission System Operator, Inc.."
Lower Red,09020311,3287182749.06,9020311,"Midcontinent Independent Transmission System Operator, Inc.."
Two Rivers,09020312,2850044172.46,9020312,"Midcontinent Independent Transmission System Operator, Inc.."
Pembina,09020313,5022630062.91,9020313,"Midcontinent Independent Transmission System Operator, Inc.."
Roseau,09020314,2750870639.59,9020314,"Midcontinent Independent Transmission System Operator, Inc.."
Rainy Headwaters,09030001,6509945037.14,9030001,"Midcontinent Independent Transmission System Operator, Inc.."
Vermilion,09030002,2678214899.82,9030002,"Midcontinent Independent Transmission System Operator, Inc.."
Rainy Lake,09030003,2360335584.99,9030003,"Midcontinent Independent Transmission System Operator, Inc.."
Upper Rainy,09030004,1333071752.34,9030004,"Midcontinent Independent Transmission System Operator, Inc.."
Little Fork,09030005,4853144911.82,9030005,"Midcontinent Independent Transmission System Operator, Inc.."
Big Fork,09030006,5325936427.14,9030006,"Midcontinent Independent Transmission System Operator, Inc.."
Rapid,09030007,2444646777.53,9030007,"Midcontinent Independent Transmission System Operator, Inc.."
Lower Rainy,09030008,795887031.73,9030008,"Midcontinent Independent Transmission System Operator, Inc.."
Lake of the Woods,09030009,2981817500.47,9030009,"Midcontinent Independent Transmission System Operator, Inc.."
Belly,10010001,475651580.935,10010001,NorthWestern Energy (NWMT)
St. Marys,10010002,1270208024.05,10010002,NorthWestern Energy (NWMT)
Red Rock,10020001,5993470209.38,10020001,NorthWestern Energy (NWMT)
Beaverhead,10020002,3890870251.2,10020002,NorthWestern Energy (NWMT)
Ruby,10020003,2501352296.23,10020003,NorthWestern Energy (NWMT)
Big Hole,10020004,7228265133.77,10020004,NorthWestern Energy (NWMT)
Jefferson,10020005,3366658972.87,10020005,NorthWestern Energy (NWMT)
Boulder,10020006,1965636125.95,10020006,NorthWestern Energy (NWMT)
Madison,10020007,6619584651.34,10020007,NorthWestern Energy (NWMT)
Gallatin,10020008,4784748926.09,10020008,Bonneville Power Administration
Gallatin,10020008,4784748926.09,10020008,NorthWestern Energy (NWMT)
Upper Missouri,10030101,8677172886.44,10030101,NorthWestern Energy (NWMT)
Upper Missouri-Dearborn,10030102,6738029311.38,10030102,NorthWestern Energy (NWMT)
Upper Missouri-Dearborn,10030102,6738029311.38,10030102,Western Area Power Administration UGP West
Smith,10030103,5197374651.74,10030103,NorthWestern Energy (NWMT)
Sun,10030104,4862617261.37,10030104,NorthWestern Energy (NWMT)
Sun,10030104,4862617261.37,10030104,Western Area Power Administration UGP West
Belt,10030105,2069101219.23,10030105,NorthWestern Energy (NWMT)
Belt,10030105,2069101219.23,10030105,Western Area Power Administration UGP West
Two Medicine,10030201,3334427197.78,10030201,NorthWestern Energy (NWMT)
Two Medicine,10030201,3334427197.78,10030201,"NaturEner Power Watch, LLC (GWA)"
Cut Bank,10030202,3109206343.48,10030202,NorthWestern Energy (NWMT)
Cut Bank,10030202,3109206343.48,10030202,"NaturEner Power Watch, LLC (GWA)"
Marias,10030203,9563585338.29,10030203,NorthWestern Energy (NWMT)
Willow,10030204,2571517350.45,10030204,NorthWestern Energy (NWMT)
Teton,10030205,5307753770.36,10030205,NorthWestern Energy (NWMT)
Teton,10030205,5307753770.36,10030205,Western Area Power Administration UGP West
Bullwhacker-Dog,10040101,5009662939.93,10040101,NorthWestern Energy (NWMT)
Arrow,10040102,3295565908.41,10040102,NorthWestern Energy (NWMT)
Arrow,10040102,3295565908.41,10040102,Western Area Power Administration UGP West
Judith,10040103,7162870886.13,10040103,NorthWestern Energy (NWMT)
Judith,10040103,7162870886.13,10040103,Western Area Power Administration UGP West
Fort Peck Reservoir,10040104,13599849888.6,10040104,NorthWestern Energy (NWMT)
Big Dry,10040105,4012574287.02,10040105,Western Area Power Administration UGP West
Little Dry,10040106,3167765776.22,10040106,Western Area Power Administration UGP West
Upper Musselshell,10040201,10400469532.9,10040201,NorthWestern Energy (NWMT)
Upper Musselshell,10040201,10400469532.9,10040201,Western Area Power Administration UGP West
Middle Musselshell,10040202,4984279103.65,10040202,NorthWestern Energy (NWMT)
Middle Musselshell,10040202,4984279103.65,10040202,Western Area Power Administration UGP West
Flatwillow,10040203,1760726524.88,10040203,NorthWestern Energy (NWMT)
Flatwillow,10040203,1760726524.88,10040203,Western Area Power Administration UGP West
Box Elder,10040204,3036775147.45,10040204,NorthWestern Energy (NWMT)
Box Elder,10040204,3036775147.45,10040204,Western Area Power Administration UGP West
Lower Musselshell,10040205,4376080281.37,10040205,Western Area Power Administration UGP West
Milk Headwaters,10050001,1304142409.46,10050001,NorthWestern Energy (NWMT)
Milk Headwaters,10050001,1304142409.46,10050001,"NaturEner Power Watch, LLC (GWA)"
Upper Milk,10050002,2614461009.16,10050002,NorthWestern Energy (NWMT)
Wild Horse Lake,10050003,223599571.773,10050003,NorthWestern Energy (NWMT)
Middle Milk,10050004,9096458918.67,10050004,NorthWestern Energy (NWMT)
Big Sandy,10050005,2090942957.21,10050005,NorthWestern Energy (NWMT)
Sage,10050006,2547549425.44,10050006,NorthWestern Energy (NWMT)
Lodge,10050007,628894130.715,10050007,NorthWestern Energy (NWMT)
Battle,10050008,1218165275.86,10050008,NorthWestern Energy (NWMT)
Peoples,10050009,1839934249.31,10050009,NorthWestern Energy (NWMT)
Cottonwood,10050010,2350223982.18,10050010,NorthWestern Energy (NWMT)
Whitewater,10050011,1380988038,10050011,NorthWestern Energy (NWMT)
Lower Milk,10050012,3949918743.1,10050012,Southwest Power Pool
Lower Milk,10050012,3949918743.1,10050012,NorthWestern Energy (NWMT)
Frenchman,10050013,689179861.33,10050013,NorthWestern Energy (NWMT)
Beaver,10050014,4737588904.5,10050014,NorthWestern Energy (NWMT)
Rock,10050015,2243901867.34,10050015,Southwest Power Pool
Rock,10050015,2243901867.34,10050015,NorthWestern Energy (NWMT)
Porcupine,10050016,1879855133.95,10050016,Southwest Power Pool
Porcupine,10050016,1879855133.95,10050016,NorthWestern Energy (NWMT)
Prairie Elk-Wolf,10060001,5192228162.29,10060001,"Midcontinent Independent Transmission System Operator, Inc.."
Prairie Elk-Wolf,10060001,5192228162.29,10060001,Southwest Power Pool
Prairie Elk-Wolf,10060001,5192228162.29,10060001,NorthWestern Energy (NWMT)
Redwater,10060002,5477842012.25,10060002,"Midcontinent Independent Transmission System Operator, Inc.."
Redwater,10060002,5477842012.25,10060002,Western Area Power Administration UGP West
Poplar,10060003,3364993230.34,10060003,Southwest Power Pool
West Fork Poplar,10060004,2200112011.31,10060004,Southwest Power Pool
Charlie-Little Muddy,10060005,3256790063.85,10060005,"Midcontinent Independent Transmission System Operator, Inc.."
Charlie-Little Muddy,10060005,3256790063.85,10060005,Western Area Power Administration UGP West
Big Muddy,10060006,6670147917.32,10060006,Southwest Power Pool
Brush Lake Closed Basin,10060007,1906822953.89,10060007,"Midcontinent Independent Transmission System Operator, Inc.."
Brush Lake Closed Basin,10060007,1906822953.89,10060007,Southwest Power Pool
Yellowstone Headwaters,10070001,6714843743.07,10070001,Western Area Power Administration - Rocky Mountain Region
Yellowstone Headwaters,10070001,6714843743.07,10070001,PacifiCorp - East
Yellowstone Headwaters,10070001,6714843743.07,10070001,NorthWestern Energy (NWMT)
Upper Yellowstone,10070002,7677132864.77,10070002,Bonneville Power Administration
Upper Yellowstone,10070002,7677132864.77,10070002,NorthWestern Energy (NWMT)
Shields,10070003,2212667522.72,10070003,Bonneville Power Administration
Shields,10070003,2212667522.72,10070003,NorthWestern Energy (NWMT)
Upper Yellowstone-Lake Basin,10070004,4069428291.98,10070004,NorthWestern Energy (NWMT)
Upper Yellowstone-Lake Basin,10070004,4069428291.98,10070004,Western Area Power Administration UGP West
Stillwater,10070005,2762296426.33,10070005,NorthWestern Energy (NWMT)
Clarks Fork Yellowstone,10070006,7233093734.38,10070006,Western Area Power Administration - Rocky Mountain Region
Clarks Fork Yellowstone,10070006,7233093734.38,10070006,Bonneville Power Administration
Clarks Fork Yellowstone,10070006,7233093734.38,10070006,NorthWestern Energy (NWMT)
Upper Yellowstone-Pompeys Pillar,10070007,5201564881.17,10070007,Western Area Power Administration UGP West
Pryor,10070008,1559695995.79,10070008,Western Area Power Administration UGP West
Upper Wind,10080001,6602403900.88,10080001,Western Area Power Administration - Rocky Mountain Region
Upper Wind,10080001,6602403900.88,10080001,PacifiCorp - East
Little Wind,10080002,2888910731.73,10080002,Western Area Power Administration - Rocky Mountain Region
Little Wind,10080002,2888910731.73,10080002,PacifiCorp - East
Popo Agie,10080003,2080789422.21,10080003,Western Area Power Administration - Rocky Mountain Region
Popo Agie,10080003,2080789422.21,10080003,PacifiCorp - East
Muskrat,10080004,1904684930.02,10080004,Western Area Power Administration - Rocky Mountain Region
Muskrat,10080004,1904684930.02,10080004,PacifiCorp - East
Lower Wind,10080005,4418150596.14,10080005,Western Area Power Administration - Rocky Mountain Region
Lower Wind,10080005,4418150596.14,10080005,PacifiCorp - East
Badwater,10080006,2217266670.43,10080006,Western Area Power Administration - Rocky Mountain Region
Badwater,10080006,2217266670.43,10080006,PacifiCorp - East
Upper Bighorn,10080007,8994433972.61,10080007,Western Area Power Administration - Rocky Mountain Region
Upper Bighorn,10080007,8994433972.61,10080007,PacifiCorp - East
Nowood,10080008,5212728114.77,10080008,Western Area Power Administration - Rocky Mountain Region
Nowood,10080008,5212728114.77,10080008,PacifiCorp - East
Greybull,10080009,2977609068.99,10080009,Western Area Power Administration - Rocky Mountain Region
Greybull,10080009,2977609068.99,10080009,PacifiCorp - East
Greybull,10080009,2977609068.99,10080009,NorthWestern Energy (NWMT)
Big Horn Lake,10080010,4666635617.24,10080010,Western Area Power Administration - Rocky Mountain Region
Big Horn Lake,10080010,4666635617.24,10080010,PacifiCorp - East
Dry,10080011,1128940836.1,10080011,Western Area Power Administration - Rocky Mountain Region
Dry,10080011,1128940836.1,10080011,PacifiCorp - East
Dry,10080011,1128940836.1,10080011,NorthWestern Energy (NWMT)
North Fork Shoshone,10080012,2211369536.83,10080012,Western Area Power Administration - Rocky Mountain Region
North Fork Shoshone,10080012,2211369536.83,10080012,PacifiCorp - East
North Fork Shoshone,10080012,2211369536.83,10080012,NorthWestern Energy (NWMT)
South Fork Shoshone,10080013,1685128013.41,10080013,Western Area Power Administration - Rocky Mountain Region
South Fork Shoshone,10080013,1685128013.41,10080013,PacifiCorp - East
South Fork Shoshone,10080013,1685128013.41,10080013,NorthWestern Energy (NWMT)
Shoshone,10080014,3845542145.11,10080014,Western Area Power Administration - Rocky Mountain Region
Shoshone,10080014,3845542145.11,10080014,PacifiCorp - East
Shoshone,10080014,3845542145.11,10080014,NorthWestern Energy (NWMT)
Lower Bighorn,10080015,5080197348.12,10080015,Western Area Power Administration - Rocky Mountain Region
Lower Bighorn,10080015,5080197348.12,10080015,Bonneville Power Administration
Lower Bighorn,10080015,5080197348.12,10080015,NorthWestern Energy (NWMT)
Little Bighorn,10080016,3360962862.36,10080016,Western Area Power Administration - Rocky Mountain Region
Little Bighorn,10080016,3360962862.36,10080016,Bonneville Power Administration
Little Bighorn,10080016,3360962862.36,10080016,NorthWestern Energy (NWMT)
Upper Tongue,10090101,6562687314.7,10090101,Western Area Power Administration - Rocky Mountain Region
Upper Tongue,10090101,6562687314.7,10090101,Bonneville Power Administration
Lower Tongue,10090102,7440833007.78,10090102,Western Area Power Administration - Rocky Mountain Region
Lower Tongue,10090102,7440833007.78,10090102,NorthWestern Energy (NWMT)
Middle Fork Powder,10090201,2541859792.23,10090201,Western Area Power Administration - Rocky Mountain Region
Middle Fork Powder,10090201,2541859792.23,10090201,PacifiCorp - East
Upper Powder,10090202,6495015415.68,10090202,Western Area Power Administration - Rocky Mountain Region
Upper Powder,10090202,6495015415.68,10090202,PacifiCorp - East
South Fork Powder,10090203,3151210797.79,10090203,Western Area Power Administration - Rocky Mountain Region
South Fork Powder,10090203,3151210797.79,10090203,PacifiCorp - East
Salt,10090204,2089252125.71,10090204,Western Area Power Administration - Rocky Mountain Region
Salt,10090204,2089252125.71,10090204,PacifiCorp - East
Crazy Woman,10090205,2473857071.01,10090205,Western Area Power Administration - Rocky Mountain Region
Crazy Woman,10090205,2473857071.01,10090205,PacifiCorp - East
Clear,10090206,2988992296.67,10090206,Western Area Power Administration - Rocky Mountain Region
Clear,10090206,2988992296.67,10090206,PacifiCorp - East
Middle Powder,10090207,2757253285.69,10090207,Western Area Power Administration - Rocky Mountain Region
Middle Powder,10090207,2757253285.69,10090207,NorthWestern Energy (NWMT)
Little Powder,10090208,5246280048.88,10090208,Western Area Power Administration - Rocky Mountain Region
Lower Powder,10090209,4862867229.4,10090209,NorthWestern Energy (NWMT)
Mizpah,10090210,2081402203.29,10090210,NorthWestern Energy (NWMT)
Lower Yellowstone-Sunday,10100001,12444745678.2,10100001,NorthWestern Energy (NWMT)
Lower Yellowstone-Sunday,10100001,12444745678.2,10100001,Western Area Power Administration UGP West
Big Porcupine,10100002,2260399463.48,10100002,NorthWestern Energy (NWMT)
Big Porcupine,10100002,2260399463.48,10100002,Western Area Power Administration UGP West
Rosebud,10100003,3387446998.17,10100003,NorthWestern Energy (NWMT)
Lower Yellowstone,10100004,13790176552.6,10100004,"Midcontinent Independent Transmission System Operator, Inc.."
Lower Yellowstone,10100004,13790176552.6,10100004,NorthWestern Energy (NWMT)
Lower Yellowstone,10100004,13790176552.6,10100004,Western Area Power Administration UGP West
O Fallon,10100005,4091757626.65,10100005,NorthWestern Energy (NWMT)
O Fallon,10100005,4091757626.65,10100005,Western Area Power Administration UGP West
Lake Sakakawea,10110101,17582383146.8,10110101,"Midcontinent Independent Transmission System Operator, Inc.."
Lake Sakakawea,10110101,17582383146.8,10110101,Southwest Power Pool
Little Muddy,10110102,2411269618.3,10110102,"Midcontinent Independent Transmission System Operator, Inc.."
Little Muddy,10110102,2411269618.3,10110102,Southwest Power Pool
Little Muddy,10110102,2411269618.3,10110102,Western Area Power Administration UGP West
Upper Little Missouri,10110201,8994311290.58,10110201,Western Area Power Administration - Rocky Mountain Region
Upper Little Missouri,10110201,8994311290.58,10110201,NorthWestern Energy (NWMT)
Upper Little Missouri,10110201,8994311290.58,10110201,Western Area Power Administration UGP West
Box Elder,10110202,3091636210.7,10110202,Western Area Power Administration - Rocky Mountain Region
Box Elder,10110202,3091636210.7,10110202,NorthWestern Energy (NWMT)
Box Elder,10110202,3091636210.7,10110202,Western Area Power Administration UGP West
Middle Little Missouri,10110203,5628253820.31,10110203,"Midcontinent Independent Transmission System Operator, Inc.."
Middle Little Missouri,10110203,5628253820.31,10110203,Southwest Power Pool
Beaver,10110204,2257870703.31,10110204,"Midcontinent Independent Transmission System Operator, Inc.."
Beaver,10110204,2257870703.31,10110204,Southwest Power Pool
Lower Little Missouri,10110205,4672132986.46,10110205,"Midcontinent Independent Transmission System Operator, Inc.."
Lower Little Missouri,10110205,4672132986.46,10110205,Southwest Power Pool
Antelope,10120101,2698195516.96,10120101,Western Area Power Administration - Rocky Mountain Region
Antelope,10120101,2698195516.96,10120101,PacifiCorp - East
Dry Fork Cheyenne,10120102,1280940462.35,10120102,Western Area Power Administration - Rocky Mountain Region
Dry Fork Cheyenne,10120102,1280940462.35,10120102,PacifiCorp - East
Upper Cheyenne,10120103,3715646119.79,10120103,Western Area Power Administration - Rocky Mountain Region
Lance,10120104,2828087674.48,10120104,Western Area Power Administration - Rocky Mountain Region
Lightning,10120105,2597666052.95,10120105,Western Area Power Administration - Rocky Mountain Region
Lightning,10120105,2597666052.95,10120105,PacifiCorp - East
Angostura Reservoir,10120106,3630089957.17,10120106,Southwest Power Pool
Angostura Reservoir,10120106,3630089957.17,10120106,Western Area Power Administration - Rocky Mountain Region
Beaver,10120107,4309735049.63,10120107,Western Area Power Administration - Rocky Mountain Region
Hat,10120108,2507412891.63,10120108,Southwest Power Pool
Hat,10120108,2507412891.63,10120108,Western Area Power Administration - Rocky Mountain Region
Middle Cheyenne-Spring,10120109,5499856218.17,10120109,Southwest Power Pool
Middle Cheyenne-Spring,10120109,5499856218.17,10120109,Western Area Power Administration - Rocky Mountain Region
Rapid,10120110,1856601407.06,10120110,Southwest Power Pool
Rapid,10120110,1856601407.06,10120110,Western Area Power Administration - Rocky Mountain Region
Middle Cheyenne-Elk,10120111,4088637613.8,10120111,Southwest Power Pool
Middle Cheyenne-Elk,10120111,4088637613.8,10120111,Western Area Power Administration - Rocky Mountain Region
Lower Cheyenne,10120112,4199318955.49,10120112,Southwest Power Pool
Cherry,10120113,4797036939.92,10120113,Southwest Power Pool
Cherry,10120113,4797036939.92,10120113,Western Area Power Administration - Rocky Mountain Region
Upper Belle Fourche,10120201,7615248740.16,10120201,Western Area Power Administration - Rocky Mountain Region
Lower Belle Fourche,10120202,8417805609.49,10120202,Southwest Power Pool
Lower Belle Fourche,10120202,8417805609.49,10120202,Western Area Power Administration - Rocky Mountain Region
Redwater,10120203,2707218169.82,10120203,Western Area Power Administration - Rocky Mountain Region
Painted Woods-Square Butte,10130101,6544558708.4,10130101,"Midcontinent Independent Transmission System Operator, Inc.."
Painted Woods-Square Butte,10130101,6544558708.4,10130101,Southwest Power Pool
Upper Lake Oahe,10130102,9424206336.82,10130102,"Midcontinent Independent Transmission System Operator, Inc.."
Upper Lake Oahe,10130102,9424206336.82,10130102,Southwest Power Pool
Apple,10130103,9411145566.96,10130103,"Midcontinent Independent Transmission System Operator, Inc.."
Apple,10130103,9411145566.96,10130103,Southwest Power Pool
Beaver,10130104,2682416305.16,10130104,"Midcontinent Independent Transmission System Operator, Inc.."
Beaver,10130104,2682416305.16,10130104,Southwest Power Pool
Lower Lake Oahe,10130105,9929794137.24,10130105,Southwest Power Pool
West Missouri Coteau,10130106,4207562297.75,10130106,"Midcontinent Independent Transmission System Operator, Inc.."
West Missouri Coteau,10130106,4207562297.75,10130106,Southwest Power Pool
Knife,10130201,6483074238.51,10130201,"Midcontinent Independent Transmission System Operator, Inc.."
Knife,10130201,6483074238.51,10130201,Southwest Power Pool
Upper Heart,10130202,4440440518.02,10130202,"Midcontinent Independent Transmission System Operator, Inc.."
Upper Heart,10130202,4440440518.02,10130202,Southwest Power Pool
Lower Heart,10130203,4229769577.61,10130203,"Midcontinent Independent Transmission System Operator, Inc.."
Lower Heart,10130203,4229769577.61,10130203,Southwest Power Pool
Upper Cannonball,10130204,4234538671.29,10130204,"Midcontinent Independent Transmission System Operator, Inc.."
Upper Cannonball,10130204,4234538671.29,10130204,Southwest Power Pool
Cedar,10130205,4624536600.2,10130205,"Midcontinent Independent Transmission System Operator, Inc.."
Cedar,10130205,4624536600.2,10130205,Southwest Power Pool
Lower Cannonball,10130206,2317270703.63,10130206,"Midcontinent Independent Transmission System Operator, Inc.."
Lower Cannonball,10130206,2317270703.63,10130206,Southwest Power Pool
North Fork Grand,10130301,3226997497.09,10130301,"Midcontinent Independent Transmission System Operator, Inc.."
North Fork Grand,10130301,3226997497.09,10130301,Southwest Power Pool
South Fork Grand,10130302,4518595787.33,10130302,"Midcontinent Independent Transmission System Operator, Inc.."
South Fork Grand,10130302,4518595787.33,10130302,Southwest Power Pool
South Fork Grand,10130302,4518595787.33,10130302,Western Area Power Administration UGP West
Grand,10130303,6209128360.68,10130303,"Midcontinent Independent Transmission System Operator, Inc.."
Grand,10130303,6209128360.68,10130303,Southwest Power Pool
South Fork Moreau,10130304,2624563707.23,10130304,Southwest Power Pool
South Fork Moreau,10130304,2624563707.23,10130304,Western Area Power Administration - Rocky Mountain Region
Upper Moreau,10130305,4061274778.44,10130305,"Midcontinent Independent Transmission System Operator, Inc.."
Upper Moreau,10130305,4061274778.44,10130305,Southwest Power Pool
Lower Moreau,10130306,6884455776.88,10130306,Southwest Power Pool
Fort Randall Reservoir,10140101,11044624097.5,10140101,Southwest Power Pool
Fort Randall Reservoir,10140101,11044624097.5,10140101,Western Area Power Administration - Rocky Mountain Region
Bad,10140102,8225888101.33,10140102,Southwest Power Pool
Medicine Knoll,10140103,2167276115.64,10140103,Southwest Power Pool
Medicine Knoll,10140103,2167276115.64,10140103,Western Area Power Administration - Rocky Mountain Region
Medicine,10140104,1794650891.37,10140104,Southwest Power Pool
Crow,10140105,3012546519.23,10140105,Western Area Power Administration - Rocky Mountain Region
Upper White,10140201,9801575164.99,10140201,Western Area Power Administration - Rocky Mountain Region
Middle White,10140202,6301738623.1,10140202,Western Area Power Administration - Rocky Mountain Region
Little White,10140203,4261556121.19,10140203,Western Area Power Administration - Rocky Mountain Region
Lower White,10140204,5455127721.2,10140204,Southwest Power Pool
Ponca,10150001,2137014553.36,10150001,Southwest Power Pool
Niobrara Headwaters,10150002,3826036840.83,10150002,Southwest Power Pool
Niobrara Headwaters,10150002,3826036840.83,10150002,Western Area Power Administration - Rocky Mountain Region
Upper Niobrara,10150003,10754381307.4,10150003,Western Area Power Administration - Rocky Mountain Region
Middle Niobrara,10150004,9764213855.5,10150004,Southwest Power Pool
Middle Niobrara,10150004,9764213855.5,10150004,Western Area Power Administration - Rocky Mountain Region
Snake,10150005,2231815936.87,10150005,Western Area Power Administration - Rocky Mountain Region
Keya Paha,10150006,4456387362.79,10150006,Southwest Power Pool
Lower Niobrara,10150007,3863902637.4,10150007,Southwest Power Pool
James Headwaters,10160001,4396516799.44,10160001,"Midcontinent Independent Transmission System Operator, Inc.."
James Headwaters,10160001,4396516799.44,10160001,Southwest Power Pool
Pipestem,10160002,2772503064.45,10160002,"Midcontinent Independent Transmission System Operator, Inc.."
Pipestem,10160002,2772503064.45,10160002,Southwest Power Pool
Upper James,10160003,11583352851.3,10160003,"Midcontinent Independent Transmission System Operator, Inc.."
Upper James,10160003,11583352851.3,10160003,Southwest Power Pool
Elm,10160004,4010430811.19,10160004,"Midcontinent Independent Transmission System Operator, Inc.."
Elm,10160004,4010430811.19,10160004,Southwest Power Pool
Mud,10160005,2170911990.93,10160005,"Midcontinent Independent Transmission System Operator, Inc.."
Mud,10160005,2170911990.93,10160005,Southwest Power Pool
Mud,10160005,2170911990.93,10160005,Western Area Power Administration - Rocky Mountain Region
Middle James,10160006,9603787704.78,10160006,Southwest Power Pool
Middle James,10160006,9603787704.78,10160006,Western Area Power Administration - Rocky Mountain Region
North Fork Snake,10160007,2479559793.74,10160007,"Midcontinent Independent Transmission System Operator, Inc.."
North Fork Snake,10160007,2479559793.74,10160007,Southwest Power Pool
Snake,10160008,4409231952.26,10160008,"Midcontinent Independent Transmission System Operator, Inc.."
Snake,10160008,4409231952.26,10160008,Southwest Power Pool
Turtle,10160009,3887122143.1,10160009,Southwest Power Pool
Turtle,10160009,3887122143.1,10160009,Western Area Power Administration - Rocky Mountain Region
Lower James,10160010,9438345718.3,10160010,"Midcontinent Independent Transmission System Operator, Inc.."
Lower James,10160010,9438345718.3,10160010,Southwest Power Pool
Lower James,10160010,9438345718.3,10160010,Western Area Power Administration - Rocky Mountain Region
Lewis and Clark Lake,10170101,8371581626.37,10170101,Southwest Power Pool
Vermillion,10170102,5487514787.93,10170102,"Midcontinent Independent Transmission System Operator, Inc.."
Vermillion,10170102,5487514787.93,10170102,Southwest Power Pool
Lake Thompson,10170103,1238240897.2,10170103,"Midcontinent Independent Transmission System Operator, Inc.."
Lake Thompson,10170103,1238240897.2,10170103,Southwest Power Pool
Lake Thompson,10170103,1238240897.2,10170103,Western Area Power Administration - Rocky Mountain Region
Middle Big Sioux Coteau,10170201,4225955583.21,10170201,"Midcontinent Independent Transmission System Operator, Inc.."
Middle Big Sioux Coteau,10170201,4225955583.21,10170201,Southwest Power Pool
Upper Big Sioux,10170202,5473970909.16,10170202,"Midcontinent Independent Transmission System Operator, Inc.."
Upper Big Sioux,10170202,5473970909.16,10170202,Southwest Power Pool
Upper Big Sioux,10170202,5473970909.16,10170202,Western Area Power Administration - Rocky Mountain Region
Lower Big Sioux,10170203,8854534209.53,10170203,"Midcontinent Independent Transmission System Operator, Inc.."
Lower Big Sioux,10170203,8854534209.53,10170203,Southwest Power Pool
Rock,10170204,4348703884.74,10170204,Southwest Power Pool
North Platte Headwaters,10180001,3689368104.26,10180001,Western Area Power Administration - Rocky Mountain Region
Upper North Platte,10180002,7716296211.62,10180002,Western Area Power Administration - Rocky Mountain Region
Upper North Platte,10180002,7716296211.62,10180002,PacifiCorp - East
Pathfinder-Seminoe Reservoirs,10180003,2669355749.41,10180003,Western Area Power Administration - Rocky Mountain Region
Pathfinder-Seminoe Reservoirs,10180003,2669355749.41,10180003,PacifiCorp - East
Medicine Bow,10180004,3733452245.61,10180004,Western Area Power Administration - Rocky Mountain Region
Medicine Bow,10180004,3733452245.61,10180004,PacifiCorp - East
Little Medicine Bow,10180005,2650528269.35,10180005,Western Area Power Administration - Rocky Mountain Region
Little Medicine Bow,10180005,2650528269.35,10180005,PacifiCorp - East
Sweetwater,10180006,7513839524.19,10180006,Western Area Power Administration - Rocky Mountain Region
Sweetwater,10180006,7513839524.19,10180006,PacifiCorp - East
Middle North Platte-Casper,10180007,8996455137.75,10180007,Western Area Power Administration - Rocky Mountain Region
Middle North Platte-Casper,10180007,8996455137.75,10180007,PacifiCorp - East
Glendo Reservoir,10180008,5510329307,10180008,Western Area Power Administration - Rocky Mountain Region
Glendo Reservoir,10180008,5510329307,10180008,PacifiCorp - East
Middle North Platte-Scotts Bluff,10180009,13351594831.5,10180009,Southwest Power Pool
Middle North Platte-Scotts Bluff,10180009,13351594831.5,10180009,Western Area Power Administration - Rocky Mountain Region
Upper Laramie,10180010,5886235593.24,10180010,Western Area Power Administration - Rocky Mountain Region
Upper Laramie,10180010,5886235593.24,10180010,PacifiCorp - East
Lower Laramie,10180011,6046534394.93,10180011,Western Area Power Administration - Rocky Mountain Region
Lower Laramie,10180011,6046534394.93,10180011,PacifiCorp - East
Horse,10180012,4413243595.56,10180012,Western Area Power Administration - Rocky Mountain Region
Pumpkin,10180013,2663545058.16,10180013,Western Area Power Administration - Rocky Mountain Region
Lower North Platte,10180014,5684814128.38,10180014,Western Area Power Administration - Rocky Mountain Region
South Platte Headwater,10190001,4155035570.45,10190001,Public Service Company of Colorado
Upper South Platte,10190002,4790796195.56,10190002,Western Area Power Administration - Rocky Mountain Region
Upper South Platte,10190002,4790796195.56,10190002,Public Service Company of Colorado
Middle South Platte-Cherry Creek,10190003,7455685720.82,10190003,Western Area Power Administration - Rocky Mountain Region
Clear,10190004,1465381377.42,10190004,Western Area Power Administration - Rocky Mountain Region
Clear,10190004,1465381377.42,10190004,Public Service Company of Colorado
St. Vrain,10190005,2536147167.09,10190005,Western Area Power Administration - Rocky Mountain Region
St. Vrain,10190005,2536147167.09,10190005,Public Service Company of Colorado
Big Thompson,10190006,2154762157.78,10190006,Western Area Power Administration - Rocky Mountain Region
Big Thompson,10190006,2154762157.78,10190006,Public Service Company of Colorado
Cache La Poudre,10190007,4896398891.99,10190007,Western Area Power Administration - Rocky Mountain Region
Lone Tree-Owl,10190008,1496893759.94,10190008,Western Area Power Administration - Rocky Mountain Region
Crow,10190009,3599544904.91,10190009,Western Area Power Administration - Rocky Mountain Region
Kiowa,10190010,1856463648.96,10190010,Western Area Power Administration - Rocky Mountain Region
Kiowa,10190010,1856463648.96,10190010,Public Service Company of Colorado
Bijou,10190011,3583724543.49,10190011,Western Area Power Administration - Rocky Mountain Region
Bijou,10190011,3583724543.49,10190011,Public Service Company of Colorado
Middle South Platte-Sterling,10190012,7725468494.18,10190012,Western Area Power Administration - Rocky Mountain Region
Beaver,10190013,2865592730.55,10190013,Western Area Power Administration - Rocky Mountain Region
Pawnee,10190014,1874418536.1,10190014,Western Area Power Administration - Rocky Mountain Region
Upper Lodgepole,10190015,3062580266.3,10190015,Western Area Power Administration - Rocky Mountain Region
Lower Lodgepole,10190016,3455393480.58,10190016,Southwest Power Pool
Lower Lodgepole,10190016,3455393480.58,10190016,Western Area Power Administration - Rocky Mountain Region
Sidney Draw,10190017,1947643461.96,10190017,Western Area Power Administration - Rocky Mountain Region
Lower South Platte,10190018,3657426082.27,10190018,Western Area Power Administration - Rocky Mountain Region
Middle Platte-Buffalo,10200101,8650918621.34,10200101,Southwest Power Pool
Wood,10200102,1891525762.36,10200102,Southwest Power Pool
Middle Platte-Prairie,10200103,2854433115.6,10200103,Southwest Power Pool
Lower Platte-Shell,10200201,2222830143.28,10200201,Southwest Power Pool
Lower Platte,10200202,1359645578.41,10200202,Southwest Power Pool
Salt,10200203,4266419161.35,10200203,Southwest Power Pool
Upper Middle Loup,10210001,5414562044.94,10210001,Southwest Power Pool
Upper Middle Loup,10210001,5414562044.94,10210001,Western Area Power Administration - Rocky Mountain Region
Dismal,10210002,4695791272.78,10210002,Southwest Power Pool
Dismal,10210002,4695791272.78,10210002,Western Area Power Administration - Rocky Mountain Region
Lower Middle Loup,10210003,4628159274.12,10210003,Southwest Power Pool
South Loup,10210004,4094302958.45,10210004,Southwest Power Pool
Mud,10210005,1918574620.75,10210005,Southwest Power Pool
Upper North Loup,10210006,6084937183.94,10210006,Southwest Power Pool
Upper North Loup,10210006,6084937183.94,10210006,Western Area Power Administration - Rocky Mountain Region
Lower North Loup,10210007,2532754275.43,10210007,Southwest Power Pool
Calamus,10210008,2567519811.8,10210008,Southwest Power Pool
Loup,10210009,3972193416.2,10210009,Southwest Power Pool
Cedar,10210010,3185540917.17,10210010,Southwest Power Pool
Upper Elkhorn,10220001,7492273983.26,10220001,Southwest Power Pool
North Fork Elkhorn,10220002,2197791366.1,10220002,Southwest Power Pool
Lower Elkhorn,10220003,5715075947.1,10220003,Southwest Power Pool
Logan,10220004,2727525277.62,10220004,Southwest Power Pool
Blackbird-Soldier,10230001,4166708698.68,10230001,"Midcontinent Independent Transmission System Operator, Inc.."
Blackbird-Soldier,10230001,4166708698.68,10230001,Southwest Power Pool
Floyd,10230002,2372277981.67,10230002,"Midcontinent Independent Transmission System Operator, Inc.."
Floyd,10230002,2372277981.67,10230002,Southwest Power Pool
Little Sioux,10230003,7334579293.49,10230003,"Midcontinent Independent Transmission System Operator, Inc.."
Little Sioux,10230003,7334579293.49,10230003,Southwest Power Pool
Monona-Harrison Ditch,10230004,2502511721.49,10230004,"Midcontinent Independent Transmission System Operator, Inc.."
Monona-Harrison Ditch,10230004,2502511721.49,10230004,Southwest Power Pool
Maple,10230005,1916394749.33,10230005,"Midcontinent Independent Transmission System Operator, Inc.."
Maple,10230005,1916394749.33,10230005,Southwest Power Pool
Big Papillion-Mosquito,10230006,2884804780.67,10230006,"Midcontinent Independent Transmission System Operator, Inc.."
Big Papillion-Mosquito,10230006,2884804780.67,10230006,Southwest Power Pool
Boyer,10230007,3081957294.46,10230007,"Midcontinent Independent Transmission System Operator, Inc.."
Boyer,10230007,3081957294.46,10230007,Southwest Power Pool
Keg-Weeping Water,10240001,2170360354.14,10240001,Southwest Power Pool
West Nishnabotna,10240002,4277456868.78,10240002,"Midcontinent Independent Transmission System Operator, Inc.."
West Nishnabotna,10240002,4277456868.78,10240002,Southwest Power Pool
East Nishnabotna,10240003,2975187497.2,10240003,"Midcontinent Independent Transmission System Operator, Inc.."
East Nishnabotna,10240003,2975187497.2,10240003,Southwest Power Pool
Nishnabotna,10240004,453327139.042,10240004,"Midcontinent Independent Transmission System Operator, Inc.."
Tarkio-Wolf,10240005,4405322055.49,10240005,Southwest Power Pool
Tarkio-Wolf,10240005,4405322055.49,10240005,"Associated Electric Cooperative, Inc."
Little Nemaha,10240006,2312022649.71,10240006,Southwest Power Pool
South Fork Big Nemaha,10240007,1841381900.72,10240007,Southwest Power Pool
Big Nemaha,10240008,3132951364.4,10240008,Southwest Power Pool
West Nowaway,10240009,2059102751.45,10240009,"Midcontinent Independent Transmission System Operator, Inc.."
Nowaway,10240010,2588173081.62,10240010,Southwest Power Pool
Nowaway,10240010,2588173081.62,10240010,"Associated Electric Cooperative, Inc."
Independence-Sugar,10240011,2699624967.28,10240011,Southwest Power Pool
Independence-Sugar,10240011,2699624967.28,10240011,"Associated Electric Cooperative, Inc."
Platte,10240012,4310514298.43,10240012,Southwest Power Pool
Platte,10240012,4310514298.43,10240012,"Associated Electric Cooperative, Inc."
One Hundred and two,10240013,2011468262.86,10240013,Southwest Power Pool
One Hundred and two,10240013,2011468262.86,10240013,"Associated Electric Cooperative, Inc."
Arikaree,10250001,4783651019.91,10250001,Western Area Power Administration - Rocky Mountain Region
North Fork Republican,10250002,7636928852.37,10250002,Western Area Power Administration - Rocky Mountain Region
South Fork Republican,10250003,6987279199.5,10250003,Western Area Power Administration - Rocky Mountain Region
Upper Republican,10250004,5581221963.94,10250004,Southwest Power Pool
Frenchman,10250005,4266116920.42,10250005,Southwest Power Pool
Frenchman,10250005,4266116920.42,10250005,Western Area Power Administration - Rocky Mountain Region
Stinking Water,10250006,3745040587.29,10250006,Southwest Power Pool
Stinking Water,10250006,3745040587.29,10250006,Western Area Power Administration - Rocky Mountain Region
Red Willow,10250007,2055327465.91,10250007,Southwest Power Pool
Red Willow,10250007,2055327465.91,10250007,Western Area Power Administration - Rocky Mountain Region
Medicine,10250008,2402088814.63,10250008,Southwest Power Pool
Harlan County Reservoir,10250009,3493955294.05,10250009,Southwest Power Pool
Upper Sappa,10250010,2747687082.45,10250010,Southwest Power Pool
Lower Sappa,10250011,1691841675.46,10250011,Southwest Power Pool
South Fork Beaver,10250012,1946266908.38,10250012,Southwest Power Pool
Little Beaver,10250013,1666159659.6,10250013,Southwest Power Pool
Beaver,10250014,1896603638.09,10250014,Southwest Power Pool
Prairie Dog,10250015,2871980039.93,10250015,Southwest Power Pool
Middle Republican,10250016,5623916435.96,10250016,Southwest Power Pool
Lower Republican,10250017,5125395755.76,10250017,Southwest Power Pool
Smoky Hill Headwaters,10260001,2726614932.19,10260001,Southwest Power Pool
North Fork Smoky Hill,10260002,1889821367.61,10260002,Southwest Power Pool
Upper Smoky Hill,10260003,3828820395.33,10260003,Southwest Power Pool
Ladder,10260004,3669036295.26,10260004,Southwest Power Pool
Hackberry,10260005,1680028986.04,10260005,Southwest Power Pool
Middle Smoky Hill,10260006,4089896387.79,10260006,"Midcontinent Independent Transmission System Operator, Inc.."
Middle Smoky Hill,10260006,4089896387.79,10260006,Southwest Power Pool
Big,10260007,2231713915.66,10260007,Southwest Power Pool
Lower Smoky Hill,10260008,5174083080.35,10260008,Southwest Power Pool
Upper Saline,10260009,4976129276.93,10260009,Southwest Power Pool
Lower Saline,10260010,3524752970.33,10260010,Southwest Power Pool
Upper North Fork Solomon,10260011,3634569100.13,10260011,Southwest Power Pool
Lower North Fork Solomon,10260012,3480115682.93,10260012,Southwest Power Pool
Upper South Fork Solomon,10260013,2996556270.94,10260013,Southwest Power Pool
Lower South Fork Solomon,10260014,2754803390.2,10260014,Southwest Power Pool
Solomon,10260015,4912868012.71,10260015,Southwest Power Pool
Upper Kansas,10270101,1389653198.33,10270101,Southwest Power Pool
Middle Kansas,10270102,5647840328.42,10270102,Southwest Power Pool
Delaware,10270103,2996502956.3,10270103,Southwest Power Pool
"Lower Kansas, Kansas",10270104,4287713994.46,10270104,Southwest Power Pool
Upper Big Blue,10270201,2868805458.55,10270201,Southwest Power Pool
Middle Big Blue,10270202,3273112443.72,10270202,Southwest Power Pool
West Fork Big Blue,10270203,3470706303.47,10270203,Southwest Power Pool
West Fork Big Blue,10270203,3470706303.47,10270203,Western Area Power Administration - Rocky Mountain Region
Turkey,10270204,1887182110.75,10270204,Southwest Power Pool
Turkey,10270204,1887182110.75,10270204,Western Area Power Administration - Rocky Mountain Region
Lower Big Blue,10270205,4419862839.87,10270205,Southwest Power Pool
Upper Little Blue,10270206,5820641914.87,10270206,Southwest Power Pool
Lower Little Blue,10270207,3469403830.22,10270207,Southwest Power Pool
Upper Grand,10280101,8614174347.27,10280101,Southwest Power Pool
Upper Grand,10280101,8614174347.27,10280101,"Associated Electric Cooperative, Inc."
Thompson,10280102,5700917269.91,10280102,Southwest Power Pool
Thompson,10280102,5700917269.91,10280102,"Associated Electric Cooperative, Inc."
Lower Grand,10280103,6114454461.36,10280103,"Midcontinent Independent Transmission System Operator, Inc.."
Lower Grand,10280103,6114454461.36,10280103,"Associated Electric Cooperative, Inc."
Upper Chariton,10280201,3502267968.59,10280201,"Midcontinent Independent Transmission System Operator, Inc.."
Upper Chariton,10280201,3502267968.59,10280201,"Associated Electric Cooperative, Inc."
Lower Chariton,10280202,2640847959.74,10280202,"Midcontinent Independent Transmission System Operator, Inc.."
Lower Chariton,10280202,2640847959.74,10280202,Southwest Power Pool
Lower Chariton,10280202,2640847959.74,10280202,"Associated Electric Cooperative, Inc."
Little Chariton,10280203,1809595188.27,10280203,"Midcontinent Independent Transmission System Operator, Inc.."
Little Chariton,10280203,1809595188.27,10280203,"Associated Electric Cooperative, Inc."
Upper Marais Des Cygnes,10290101,5636771110.91,10290101,Southwest Power Pool
Lower Marais Des Cygnes,10290102,4082388197.88,10290102,Southwest Power Pool
Little Osage,10290103,1504421590.24,10290103,Southwest Power Pool
Marmaton,10290104,2955663529.43,10290104,Southwest Power Pool
Harry S,10290105,3117215965.35,10290105,Southwest Power Pool
Harry S,10290105,3117215965.35,10290105,"Associated Electric Cooperative, Inc."
Sac,10290106,5104034358.21,10290106,Southwest Power Pool
Sac,10290106,5104034358.21,10290106,"Associated Electric Cooperative, Inc."
Pomme De Terre,10290107,2190646647.56,10290107,"Associated Electric Cooperative, Inc."
South Grand,10290108,5302227193.04,10290108,Southwest Power Pool
South Grand,10290108,5302227193.04,10290108,"Associated Electric Cooperative, Inc."
Lake of the Ozarks,10290109,3591469423.42,10290109,"Associated Electric Cooperative, Inc."
Niangua,10290110,2666053894.97,10290110,"Associated Electric Cooperative, Inc."
Lower Osage,10290111,2791402514.37,10290111,"Midcontinent Independent Transmission System Operator, Inc.."
Lower Osage,10290111,2791402514.37,10290111,"Associated Electric Cooperative, Inc."
Upper Casconade,10290201,4630089695.79,10290201,"Associated Electric Cooperative, Inc."
Big Piney,10290202,1955882884.33,10290202,"Associated Electric Cooperative, Inc."
Lower Gasconade,10290203,2675800690.71,10290203,"Midcontinent Independent Transmission System Operator, Inc.."
Lower Gasconade,10290203,2675800690.71,10290203,"Associated Electric Cooperative, Inc."
Lower Missouri-Crooked,10300101,6990762399.49,10300101,Southwest Power Pool
Lower Missouri-Crooked,10300101,6990762399.49,10300101,"Associated Electric Cooperative, Inc."
Lower Missouri-Moreau,10300102,8808131568.62,10300102,"Midcontinent Independent Transmission System Operator, Inc.."
Lower Missouri-Moreau,10300102,8808131568.62,10300102,"Associated Electric Cooperative, Inc."
Lamine,10300103,2879383277.89,10300103,Southwest Power Pool
Lamine,10300103,2879383277.89,10300103,"Associated Electric Cooperative, Inc."
Blackwater,10300104,3999912594.14,10300104,Southwest Power Pool
Blackwater,10300104,3999912594.14,10300104,"Associated Electric Cooperative, Inc."
Lower Missouri,10300200,4119536687.36,10300200,"Midcontinent Independent Transmission System Operator, Inc.."
Lower Missouri,10300200,4119536687.36,10300200,"Associated Electric Cooperative, Inc."
Beaver Reservoir,11010001,6616527794.77,11010001,Southwest Power Pool
James,11010002,3772670402.89,11010002,"Associated Electric Cooperative, Inc."
Bull Shoals Lake,11010003,6750909757.5,11010003,"Associated Electric Cooperative, Inc."
Middle White,11010004,3822323708.72,11010004,"Midcontinent Independent Transmission System Operator, Inc.."
Buffalo,11010005,3470714976.29,11010005,"Midcontinent Independent Transmission System Operator, Inc.."
North Fork White,11010006,4743431245.96,11010006,"Associated Electric Cooperative, Inc."
Upper Black,11010007,4984627682.05,11010007,"Associated Electric Cooperative, Inc."
Current,11010008,6782583299.97,11010008,"Associated Electric Cooperative, Inc."
Lower Black,11010009,2120427828.93,11010009,"Midcontinent Independent Transmission System Operator, Inc.."
Spring,11010010,3146928943.7,11010010,"Midcontinent Independent Transmission System Operator, Inc.."
Eleven Point,11010011,3114769050.96,11010011,"Associated Electric Cooperative, Inc."
Strawberry,11010012,1970043276.7,11010012,"Midcontinent Independent Transmission System Operator, Inc.."
Upper White-Village,11010013,1917006345.62,11010013,"Midcontinent Independent Transmission System Operator, Inc.."
Little Red,11010014,4666055749.83,11010014,"Midcontinent Independent Transmission System Operator, Inc.."
Arkansas Headwaters,11020001,7938107314.92,11020001,Western Area Power Administration - Rocky Mountain Region
Upper Arkansas,11020002,5970234441.26,11020002,Western Area Power Administration - Rocky Mountain Region
Fountain,11020003,2404544346.41,11020003,Western Area Power Administration - Rocky Mountain Region
Fountain,11020003,2404544346.41,11020003,Public Service Company of Colorado
Chico,11020004,1874217989.81,11020004,Western Area Power Administration - Rocky Mountain Region
Upper Arkansas-Lake Meredith,11020005,5733342791.12,11020005,Western Area Power Administration - Rocky Mountain Region
Upper Arkansas-Lake Meredith,11020005,5733342791.12,11020005,Public Service Company of Colorado
Huerfano,11020006,4817549445.49,11020006,Western Area Power Administration - Rocky Mountain Region
Apishapa,11020007,2788231304.52,11020007,Western Area Power Administration - Rocky Mountain Region
Apishapa,11020007,2788231304.52,11020007,Public Service Company of New Mexico
Horse,11020008,3689943055.41,11020008,Western Area Power Administration - Rocky Mountain Region
Upper Arkansas-John Martin Reservoir,11020009,9990076772.04,11020009,Western Area Power Administration - Rocky Mountain Region
Purgatorie,11020010,8933432965.13,11020010,Western Area Power Administration - Rocky Mountain Region
Purgatorie,11020010,8933432965.13,11020010,Public Service Company of New Mexico
Big Sandy,11020011,4794101249.26,11020011,Western Area Power Administration - Rocky Mountain Region
Rush,11020012,3534209124.83,11020012,Western Area Power Administration - Rocky Mountain Region
Two Butte,11020013,2087959774.69,11020013,Southwest Power Pool
Two Butte,11020013,2087959774.69,11020013,Western Area Power Administration - Rocky Mountain Region
Middle Arkansas-Lake McKinney,11030001,5956390090.41,11030001,Southwest Power Pool
Whitewoman,11030002,3775528599.57,11030002,Southwest Power Pool
Arkansas-Dodge City,11030003,2639169710.59,11030003,Southwest Power Pool
Coon-Pickerel,11030004,4853496742.13,11030004,Southwest Power Pool
Pawnee,11030005,4630689510.65,11030005,Southwest Power Pool
Buckner,11030006,2352950895.6,11030006,Southwest Power Pool
Upper Walnut Creek,11030007,2403401332.54,11030007,Southwest Power Pool
Lower Walnut Creek,11030008,2095490618.33,11030008,Southwest Power Pool
Rattlesnake,11030009,3226668167.25,11030009,Southwest Power Pool
Gar-Peace,11030010,1654533382.64,11030010,Southwest Power Pool
Cow,11030011,2479922912.76,11030011,Southwest Power Pool
Little Arkansas,11030012,3684469581.86,11030012,Southwest Power Pool
Middle Arkansas-Slate,11030013,2350492098.93,11030013,Southwest Power Pool
North Fork Ninnescah,11030014,2754912543.92,11030014,Southwest Power Pool
South Fork Ninnescah,11030015,2099430378.76,11030015,Southwest Power Pool
Ninnescah,11030016,1058928161.36,11030016,Southwest Power Pool
Upper Walnut River,11030017,2513028190.14,11030017,Southwest Power Pool
Lower Walnut River,11030018,2658327129.23,11030018,Southwest Power Pool
Cimarron Headwaters,11040001,4345431413.91,11040001,Southwest Power Pool
Cimarron Headwaters,11040001,4345431413.91,11040001,Public Service Company of New Mexico
Upper Cimarron,11040002,4272915948.25,11040002,Southwest Power Pool
Upper Cimarron,11040002,4272915948.25,11040002,Western Area Power Administration - Rocky Mountain Region
North Fork Cimarron,11040003,2566443961.98,11040003,Southwest Power Pool
Sand Arroyo,11040004,1972646244.18,11040004,Southwest Power Pool
Sand Arroyo,11040004,1972646244.18,11040004,Western Area Power Administration - Rocky Mountain Region
Bear,11040005,4932477312,11040005,Southwest Power Pool
Bear,11040005,4932477312,11040005,Western Area Power Administration - Rocky Mountain Region
Upper Cimarron-Liberal,11040006,4486883382.56,11040006,Southwest Power Pool
Crooked,11040007,3742634928.85,11040007,Southwest Power Pool
Upper Cimarron-Bluff,11040008,4816575714.9,11040008,Southwest Power Pool
Lower Cimarron-Eagle Chief,11050001,6272335736.75,11050001,Southwest Power Pool
Lower Cimarron-Skeleton,11050002,8382148654.94,11050002,Southwest Power Pool
Lower Cimarron,11050003,3586179690.42,11050003,Southwest Power Pool
Lower Cimarron,11050003,3586179690.42,11050003,"Associated Electric Cooperative, Inc."
Kaw Lake,11060001,2468015732.71,11060001,Southwest Power Pool
Upper Salt Fork Arkansas,11060002,2794919488.15,11060002,Southwest Power Pool
Medicine Lodge,11060003,3313172136.66,11060003,Southwest Power Pool
Lower Salt Fork Arkansas,11060004,6048235746.76,11060004,Southwest Power Pool
Chikaskia,11060005,5238462432.69,11060005,Southwest Power Pool
Black Bear-Red Rock,11060006,5531552177.18,11060006,Southwest Power Pool
Upper Verdigris,11070101,3102093353.64,11070101,Southwest Power Pool
Fall,11070102,2226791767.75,11070102,Southwest Power Pool
Middle Verdigris,11070103,3930316835.16,11070103,Southwest Power Pool
Middle Verdigris,11070103,3930316835.16,11070103,"Associated Electric Cooperative, Inc."
Elk,11070104,1815813898.38,11070104,Southwest Power Pool
Lower Verdigris,11070105,1849594399.17,11070105,Southwest Power Pool
Lower Verdigris,11070105,1849594399.17,11070105,"Associated Electric Cooperative, Inc."
Caney,11070106,5424365722.41,11070106,Southwest Power Pool
Caney,11070106,5424365722.41,11070106,"Associated Electric Cooperative, Inc."
Bird,11070107,2945943106.12,11070107,Southwest Power Pool
Neosho Headwaters,11070201,2927988741.73,11070201,Southwest Power Pool
Upper Cottonwood,11070202,2433199246.04,11070202,Southwest Power Pool
Lower Cottonwood,11070203,2493693879.32,11070203,Southwest Power Pool
Upper Neosho,11070204,3526334008.15,11070204,Southwest Power Pool
Middle Neosho,11070205,3691260702.52,11070205,Southwest Power Pool
Lake O Cherokees,11070206,2355272138.23,11070206,Southwest Power Pool
Spring,11070207,6707881982.96,11070207,"Associated Electric Cooperative, Inc."
Spring,11070207,6707881982.96,11070207,Southwestern Power Administration
Elk,11070208,2656130369.96,11070208,"Associated Electric Cooperative, Inc."
Lower Neosho,11070209,5764748583.38,11070209,Southwest Power Pool
Canadian Headwaters,11080001,4468314806.6,11080001,Public Service Company of New Mexico
Canadian Headwaters,11080001,4468314806.6,11080001,Public Service Company of Colorado
Cimarron,11080002,2718191725.68,11080002,Public Service Company of New Mexico
Cimarron,11080002,2718191725.68,11080002,Public Service Company of Colorado
Upper Canadian,11080003,5320308485.37,11080003,Public Service Company of New Mexico
Mora,11080004,3773994550.49,11080004,Public Service Company of New Mexico
Conchas,11080005,2634498286.22,11080005,Southwest Power Pool
Conchas,11080005,2634498286.22,11080005,Public Service Company of New Mexico
Upper Canadian-Ute Reservoir,11080006,5797852977.5,11080006,Southwest Power Pool
Ute,11080007,5506534282.91,11080007,Southwest Power Pool
Ute,11080007,5506534282.91,11080007,Public Service Company of New Mexico
Revuelto,11080008,2087389048.75,11080008,Southwest Power Pool
Revuelto,11080008,2087389048.75,11080008,Public Service Company of New Mexico
Middle Canadian-Trujillo,11090101,4793416652.03,11090101,Southwest Power Pool
Punta de Agua,11090102,3886189295.17,11090102,Southwest Power Pool
Punta de Agua,11090102,3886189295.17,11090102,Public Service Company of New Mexico
Rita Blanca,11090103,2834718320.77,11090103,Southwest Power Pool
Rita Blanca,11090103,2834718320.77,11090103,Public Service Company of New Mexico
Carrizo,11090104,2366754910.23,11090104,Southwest Power Pool
Carrizo,11090104,2366754910.23,11090104,Public Service Company of New Mexico
Lake Meredith,11090105,5238020068.83,11090105,Southwest Power Pool
Middle Canadian-Spring,11090106,7130541346.47,11090106,Southwest Power Pool
Middle Canadian-Spring,11090106,7130541346.47,11090106,"Electric Reliability Council of Texas, Inc."
Lower Canadian-Deer,11090201,5290018806.43,11090201,Southwest Power Pool
Lower Canadian-Walnut,11090202,4747248185.4,11090202,Southwest Power Pool
Little,11090203,2530830721.74,11090203,Southwest Power Pool
Lower Canadian,11090204,5131058774.26,11090204,Southwest Power Pool
Lower Canadian,11090204,5131058774.26,11090204,"Associated Electric Cooperative, Inc."
Upper Beaver,11100101,7075786103.14,11100101,Southwest Power Pool
Upper Beaver,11100101,7075786103.14,11100101,Public Service Company of New Mexico
Middle Beaver,11100102,3511229289.57,11100102,Southwest Power Pool
Coldwater,11100103,5081821171.58,11100103,Southwest Power Pool
Palo Duro,11100104,5017038329.93,11100104,Southwest Power Pool
Lower Beaver,11100201,4612234819.01,11100201,Southwest Power Pool
Upper Wolf,11100202,2156483295.59,11100202,Southwest Power Pool
Lower Wolf,11100203,2823139922.12,11100203,Southwest Power Pool
Middle North Canadian,11100301,4813328505.41,11100301,Southwest Power Pool
Lower North Canadian,11100302,4842880682.09,11100302,Southwest Power Pool
Deep Fork,11100303,6569697383.78,11100303,Southwest Power Pool
Polecat-Snake,11110101,3424836100.73,11110101,Southwest Power Pool
Polecat-Snake,11110101,3424836100.73,11110101,"Associated Electric Cooperative, Inc."
Dirty-Greenleaf,11110102,2063437891.25,11110102,Southwest Power Pool
Dirty-Greenleaf,11110102,2063437891.25,11110102,"Associated Electric Cooperative, Inc."
Illinois,11110103,4283457413.94,11110103,Southwest Power Pool
Robert S,11110104,4564895753.8,11110104,Southwest Power Pool
Robert S,11110104,4564895753.8,11110104,"Associated Electric Cooperative, Inc."
Poteau,11110105,4934408355.84,11110105,Southwest Power Pool
Poteau,11110105,4934408355.84,11110105,"Associated Electric Cooperative, Inc."
Frog-Mulberry,11110201,3330800741.63,11110201,Southwest Power Pool
Dardanelle Reservoir,11110202,4830608234.61,11110202,Southwest Power Pool
Lake Conway-Point Remove,11110203,2951467831.08,11110203,"Midcontinent Independent Transmission System Operator, Inc.."
Petit Jean,11110204,2846607912.76,11110204,"Midcontinent Independent Transmission System Operator, Inc.."
Petit Jean,11110204,2846607912.76,11110204,Southwest Power Pool
Cadron,11110205,1961308301.62,11110205,"Midcontinent Independent Transmission System Operator, Inc.."
Fourche La Fave,11110206,2887103280.32,11110206,"Midcontinent Independent Transmission System Operator, Inc.."
Lower Arkansas-Maumelle,11110207,2918519745.27,11110207,"Midcontinent Independent Transmission System Operator, Inc.."
Tierra Blanca,11120101,4964288411.22,11120101,Southwest Power Pool
Palo Duro,11120102,2588497273,11120102,Southwest Power Pool
Upper Prairie Dog Town Fork Red,11120103,5576691947.95,11120103,Southwest Power Pool
Upper Prairie Dog Town Fork Red,11120103,5576691947.95,11120103,"Electric Reliability Council of Texas, Inc."
Tule,11120104,3305433746.81,11120104,Southwest Power Pool
Tule,11120104,3305433746.81,11120104,"Electric Reliability Council of Texas, Inc."
Lower Prairie Dog Town Fork Red,11120105,3729401626.98,11120105,Southwest Power Pool
Lower Prairie Dog Town Fork Red,11120105,3729401626.98,11120105,"Electric Reliability Council of Texas, Inc."
Upper Salt Fork Red,11120201,1917936806.97,11120201,Southwest Power Pool
Upper Salt Fork Red,11120201,1917936806.97,11120201,"Electric Reliability Council of Texas, Inc."
Lower Salt Fork Red,11120202,3230829341.24,11120202,Southwest Power Pool
Upper North Fork Red,11120301,3055412172.12,11120301,Southwest Power Pool
Upper North Fork Red,11120301,3055412172.12,11120301,"Electric Reliability Council of Texas, Inc."
Middle North Fork Red,11120302,4285046351.16,11120302,Southwest Power Pool
Lower North Fork Red,11120303,3585348674.26,11120303,Southwest Power Pool
Elm Fork Red,11120304,2404657980.86,11120304,Southwest Power Pool
Groesbeck-Sandy,11130101,3402239501.47,11130101,Southwest Power Pool
Blue-China,11130102,1994629583.31,11130102,Southwest Power Pool
North Pease,11130103,3866816776.46,11130103,Southwest Power Pool
North Pease,11130103,3866816776.46,11130103,"Electric Reliability Council of Texas, Inc."
Middle Pease,11130104,3547230625.36,11130104,Southwest Power Pool
Middle Pease,11130104,3547230625.36,11130104,"Electric Reliability Council of Texas, Inc."
Pease,11130105,2078326347.7,11130105,Southwest Power Pool
Pease,11130105,2078326347.7,11130105,"Electric Reliability Council of Texas, Inc."
Farmers-Mud,11130201,6011073001.23,11130201,Southwest Power Pool
Cache,11130202,2071136863.46,11130202,Southwest Power Pool
West Cache,11130203,2848783741.65,11130203,Southwest Power Pool
North Witchita,11130204,2840772366.4,11130204,Southwest Power Pool
North Witchita,11130204,2840772366.4,11130204,"Electric Reliability Council of Texas, Inc."
South Witchita,11130205,1787083639.83,11130205,"Electric Reliability Council of Texas, Inc."
Witchita,11130206,2646745172.56,11130206,Southwest Power Pool
Southern Beaver,11130207,1760811823.41,11130207,Southwest Power Pool
Southern Beaver,11130207,1760811823.41,11130207,"Electric Reliability Council of Texas, Inc."
Norhtern Beaver,11130208,2237730911.37,11130208,Southwest Power Pool
Little Witchita,11130209,3841101967.48,11130209,Southwest Power Pool
Little Witchita,11130209,3841101967.48,11130209,"Electric Reliability Council of Texas, Inc."
Lake Texoma,11130210,2569634720.06,11130210,"Electric Reliability Council of Texas, Inc."
Washita Headwaters,11130301,3814196707.6,11130301,Southwest Power Pool
Upper Washita,11130302,8310779038.65,11130302,Southwest Power Pool
Middle Washita,11130303,6495858531.66,11130303,Southwest Power Pool
Lower Washita,11130304,1893669667.06,11130304,Southwest Power Pool
Bois D Arc-Island,11140101,5128309238.49,11140101,"Electric Reliability Council of Texas, Inc."
Blue,11140102,1778280111.53,11140102,Southwest Power Pool
Muddy Boggy,11140103,3716950095.78,11140103,Southwest Power Pool
Clear Boggy,11140104,2597375502.53,11140104,Southwest Power Pool
Kiamichi,11140105,4719423513.55,11140105,Southwest Power Pool
Pecan-Waterhole,11140106,3747747341.35,11140106,Southwest Power Pool
Upper Little,11140107,3638170147.56,11140107,Southwest Power Pool
Mountain Fork,11140108,2191753437.25,11140108,Southwest Power Pool
"Lower Little Arkansas, Oklahoma",11140109,5152006530.25,11140109,"Midcontinent Independent Transmission System Operator, Inc.."
"Lower Little Arkansas, Oklahoma",11140109,5152006530.25,11140109,Southwest Power Pool
McKinney-Posten Bayous,11140201,2287125293.82,11140201,"Midcontinent Independent Transmission System Operator, Inc.."
Middle Red-Coushatta,11140202,619048687.535,11140202,"Midcontinent Independent Transmission System Operator, Inc.."
Middle Red-Coushatta,11140202,619048687.535,11140202,Southwest Power Pool
Loggy Bayou,11140203,3871051870.48,11140203,"Midcontinent Independent Transmission System Operator, Inc.."
Red Chute,11140204,1095652430.41,11140204,"Midcontinent Independent Transmission System Operator, Inc.."
Red Chute,11140204,1095652430.41,11140204,Southwest Power Pool
Bodcau Bayou,11140205,1860478325.86,11140205,"Midcontinent Independent Transmission System Operator, Inc.."
Bayou Pierre,11140206,2901091868.18,11140206,"Midcontinent Independent Transmission System Operator, Inc.."
Bayou Pierre,11140206,2901091868.18,11140206,Southwest Power Pool
Lower Red-Lake Latt,11140207,3692820872.65,11140207,"Midcontinent Independent Transmission System Operator, Inc.."
Lower Red-Lake Latt,11140207,3692820872.65,11140207,Southwest Power Pool
Saline Bayou,11140208,1266644458.93,11140208,"Midcontinent Independent Transmission System Operator, Inc.."
Saline Bayou,11140208,1266644458.93,11140208,Southwest Power Pool
Black Lake Bayou,11140209,2346683945.27,11140209,"Midcontinent Independent Transmission System Operator, Inc.."
Sulfur Headwater,11140301,2973889045.59,11140301,"Electric Reliability Council of Texas, Inc."
Lower Sulfer,11140302,4723952121.89,11140302,Southwest Power Pool
White Oak Bayou,11140303,2066533925.56,11140303,Southwest Power Pool
White Oak Bayou,11140303,2066533925.56,11140303,"Electric Reliability Council of Texas, Inc."
Cross Bayou,11140304,2017840293.2,11140304,"Midcontinent Independent Transmission System Operator, Inc.."
Cross Bayou,11140304,2017840293.2,11140304,Southwest Power Pool
Lake O the Fines,11140305,2290926145.18,11140305,Southwest Power Pool
Caddo Lake,11140306,3097314982.01,11140306,Southwest Power Pool
Little Cypress,11140307,1839131693.03,11140307,Southwest Power Pool
Upper Sabine,12010001,3537745478.92,12010001,Southwest Power Pool
Upper Sabine,12010001,3537745478.92,12010001,"Electric Reliability Council of Texas, Inc."
Middle Sabine,12010002,7220941528.67,12010002,"Midcontinent Independent Transmission System Operator, Inc.."
Middle Sabine,12010002,7220941528.67,12010002,Southwest Power Pool
Middle Sabine,12010002,7220941528.67,12010002,"Electric Reliability Council of Texas, Inc."
Lake Fork,12010003,1759328263.43,12010003,Southwest Power Pool
Lake Fork,12010003,1759328263.43,12010003,"Electric Reliability Council of Texas, Inc."
Toledo Bend Reservoir,12010004,6137614458.93,12010004,"Midcontinent Independent Transmission System Operator, Inc.."
Toledo Bend Reservoir,12010004,6137614458.93,12010004,Southwest Power Pool
Toledo Bend Reservoir,12010004,6137614458.93,12010004,"Electric Reliability Council of Texas, Inc."
Lower Sabine,12010005,6843798768.08,12010005,"Midcontinent Independent Transmission System Operator, Inc.."
Upper Neches,12020001,5036481699.37,12020001,"Electric Reliability Council of Texas, Inc."
Middle Neches,12020002,4165127934.12,12020002,"Midcontinent Independent Transmission System Operator, Inc.."
Middle Neches,12020002,4165127934.12,12020002,"Electric Reliability Council of Texas, Inc."
Lower Neches,12020003,2873238781.19,12020003,"Midcontinent Independent Transmission System Operator, Inc.."
Upper Angelina,12020004,4185934673.62,12020004,"Midcontinent Independent Transmission System Operator, Inc.."
Upper Angelina,12020004,4185934673.62,12020004,Southwest Power Pool
Upper Angelina,12020004,4185934673.62,12020004,"Electric Reliability Council of Texas, Inc."
Lower Angelina,12020005,5044549178.01,12020005,"Midcontinent Independent Transmission System Operator, Inc.."
Lower Angelina,12020005,5044549178.01,12020005,Southwest Power Pool
Lower Angelina,12020005,5044549178.01,12020005,"Electric Reliability Council of Texas, Inc."
Village,12020006,2899444508.67,12020006,"Midcontinent Independent Transmission System Operator, Inc.."
Pine Island Bayou,12020007,1836826608.34,12020007,"Midcontinent Independent Transmission System Operator, Inc.."
Upper West Fork Trinity,12030101,5067837184.5,12030101,"Electric Reliability Council of Texas, Inc."
Lower West Fork Trinity,12030102,3921407864.59,12030102,"Electric Reliability Council of Texas, Inc."
Elm Fork Trinity,12030103,4812420171.01,12030103,"Electric Reliability Council of Texas, Inc."
Denton,12030104,1863306598.32,12030104,"Electric Reliability Council of Texas, Inc."
Upper Trinity,12030105,3547522785.36,12030105,"Electric Reliability Council of Texas, Inc."
East Fork Trinity,12030106,3375345164.94,12030106,"Electric Reliability Council of Texas, Inc."
Cedar,12030107,2760489578.87,12030107,"Electric Reliability Council of Texas, Inc."
Richland,12030108,2374275079.8,12030108,"Electric Reliability Council of Texas, Inc."
Chambers,12030109,2784184159.15,12030109,"Electric Reliability Council of Texas, Inc."
Lower Trinity-Tehuacana,12030201,5454633604.87,12030201,"Electric Reliability Council of Texas, Inc."
Lower Trinity-Kickapoo,12030202,8437497072.52,12030202,"Midcontinent Independent Transmission System Operator, Inc.."
Lower Trinity-Kickapoo,12030202,8437497072.52,12030202,"Electric Reliability Council of Texas, Inc."
Lower Trinity,12030203,1986651783.88,12030203,"Midcontinent Independent Transmission System Operator, Inc.."
West Fork San Jacinto,12040101,2801362742.37,12040101,"Midcontinent Independent Transmission System Operator, Inc.."
West Fork San Jacinto,12040101,2801362742.37,12040101,"Electric Reliability Council of Texas, Inc."
Spring,12040102,1959876197.46,12040102,"Midcontinent Independent Transmission System Operator, Inc.."
Spring,12040102,1959876197.46,12040102,"Electric Reliability Council of Texas, Inc."
East Fork San Jacinto,12040103,2577448141.59,12040103,"Midcontinent Independent Transmission System Operator, Inc.."
Buffalo-San Jacinto,12040104,3061567854.51,12040104,"Midcontinent Independent Transmission System Operator, Inc.."
Buffalo-San Jacinto,12040104,3061567854.51,12040104,"Electric Reliability Council of Texas, Inc."
Sabine Lake,12040201,2556821528.15,12040201,"Midcontinent Independent Transmission System Operator, Inc.."
East Galveston Bay,12040202,2119481419.74,12040202,"Midcontinent Independent Transmission System Operator, Inc.."
North Galveston Bay,12040203,924276079.574,12040203,"Midcontinent Independent Transmission System Operator, Inc.."
North Galveston Bay,12040203,924276079.574,12040203,"Electric Reliability Council of Texas, Inc."
West Galveston Bay,12040204,2825720254.87,12040204,"Midcontinent Independent Transmission System Operator, Inc.."
Austin-Oyster,12040205,1599659328.88,12040205,"Electric Reliability Council of Texas, Inc."
Yellow House Draw,12050001,9509091166.7,12050001,Southwest Power Pool
Blackwater Draw,12050002,4372106365.04,12050002,Southwest Power Pool
North Fork Double Mountain Fork Brazos,12050003,3137786485.71,12050003,Southwest Power Pool
North Fork Double Mountain Fork Brazos,12050003,3137786485.71,12050003,"Electric Reliability Council of Texas, Inc."
Double Mountain Fork Brazos,12050004,6743716526.97,12050004,Southwest Power Pool
Double Mountain Fork Brazos,12050004,6743716526.97,12050004,"Electric Reliability Council of Texas, Inc."
Running Water Draw,12050005,3920361558.81,12050005,Southwest Power Pool
White,12050006,4188248588.56,12050006,Southwest Power Pool
White,12050006,4188248588.56,12050006,"Electric Reliability Council of Texas, Inc."
Salt Fork Brazos,12050007,5687880303.37,12050007,"Electric Reliability Council of Texas, Inc."
Middle Brazos-Millers,12060101,6525631899.59,12060101,"Electric Reliability Council of Texas, Inc."
Upper Clear Fork Brazos,12060102,7244544021.23,12060102,"Electric Reliability Council of Texas, Inc."
Paint,12060103,2760119248.73,12060103,"Electric Reliability Council of Texas, Inc."
Lower Clear Fork Brazos,12060104,1626484015.73,12060104,"Electric Reliability Council of Texas, Inc."
Hubbard,12060105,3329243903.72,12060105,"Electric Reliability Council of Texas, Inc."
Middle Brazos-Palo Pinto,12060201,8162938962.77,12060201,"Electric Reliability Council of Texas, Inc."
Middle Brazos-Lake Whitney,12060202,6469018104.65,12060202,"Electric Reliability Council of Texas, Inc."
Bosque,12060203,1091824020.09,12060203,"Electric Reliability Council of Texas, Inc."
North Bosque,12060204,3220442860.44,12060204,"Electric Reliability Council of Texas, Inc."
Lower Brazos-Little Brazos,12070101,6986296742.45,12070101,"Midcontinent Independent Transmission System Operator, Inc.."
Lower Brazos-Little Brazos,12070101,6986296742.45,12070101,"Electric Reliability Council of Texas, Inc."
Yegua,12070102,3422593460.59,12070102,"Electric Reliability Council of Texas, Inc."
Navasota,12070103,5817575156.67,12070103,"Midcontinent Independent Transmission System Operator, Inc.."
Navasota,12070103,5817575156.67,12070103,"Electric Reliability Council of Texas, Inc."
Lower Brazos,12070104,4257257005.33,12070104,"Midcontinent Independent Transmission System Operator, Inc.."
Lower Brazos,12070104,4257257005.33,12070104,"Electric Reliability Council of Texas, Inc."
Leon,12070201,7823917940.63,12070201,"Electric Reliability Council of Texas, Inc."
Cowhouse,12070202,1884090918.46,12070202,"Electric Reliability Council of Texas, Inc."
Lampasas,12070203,3916859381.09,12070203,"Electric Reliability Council of Texas, Inc."
Little,12070204,2598575042.22,12070204,"Midcontinent Independent Transmission System Operator, Inc.."
Little,12070204,2598575042.22,12070204,"Electric Reliability Council of Texas, Inc."
San Gabriel,12070205,3539868854.2,12070205,"Electric Reliability Council of Texas, Inc."
Lost Draw,12080001,4637410749,12080001,Southwest Power Pool
Colorado Headwaters,12080002,7571328904.88,12080002,Southwest Power Pool
Colorado Headwaters,12080002,7571328904.88,12080002,"Electric Reliability Council of Texas, Inc."
Monument-Seminole Draws,12080003,6239152260.76,12080003,Southwest Power Pool
Mustang Draw,12080004,8044562494.31,12080004,Southwest Power Pool
Johnson Draw,12080005,5125230144.44,12080005,Southwest Power Pool
Johnson Draw,12080005,5125230144.44,12080005,"Electric Reliability Council of Texas, Inc."
Sulphur Springs Draw,12080006,4879095596.14,12080006,Southwest Power Pool
Beals,12080007,1575908094.66,12080007,"Electric Reliability Council of Texas, Inc."
Upper Colorado,12080008,3569751725.35,12080008,"Electric Reliability Council of Texas, Inc."
Middle Colorado-Elm,12090101,2997910314.25,12090101,"Electric Reliability Council of Texas, Inc."
South Concho,12090102,3457851460.24,12090102,"Electric Reliability Council of Texas, Inc."
Middle Concho,12090103,6971567332.31,12090103,"Electric Reliability Council of Texas, Inc."
North Concho,12090104,3845785015.79,12090104,"Electric Reliability Council of Texas, Inc."
Concho,12090105,3193225335.18,12090105,"Electric Reliability Council of Texas, Inc."
Middle Colorado,12090106,5213763863.28,12090106,"Electric Reliability Council of Texas, Inc."
Pecan Bayou,12090107,3679971174.22,12090107,"Electric Reliability Council of Texas, Inc."
Jim Ned,12090108,2029570664.29,12090108,"Electric Reliability Council of Texas, Inc."
San Saba,12090109,5947403183.7,12090109,"Electric Reliability Council of Texas, Inc."
Brady,12090110,2081367725.44,12090110,"Electric Reliability Council of Texas, Inc."
Buchanan-Lyndon B,12090201,3289432242.73,12090201,"Electric Reliability Council of Texas, Inc."
North Llano,12090202,2380748972.3,12090202,"Electric Reliability Council of Texas, Inc."
South Llano,12090203,2417021669.18,12090203,"Electric Reliability Council of Texas, Inc."
South Llano,12090203,2417021669.18,12090203,El Paso Electric Company
Llano,12090204,6769904877.48,12090204,"Electric Reliability Council of Texas, Inc."
Austin-Travis Lakes,12090205,3213867108.32,12090205,"Electric Reliability Council of Texas, Inc."
Pedernales,12090206,3316537006.31,12090206,"Electric Reliability Council of Texas, Inc."
Lower Colorado-Cummins,12090301,5688313617.98,12090301,"Electric Reliability Council of Texas, Inc."
Lower Colorado,12090302,1828483212.72,12090302,"Electric Reliability Council of Texas, Inc."
San Bernard,12090401,2748790271.16,12090401,"Electric Reliability Council of Texas, Inc."
East Matagorda Bay,12090402,2076974204.31,12090402,"Electric Reliability Council of Texas, Inc."
Lavaca,12100101,2356358660.61,12100101,"Electric Reliability Council of Texas, Inc."
Navidad,12100102,3628428159.34,12100102,"Electric Reliability Council of Texas, Inc."
Upper Guadalupe,12100201,3710833139.14,12100201,"Electric Reliability Council of Texas, Inc."
Middle Guadalupe,12100202,5538277426.68,12100202,"Electric Reliability Council of Texas, Inc."
San Marcos,12100203,3519980157.03,12100203,"Electric Reliability Council of Texas, Inc."
Lower Guadalupe,12100204,2610543099.38,12100204,"Electric Reliability Council of Texas, Inc."
Upper San Antonio,12100301,1312766045.92,12100301,"Electric Reliability Council of Texas, Inc."
Medina,12100302,3491876118.45,12100302,"Electric Reliability Council of Texas, Inc."
Lower San Antonio,12100303,3842242539.99,12100303,"Electric Reliability Council of Texas, Inc."
Cibolo,12100304,2212008970.99,12100304,"Electric Reliability Council of Texas, Inc."
East Matagorda Bay,12100401,3311098283.4,12100401,"Electric Reliability Council of Texas, Inc."
West Matagorda Bay,12100402,2318812906.52,12100402,"Electric Reliability Council of Texas, Inc."
East San Antonio Bay,12100403,1015039675.03,12100403,"Electric Reliability Council of Texas, Inc."
West San Antonio Bay,12100404,379269962.7,12100404,"Electric Reliability Council of Texas, Inc."
,,,12100405,
Mission,12100406,2688757719.11,12100406,"Electric Reliability Council of Texas, Inc."
Aransas,12100407,2221711517.64,12100407,"Electric Reliability Council of Texas, Inc."
Nueces Headwaters,12110101,2115399950.02,12110101,"Electric Reliability Council of Texas, Inc."
West Nueces,12110102,2377934480.01,12110102,"Electric Reliability Council of Texas, Inc."
West Nueces,12110102,2377934480.01,12110102,El Paso Electric Company
Upper Nueces,12110103,4866208103.15,12110103,"Electric Reliability Council of Texas, Inc."
Upper Nueces,12110103,4866208103.15,12110103,El Paso Electric Company
Turkey,12110104,4036847187.23,12110104,El Paso Electric Company
Middle Nueces,12110105,8646147037.47,12110105,"Electric Reliability Council of Texas, Inc."
Middle Nueces,12110105,8646147037.47,12110105,El Paso Electric Company
Upper Frio,12110106,6063192304.76,12110106,"Electric Reliability Council of Texas, Inc."
Upper Frio,12110106,6063192304.76,12110106,El Paso Electric Company
Hondo,12110107,2867632543.21,12110107,"Electric Reliability Council of Texas, Inc."
Lower Frio,12110108,3162552229.84,12110108,"Electric Reliability Council of Texas, Inc."
San Miguel,12110109,2211763663.22,12110109,"Electric Reliability Council of Texas, Inc."
Atascosa,12110110,3614205513.98,12110110,"Electric Reliability Council of Texas, Inc."
Lower Nueces,12110111,3364558954.51,12110111,"Electric Reliability Council of Texas, Inc."
North Corpus Christi Bay,12110201,449312666.255,12110201,"Electric Reliability Council of Texas, Inc."
South Corpus Christi Bay,12110202,1128093238.46,12110202,"Electric Reliability Council of Texas, Inc."
North Laguna Madre,12110203,600648776.636,12110203,"Electric Reliability Council of Texas, Inc."
San Fernando,12110204,3296885490.03,12110204,"Electric Reliability Council of Texas, Inc."
Baffin Bay,12110205,5516850819.29,12110205,"Electric Reliability Council of Texas, Inc."
Palo Blanco,12110206,2437648405.67,12110206,"Electric Reliability Council of Texas, Inc."
Central Laguna Madre,12110207,9238435528.84,12110207,"Electric Reliability Council of Texas, Inc."
South Laguna Madre,12110208,7319141886.05,12110208,"Electric Reliability Council of Texas, Inc."
Rio Grande Headwaters,13010001,3575763731.93,13010001,Western Area Power Administration - Rocky Mountain Region
Alamosa-Trinchera,13010002,6576583332.21,13010002,Western Area Power Administration - Rocky Mountain Region
San Luis,13010003,4098021330.18,13010003,Western Area Power Administration - Rocky Mountain Region
Saguache,13010004,3478218811.21,13010004,Western Area Power Administration - Rocky Mountain Region
Saguache,13010004,3478218811.21,13010004,Public Service Company of Colorado
Conejos,13010005,1986813117.95,13010005,Western Area Power Administration - Rocky Mountain Region
Conejos,13010005,1986813117.95,13010005,Public Service Company of Colorado
Upper Rio Grande,13020101,8428334706.39,13020101,Public Service Company of New Mexico
Rio Chama,13020102,8179259260.3,13020102,Western Area Power Administration - Rocky Mountain Region
Rio Chama,13020102,8179259260.3,13020102,Western Area Power Administration - Desert Southwest Region
Rio Grande-Santa Fe,13020201,4847531408.47,13020201,Western Area Power Administration - Desert Southwest Region
Jemez,13020202,2690906813.08,13020202,Western Area Power Administration - Desert Southwest Region
Rio Grande-Albuquerque,13020203,8328167669.16,13020203,Public Service Company of New Mexico
Rio Puerco,13020204,5469004489.1,13020204,Public Service Company of New Mexico
Arroyo Chico,13020205,3562161358.47,13020205,Western Area Power Administration - Desert Southwest Region
Arroyo Chico,13020205,3562161358.47,13020205,PacifiCorp - East
Arroyo Chico,13020205,3562161358.47,13020205,Public Service Company of New Mexico
North Plains,13020206,3126779803.2,13020206,Public Service Company of New Mexico
Rio San Jose,13020207,6727296969.6,13020207,Public Service Company of New Mexico
Plains of San Agustin,13020208,5155593982.28,13020208,Public Service Company of New Mexico
Rio Saldo,13020209,3615335564.48,13020209,Public Service Company of New Mexico
Jornada Del Muerto,13020210,4431200553.43,13020210,Public Service Company of New Mexico
Elephant Butte Reservoir,13020211,5667632316.46,13020211,Public Service Company of New Mexico
Caballo,13030101,3212191696.6,13030101,Public Service Company of New Mexico
Caballo,13030101,3212191696.6,13030101,El Paso Electric Company
El Paso-Las Cruces,13030102,6330129551.16,13030102,El Paso Electric Company
Jornada Draw,13030103,3236324850.77,13030103,Public Service Company of New Mexico
Jornada Draw,13030103,3236324850.77,13030103,El Paso Electric Company
Mimbres,13030200,10592931.1472,13030200,Western Area Power Administration - Desert Southwest Region
Mimbres,13030200,10592931.1472,13030200,Public Service Company of New Mexico
Playas Lake,13030201,4346422104.08,13030201,Western Area Power Administration - Desert Southwest Region
Playas Lake,13030201,4346422104.08,13030201,Public Service Company of New Mexico
Mimbres,13030202,11715202015.1,13030202,Public Service Company of New Mexico
Mimbres,13030202,11715202015.1,13030202,El Paso Electric Company
Rio Grande-Fort Quitman,13040100,4641895776.26,13040100,El Paso Electric Company
Cibolo-Red Light,13040201,5667397590.83,13040201,El Paso Electric Company
Alamito,13040202,4045013962.19,13040202,El Paso Electric Company
Black Hills-Fresno,13040203,1584836121.89,13040203,El Paso Electric Company
Terlingua,13040204,2850894876.6,13040204,El Paso Electric Company
Big Bend,13040205,2738702343.35,13040205,El Paso Electric Company
Maravillas,13040206,3400681547.77,13040206,El Paso Electric Company
Santiago Draw,13040207,2262342118,13040207,El Paso Electric Company
Reagan-Sanderson,13040208,1868534698.57,13040208,El Paso Electric Company
San Francisco,13040209,2651044598.56,13040209,El Paso Electric Company
Lozier Canyon,13040210,2289532154.12,13040210,El Paso Electric Company
Big Canyon,13040211,2083815900.84,13040211,"Electric Reliability Council of Texas, Inc."
Big Canyon,13040211,2083815900.84,13040211,El Paso Electric Company
,,,13040212,
Upper Devils,13040301,6847361983.97,13040301,"Electric Reliability Council of Texas, Inc."
Lower Devils,13040302,2264304381.23,13040302,"Electric Reliability Council of Texas, Inc."
Lower Devils,13040302,2264304381.23,13040302,El Paso Electric Company
Dry Devils,13040303,1888663555.8,13040303,"Electric Reliability Council of Texas, Inc."
Dry Devils,13040303,1888663555.8,13040303,El Paso Electric Company
Western Estancia,13050001,6279918297.29,13050001,Public Service Company of New Mexico
Eastern Estancia,13050002,1333110955.67,13050002,Public Service Company of New Mexico
Tularosa Valley,13050003,17382005516.1,13050003,Public Service Company of New Mexico
Tularosa Valley,13050003,17382005516.1,13050003,El Paso Electric Company
Salt Basin,13050004,20515473337.4,13050004,El Paso Electric Company
Pecos Headwaters,13060001,9016294785.69,13060001,Southwest Power Pool
Pecos Headwaters,13060001,9016294785.69,13060001,Public Service Company of New Mexico
Pintada Arroyo,13060002,2667846385.5,13060002,Southwest Power Pool
Pintada Arroyo,13060002,2667846385.5,13060002,Public Service Company of New Mexico
Upper Pecos,13060003,10897570066.1,13060003,Southwest Power Pool
Upper Pecos,13060003,10897570066.1,13060003,Public Service Company of New Mexico
Taiban,13060004,2086697393.28,13060004,Southwest Power Pool
Arroyo Del Macho,13060005,4847727859.21,13060005,Public Service Company of New Mexico
Gallo Arroyo,13060006,2258153478.25,13060006,Public Service Company of New Mexico
Upper Pecos-Long Arroyo,13060007,8291341686.31,13060007,Southwest Power Pool
Rio Hondo,13060008,4307501393.87,13060008,Public Service Company of New Mexico
Rio Felix,13060009,2446093854.32,13060009,Southwest Power Pool
Rio Felix,13060009,2446093854.32,13060009,Public Service Company of New Mexico
Rio Penasco,13060010,2777761170.3,13060010,Southwest Power Pool
Rio Penasco,13060010,2777761170.3,13060010,Public Service Company of New Mexico
Upper Pecos-Black,13060011,11350606295.9,13060011,Southwest Power Pool
Upper Pecos-Black,13060011,11350606295.9,13060011,El Paso Electric Company
Lower Pecos-Red Bluff Reservoir,13070001,6454582424.05,13070001,El Paso Electric Company
Delaware,13070002,2039366680.91,13070002,El Paso Electric Company
Toyah,13070003,2913223121.9,13070003,El Paso Electric Company
Salt Draw,13070004,5074004518.61,13070004,El Paso Electric Company
Barrilla Draw,13070005,1831660083.4,13070005,El Paso Electric Company
Coyanosa-Hackberry Draws,13070006,3833113811.5,13070006,El Paso Electric Company
Landreth-Monumnet Draws,13070007,16414374227.9,13070007,"Electric Reliability Council of Texas, Inc."
Lower Pecos,13070008,4962616037.32,13070008,"Electric Reliability Council of Texas, Inc."
Lower Pecos,13070008,4962616037.32,13070008,El Paso Electric Company
Tunas,13070009,2505344404.28,13070009,"Electric Reliability Council of Texas, Inc."
Tunas,13070009,2505344404.28,13070009,El Paso Electric Company
Independence,13070010,1997452143.7,13070010,El Paso Electric Company
Howard Draw,13070011,2828999243.99,13070011,"Electric Reliability Council of Texas, Inc."
Howard Draw,13070011,2828999243.99,13070011,El Paso Electric Company
No Name Assigned,13070012,2573636944.77,13070012,"Electric Reliability Council of Texas, Inc."
No Name Assigned,13070012,2573636944.77,13070012,El Paso Electric Company
Elm-Sycamore,13080001,4066814795.85,13080001,"Electric Reliability Council of Texas, Inc."
Elm-Sycamore,13080001,4066814795.85,13080001,El Paso Electric Company
San Ambrosia-Santa Isabel,13080002,4483063382.85,13080002,"Electric Reliability Council of Texas, Inc."
San Ambrosia-Santa Isabel,13080002,4483063382.85,13080002,El Paso Electric Company
International Falcon Reservoir,13080003,4669830855.93,13080003,"Electric Reliability Council of Texas, Inc."
Los Olmos,13090001,2989125603.12,13090001,"Electric Reliability Council of Texas, Inc."
Colorado Headwaters,14010001,7515826031.82,14010001,Western Area Power Administration - Rocky Mountain Region
Blue,14010002,1769355184.74,14010002,Western Area Power Administration - Rocky Mountain Region
Blue,14010002,1769355184.74,14010002,Public Service Company of Colorado
Eagle,14010003,2518620353.86,14010003,Public Service Company of Colorado
Roaring Fork,14010004,3767345146.81,14010004,Western Area Power Administration - Rocky Mountain Region
Roaring Fork,14010004,3767345146.81,14010004,Public Service Company of Colorado
Colorado Headwaters-Plateau,14010005,9909417820.84,14010005,Western Area Power Administration - Rocky Mountain Region
Colorado Headwaters-Plateau,14010005,9909417820.84,14010005,Public Service Company of Colorado
East-Taylor,14020001,1986219614.37,14020001,Western Area Power Administration - Rocky Mountain Region
Upper Gunnison,14020002,6245130770.59,14020002,Western Area Power Administration - Rocky Mountain Region
Tomichi,14020003,2855874635.52,14020003,Western Area Power Administration - Rocky Mountain Region
North Fork Gunnison,14020004,2509661845.17,14020004,Western Area Power Administration - Rocky Mountain Region
Lower Gunnison,14020005,4306253267,14020005,Western Area Power Administration - Rocky Mountain Region
Uncompahange,14020006,2886887305.98,14020006,Western Area Power Administration - Rocky Mountain Region
Westwater Canyon,14030001,3769181591.74,14030001,PacifiCorp - East
Upper Dolores,14030002,5587788529.52,14030002,Western Area Power Administration - Rocky Mountain Region
San Miguel,14030003,4023309254.51,14030003,Western Area Power Administration - Rocky Mountain Region
Lower Dolores,14030004,2390283268.11,14030004,Western Area Power Administration - Rocky Mountain Region
Lower Dolores,14030004,2390283268.11,14030004,Public Service Company of Colorado
Upper Colorado-Kane Springs,14030005,5891693930.57,14030005,Western Area Power Administration - Rocky Mountain Region
Upper Colorado-Kane Springs,14030005,5891693930.57,14030005,PacifiCorp - East
Upper Green,14040101,7618097914.76,14040101,Bonneville Power Administration
Upper Green,14040101,7618097914.76,14040101,PacifiCorp - East
New Fork,14040102,3247461234.48,14040102,Bonneville Power Administration
New Fork,14040102,3247461234.48,14040102,PacifiCorp - East
Upper Green-Slate,14040103,3919615642.76,14040103,Western Area Power Administration - Rocky Mountain Region
Upper Green-Slate,14040103,3919615642.76,14040103,PacifiCorp - East
Big Sandy,14040104,4645034377.55,14040104,Western Area Power Administration - Rocky Mountain Region
Big Sandy,14040104,4645034377.55,14040104,PacifiCorp - East
Bitter,14040105,5670017516.07,14040105,Western Area Power Administration - Rocky Mountain Region
Bitter,14040105,5670017516.07,14040105,PacifiCorp - East
Upper Green-Flaming Gorge Reservoir,14040106,6580397540.22,14040106,Western Area Power Administration - Rocky Mountain Region
Blacks Fork,14040107,7106081166.68,14040107,Western Area Power Administration - Rocky Mountain Region
Blacks Fork,14040107,7106081166.68,14040107,PacifiCorp - East
Muddy,14040108,2500175284.5,14040108,Western Area Power Administration - Rocky Mountain Region
Muddy,14040108,2500175284.5,14040108,PacifiCorp - East
Vermilion,14040109,2524012691.9,14040109,Western Area Power Administration - Rocky Mountain Region
Vermilion,14040109,2524012691.9,14040109,Public Service Company of Colorado
Great Divide Closed Basin,14040200,9947526718.04,14040200,Western Area Power Administration - Rocky Mountain Region
Great Divide Closed Basin,14040200,9947526718.04,14040200,PacifiCorp - East
Upper Yampa,14050001,6734836621.23,14050001,Western Area Power Administration - Rocky Mountain Region
Upper Yampa,14050001,6734836621.23,14050001,Public Service Company of Colorado
Lower Yampa,14050002,4065043390.07,14050002,Western Area Power Administration - Rocky Mountain Region
Lower Yampa,14050002,4065043390.07,14050002,Public Service Company of Colorado
Little Snake,14050003,7926454380.41,14050003,Western Area Power Administration - Rocky Mountain Region
Little Snake,14050003,7926454380.41,14050003,Public Service Company of Colorado
Muddy,14050004,2607435373.04,14050004,Western Area Power Administration - Rocky Mountain Region
Muddy,14050004,2607435373.04,14050004,PacifiCorp - East
Upper White,14050005,3532884421.64,14050005,Western Area Power Administration - Rocky Mountain Region
Piceance-Yellow,14050006,2368326637.02,14050006,Western Area Power Administration - Rocky Mountain Region
Lower White,14050007,7056891857.23,14050007,Western Area Power Administration - Rocky Mountain Region
Lower Green-Diamond,14060001,2539543934.59,14060001,Western Area Power Administration - Rocky Mountain Region
Lower Green-Diamond,14060001,2539543934.59,14060001,PacifiCorp - East
Ashley-Brush,14060002,1671481714.28,14060002,Western Area Power Administration - Rocky Mountain Region
Ashley-Brush,14060002,1671481714.28,14060002,PacifiCorp - East
Duchesne,14060003,6938943463.3,14060003,Western Area Power Administration - Rocky Mountain Region
Duchesne,14060003,6938943463.3,14060003,PacifiCorp - East
Strawberry,14060004,3016133099.82,14060004,Western Area Power Administration - Rocky Mountain Region
Strawberry,14060004,3016133099.82,14060004,PacifiCorp - East
Lower Green-Desolation Canyon,14060005,5040032028.87,14060005,PacifiCorp - East
Willow,14060006,2470686990.22,14060006,Western Area Power Administration - Rocky Mountain Region
Willow,14060006,2470686990.22,14060006,PacifiCorp - East
Price,14060007,4886142570.98,14060007,PacifiCorp - East
Lower Green,14060008,4836725987.97,14060008,PacifiCorp - East
San Rafael,14060009,6301713697.4,14060009,PacifiCorp - East
Upper Lake Powell,14070001,7406350316.7,14070001,Western Area Power Administration - Rocky Mountain Region
Upper Lake Powell,14070001,7406350316.7,14070001,PacifiCorp - East
Muddy,14070002,4016828373.17,14070002,PacifiCorp - East
Fremont,14070003,5063006492.12,14070003,Western Area Power Administration - Desert Southwest Region
Dirty Devil,14070004,2248898684.28,14070004,Western Area Power Administration - Rocky Mountain Region
Escalante,14070005,5247567465.02,14070005,Western Area Power Administration - Desert Southwest Region
Escalante,14070005,5247567465.02,14070005,PacifiCorp - East
Lower Lake Powell,14070006,7605789804.32,14070006,Western Area Power Administration - Rocky Mountain Region
Lower Lake Powell,14070006,7605789804.32,14070006,Western Area Power Administration - Desert Southwest Region
Lower Lake Powell,14070006,7605789804.32,14070006,PacifiCorp - East
Paria,14070007,3675957746.77,14070007,Western Area Power Administration - Desert Southwest Region
Upper San Juan,14080101,8886218766.46,14080101,Western Area Power Administration - Rocky Mountain Region
Upper San Juan,14080101,8886218766.46,14080101,Western Area Power Administration - Desert Southwest Region
Upper San Juan,14080101,8886218766.46,14080101,Public Service Company of New Mexico
Piedra,14080102,1751827210.69,14080102,Western Area Power Administration - Rocky Mountain Region
Blanco Canyon,14080103,4438869353.21,14080103,Western Area Power Administration - Rocky Mountain Region
Blanco Canyon,14080103,4438869353.21,14080103,Western Area Power Administration - Desert Southwest Region
Animas,14080104,3547434059.83,14080104,Western Area Power Administration - Rocky Mountain Region
Middle San Juan,14080105,5037465643.15,14080105,Western Area Power Administration - Rocky Mountain Region
Middle San Juan,14080105,5037465643.15,14080105,Western Area Power Administration - Desert Southwest Region
Middle San Juan,14080105,5037465643.15,14080105,PacifiCorp - East
Chaco,14080106,11845701385.6,14080106,Western Area Power Administration - Rocky Mountain Region
Chaco,14080106,11845701385.6,14080106,Western Area Power Administration - Desert Southwest Region
Chaco,14080106,11845701385.6,14080106,PacifiCorp - East
Mancos,14080107,2078914421.99,14080107,Western Area Power Administration - Rocky Mountain Region
Lower San Juan-Four Corners,14080201,5163565455.49,14080201,Western Area Power Administration - Rocky Mountain Region
Lower San Juan-Four Corners,14080201,5163565455.49,14080201,PacifiCorp - East
Mcelmo,14080202,1856907667.64,14080202,Western Area Power Administration - Rocky Mountain Region
Montezuma,14080203,3027678859.8,14080203,Western Area Power Administration - Rocky Mountain Region
Montezuma,14080203,3027678859.8,14080203,PacifiCorp - East
Chinle,14080204,10616732395.2,14080204,Western Area Power Administration - Desert Southwest Region
Chinle,14080204,10616732395.2,14080204,PacifiCorp - East
Lower San Juan,14080205,6317948785.19,14080205,Western Area Power Administration - Rocky Mountain Region
Lower San Juan,14080205,6317948785.19,14080205,PacifiCorp - East
Lower Colorado-Marble Canyon,15010001,3802842186.98,15010001,Western Area Power Administration - Desert Southwest Region
Lower Colorado-Marble Canyon,15010001,3802842186.98,15010001,PacifiCorp - East
Grand Canyon,15010002,6607564041.7,15010002,Western Area Power Administration - Desert Southwest Region
Grand Canyon,15010002,6607564041.7,15010002,PacifiCorp - East
Kanab,15010003,6121329171.58,15010003,Western Area Power Administration - Desert Southwest Region
Kanab,15010003,6121329171.58,15010003,PacifiCorp - East
Havasu Canyon,15010004,7599011567.99,15010004,Western Area Power Administration - Desert Southwest Region
Havasu Canyon,15010004,7599011567.99,15010004,PacifiCorp - East
Havasu Canyon,15010004,7599011567.99,15010004,Arizona Public Service Company
Lake Mead,15010005,7498035139.96,15010005,Western Area Power Administration - Desert Southwest Region
Lake Mead,15010005,7498035139.96,15010005,Nevada Power Company
Grand Wash,15010006,2419851157.74,15010006,Western Area Power Administration - Desert Southwest Region
Grand Wash,15010006,2419851157.74,15010006,PacifiCorp - East
Hualapai Wash,15010007,3663419048.29,15010007,Western Area Power Administration - Desert Southwest Region
Hualapai Wash,15010007,3663419048.29,15010007,PacifiCorp - East
Upper Virgin,15010008,5654297744.54,15010008,Western Area Power Administration - Desert Southwest Region
Upper Virgin,15010008,5654297744.54,15010008,PacifiCorp - East
Fort Pierce Wash,15010009,4326725415.76,15010009,Western Area Power Administration - Desert Southwest Region
Fort Pierce Wash,15010009,4326725415.76,15010009,PacifiCorp - East
Lower Virgin,15010010,5337710797,15010010,Nevada Power Company
White,15010011,7447305134.54,15010011,Nevada Power Company
Muddy,15010012,4691941645.23,15010012,Western Area Power Administration - Desert Southwest Region
Muddy,15010012,4691941645.23,15010012,Nevada Power Company
Meadow Valley Wash,15010013,6570143633.24,15010013,Nevada Power Company
Detrital Wash,15010014,1795621590.38,15010014,Western Area Power Administration - Desert Southwest Region
Detrital Wash,15010014,1795621590.38,15010014,PacifiCorp - East
Detrital Wash,15010014,1795621590.38,15010014,Tucson Electric Power Company
Las Vegas Wash,15010015,4865485445.3,15010015,Western Area Power Administration - Desert Southwest Region
Las Vegas Wash,15010015,4865485445.3,15010015,Nevada Power Company
Little Colorado Headwaters,15020001,2085493894.96,15020001,Western Area Power Administration - Desert Southwest Region
Little Colorado Headwaters,15020001,2085493894.96,15020001,PacifiCorp - East
Little Colorado Headwaters,15020001,2085493894.96,15020001,Public Service Company of New Mexico
Upper Little Colorado,15020002,4199517168.65,15020002,Western Area Power Administration - Desert Southwest Region
Upper Little Colorado,15020002,4199517168.65,15020002,PacifiCorp - East
Upper Little Colorado,15020002,4199517168.65,15020002,Public Service Company of New Mexico
Carrizo Wash,15020003,5852067631.95,15020003,Public Service Company of New Mexico
Zuni,15020004,6909394415.05,15020004,Public Service Company of New Mexico
Silver,15020005,2456798926.92,15020005,Western Area Power Administration - Desert Southwest Region
Silver,15020005,2456798926.92,15020005,PacifiCorp - East
Silver,15020005,2456798926.92,15020005,Arizona Public Service Company
Upper Peurco,15020006,4951237530.98,15020006,Western Area Power Administration - Desert Southwest Region
Upper Peurco,15020006,4951237530.98,15020006,PacifiCorp - East
Lower Peurco,15020007,2889694414.24,15020007,Western Area Power Administration - Desert Southwest Region
Lower Peurco,15020007,2889694414.24,15020007,PacifiCorp - East
Lower Peurco,15020007,2889694414.24,15020007,Public Service Company of New Mexico
Middle Little Colorado,15020008,6539436939.83,15020008,Western Area Power Administration - Desert Southwest Region
Middle Little Colorado,15020008,6539436939.83,15020008,PacifiCorp - East
Middle Little Colorado,15020008,6539436939.83,15020008,Arizona Public Service Company
Leroux Wash,15020009,2106649914.28,15020009,Western Area Power Administration - Desert Southwest Region
Leroux Wash,15020009,2106649914.28,15020009,PacifiCorp - East
Chevelon Canyon,15020010,2123643025.76,15020010,Western Area Power Administration - Desert Southwest Region
Chevelon Canyon,15020010,2123643025.76,15020010,PacifiCorp - East
Chevelon Canyon,15020010,2123643025.76,15020010,Arizona Public Service Company
Cottonwood Wash,15020011,4342499956.79,15020011,Western Area Power Administration - Desert Southwest Region
Cottonwood Wash,15020011,4342499956.79,15020011,PacifiCorp - East
Corn-Oraibi,15020012,1895562476.96,15020012,Western Area Power Administration - Desert Southwest Region
Corn-Oraibi,15020012,1895562476.96,15020012,PacifiCorp - East
Polacca Wash,15020013,2994492259.18,15020013,Western Area Power Administration - Desert Southwest Region
Polacca Wash,15020013,2994492259.18,15020013,PacifiCorp - East
Jadito Wash,15020014,2432492697.86,15020014,Western Area Power Administration - Desert Southwest Region
Jadito Wash,15020014,2432492697.86,15020014,PacifiCorp - East
Canyon Diablo,15020015,3106550931.48,15020015,Western Area Power Administration - Desert Southwest Region
Canyon Diablo,15020015,3106550931.48,15020015,PacifiCorp - East
Canyon Diablo,15020015,3106550931.48,15020015,Arizona Public Service Company
Lower Little Colorado,15020016,6201872578.7,15020016,Western Area Power Administration - Desert Southwest Region
Lower Little Colorado,15020016,6201872578.7,15020016,PacifiCorp - East
Dinnebito Wash,15020017,2121578532.96,15020017,Western Area Power Administration - Desert Southwest Region
Dinnebito Wash,15020017,2121578532.96,15020017,PacifiCorp - East
Moenkopi Wash,15020018,6868467735.29,15020018,Western Area Power Administration - Desert Southwest Region
Moenkopi Wash,15020018,6868467735.29,15020018,PacifiCorp - East
Havasu-Mohave Lakes,15030101,7208251250.5,15030101,Western Area Power Administration - Desert Southwest Region
Havasu-Mohave Lakes,15030101,7208251250.5,15030101,PacifiCorp - East
Piute Wash,15030102,2660844093.21,15030102,Western Area Power Administration - Desert Southwest Region
Piute Wash,15030102,2660844093.21,15030102,California Independent System Operator
Sacramento Wash,15030103,3449437405.01,15030103,Western Area Power Administration - Desert Southwest Region
Sacramento Wash,15030103,3449437405.01,15030103,PacifiCorp - East
Sacramento Wash,15030103,3449437405.01,15030103,Tucson Electric Power Company
Imperial Reservoir,15030104,8920776919.28,15030104,Western Area Power Administration - Desert Southwest Region
Imperial Reservoir,15030104,8920776919.28,15030104,California Independent System Operator
Bouse Wash,15030105,4185298147.01,15030105,Western Area Power Administration - Desert Southwest Region
Bouse Wash,15030105,4185298147.01,15030105,Arizona Public Service Company
Tyson Wash,15030106,1850434514.36,15030106,Western Area Power Administration - Desert Southwest Region
Lower Colorado,15030107,708241998.705,15030107,Western Area Power Administration - Desert Southwest Region
Lower Colorado,15030107,708241998.705,15030107,Imperial Irrigation District
Yuma Desert,15030108,1634667347.03,15030108,Western Area Power Administration - Desert Southwest Region
Yuma Desert,15030108,1634667347.03,15030108,Arizona Public Service Company
Big Sandy,15030201,5576210411.15,15030201,Western Area Power Administration - Desert Southwest Region
Big Sandy,15030201,5576210411.15,15030201,PacifiCorp - East
Big Sandy,15030201,5576210411.15,15030201,Tucson Electric Power Company
Burro,15030202,1846912100.02,15030202,Western Area Power Administration - Desert Southwest Region
Burro,15030202,1846912100.02,15030202,Arizona Public Service Company
Santa Maria,15030203,3710891646.4,15030203,Western Area Power Administration - Desert Southwest Region
Santa Maria,15030203,3710891646.4,15030203,Arizona Public Service Company
Bill Williams,15030204,2783021058.07,15030204,Western Area Power Administration - Desert Southwest Region
Bill Williams,15030204,2783021058.07,15030204,PacifiCorp - East
Bill Williams,15030204,2783021058.07,15030204,Tucson Electric Power Company
Upper Gila,15040001,5133268168.53,15040001,Public Service Company of New Mexico
Upper Gila-Mangas,15040002,5305337137.23,15040002,Western Area Power Administration - Desert Southwest Region
Animas Valley,15040003,5863712469.67,15040003,Western Area Power Administration - Desert Southwest Region
Animas Valley,15040003,5863712469.67,15040003,Public Service Company of New Mexico
San Francisco,15040004,7257375503.83,15040004,Public Service Company of New Mexico
Upper Gila-San Carlos Reservoir,15040005,7171402141.65,15040005,Western Area Power Administration - Desert Southwest Region
San Simon,15040006,5829497962.49,15040006,Western Area Power Administration - Desert Southwest Region
San Carlos,15040007,2786706939.3,15040007,Western Area Power Administration - Desert Southwest Region
Middle Gila,15050100,8619671711.28,15050100,Western Area Power Administration - Desert Southwest Region
Middle Gila,15050100,8619671711.28,15050100,Arizona Public Service Company
Willcox Playa,15050201,4284533038.18,15050201,Western Area Power Administration - Desert Southwest Region
Upper San Pedro,15050202,4631539799.13,15050202,Western Area Power Administration - Desert Southwest Region
Lower San Pedro,15050203,5133356804.32,15050203,Western Area Power Administration - Desert Southwest Region
Lower San Pedro,15050203,5133356804.32,15050203,Arizona Public Service Company
Upper Santa Cruz,15050301,5772164688.17,15050301,Western Area Power Administration - Desert Southwest Region
Upper Santa Cruz,15050301,5772164688.17,15050301,Arizona Public Service Company
Rillito,15050302,2384961318.62,15050302,Western Area Power Administration - Desert Southwest Region
Rillito,15050302,2384961318.62,15050302,Arizona Public Service Company
Rillito,15050302,2384961318.62,15050302,Tucson Electric Power Company
Lower Santa Cruz,15050303,4357821695.52,15050303,Western Area Power Administration - Desert Southwest Region
Lower Santa Cruz,15050303,4357821695.52,15050303,Arizona Public Service Company
Brawley Wash,15050304,3649139568.13,15050304,Western Area Power Administration - Desert Southwest Region
Brawley Wash,15050304,3649139568.13,15050304,Arizona Public Service Company
Aguirre Valley,15050305,1899006286.76,15050305,Western Area Power Administration - Desert Southwest Region
Aguirre Valley,15050305,1899006286.76,15050305,Arizona Public Service Company
Santa Rosa Wash,15050306,3130755719.01,15050306,Western Area Power Administration - Desert Southwest Region
Santa Rosa Wash,15050306,3130755719.01,15050306,Arizona Public Service Company
Black,15060101,3241238400.15,15060101,Western Area Power Administration - Desert Southwest Region
Black,15060101,3241238400.15,15060101,PacifiCorp - East
Black,15060101,3241238400.15,15060101,Public Service Company of New Mexico
White,15060102,1653014651.47,15060102,Western Area Power Administration - Desert Southwest Region
White,15060102,1653014651.47,15060102,PacifiCorp - East
White,15060102,1653014651.47,15060102,Public Service Company of New Mexico
Upper Salt,15060103,5579210491.61,15060103,Western Area Power Administration - Desert Southwest Region
Upper Salt,15060103,5579210491.61,15060103,Public Service Company of New Mexico
Carrizo,15060104,1838818228.87,15060104,Western Area Power Administration - Desert Southwest Region
Carrizo,15060104,1838818228.87,15060104,PacifiCorp - East
Carrizo,15060104,1838818228.87,15060104,Public Service Company of New Mexico
Tonto,15060105,2715834653.92,15060105,Western Area Power Administration - Desert Southwest Region
Tonto,15060105,2715834653.92,15060105,Arizona Public Service Company
Lower Salt,15060106,2584459785.99,15060106,Western Area Power Administration - Desert Southwest Region
Lower Salt,15060106,2584459785.99,15060106,Arizona Public Service Company
Lower Salt,15060106,2584459785.99,15060106,Salt River Project
Big Chino-Williamson Valley,15060201,5578158215.93,15060201,Western Area Power Administration - Desert Southwest Region
Big Chino-Williamson Valley,15060201,5578158215.93,15060201,Arizona Public Service Company
Upper Verde,15060202,6496464970.77,15060202,Western Area Power Administration - Desert Southwest Region
Upper Verde,15060202,6496464970.77,15060202,Arizona Public Service Company
Lower Verde,15060203,5093636042.44,15060203,Western Area Power Administration - Desert Southwest Region
Lower Verde,15060203,5093636042.44,15060203,Arizona Public Service Company
Lower Gila-Painted Rock Reservoir,15070101,5206755588.21,15070101,Western Area Power Administration - Desert Southwest Region
Lower Gila-Painted Rock Reservoir,15070101,5206755588.21,15070101,Arizona Public Service Company
Lower Gila-Painted Rock Reservoir,15070101,5206755588.21,15070101,Salt River Project
Aqua Fria,15070102,7167725820.13,15070102,Western Area Power Administration - Desert Southwest Region
Aqua Fria,15070102,7167725820.13,15070102,Arizona Public Service Company
Hassayampa,15070103,3772625634.8,15070103,Western Area Power Administration - Desert Southwest Region
Hassayampa,15070103,3772625634.8,15070103,Arizona Public Service Company
Hassayampa,15070103,3772625634.8,15070103,Salt River Project
Centennial Wash,15070104,5002531466.69,15070104,Western Area Power Administration - Desert Southwest Region
Centennial Wash,15070104,5002531466.69,15070104,Arizona Public Service Company
Centennial Wash,15070104,5002531466.69,15070104,Salt River Project
Centennial Wash,15070104,5002531466.69,15070104,"New Harquahala Generating Company, LLC - HGBA"
Lower Gila,15070201,10858120680.4,15070201,Western Area Power Administration - Desert Southwest Region
Tenmile Wash,15070202,2784043842.45,15070202,Western Area Power Administration - Desert Southwest Region
Tenmile Wash,15070202,2784043842.45,15070202,Arizona Public Service Company
Tenmile Wash,15070202,2784043842.45,15070202,Salt River Project
San Cristobal Wash,15070203,4263094655.75,15070203,Western Area Power Administration - Desert Southwest Region
San Cristobal Wash,15070203,4263094655.75,15070203,Arizona Public Service Company
San Simon Wash,15080101,5582842162.48,15080101,Western Area Power Administration - Desert Southwest Region
San Simon Wash,15080101,5582842162.48,15080101,Arizona Public Service Company
Rio Sonoyta,15080102,1098961895.51,15080102,Western Area Power Administration - Desert Southwest Region
Rio Sonoyta,15080102,1098961895.51,15080102,Arizona Public Service Company
Tule Desert,15080103,1287234888.39,15080103,Western Area Power Administration - Desert Southwest Region
Rio De La Concepcion,15080200,332857909.006,15080200,Western Area Power Administration - Desert Southwest Region
Whitewater Draw,15080301,3120063271.64,15080301,Western Area Power Administration - Desert Southwest Region
San Bernadino Valley,15080302,1118353654.18,15080302,Western Area Power Administration - Desert Southwest Region
Cloverdale,15080303,381410298.028,15080303,Western Area Power Administration - Desert Southwest Region
Cloverdale,15080303,381410298.028,15080303,Public Service Company of New Mexico
Upper Bear,16010101,5316663159.85,16010101,Western Area Power Administration - Rocky Mountain Region
Upper Bear,16010101,5316663159.85,16010101,PacifiCorp - East
Central Bear,16010102,2122719501.87,16010102,Western Area Power Administration - Rocky Mountain Region
Central Bear,16010102,2122719501.87,16010102,Bonneville Power Administration
Central Bear,16010102,2122719501.87,16010102,PacifiCorp - East
Bear Lake,16010201,3281269341.34,16010201,PacifiCorp - East
Middle Bear,16010202,3323535400.24,16010202,PacifiCorp - East
Little Bear-Logan,16010203,2289801356.82,16010203,PacifiCorp - East
Lower Bear-Malad,16010204,3242251952.16,16010204,Bonneville Power Administration
Lower Bear-Malad,16010204,3242251952.16,16010204,PacifiCorp - East
Upper Weber,16020101,2881038872.19,16020101,Western Area Power Administration - Rocky Mountain Region
Upper Weber,16020101,2881038872.19,16020101,PacifiCorp - East
Lower Weber,16020102,3441542986.96,16020102,PacifiCorp - East
Utah Lake,16020201,3483040103.74,16020201,PacifiCorp - East
Spanish Fork,16020202,2494601980.7,16020202,PacifiCorp - East
Provo,16020203,1776918758.06,16020203,Western Area Power Administration - Rocky Mountain Region
Provo,16020203,1776918758.06,16020203,PacifiCorp - East
Jordan,16020204,2107791050.46,16020204,PacifiCorp - East
Hamlin-Snake Valleys,16020301,8069653294.03,16020301,Western Area Power Administration - Rocky Mountain Region
Hamlin-Snake Valleys,16020301,8069653294.03,16020301,PacifiCorp - East
Hamlin-Snake Valleys,16020301,8069653294.03,16020301,Nevada Power Company
Pine Valley,16020302,1896821575.67,16020302,PacifiCorp - East
Tule Valley,16020303,2461864291.16,16020303,Western Area Power Administration - Rocky Mountain Region
Tule Valley,16020303,2461864291.16,16020303,PacifiCorp - East
Tule Valley,16020303,2461864291.16,16020303,Nevada Power Company
Rush-Tooele Valleys,16020304,3128532992.65,16020304,PacifiCorp - East
Rush-Tooele Valleys,16020304,3128532992.65,16020304,Nevada Power Company
Skull Valley,16020305,2106666423.94,16020305,PacifiCorp - East
Skull Valley,16020305,2106666423.94,16020305,Nevada Power Company
Southern Great Salt Lake Desert,16020306,14176983338.5,16020306,PacifiCorp - East
Southern Great Salt Lake Desert,16020306,14176983338.5,16020306,Nevada Power Company
"Pilot-Thousand Springs, Nevada, Utah",16020307,3971320049.46,16020307,Bonneville Power Administration
"Pilot-Thousand Springs, Nevada, Utah",16020307,3971320049.46,16020307,Nevada Power Company
Northern Great Salt Lake Desert,16020308,11801562201.8,16020308,Bonneville Power Administration
Northern Great Salt Lake Desert,16020308,11801562201.8,16020308,PacifiCorp - East
Curlew Valley,16020309,5855817418.57,16020309,Bonneville Power Administration
Curlew Valley,16020309,5855817418.57,16020309,PacifiCorp - East
Great Salt Lake,16020310,4527121594.28,16020310,Bonneville Power Administration
Great Salt Lake,16020310,4527121594.28,16020310,PacifiCorp - East
Upper Sevier,16030001,3116426936.47,16030001,Western Area Power Administration - Desert Southwest Region
Upper Sevier,16030001,3116426936.47,16030001,PacifiCorp - East
East Fork Sevier,16030002,3216929061.67,16030002,Western Area Power Administration - Desert Southwest Region
East Fork Sevier,16030002,3216929061.67,16030002,PacifiCorp - East
Middle Sevier,16030003,4796927291.74,16030003,Western Area Power Administration - Desert Southwest Region
Middle Sevier,16030003,4796927291.74,16030003,PacifiCorp - East
San Pitch,16030004,2229830317.42,16030004,PacifiCorp - East
Lower Sevier,16030005,10621401693.5,16030005,Western Area Power Administration - Rocky Mountain Region
Lower Sevier,16030005,10621401693.5,16030005,PacifiCorp - East
Lower Sevier,16030005,10621401693.5,16030005,Nevada Power Company
Escalante Desert,16030006,8523057794.2,16030006,Western Area Power Administration - Desert Southwest Region
Escalante Desert,16030006,8523057794.2,16030006,PacifiCorp - East
Beaver Bottoms-Upper Beaver,16030007,4472616429.84,16030007,PacifiCorp - East
Lower Beaver,16030008,2078938553.52,16030008,Western Area Power Administration - Rocky Mountain Region
Lower Beaver,16030008,2078938553.52,16030008,PacifiCorp - East
Lower Beaver,16030008,2078938553.52,16030008,Nevada Power Company
Sevier Lake,16030009,3613926452.6,16030009,Western Area Power Administration - Rocky Mountain Region
Sevier Lake,16030009,3613926452.6,16030009,PacifiCorp - East
Sevier Lake,16030009,3613926452.6,16030009,Nevada Power Company
Upper Humboldt,16040101,7133025371.61,16040101,Bonneville Power Administration
Upper Humboldt,16040101,7133025371.61,16040101,Nevada Power Company
North Fork Humboldt,16040102,2586510453.38,16040102,Bonneville Power Administration
North Fork Humboldt,16040102,2586510453.38,16040102,Nevada Power Company
South Fork Humboldt,16040103,3382809389.86,16040103,Bonneville Power Administration
South Fork Humboldt,16040103,3382809389.86,16040103,Nevada Power Company
Pine,16040104,2605147565.01,16040104,Nevada Power Company
Middle Humboldt,16040105,8286001164.34,16040105,Nevada Power Company
Rock,16040106,2349350240.07,16040106,Bonneville Power Administration
Rock,16040106,2349350240.07,16040106,Nevada Power Company
Reese,16040107,6160358949.87,16040107,Nevada Power Company
Lower Humboldt,16040108,6718202327.43,16040108,Nevada Power Company
Little Humboldt,16040109,4612939973.72,16040109,Bonneville Power Administration
Little Humboldt,16040109,4612939973.72,16040109,Nevada Power Company
Upper Quinn,16040201,9128133127.23,16040201,Bonneville Power Administration
Upper Quinn,16040201,9128133127.23,16040201,Nevada Power Company
Lower Quinn,16040202,8481708261.21,16040202,Bonneville Power Administration
Lower Quinn,16040202,8481708261.21,16040202,Nevada Power Company
Smoke Creek Desert,16040203,6376566262.12,16040203,Nevada Power Company
Smoke Creek Desert,16040203,6376566262.12,16040203,PacifiCorp - West
Massacre Lake,16040204,3357461260.69,16040204,Nevada Power Company
Massacre Lake,16040204,3357461260.69,16040204,PacifiCorp - West
Thousand-Virgin,16040205,2998402990.27,16040205,Bonneville Power Administration
Thousand-Virgin,16040205,2998402990.27,16040205,Nevada Power Company
Lake Tahoe,16050101,1312697538.84,16050101,California Independent System Operator
Truckee,16050102,3152776160.14,16050102,Nevada Power Company
Truckee,16050102,3152776160.14,16050102,PacifiCorp - West
Pyramid-Winnemucca Lakes,16050103,3587839616.05,16050103,Nevada Power Company
Pyramid-Winnemucca Lakes,16050103,3587839616.05,16050103,PacifiCorp - West
Granite Springs Valley,16050104,4304464686.69,16050104,Nevada Power Company
Upper Carson,16050201,2482675033.07,16050201,Nevada Power Company
Middle Carson,16050202,2148979514.44,16050202,Nevada Power Company
Carson Desert,16050203,5633168372.45,16050203,Nevada Power Company
East Walker,16050301,3110411671.43,16050301,Nevada Power Company
West Walker,16050302,2698117117.49,16050302,Nevada Power Company
Walker,16050303,2315826997.49,16050303,Nevada Power Company
Walker Lake,16050304,2093502666.63,16050304,Nevada Power Company
Dixie Valley,16060001,10470456584.4,16060001,Nevada Power Company
Gabbs Valley,16060002,5390735737.44,16060002,Nevada Power Company
Southern Big Smoky Valley,16060003,5309599542.59,16060003,Nevada Power Company
Northern Big Smoky Valley,16060004,4942740320.97,16060004,Nevada Power Company
Diamond-Monitor Valleys,16060005,8089579987.13,16060005,Nevada Power Company
Little Smoky-Newark Valleys,16060006,3742138975.17,16060006,Nevada Power Company
Long-Ruby Valleys,16060007,10657671724.2,16060007,Bonneville Power Administration
Long-Ruby Valleys,16060007,10657671724.2,16060007,Nevada Power Company
Spring-Steptoe Valleys,16060008,13769309784,16060008,Nevada Power Company
Dry Lake Valley,16060009,5618743927.6,16060009,Nevada Power Company
Fish Lake-Soda Spring Valleys,16060010,7147325492.3,16060010,Nevada Power Company
Ralston-Stone Cabin Valleys,16060011,8395117782.19,16060011,Nevada Power Company
Hot Creek-Railroad Valleys,16060012,12224093423.6,16060012,Nevada Power Company
Cactus-Sarcobatus Flats,16060013,7140909264.71,16060013,Nevada Power Company
Sand Spring-Tikaboo Valleys,16060014,13290424043,16060014,Nevada Power Company
Ivanpah-Pahrump Valleys,16060015,7415549705.83,16060015,Western Area Power Administration - Desert Southwest Region
Ivanpah-Pahrump Valleys,16060015,7415549705.83,16060015,Nevada Power Company
Upper Kootenai,17010101,5811546982.15,17010101,Bonneville Power Administration
Fisher,17010102,2182970993.48,17010102,Bonneville Power Administration
Yaak,17010103,1598210142.26,17010103,Bonneville Power Administration
Lower Kootenai,17010104,2386188255.92,17010104,Bonneville Power Administration
Moyie,17010105,852959526.912,17010105,Bonneville Power Administration
Upper Clark Fork,17010201,4856234915.58,17010201,Bonneville Power Administration
Upper Clark Fork,17010201,4856234915.58,17010201,NorthWestern Energy (NWMT)
Flint-Rock,17010202,4712858650.55,17010202,Bonneville Power Administration
Flint-Rock,17010202,4712858650.55,17010202,NorthWestern Energy (NWMT)
Blackfoot,17010203,5990075179.71,17010203,Bonneville Power Administration
Blackfoot,17010203,5990075179.71,17010203,NorthWestern Energy (NWMT)
Middle Clark Fork,17010204,5140053759.42,17010204,Bonneville Power Administration
Middle Clark Fork,17010204,5140053759.42,17010204,NorthWestern Energy (NWMT)
Bitterroot,17010205,7401700074.46,17010205,Bonneville Power Administration
Bitterroot,17010205,7401700074.46,17010205,NorthWestern Energy (NWMT)
North Fork Flathead,17010206,2478388549.76,17010206,Bonneville Power Administration
North Fork Flathead,17010206,2478388549.76,17010206,NorthWestern Energy (NWMT)
Middle Fork Flathead,17010207,2939428841.76,17010207,Bonneville Power Administration
Middle Fork Flathead,17010207,2939428841.76,17010207,NorthWestern Energy (NWMT)
Flathead Lake,17010208,3084459080.62,17010208,Bonneville Power Administration
Flathead Lake,17010208,3084459080.62,17010208,NorthWestern Energy (NWMT)
South Fork Flathead,17010209,4340515547.03,17010209,Bonneville Power Administration
South Fork Flathead,17010209,4340515547.03,17010209,NorthWestern Energy (NWMT)
Stillwater,17010210,2018376723.09,17010210,Bonneville Power Administration
Stillwater,17010210,2018376723.09,17010210,NorthWestern Energy (NWMT)
Swan,17010211,1888095381.86,17010211,Bonneville Power Administration
Swan,17010211,1888095381.86,17010211,NorthWestern Energy (NWMT)
Lower Flathead,17010212,5202806392.65,17010212,Bonneville Power Administration
Lower Flathead,17010212,5202806392.65,17010212,NorthWestern Energy (NWMT)
Lower Clark Fork,17010213,6051766750.79,17010213,Bonneville Power Administration
Lower Clark Fork,17010213,6051766750.79,17010213,NorthWestern Energy (NWMT)
Lower Clark Fork,17010213,6051766750.79,17010213,Avista Corporation
Pend Oreille Lake,17010214,3141110245.61,17010214,Bonneville Power Administration
Pend Oreille Lake,17010214,3141110245.61,17010214,Avista Corporation
Priest,17010215,2541676727.79,17010215,Bonneville Power Administration
Priest,17010215,2541676727.79,17010215,Avista Corporation
Pend Oreille,17010216,2841342575.68,17010216,Bonneville Power Administration
Pend Oreille,17010216,2841342575.68,17010216,Avista Corporation
Upper Coeur D Alene,17010301,2322027243.44,17010301,Avista Corporation
South Fork Coeur D Alene,17010302,774407112.09,17010302,Avista Corporation
Coeur D Alene Lake,17010303,1707210439.89,17010303,Bonneville Power Administration
Coeur D Alene Lake,17010303,1707210439.89,17010303,Avista Corporation
St. Joe,17010304,4780718052.97,17010304,Avista Corporation
Upper Spokane,17010305,1523240552.27,17010305,Bonneville Power Administration
Upper Spokane,17010305,1523240552.27,17010305,Avista Corporation
Hangman,17010306,1793518582.15,17010306,Bonneville Power Administration
Hangman,17010306,1793518582.15,17010306,Avista Corporation
Lower Spokane,17010307,2313179601.41,17010307,Bonneville Power Administration
Lower Spokane,17010307,2313179601.41,17010307,Avista Corporation
Little Spokane,17010308,1836925117.66,17010308,Bonneville Power Administration
Little Spokane,17010308,1836925117.66,17010308,Avista Corporation
Franklin D,17020001,5376425421.06,17020001,Bonneville Power Administration
Franklin D,17020001,5376425421.06,17020001,Avista Corporation
Kettle,17020002,2668976800.07,17020002,Bonneville Power Administration
Kettle,17020002,2668976800.07,17020002,Avista Corporation
Colville,17020003,2635280683.9,17020003,Bonneville Power Administration
Colville,17020003,2635280683.9,17020003,Avista Corporation
Sanpoil,17020004,2541316779.5,17020004,Bonneville Power Administration
Sanpoil,17020004,2541316779.5,17020004,Avista Corporation
Chief Joseph,17020005,3467053537.76,17020005,Bonneville Power Administration
Chief Joseph,17020005,3467053537.76,17020005,PUD No. 1 of Douglas County
Okanogan,17020006,4167798619.42,17020006,Bonneville Power Administration
Okanogan,17020006,4167798619.42,17020006,PUD No. 1 of Douglas County
Similkameen,17020007,1702119641.5,17020007,Bonneville Power Administration
Similkameen,17020007,1702119641.5,17020007,PUD No. 1 of Douglas County
Methow,17020008,4710861288.02,17020008,Bonneville Power Administration
Lake Chelan,17020009,2415139229.88,17020009,Public Utility District No. 1 of Chelan County
Upper Columbia-Entiat,17020010,3878948002.13,17020010,Bonneville Power Administration
Upper Columbia-Entiat,17020010,3878948002.13,17020010,PUD No. 1 of Douglas County
Wenatchee,17020011,3440906917.22,17020011,Public Utility District No. 1 of Chelan County
Moses Coulee,17020012,2410052175.29,17020012,Bonneville Power Administration
Moses Coulee,17020012,2410052175.29,17020012,PUD No. 1 of Douglas County
Upper Crab,17020013,4810435945.19,17020013,Bonneville Power Administration
Upper Crab,17020013,4810435945.19,17020013,Avista Corporation
Banks Lake,17020014,1595568693.14,17020014,Bonneville Power Administration
Banks Lake,17020014,1595568693.14,17020014,Avista Corporation
Banks Lake,17020014,1595568693.14,17020014,"Public Utility District No. 2 of Grant County, Washington"
Lower Crab,17020015,6425239428.12,17020015,Bonneville Power Administration
Lower Crab,17020015,6425239428.12,17020015,Avista Corporation
Lower Crab,17020015,6425239428.12,17020015,"Public Utility District No. 2 of Grant County, Washington"
Upper Columbia-Priest Rapids,17020016,5415698656.82,17020016,Bonneville Power Administration
Upper Yakima,17030001,5539831289.05,17030001,Bonneville Power Administration
Upper Yakima,17030001,5539831289.05,17030001,Puget Sound Energy
Naches,17030002,2860948472.93,17030002,Bonneville Power Administration
Naches,17030002,2860948472.93,17030002,PacifiCorp - West
Lower Yakima,17030003,7525945018.43,17030003,Bonneville Power Administration
Lower Yakima,17030003,7525945018.43,17030003,PacifiCorp - West
Snake Headwaters,17040101,4431056535.54,17040101,Bonneville Power Administration
Gros Ventre,17040102,1617352974.19,17040102,Bonneville Power Administration
Greys-Hobock,17040103,4096903820.86,17040103,Western Area Power Administration - Rocky Mountain Region
Greys-Hobock,17040103,4096903820.86,17040103,Bonneville Power Administration
Greys-Hobock,17040103,4096903820.86,17040103,PacifiCorp - East
Palisades,17040104,2358047612.46,17040104,Bonneville Power Administration
Palisades,17040104,2358047612.46,17040104,PacifiCorp - East
Salt,17040105,2308826293.88,17040105,Western Area Power Administration - Rocky Mountain Region
Salt,17040105,2308826293.88,17040105,Bonneville Power Administration
Salt,17040105,2308826293.88,17040105,PacifiCorp - East
Idaho Falls,17040201,1458276855.04,17040201,Bonneville Power Administration
Idaho Falls,17040201,1458276855.04,17040201,PacifiCorp - East
Upper Henrys,17040202,2838311088.83,17040202,Bonneville Power Administration
Upper Henrys,17040202,2838311088.83,17040202,PacifiCorp - East
Lower Henrys,17040203,2915384389.82,17040203,Bonneville Power Administration
Lower Henrys,17040203,2915384389.82,17040203,PacifiCorp - East
Teton,17040204,2885914761.72,17040204,Bonneville Power Administration
Teton,17040204,2885914761.72,17040204,PacifiCorp - East
Willow,17040205,1794428094.58,17040205,PacifiCorp - East
Willow,17040205,1794428094.58,17040205,Idaho Power Company
American Falls,17040206,5592971514.89,17040206,PacifiCorp - East
American Falls,17040206,5592971514.89,17040206,Idaho Power Company
Blackfoot,17040207,3290292117.68,17040207,PacifiCorp - East
Blackfoot,17040207,3290292117.68,17040207,Idaho Power Company
Portneuf,17040208,4343995959.2,17040208,PacifiCorp - East
Portneuf,17040208,4343995959.2,17040208,Idaho Power Company
Lake Walcott,17040209,8702389071.53,17040209,Bonneville Power Administration
Lake Walcott,17040209,8702389071.53,17040209,Idaho Power Company
Raft,17040210,3819766243.59,17040210,Bonneville Power Administration
Raft,17040210,3819766243.59,17040210,Idaho Power Company
Goose,17040211,2795903241.41,17040211,Bonneville Power Administration
Goose,17040211,2795903241.41,17040211,Idaho Power Company
Upper Snake-Rock,17040212,6602157533.71,17040212,Idaho Power Company
Salmon Falls,17040213,5680824871.19,17040213,Bonneville Power Administration
Salmon Falls,17040213,5680824871.19,17040213,Nevada Power Company
Beaver-Camas,17040214,3288951288.4,17040214,Bonneville Power Administration
Beaver-Camas,17040214,3288951288.4,17040214,PacifiCorp - East
Beaver-Camas,17040214,3288951288.4,17040214,NorthWestern Energy (NWMT)
Medicine Lodge,17040215,3006290406.65,17040215,Bonneville Power Administration
Medicine Lodge,17040215,3006290406.65,17040215,PacifiCorp - East
Medicine Lodge,17040215,3006290406.65,17040215,NorthWestern Energy (NWMT)
Birch,17040216,1573564609.67,17040216,Bonneville Power Administration
Birch,17040216,1573564609.67,17040216,PacifiCorp - East
Birch,17040216,1573564609.67,17040216,NorthWestern Energy (NWMT)
Little Lost,17040217,2495869008.68,17040217,PacifiCorp - East
Big Lost,17040218,6354818005.19,17040218,PacifiCorp - East
Big Wood,17040219,3713975698.62,17040219,PacifiCorp - East
Big Wood,17040219,3713975698.62,17040219,Idaho Power Company
Camas,17040220,1779726038.32,17040220,Idaho Power Company
Little Wood,17040221,3163819733.74,17040221,PacifiCorp - East
Little Wood,17040221,3163819733.74,17040221,Idaho Power Company
C.J. Strike Reservoir,17050101,5392250641.55,17050101,Idaho Power Company
Bruneau,17050102,8749315519.24,17050102,Bonneville Power Administration
Bruneau,17050102,8749315519.24,17050102,Idaho Power Company
Middle Snake-Succor,17050103,6065238018.11,17050103,Bonneville Power Administration
Middle Snake-Succor,17050103,6065238018.11,17050103,Idaho Power Company
Upper Owyhee,17050104,5551665313.98,17050104,Bonneville Power Administration
Upper Owyhee,17050104,5551665313.98,17050104,Idaho Power Company
South Fork Owyhee,17050105,4856407282.16,17050105,Bonneville Power Administration
South Fork Owyhee,17050105,4856407282.16,17050105,Nevada Power Company
East Little Owyhee,17050106,2395720988.03,17050106,Bonneville Power Administration
East Little Owyhee,17050106,2395720988.03,17050106,Nevada Power Company
Middle Owyhee,17050107,3872358377.59,17050107,Bonneville Power Administration
Middle Owyhee,17050107,3872358377.59,17050107,Idaho Power Company
Jordan,17050108,3385424854.74,17050108,Bonneville Power Administration
Jordan,17050108,3385424854.74,17050108,Idaho Power Company
Crooked-Rattlesnake,17050109,3443014382.01,17050109,Bonneville Power Administration
Crooked-Rattlesnake,17050109,3443014382.01,17050109,Idaho Power Company
Lower Owyhee,17050110,5116406916.71,17050110,Bonneville Power Administration
Lower Owyhee,17050110,5116406916.71,17050110,Idaho Power Company
North and Middle Forks Boise,17050111,1967909356.31,17050111,Idaho Power Company
Boise-Mores,17050112,1608316395.95,17050112,Idaho Power Company
South Fork Boise,17050113,3383566636.17,17050113,Idaho Power Company
Lower Boise,17050114,3440771097.93,17050114,Idaho Power Company
Middle Snake-Payette,17050115,751548057.26,17050115,Bonneville Power Administration
Middle Snake-Payette,17050115,751548057.26,17050115,Idaho Power Company
Upper Malheur,17050116,6289223949,17050116,Bonneville Power Administration
Upper Malheur,17050116,6289223949,17050116,Idaho Power Company
Lower Malheur,17050117,2456617072.14,17050117,Bonneville Power Administration
Lower Malheur,17050117,2456617072.14,17050117,Idaho Power Company
Bully,17050118,1517639094.19,17050118,Bonneville Power Administration
Bully,17050118,1517639094.19,17050118,Idaho Power Company
Wiilow,17050119,1967570467.63,17050119,Bonneville Power Administration
Wiilow,17050119,1967570467.63,17050119,Idaho Power Company
South Fork Payette,17050120,2124107616.32,17050120,Idaho Power Company
Middle Fork Payette,17050121,877762917.79,17050121,Idaho Power Company
Payette,17050122,3171149104.81,17050122,Idaho Power Company
North Fork Payette,17050123,2402450507.09,17050123,Idaho Power Company
Weiser,17050124,4363647825.47,17050124,Bonneville Power Administration
Weiser,17050124,4363647825.47,17050124,Idaho Power Company
Brownlee Reservoir,17050201,3374626725.52,17050201,Bonneville Power Administration
Brownlee Reservoir,17050201,3374626725.52,17050201,Idaho Power Company
Burnt,17050202,2847523250.82,17050202,Bonneville Power Administration
Burnt,17050202,2847523250.82,17050202,Idaho Power Company
Powder,17050203,4423365322.29,17050203,Bonneville Power Administration
Powder,17050203,4423365322.29,17050203,Idaho Power Company
Hells Canyon,17060101,1402243796.82,17060101,PacifiCorp - West
Hells Canyon,17060101,1402243796.82,17060101,Idaho Power Company
Hells Canyon,17060101,1402243796.82,17060101,Avista Corporation
Imnaha,17060102,2203085552.57,17060102,PacifiCorp - West
Imnaha,17060102,2203085552.57,17060102,Idaho Power Company
Imnaha,17060102,2203085552.57,17060102,Avista Corporation
Lower Snake-Asotin,17060103,1803401246.09,17060103,Bonneville Power Administration
Lower Snake-Asotin,17060103,1803401246.09,17060103,Avista Corporation
Upper Grande Ronde,17060104,4238119615.37,17060104,Bonneville Power Administration
Wallowa,17060105,2471327916.33,17060105,PacifiCorp - West
Wallowa,17060105,2471327916.33,17060105,Idaho Power Company
Wallowa,17060105,2471327916.33,17060105,Avista Corporation
Lower Grande Ronde,17060106,3932495092.23,17060106,PacifiCorp - West
Lower Grande Ronde,17060106,3932495092.23,17060106,Idaho Power Company
Lower Grande Ronde,17060106,3932495092.23,17060106,Avista Corporation
Lower Snake-Tucannon,17060107,3778699595.61,17060107,Bonneville Power Administration
Lower Snake-Tucannon,17060107,3778699595.61,17060107,PacifiCorp - West
Lower Snake-Tucannon,17060107,3778699595.61,17060107,Avista Corporation
Palouse,17060108,6018313339.71,17060108,Bonneville Power Administration
Palouse,17060108,6018313339.71,17060108,Avista Corporation
Rock,17060109,2473804715.79,17060109,Bonneville Power Administration
Rock,17060109,2473804715.79,17060109,Avista Corporation
Lower Snake,17060110,1876935539.59,17060110,Bonneville Power Administration
Upper Salmon,17060201,6279475375.84,17060201,PacifiCorp - East
Upper Salmon,17060201,6279475375.84,17060201,Idaho Power Company
Pashimeroi,17060202,2150780989.83,17060202,PacifiCorp - East
Pashimeroi,17060202,2150780989.83,17060202,Idaho Power Company
Middle Salmon-Panther,17060203,4718539712.08,17060203,Idaho Power Company
Lemhi,17060204,3267115504.56,17060204,Idaho Power Company
Upper Middle Fork Salmon,17060205,3889584983.4,17060205,PacifiCorp - East
Upper Middle Fork Salmon,17060205,3889584983.4,17060205,Idaho Power Company
Lower Middle Fork Salmon,17060206,3562586829.55,17060206,Idaho Power Company
Middle Salmon-Chamberlain,17060207,4435664046.77,17060207,Bonneville Power Administration
Middle Salmon-Chamberlain,17060207,4435664046.77,17060207,Idaho Power Company
Middle Salmon-Chamberlain,17060207,4435664046.77,17060207,Avista Corporation
South Fork Salmon,17060208,3393688666.31,17060208,Idaho Power Company
Lower Salmon,17060209,3056819212.16,17060209,Bonneville Power Administration
Lower Salmon,17060209,3056819212.16,17060209,Idaho Power Company
Lower Salmon,17060209,3056819212.16,17060209,Avista Corporation
Little Salmon,17060210,1493866675.48,17060210,Idaho Power Company
Upper Selway,17060301,2548954842.41,17060301,Bonneville Power Administration
Upper Selway,17060301,2548954842.41,17060301,Idaho Power Company
Upper Selway,17060301,2548954842.41,17060301,Avista Corporation
Lower Selway,17060302,2659133438.35,17060302,Bonneville Power Administration
Lower Selway,17060302,2659133438.35,17060302,Idaho Power Company
Lower Selway,17060302,2659133438.35,17060302,Avista Corporation
Lochsa,17060303,3060205418.97,17060303,Bonneville Power Administration
Lochsa,17060303,3060205418.97,17060303,Idaho Power Company
Lochsa,17060303,3060205418.97,17060303,Avista Corporation
Middle Fork Clearwater,17060304,565554477.245,17060304,Bonneville Power Administration
Middle Fork Clearwater,17060304,565554477.245,17060304,Idaho Power Company
Middle Fork Clearwater,17060304,565554477.245,17060304,Avista Corporation
South Fork Clearwater,17060305,3052401897.95,17060305,Bonneville Power Administration
South Fork Clearwater,17060305,3052401897.95,17060305,Idaho Power Company
South Fork Clearwater,17060305,3052401897.95,17060305,Avista Corporation
Clearwater,17060306,6102009684.79,17060306,Avista Corporation
Upper North Fork Clearwater,17060307,3358115388.98,17060307,Avista Corporation
Lower North Fork Clearwater,17060308,2971729822.77,17060308,Avista Corporation
Middle Columbia-Lake Wallula,17070101,6644494032.93,17070101,Bonneville Power Administration
Middle Columbia-Lake Wallula,17070101,6644494032.93,17070101,PacifiCorp - West
Walla Walla,17070102,4600961657.52,17070102,Bonneville Power Administration
Walla Walla,17070102,4600961657.52,17070102,PacifiCorp - West
Umatilla,17070103,6541565870.58,17070103,Bonneville Power Administration
Umatilla,17070103,6541565870.58,17070103,PacifiCorp - West
Willow,17070104,2246610727.15,17070104,Bonneville Power Administration
Willow,17070104,2246610727.15,17070104,PacifiCorp - West
Middle Columbia-Hood,17070105,5589702083.39,17070105,Bonneville Power Administration
Middle Columbia-Hood,17070105,5589702083.39,17070105,PacifiCorp - West
Klickitat,17070106,3501552880.12,17070106,Bonneville Power Administration
Upper John Day,17070201,5540195381.68,17070201,Bonneville Power Administration
Upper John Day,17070201,5540195381.68,17070201,Idaho Power Company
North Fork John Day,17070202,4787395499.56,17070202,Bonneville Power Administration
North Fork John Day,17070202,4787395499.56,17070202,Idaho Power Company
Middle Fork John Day,17070203,2051836858.09,17070203,Bonneville Power Administration
Middle Fork John Day,17070203,2051836858.09,17070203,Idaho Power Company
Lower John Day,17070204,8155454032.65,17070204,Bonneville Power Administration
Upper Deschutes,17070301,5579647588.83,17070301,Bonneville Power Administration
Upper Deschutes,17070301,5579647588.83,17070301,PacifiCorp - West
Little Deschutes,17070302,2727065996.52,17070302,Bonneville Power Administration
Little Deschutes,17070302,2727065996.52,17070302,Western Area Power Administration - Desert Southwest Region
Little Deschutes,17070302,2727065996.52,17070302,PacifiCorp - West
Beaver-South Fork,17070303,3963541103.02,17070303,Bonneville Power Administration
Beaver-South Fork,17070303,3963541103.02,17070303,PacifiCorp - West
Upper Crooked,17070304,2993922286.22,17070304,Bonneville Power Administration
Upper Crooked,17070304,2993922286.22,17070304,PacifiCorp - West
Lower Crooked,17070305,4786987770.76,17070305,Bonneville Power Administration
Lower Crooked,17070305,4786987770.76,17070305,PacifiCorp - West
Lower Deschutes,17070306,5945960626.98,17070306,Bonneville Power Administration
Lower Deschutes,17070306,5945960626.98,17070306,PacifiCorp - West
Trout,17070307,1792705136.81,17070307,Bonneville Power Administration
Trout,17070307,1792705136.81,17070307,PacifiCorp - West
Lower Columbia-Sandy,17080001,2264487642.5,17080001,Bonneville Power Administration
Lower Columbia-Sandy,17080001,2264487642.5,17080001,PacifiCorp - West
Lower Columbia-Sandy,17080001,2264487642.5,17080001,Portland General Electric Company
Lewis,17080002,2720928285.83,17080002,Bonneville Power Administration
Lower Columbia-Clatskanie,17080003,2349224276.29,17080003,Bonneville Power Administration
Upper Cowlitz,17080004,2655303556.46,17080004,Bonneville Power Administration
Upper Cowlitz,17080004,2655303556.46,17080004,"City of Tacoma, Department of Public Utilities, Light Division"
Lower Cowlitz,17080005,3758785179.98,17080005,Bonneville Power Administration
Lower Cowlitz,17080005,3758785179.98,17080005,PacifiCorp - West
,,,17080006,
Middle Fork Willamette,17090001,3540440750.39,17090001,Bonneville Power Administration
Middle Fork Willamette,17090001,3540440750.39,17090001,PacifiCorp - West
Coast Fork Willamette,17090002,1726154965,17090002,Bonneville Power Administration
Coast Fork Willamette,17090002,1726154965,17090002,PacifiCorp - West
Upper Willamette,17090003,4850159263.27,17090003,Bonneville Power Administration
Upper Willamette,17090003,4850159263.27,17090003,PacifiCorp - West
Mckenzie,17090004,3468198743,17090004,Bonneville Power Administration
Mckenzie,17090004,3468198743,17090004,PacifiCorp - West
North Santiam,17090005,1979290442.69,17090005,Bonneville Power Administration
North Santiam,17090005,1979290442.69,17090005,PacifiCorp - West
South Santiam,17090006,2696175297.6,17090006,Bonneville Power Administration
South Santiam,17090006,2696175297.6,17090006,PacifiCorp - West
Middle Willamette,17090007,1841481189.68,17090007,Bonneville Power Administration
Middle Willamette,17090007,1841481189.68,17090007,PacifiCorp - West
Middle Willamette,17090007,1841481189.68,17090007,Portland General Electric Company
Yamhill,17090008,1998627214,17090008,Bonneville Power Administration
Yamhill,17090008,1998627214,17090008,Portland General Electric Company
Molalla-Pudding,17090009,2267458081.75,17090009,Portland General Electric Company
Tualatin,17090010,1835949081.99,17090010,Bonneville Power Administration
Tualatin,17090010,1835949081.99,17090010,Portland General Electric Company
Clackamas,17090011,2441733041.5,17090011,Portland General Electric Company
Lower Willamette,17090012,1667964682.5,17090012,Bonneville Power Administration
Hoh-Quillayute,17100101,3097835165.55,17100101,Bonneville Power Administration
Queets-Quinault,17100102,3013846717.78,17100102,Bonneville Power Administration
Upper Chehalis,17100103,3364892560.38,17100103,Bonneville Power Administration
Upper Chehalis,17100103,3364892560.38,17100103,"City of Tacoma, Department of Public Utilities, Light Division"
Lower Chehalis,17100104,2118549689.5,17100104,Bonneville Power Administration
Grays Harbor,17100105,1520729655.51,17100105,Bonneville Power Administration
Willapa Bay,17100106,2819897286.75,17100106,Bonneville Power Administration
Necanicum,17100201,354943298.566,17100201,Bonneville Power Administration
Necanicum,17100201,354943298.566,17100201,PacifiCorp - West
Nehalem,17100202,2213608840.94,17100202,Bonneville Power Administration
Nehalem,17100202,2213608840.94,17100202,PacifiCorp - West
Wilson-Trusk-Nestuccu,17100203,2500284002.7,17100203,Bonneville Power Administration
Wilson-Trusk-Nestuccu,17100203,2500284002.7,17100203,PacifiCorp - West
Siletz-Yaquina,17100204,1965175789.1,17100204,Bonneville Power Administration
Siletz-Yaquina,17100204,1965175789.1,17100204,PacifiCorp - West
Alsea,17100205,1786991141.66,17100205,Bonneville Power Administration
Alsea,17100205,1786991141.66,17100205,PacifiCorp - West
Siuslaw,17100206,2007919956.56,17100206,Bonneville Power Administration
Siuslaw,17100206,2007919956.56,17100206,PacifiCorp - West
Siltcoos,17100207,337785108.512,17100207,Bonneville Power Administration
Siltcoos,17100207,337785108.512,17100207,PacifiCorp - West
North Umpqua,17100301,3558439253.33,17100301,Bonneville Power Administration
North Umpqua,17100301,3558439253.33,17100301,PacifiCorp - West
South Umpqua,17100302,4665561863.44,17100302,Bonneville Power Administration
South Umpqua,17100302,4665561863.44,17100302,PacifiCorp - West
Umpqua,17100303,3921415599.87,17100303,Bonneville Power Administration
Umpqua,17100303,3921415599.87,17100303,PacifiCorp - West
Coos,17100304,1910050420.4,17100304,Bonneville Power Administration
Coos,17100304,1910050420.4,17100304,PacifiCorp - West
Coquille,17100305,2737395303.56,17100305,Bonneville Power Administration
Coquille,17100305,2737395303.56,17100305,PacifiCorp - West
Sixes,17100306,1216559348.6,17100306,Bonneville Power Administration
Upper Rogue,17100307,4183131395.56,17100307,PacifiCorp - West
Middle Rogue,17100308,2284464885.33,17100308,PacifiCorp - West
Applegate,17100309,1995263141.52,17100309,PacifiCorp - West
Lower Rogue,17100310,2348674597.26,17100310,PacifiCorp - West
Illinois,17100311,2563889210.45,17100311,PacifiCorp - West
Chetco,17100312,1642180136.42,17100312,Bonneville Power Administration
Fraser,17110001,626628510.106,17110001,Bonneville Power Administration
Fraser,17110001,626628510.106,17110001,Puget Sound Energy
Straight of Georgia,17110002,1140398524.83,17110002,Bonneville Power Administration
Straight of Georgia,17110002,1140398524.83,17110002,Puget Sound Energy
San Juan Islands,17110003,453912469.509,17110003,Bonneville Power Administration
Nooksack,17110004,2043427172.42,17110004,Bonneville Power Administration
Nooksack,17110004,2043427172.42,17110004,Puget Sound Energy
Upper Skagit,17110005,4150002908.14,17110005,Bonneville Power Administration
Upper Skagit,17110005,4150002908.14,17110005,Puget Sound Energy
Sauk,17110006,1896735843.94,17110006,Bonneville Power Administration
Lower Skagit,17110007,1176515529.5,17110007,Puget Sound Energy
Stillaguamish,17110008,1818431784.06,17110008,Bonneville Power Administration
Skykomish,17110009,2161407274.62,17110009,Bonneville Power Administration
Snoqualmie,17110010,1797244110.98,17110010,Bonneville Power Administration
Snoqualmie,17110010,1797244110.98,17110010,Puget Sound Energy
Snoqualmie,17110010,1797244110.98,17110010,"City of Tacoma, Department of Public Utilities, Light Division"
Snohomish,17110011,754683268.95,17110011,Bonneville Power Administration
Snohomish,17110011,754683268.95,17110011,Puget Sound Energy
Lake Washington,17110012,1546268432.62,17110012,Bonneville Power Administration
Lake Washington,17110012,1546268432.62,17110012,Puget Sound Energy
Lake Washington,17110012,1546268432.62,17110012,"City of Tacoma, Department of Public Utilities, Light Division"
Duwamish,17110013,1283668841.48,17110013,Bonneville Power Administration
Duwamish,17110013,1283668841.48,17110013,Puget Sound Energy
Duwamish,17110013,1283668841.48,17110013,"City of Tacoma, Department of Public Utilities, Light Division"
Puyallup,17110014,2550698020.02,17110014,Bonneville Power Administration
Puyallup,17110014,2550698020.02,17110014,Puget Sound Energy
Puyallup,17110014,2550698020.02,17110014,"City of Tacoma, Department of Public Utilities, Light Division"
Nisqually,17110015,1994031268.55,17110015,Bonneville Power Administration
Nisqually,17110015,1994031268.55,17110015,"City of Tacoma, Department of Public Utilities, Light Division"
Deschutes,17110016,439685824.897,17110016,Bonneville Power Administration
Deschutes,17110016,439685824.897,17110016,Puget Sound Energy
Skokomish,17110017,634467366.72,17110017,Bonneville Power Administration
Skokomish,17110017,634467366.72,17110017,"City of Tacoma, Department of Public Utilities, Light Division"
Hood Canal,17110018,2070192862.79,17110018,Bonneville Power Administration
Puget Sound,17110019,3862831082.17,17110019,Bonneville Power Administration
Puget Sound,17110019,3862831082.17,17110019,Puget Sound Energy
Dungeness-Elwha,17110020,2149818328.24,17110020,Bonneville Power Administration
Crescent-Hoko,17110021,994367993.339,17110021,Bonneville Power Administration
Harney-Malheur Lakes,17120001,3761906724.83,17120001,Bonneville Power Administration
Harney-Malheur Lakes,17120001,3761906724.83,17120001,Idaho Power Company
Silvies,17120002,3414367647.03,17120002,Bonneville Power Administration
Silvies,17120002,3414367647.03,17120002,Idaho Power Company
Donner and Blitzen,17120003,2045470102.43,17120003,Bonneville Power Administration
Donner and Blitzen,17120003,2045470102.43,17120003,Idaho Power Company
Silver,17120004,4361226987.89,17120004,Bonneville Power Administration
Silver,17120004,4361226987.89,17120004,Idaho Power Company
Summer Lake,17120005,10708490601.5,17120005,Bonneville Power Administration
Summer Lake,17120005,10708490601.5,17120005,PacifiCorp - West
Lake Abert,17120006,2670826192.24,17120006,Bonneville Power Administration
Lake Abert,17120006,2670826192.24,17120006,PacifiCorp - West
Warner Lakes,17120007,4909016434.97,17120007,Bonneville Power Administration
Warner Lakes,17120007,4909016434.97,17120007,PacifiCorp - West
Guano,17120008,7713341280.66,17120008,Bonneville Power Administration
Guano,17120008,7713341280.66,17120008,Idaho Power Company
Alvord Lake,17120009,5558303526.26,17120009,Bonneville Power Administration
Alvord Lake,17120009,5558303526.26,17120009,Idaho Power Company
Smith,18010101,2064915156.23,18010101,PacifiCorp - West
Mad-Redwood,18010102,2982740684.27,18010102,California Independent System Operator
Upper Eel,18010103,1836512425.08,18010103,California Independent System Operator
Middle Fork Eel,18010104,1951316089.57,18010104,California Independent System Operator
Lower Eel,18010105,3962893324.86,18010105,California Independent System Operator
South Fork Eel,18010106,1785078991.17,18010106,California Independent System Operator
Mattole,18010107,1295285285.46,18010107,California Independent System Operator
Big-Navarro-Garcia,18010108,3239601295.61,18010108,California Independent System Operator
Gualala-Salmon,18010109,1282128938.69,18010109,California Independent System Operator
Russian,18010110,3845990763.65,18010110,California Independent System Operator
Willamson,18010201,3725904379.97,18010201,Bonneville Power Administration
Willamson,18010201,3725904379.97,18010201,Western Area Power Administration - Desert Southwest Region
Willamson,18010201,3725904379.97,18010201,PacifiCorp - West
Sprague,18010202,4170917320.08,18010202,Bonneville Power Administration
Sprague,18010202,4170917320.08,18010202,Western Area Power Administration - Desert Southwest Region
Sprague,18010202,4170917320.08,18010202,PacifiCorp - West
Upper Klamath Lake,18010203,1875145495.75,18010203,Bonneville Power Administration
Upper Klamath Lake,18010203,1875145495.75,18010203,Western Area Power Administration - Desert Southwest Region
Upper Klamath Lake,18010203,1875145495.75,18010203,PacifiCorp - West
Lost,18010204,7833018532.65,18010204,Western Area Power Administration - Desert Southwest Region
Lost,18010204,7833018532.65,18010204,PacifiCorp - West
Butte,18010205,1572399430.45,18010205,Western Area Power Administration - Desert Southwest Region
Butte,18010205,1572399430.45,18010205,PacifiCorp - West
Upper Klamath,18010206,3686716334.77,18010206,Western Area Power Administration - Desert Southwest Region
Upper Klamath,18010206,3686716334.77,18010206,PacifiCorp - West
Shasta,18010207,2056520225.71,18010207,Western Area Power Administration - Desert Southwest Region
Shasta,18010207,2056520225.71,18010207,PacifiCorp - West
Scott,18010208,2108681744.63,18010208,Western Area Power Administration - Desert Southwest Region
Scott,18010208,2108681744.63,18010208,PacifiCorp - West
Lower Klamath,18010209,3966433962.65,18010209,Western Area Power Administration - Desert Southwest Region
Lower Klamath,18010209,3966433962.65,18010209,PacifiCorp - West
Salmon,18010210,1945848451.03,18010210,Western Area Power Administration - Desert Southwest Region
Salmon,18010210,1945848451.03,18010210,PacifiCorp - West
Trinity,18010211,5277635996.44,18010211,Western Area Power Administration - Desert Southwest Region
Trinity,18010211,5277635996.44,18010211,Balancing Authority of Northern California
South Fork Trinity,18010212,2414184165.7,18010212,Western Area Power Administration - Desert Southwest Region
South Fork Trinity,18010212,2414184165.7,18010212,Balancing Authority of Northern California
Goose Lake,18020001,2818224703.02,18020001,Bonneville Power Administration
Goose Lake,18020001,2818224703.02,18020001,PacifiCorp - West
Upper Pit,18020002,6944262301.28,18020002,Western Area Power Administration - Desert Southwest Region
Upper Pit,18020002,6944262301.28,18020002,PacifiCorp - West
Lower Pit,18020003,6831987489.33,18020003,Western Area Power Administration - Desert Southwest Region
Lower Pit,18020003,6831987489.33,18020003,California Independent System Operator
Lower Pit,18020003,6831987489.33,18020003,PacifiCorp - West
McCloud,18020004,1763328118.23,18020004,Western Area Power Administration - Desert Southwest Region
McCloud,18020004,1763328118.23,18020004,PacifiCorp - West
Sacramento Headwaters,18020005,1533368389.68,18020005,Western Area Power Administration - Desert Southwest Region
Sacramento Headwaters,18020005,1533368389.68,18020005,PacifiCorp - West
Sacramento-Stone Corral,18020104,4879874581.97,18020104,Western Area Power Administration - Desert Southwest Region
Sacramento-Stone Corral,18020104,4879874581.97,18020104,California Independent System Operator
Lower American,18020111,757614709.576,18020111,Western Area Power Administration - Desert Southwest Region
Lower American,18020111,757614709.576,18020111,Balancing Authority of Northern California
Upper Stony,18020115,2011919168.84,18020115,Western Area Power Administration - Desert Southwest Region
Upper Stony,18020115,2011919168.84,18020115,California Independent System Operator
Upper Cache,18020116,3017490070.69,18020116,California Independent System Operator
North Fork Feather,18020121,3137835335.36,18020121,California Independent System Operator
East Branch North Fork Feather,18020122,2661535099.06,18020122,California Independent System Operator
Middle Fork Feather,18020123,3534696349.45,18020123,California Independent System Operator
Upper Yuba,18020125,3483357032.17,18020125,California Independent System Operator
Upper Bear,18020126,1228406688.5,18020126,Nevada Power Company
Upper Bear,18020126,1228406688.5,18020126,California Independent System Operator
North Fork American,18020128,2622725046.03,18020128,Western Area Power Administration - Desert Southwest Region
North Fork American,18020128,2622725046.03,18020128,Nevada Power Company
North Fork American,18020128,2622725046.03,18020128,California Independent System Operator
South Fork American,18020129,2200544207.88,18020129,California Independent System Operator
Clear Creek-Sacramento River,18020151,1273263141.53,18020151,Western Area Power Administration - Desert Southwest Region
Clear Creek-Sacramento River,18020151,1273263141.53,18020151,California Independent System Operator
Clear Creek-Sacramento River,18020151,1273263141.53,18020151,PacifiCorp - West
Cow Creek,18020152,1107171548.7,18020152,Western Area Power Administration - Desert Southwest Region
Cow Creek,18020152,1107171548.7,18020152,California Independent System Operator
Cow Creek,18020152,1107171548.7,18020152,PacifiCorp - West
Cottonwood Creek,18020153,2444022206.23,18020153,Western Area Power Administration - Desert Southwest Region
Cottonwood Creek,18020153,2444022206.23,18020153,California Independent System Operator
Battle Creek-Sacramento River,18020154,1459057138.92,18020154,Western Area Power Administration - Desert Southwest Region
Battle Creek-Sacramento River,18020154,1459057138.92,18020154,California Independent System Operator
Battle Creek-Sacramento River,18020154,1459057138.92,18020154,PacifiCorp - West
Paynes Creek-Sacramento River,18020155,1097156426.55,18020155,Western Area Power Administration - Desert Southwest Region
Paynes Creek-Sacramento River,18020155,1097156426.55,18020155,California Independent System Operator
Thomes Creek-Sacramento River,18020156,2613016030.73,18020156,Western Area Power Administration - Desert Southwest Region
Thomes Creek-Sacramento River,18020156,2613016030.73,18020156,California Independent System Operator
Big Chico Creek-Sacramento River,18020157,2466263901.35,18020157,Western Area Power Administration - Desert Southwest Region
Big Chico Creek-Sacramento River,18020157,2466263901.35,18020157,California Independent System Operator
Butte Creek,18020158,2122672428.27,18020158,Western Area Power Administration - Desert Southwest Region
Butte Creek,18020158,2122672428.27,18020158,California Independent System Operator
Honcut Creek-Lower Feather River,18020159,2004409280.14,18020159,Western Area Power Administration - Desert Southwest Region
Honcut Creek-Lower Feather River,18020159,2004409280.14,18020159,California Independent System Operator
Auburn Ravine-Coon Creek,18020161,1124103185.89,18020161,Western Area Power Administration - Desert Southwest Region
Auburn Ravine-Coon Creek,18020161,1124103185.89,18020161,Nevada Power Company
Auburn Ravine-Coon Creek,18020161,1124103185.89,18020161,California Independent System Operator
Putah Creek,18020162,1694460577.06,18020162,California Independent System Operator
Cache Slough-Sacramento River,18020163,3181935093.33,18020163,Western Area Power Administration - Desert Southwest Region
Cache Slough-Sacramento River,18020163,3181935093.33,18020163,California Independent System Operator
Upper Kern,18030001,2829469220.7,18030001,California Independent System Operator
South Fork Kern,18030002,2541359953,18030002,California Independent System Operator
Middle Kern-Upper Tehachapi-Grapevine,18030003,6778801285.25,18030003,California Independent System Operator
Upper Poso,18030004,1489686126.07,18030004,California Independent System Operator
Upper Deer-Upper White,18030005,3168443852.71,18030005,California Independent System Operator
Upper Tule,18030006,2446486334.99,18030006,California Independent System Operator
Upper Kaweah,18030007,3943934649.79,18030007,California Independent System Operator
Upper Dry,18030009,5506525775.92,18030009,Western Area Power Administration - Desert Southwest Region
Upper Dry,18030009,5506525775.92,18030009,California Independent System Operator
Upper King,18030010,3999098762.15,18030010,Western Area Power Administration - Desert Southwest Region
Upper King,18030010,3999098762.15,18030010,California Independent System Operator
Tulare-Buena Vista Lakes,18030012,9808270316.43,18030012,California Independent System Operator
Middle San Joaquin-Lower Chowchilla,18040001,9130166321.68,18040001,Western Area Power Administration - Desert Southwest Region
Middle San Joaquin-Lower Chowchilla,18040001,9130166321.68,18040001,California Independent System Operator
Middle San Joaquin-Lower Merced- Lower Stanislaus,18040002,2376500248.95,18040002,Western Area Power Administration - Desert Southwest Region
Middle San Joaquin-Lower Merced- Lower Stanislaus,18040002,2376500248.95,18040002,Turlock Irrigation District
San Joaquin Delta,18040003,3192140932.14,18040003,Western Area Power Administration - Desert Southwest Region
San Joaquin Delta,18040003,3192140932.14,18040003,California Independent System Operator
Upper San Joaquin,18040006,4244459583.76,18040006,Western Area Power Administration - Desert Southwest Region
Upper San Joaquin,18040006,4244459583.76,18040006,California Independent System Operator
Upper Chowchilla-Upper Fresno,18040007,1677980602.92,18040007,Western Area Power Administration - Desert Southwest Region
Upper Chowchilla-Upper Fresno,18040007,1677980602.92,18040007,California Independent System Operator
Upper Merced,18040008,3287842652.73,18040008,California Independent System Operator
Upper Tuolumne,18040009,4850592026.93,18040009,Western Area Power Administration - Desert Southwest Region
Upper Tuolumne,18040009,4850592026.93,18040009,California Independent System Operator
Upper Stanislaus,18040010,3099992005.75,18040010,Western Area Power Administration - Desert Southwest Region
Upper Stanislaus,18040010,3099992005.75,18040010,California Independent System Operator
Upper Calaveras California,18040011,1369310968.58,18040011,Western Area Power Administration - Desert Southwest Region
Upper Calaveras California,18040011,1369310968.58,18040011,California Independent System Operator
Upper Mokelumne,18040012,3279742230.7,18040012,California Independent System Operator
Upper Consumnes,18040013,2459979435.14,18040013,California Independent System Operator
Panoche-San Luis Reservoir,18040014,792891969.98,18040014,California Independent System Operator
Rock Creek-French Camp Slough,18040051,1224480166.26,18040051,Western Area Power Administration - Desert Southwest Region
Suisun Bay,18050001,1689610047.16,18050001,California Independent System Operator
San Pablo Bay,18050002,3176716635.6,18050002,California Independent System Operator
Coyote,18050003,1865620088.3,18050003,Western Area Power Administration - Desert Southwest Region
Coyote,18050003,1865620088.3,18050003,California Independent System Operator
San Francisco Bay,18050004,3453006901.52,18050004,Western Area Power Administration - Desert Southwest Region
San Francisco Bay,18050004,3453006901.52,18050004,California Independent System Operator
Tomales-Drake Bays,18050005,890526578.688,18050005,California Independent System Operator
San Francisco Coastal South,18050006,665442105.899,18050006,California Independent System Operator
San Lorenzo-Soquel,18060001,972323790.184,18060001,California Independent System Operator
Pajaro,18060002,3368626611.39,18060002,California Independent System Operator
Carrizo Plain,18060003,1153505559.87,18060003,California Independent System Operator
Estrella,18060004,2459936575.5,18060004,California Independent System Operator
Salinas,18060005,8622347647.32,18060005,California Independent System Operator
Central Coastal,18060006,2780927653.31,18060006,California Independent System Operator
Cuyama,18060007,2962020901.11,18060007,California Independent System Operator
Santa Maria,18060008,1771832880.24,18060008,California Independent System Operator
San Antonio,18060009,561096766.903,18060009,California Independent System Operator
Santa Ynez,18060010,2322171321.91,18060010,California Independent System Operator
Alisal-Elkhorn Sloughs,18060011,477474095.662,18060011,California Independent System Operator
Carmel,18060012,837382942.524,18060012,California Independent System Operator
Santa Barbara Coastal,18060013,979834451.403,18060013,California Independent System Operator
,,,18060014,
Ventura,18070101,690614852.876,18070101,California Independent System Operator
Santa Clara,18070102,4210833904.23,18070102,California Independent System Operator
Calleguas,18070103,971031005.758,18070103,California Independent System Operator
,,,18070104,
Los Angeles,18070105,2152190652.21,18070105,LG&E and KU Services Company as agent for Louisville Gas and Electric Company and Kentucky Utilities
San Gabriel,18070106,1837241186.67,18070106,California Independent System Operator
,,,18070107,
Seal Beach,18070201,227602196.009,18070201,California Independent System Operator
San Jacinto,18070202,1982017572.66,18070202,Western Area Power Administration - Desert Southwest Region
San Jacinto,18070202,1982017572.66,18070202,California Independent System Operator
Santa Ana,18070203,4387770941.81,18070203,Western Area Power Administration - Desert Southwest Region
Santa Ana,18070203,4387770941.81,18070203,California Independent System Operator
Newport Bay,18070204,408714357.058,18070204,California Independent System Operator
Aliso-San Onofre,18070301,1285871852.52,18070301,California Independent System Operator
Santa Margarita,18070302,1919338364.12,18070302,Western Area Power Administration - Desert Southwest Region
Santa Margarita,18070302,1919338364.12,18070302,California Independent System Operator
San Luis Rey-Escondido,18070303,2001143240.47,18070303,California Independent System Operator
San Diego,18070304,3637132151.71,18070304,California Independent System Operator
Cottonwood-Tijuana,18070305,1210352481.43,18070305,California Independent System Operator
Suprise Valley,18080001,2347624268.66,18080001,Western Area Power Administration - Desert Southwest Region
Suprise Valley,18080001,2347624268.66,18080001,PacifiCorp - West
Madeline Plains,18080002,2180781748.24,18080002,Western Area Power Administration - Desert Southwest Region
Madeline Plains,18080002,2180781748.24,18080002,PacifiCorp - West
Honey-Eagle Lakes,18080003,7261005418.12,18080003,Western Area Power Administration - Desert Southwest Region
Honey-Eagle Lakes,18080003,7261005418.12,18080003,California Independent System Operator
Honey-Eagle Lakes,18080003,7261005418.12,18080003,PacifiCorp - West
Mono Lake,18090101,2813854160.86,18090101,Nevada Power Company
Mono Lake,18090101,2813854160.86,18090101,California Independent System Operator
Crowley Lake,18090102,4968023407.98,18090102,Nevada Power Company
Crowley Lake,18090102,4968023407.98,18090102,California Independent System Operator
Owens Lake,18090103,3549958212.26,18090103,Nevada Power Company
Owens Lake,18090103,3549958212.26,18090103,LG&E and KU Services Company as agent for Louisville Gas and Electric Company and Kentucky Utilities
Eureka-Saline Valleys,18090201,4246612307.7,18090201,Nevada Power Company
Eureka-Saline Valleys,18090201,4246612307.7,18090201,California Independent System Operator
Upper Amargosa,18090202,8826073485.43,18090202,Nevada Power Company
Death Valley-Lower Amargosa,18090203,13927366945.8,18090203,Nevada Power Company
Death Valley-Lower Amargosa,18090203,13927366945.8,18090203,California Independent System Operator
Panamint Valley,18090204,4224061630.27,18090204,Nevada Power Company
Panamint Valley,18090204,4224061630.27,18090204,California Independent System Operator
Indian Wells-Searles Valleys,18090205,5230122834.89,18090205,California Independent System Operator
Antelope-Fremont Valleys,18090206,8722018257.72,18090206,California Independent System Operator
Coyote-Cuddeback Lakes,18090207,4785170732.94,18090207,Western Area Power Administration - Desert Southwest Region
Coyote-Cuddeback Lakes,18090207,4785170732.94,18090207,California Independent System Operator
Mojave,18090208,11961453801.6,18090208,Western Area Power Administration - Desert Southwest Region
Mojave,18090208,11961453801.6,18090208,California Independent System Operator
Southern Mojave,18100100,22965019723.3,18100100,Western Area Power Administration - Desert Southwest Region
Southern Mojave,18100100,22965019723.3,18100100,California Independent System Operator
Whitewater River,18100201,3886349590.72,18100201,Western Area Power Administration - Desert Southwest Region
Whitewater River,18100201,3886349590.72,18100201,California Independent System Operator
Carrizo Creek,18100202,1818917328.07,18100202,California Independent System Operator
San Felipe Creek,18100203,2390774785.12,18100203,California Independent System Operator
Salton Sea,18100204,10459920945,18100204,Western Area Power Administration - Desert Southwest Region
Salton Sea,18100204,10459920945,18100204,Imperial Irrigation District
