Table 2,Sensitivity Analysis 2 (Reservoir Evaporation Attribution): Water and water scarcity footprint for different hydroelectric water use assumptions.,Unnamed: 2,Unnamed: 3,Unnamed: 4,Unnamed: 5,Unnamed: 6,Unnamed: 7,Unnamed: 8,Unnamed: 9,Unnamed: 10
,Water Footprint (m3),,,,,Water Scarcity Footprint (m3 eq water),,,,
HUC8 Subbasin,Primary Purpose,All to Hydro,None to Hydro,Equal Weight,Centroid,Primary Purpose,All to Hydro,None to Hydro,Equal Weight,Centroid
1010001,15416.97312536044,12430.143911440711,12430.143911440711,12430.143911440711,12430.143911440711,3701.2096705792005,2984.1505513190623,2984.1505513190623,2984.1505513190623,2984.1505513190623
1010004,74312.04262540977,650464.325685433,58814.086625857126,256062.0775513143,686462.3323118382,22977.675921559094,201127.0037277209,18185.626102670947,79175.74629772583,212257.77743358113
1010005,2943.7164898057827,2934.426007658779,2934.426007658779,2934.426007658779,2934.426007658779,816.7215155526748,814.1439111245335,814.1439111245335,814.1439111245335,814.1439111245335
1020001,9169.748113915273,1850278.1274570301,1051.12056888,314539.1081086026,1711991.6209753621,1687.8472519500508,340574.98788133997,193.47652101370196,57896.24345801634,315121.01716728543
1020003,4078.9535156565944,4069.5642374702297,4069.5642374702297,4069.5642374702297,4069.5642374702297,1123.4555536223127,1120.869489161787,1120.869489161787,1120.869489161787,1120.869489161787
1020005,163444.22774364412,131358.37767577101,27095.93572450152,112181.96376483471,124049.38418210039,16344.422774364413,13135.837767577103,2709.5935724501524,11218.196376483473,12404.93841821004
1030001,233125.91005515892,182411.05650858002,1611.54162594,175266.35552171982,181743.0006832107,62679.579425437965,49044.090816856755,433.28839474173395,47123.12521989265,48864.47346691502
1030002,11066.30939266626,8783.36180412988,8783.36180412988,8783.36180412988,8783.36180412988,2846.3422485765163,2259.150083423128,2259.150083423128,2259.150083423128,2259.150083423128
1030003,534546.8779708166,422192.1839991383,35151.23222168953,318578.45291734935,389787.8149196058,81227.93099166286,64154.89267710903,5341.4620547670565,48410.10144373893,59230.83463113847
1040001,1016145.7027384699,794046.799229115,18620.52649018496,785308.3803467698,891866.05296397,247029.7442845046,193036.46832818666,4526.736554528452,190912.11807394738,216816.7836620021
1040002,492219.34880331886,388070.6039015042,60461.62785409567,283579.4333040087,360133.7196426264,72901.30038569379,57476.10640390655,8954.811111581681,42000.19666183623,53338.448678446824
1050001,66022.12664753408,439026.2838351429,52365.7119712159,220963.52938097148,407859.7424875371,17635.716341418938,117271.94201844212,13987.838460143004,59023.396001242705,108946.7893694853
1050002,24363.239628523585,24158.98118523664,23806.018759982497,24158.98118523664,24143.360254030096,2436.3239628523584,2415.898118523664,2380.60187599825,2415.898118523664,2414.33602540301
1050003,15227.7825621398,15226.814786018298,15226.814786018298,15226.814786018298,15226.814786018298,1522.77825621398,1522.68147860183,1522.68147860183,1522.68147860183,1522.68147860183
1060001,76932.71658261065,70701.49628539366,67978.15128295711,66225.20537846343,69794.78306661609,19307.062290467176,17743.272998107976,17059.821354436786,16619.901418247653,17515.7239218222
1060002,132718.33617515748,109406.60079503442,29354.19626482611,72443.90407988998,98829.14231037612,29683.19546259605,24469.395939467064,6565.229571792485,16202.482843357437,22103.688406159563
1060003,680216.0328278171,562726.0654498796,551022.9350550603,557088.2019837624,560757.167696759,174963.2610246355,144742.82099080665,141732.5745995805,143292.66555541838,144236.38663041976
1070001,90969.31662151811,73402.61439784,13337.686276094568,73402.61439784,69021.33735796696,21128.527731765982,17048.486583024813,3097.8101719124006,17048.486583024813,16030.891454519575
1070002,40988.298483623905,33307.95102885651,5927.379785100001,12919.299281057098,29367.771589537442,11385.626058203523,9252.198534931387,1646.4925901978215,3588.6903333375126,8157.705439146198
1070003,84149.68924340181,69055.9867275283,15246.69257808,69055.9867275283,62906.715080348324,21696.998505779346,17805.266475892335,3931.178701418882,17805.266475892335,16219.74977416599
1070004,53456.777401441315,49705.35191886021,42009.578302160444,49705.35191886021,48452.909221498005,13540.183328486413,12589.976614829666,10640.697389819103,12589.976614829666,12272.742682014048
1070005,213110.28555983573,212959.7689945887,212959.7689945887,212959.7689945887,212959.7689945887,50486.77567672355,50451.117632132715,50451.117632132715,50451.117632132715,50451.117632132715
1070006,445542.39062001964,451134.89223048685,270178.43790296966,389992.4524849835,419154.09772105643,44554.239062001965,45113.48922304869,27017.843790296967,38999.24524849835,41915.409772105646
1080101,6260.815601919559,6111.730135918895,5591.5643927160245,6111.730135918895,6169.760935808871,1115.5033649507818,1088.9404776908523,996.2613965984427,1088.9404776908523,1099.2799536735354
1080102,13238.113174125381,11130.43861339418,3621.994221609564,7755.301530386316,11238.487195723907,3445.3712687105553,2896.8247137884496,942.6656701319308,2018.4064542676301,2924.9456005256443
1080103,422455.4983505856,331910.23438427027,20842.909371826478,180389.4306692786,314714.6845195317,42245.54983505856,33191.02343842703,2084.2909371826477,18038.943066927863,31471.46845195317
1080104,272252.6181341327,214128.1673593857,7356.884119499957,110914.1787629686,180961.4178555689,27225.26181341327,21412.81673593857,735.6884119499957,11091.41787629686,18096.14178555689
1080105,5726.605245237983,5726.513467697893,5726.513467697893,5726.513467697893,5726.513467697893,1474.481719220713,1474.458088413402,1474.458088413402,1474.458088413402,1474.458088413402
1080106,63916.95951668848,53190.51666333246,19352.912275169,53190.51666333246,49284.85057984202,6391.6959516688485,5319.051666333246,1935.2912275169,5319.051666333246,4928.485057984202
1080107,513125.3981075098,402920.19242229284,10037.353871822464,206478.7731470576,357121.70021429623,123345.43987434923,96854.23592728178,2412.786100747728,49633.511014014744,85845.1625354523
1080201,567023.1676119153,459405.10223668936,41317.356545609626,248728.4677711211,403848.4553830555,56702.31676119153,45940.51022366894,4131.735654560963,24872.84677711211,40384.845538305555
1080202,14255.240126091143,14096.327040859533,14096.327040859533,14096.327040859533,14096.327040859533,3914.128686804383,3870.4951695776062,3870.4951695776062,3870.4951695776062,3870.4951695776062
1080203,230712.6896901103,183244.1755314577,14030.580977451993,108801.85294121616,196103.53043547578,47421.83432216888,37664.91970696189,2883.9154337379464,22363.674278400584,40308.09550525633
1080204,68947.34762556216,72114.759701183,43482.904169796704,56017.53546323822,68451.57379069745,17889.35968643645,18711.189326695676,11282.25145264242,14534.537950493166,17760.724187603562
1080205,210219.69058104954,195591.17598832678,195591.17598832678,195591.17598832678,195591.17598832678,21021.969058104954,19559.11759883268,19559.11759883268,19559.11759883268,19559.11759883268
1080206,17118.797973840457,17045.657076890562,17045.657076890562,17045.657076890562,17045.657076890562,3823.081165366091,3806.7468651439362,3806.7468651439362,3806.7468651439362,3806.7468651439362
1080207,51591.083591009774,50059.42935448655,45034.30822981955,50059.42935448655,49240.01308339587,11792.351966134725,11442.256473070674,10293.647200889032,11442.256473070674,11254.959668993413
1090001,1089170.5949190443,1061420.7674789412,1036471.7552021613,1048223.5296024528,1054642.1531003858,228332.00096131384,222514.57102399456,217284.29954793715,219747.92294741384,221093.5130262658
1090002,2855193.44356982,2255189.134391236,2255189.134391236,2255189.134391236,2255189.134391236,668468.8614441678,527993.5467780166,527993.5467780166,527993.5467780166,527993.5467780166
1090003,129978.25519763665,112657.84529105651,112175.07238377363,112657.84529105651,112555.92040813093,32827.644860875895,28453.157263750898,28331.226887591925,28453.157263750898,28427.41485126752
1090004,288338.6927684678,260681.41200106387,260681.41200106387,260681.41200106387,260681.41200106387,65043.80095232687,58804.83715650305,58804.83715650305,58804.83715650305,58804.83715650305
1090005,32262.6164313901,32262.185927010527,32262.185927010527,32262.185927010527,32262.185927010527,7538.492898176689,7538.392306390683,7538.392306390683,7538.392306390683,7538.392306390683
1100001,156502.7146861019,127850.0077976872,118645.75389075413,127850.0077976872,126310.08415810179,38084.44070177512,31111.89509050031,28872.069009363306,31111.89509050031,30737.159542591886
1100002,3902784.155446448,3054474.559009557,35015.54273940144,1547956.820175267,2562897.12482869,395338.6305193828,309407.781988138,3546.954215792226,156802.7093010539,259612.6762680101
1100003,914928.4358617256,720315.7432755635,720315.7432755635,720315.7432755635,720315.7432755635,91492.84358617256,72031.57432755634,72031.57432755634,72031.57432755634,72031.57432755634
1100004,104752.27534758327,102809.54188955174,102809.54188955174,102809.54188955174,102809.54188955174,23519.19145164742,23083.005030041266,23083.005030041266,23083.005030041266,23083.005030041266
1100005,725346.1116544154,627634.1797865842,206996.07229390778,408457.4522717075,563963.6317722537,177390.19279997647,153493.8236675106,50622.83037445804,99892.09984706798,137922.5941448473
1100006,259169.56508177886,237932.4999921732,237932.4999921732,237932.4999921732,237932.4999921732,57201.135223972,52513.91729555701,52513.91729555701,52513.91729555701,52513.91729555701
1110000,8289.506148987464,7529.934540511367,4832.978184071733,7529.934540511367,7651.577187762828,2064.388963526428,1875.227966795929,1203.5876015823162,1875.227966795929,1905.5214166066546
2010001,7425.560847493584,7210.107610135926,6442.330435830653,7210.107610135926,7141.330155184155,2312.7710977001348,2245.6658607354534,2006.5333703180488,2245.6658607354534,2224.244379819366
2010002,117894.5329004588,97243.42042074396,7057.943484284902,94211.323506604,95027.88502985105,31201.30452649896,25735.897154007827,1867.9156578865868,24933.439424676002,25149.546008455967
2010003,83292.1225313433,68317.20470085274,23406.03604606138,68317.20470085274,67523.1715984164,21184.83781776906,17376.05979732684,5953.1809554507945,17376.05979732684,17174.102373433318
2010004,3773.0843552889824,3664.7451139316872,3322.99160154,3664.7451139316872,3665.018029156825,1086.9768237302812,1055.7656889220107,957.3109202451699,1055.7656889220107,1055.844312270082
2010005,117178.40661670791,93825.47926625994,10573.619733354319,93825.47926625994,99345.05984654475,28406.793418321242,22745.49623814051,2563.2933585773285,22745.49623814051,24083.571996524923
2010006,22526.256360374322,17903.94427904532,3686.411180391538,17282.46531784544,18044.8409011453,6793.806351374717,5399.740125998277,1111.803190483917,5212.305176919354,5442.233843143125
2010007,45696.81618222333,38203.09668632179,11488.204206744662,24036.190336719228,39604.66509015539,11160.590376490618,9330.38992321235,2805.7784332649176,5870.3887266404645,9672.69672151187
2010008,33878.12924166913,32828.33069650585,32781.20213440989,32804.76641545787,32827.656374859114,3819.434840096946,3701.0801012659726,3695.7668069353167,3698.4234541006444,3701.0040779539236
2020001,7854.3564860282895,8561.090988859098,7853.58297822159,7995.084580349091,8585.026505246213,1946.2153605840333,2121.335696376121,1946.0236946241791,1981.0860949745675,2127.26663034111
2020002,17190.50226951061,410490.71676228737,6123.216545456541,89517.71029957931,443385.87953889277,3804.933951720046,90857.73298462147,1355.3085396966007,19813.788443122976,98138.72569406989
2020003,228301.9754093691,187964.6892745286,56723.329170735284,156609.76676278881,183400.1489055587,22830.19754093691,18796.46892745286,5672.332917073529,15660.976676278882,18340.01489055587
2020004,254383.8093024925,211419.9359423325,58355.05030870206,123516.56403148084,213339.9955444818,48090.37377015292,39968.20304643868,11031.819157108843,23350.37653286977,40331.1836314905
2020005,29562.844621521323,29562.80830607855,29562.80830607855,29562.80830607855,29562.80830607855,9426.537300400349,9426.525720700212,9426.525720700212,9426.525720700212,9426.525720700212
2020006,188434.20926479355,179444.77462979354,170444.53615543613,171748.3069188191,178988.6619733788,18843.420926479357,17944.477462979354,17044.453615543614,17174.83069188191,17898.86619733788
2020007,106135.9559675577,96089.3971507341,71466.01951403279,95873.56222134,92209.23110566082,29697.878092632516,26886.752717894393,19996.890930555026,26826.359994591112,25801.044324963146
2020008,72539.94198622607,70175.41464943619,70093.90244797045,70114.2804983369,70165.18583333927,7253.994198622608,7017.54146494362,7009.390244797046,7011.42804983369,7016.518583333927
2030101,2080747.7085232043,1981915.6249905466,1981915.6249905466,1981915.6249905466,1981915.6249905466,208074.77085232045,198191.56249905468,198191.56249905468,198191.56249905468,198191.56249905468
2030102,328940.93992329895,314589.54202323855,314589.54202323855,314589.54202323855,314589.54202323855,32894.093992329894,31458.954202323857,31458.954202323857,31458.954202323857,31458.954202323857
2030103,2374416.5663208542,2374309.998240111,2312362.798929899,2374309.998240111,2360982.8879824607,575642.7153317983,575616.8794526873,560598.6831833677,575616.8794526873,572385.915667707
2030104,773512.9760984569,761158.3113666698,761158.3113666698,761158.3113666698,761158.3113666698,77351.29760984569,76115.83113666698,76115.83113666698,76115.83113666698,76115.83113666698
2030105,1285264.61198397,1285372.762978704,1285372.762978704,1285372.762978704,1285372.762978704,293097.4331793915,293122.0964111157,293122.0964111157,293122.0964111157,293122.0964111157
2030201,217061.93139287533,203516.49839796152,203516.49839796152,203516.49839796152,203516.49839796152,65876.41231578925,61765.49096148803,61765.49096148803,61765.49096148803,61765.49096148803
2030202,809526.0928288759,795282.0702167724,795282.0702167724,795282.0702167724,795282.0702167724,235551.79176117244,231407.13839188704,231407.13839188704,231407.13839188704,231407.13839188704
2040101,11306.042718507548,11306.001219618653,11306.001219618653,11306.001219618653,11306.001219618653,1826.7275051921802,1826.720800179324,1826.720800179324,1826.720800179324,1826.720800179324
2040103,1217531.409296219,1218206.6778179079,23671.016508191984,620938.84716305,1138490.429168559,324518.6725227343,324698.65740245214,6309.230953591998,165503.9441780221,303451.2292107372
2040104,110149.57863398423,98792.98228878531,62968.93265001179,83544.05890707369,95829.11490755776,11014.957863398424,9879.298228878532,6296.893265001179,8354.405890707369,9582.911490755776
2040105,338638.5628591412,338718.6119395717,338718.6119395717,338718.6119395717,338718.6119395717,33863.856285914124,33871.86119395717,33871.86119395717,33871.86119395717,33871.86119395717
2040106,214122.5079980822,214179.6728590058,214179.6728590058,214179.6728590058,214179.6728590058,48629.74636216613,48642.7291761334,48642.7291761334,48642.7291761334,48642.7291761334
2040201,275793.0709967537,275862.531133697,275862.531133697,275862.531133697,275862.531133697,27579.30709967537,27586.253113369705,27586.253113369705,27586.253113369705,27586.253113369705
2040203,2059034.3724759081,2059871.336646874,2059871.336646874,2059871.336646874,2059871.336646874,530600.8785738616,530816.559249418,530816.559249418,530816.559249418,530816.559249418
2050101,43591.49313021917,40676.32819286434,31481.046283246553,36078.68723805545,41273.747988187024,12809.434029909611,11952.807879486109,9250.758728386563,10601.783303936336,12128.360697406057
2050102,26740.905357625306,26650.830920793596,26650.830920793596,26650.830920793596,26650.830920793596,7733.73582709415,7707.685403972179,7707.685403972179,7707.685403972179,7707.685403972179
2050104,10430.388332084334,10429.111436046307,10429.111436046307,10429.111436046307,10429.111436046307,4110.4908761357365,4109.98766673001,4109.98766673001,4109.98766673001,4109.98766673001
2050105,15174.726732674826,15106.47161415657,15106.47161415657,15106.47161415657,15106.47161415657,2768.334655351298,2755.8828324402243,2755.8828324402243,2755.8828324402243,2755.8828324402243
2050106,151452.5698353729,151523.2172122023,151523.2172122023,151523.2172122023,151523.2172122023,15145.256983537292,15152.321721220229,15152.321721220229,15152.321721220229,15152.321721220229
2050107,1444778.408172248,1445558.16277598,1445558.16277598,1445558.16277598,1445558.16277598,144477.8408172248,144555.816277598,144555.816277598,144555.816277598,144555.816277598
2050201,87177.08265084864,87215.20199568933,87215.20199568933,87215.20199568933,87215.20199568933,25748.23994123724,25759.498703374215,25759.498703374215,25759.498703374215,25759.498703374215
2050204,13354.603011713256,13355.335545253089,13355.335545253089,13355.335545253089,13355.335545253089,4101.173868539606,4101.398828233934,4101.398828233934,4101.398828233934,4101.398828233934
2050206,283100.77771318535,283249.5720732561,283249.5720732561,283249.5720732561,283249.5720732561,28310.077771318538,28324.95720732561,28324.95720732561,28324.95720732561,28324.95720732561
2050301,155546.2482792981,155609.4501926916,155609.4501926916,155609.4501926916,155609.4501926916,15554.62482792981,15560.945019269162,15560.945019269162,15560.945019269162,15560.945019269162
2050302,25440.919340932815,25443.546435123408,21008.671156598484,25443.546435123408,24623.33533297093,8171.057250174136,8171.901014377201,6747.517747696068,8171.901014377201,7908.467457472156
2050303,8898.55576164,8898.55576164,8898.55576164,8898.55576164,8898.55576164,3090.5064193998655,3090.5064193998655,3090.5064193998655,3090.5064193998655,3090.5064193998655
2050305,756768.6472452387,757139.5497211514,600202.0008540645,652514.5171430934,724986.6458532691,75676.86472452387,75713.95497211514,60020.20008540645,65251.45171430934,72498.66458532691
3020103,14368.217205883106,14378.780364760238,14378.780364760238,14378.780364760238,14378.780364760238,1716.2687220202558,1717.5304804504617,1717.5304804504617,1717.5304804504617,1717.5304804504617
3020104,8758.663820436974,10508.514948594042,10508.514948594042,10508.514948594042,10508.514948594042,966.0252218359184,1159.0227336611215,1159.0227336611215,1159.0227336611215,1159.0227336611215
3020105,6468.464847317083,6468.4740878020575,6468.4740878020575,6468.4740878020575,6468.4740878020575,2094.4783029376486,2094.48129499152,2094.48129499152,2094.48129499152,2094.48129499152
3020202,13722.661244344796,18480.17747737105,18480.17747737105,18480.17747737105,18480.17747737105,1372.2661244344797,1848.017747737105,1848.017747737105,1848.017747737105,1848.017747737105
3020203,18757.669834655666,18770.323556424642,18770.323556424642,18770.323556424642,18770.323556424642,6469.559798121409,6473.924093387015,6473.924093387015,6473.924093387015,6473.924093387015
3020204,9679.08580844445,9680.193985111351,9680.193985111351,9680.193985111351,9680.193985111351,967.908580844445,968.0193985111351,968.0193985111351,968.0193985111351,968.0193985111351
3020301,9610.394722007291,9610.634098763738,9610.634098763738,9610.634098763738,9610.634098763738,2938.069265598228,2938.1424473468824,2938.1424473468824,2938.1424473468824,2938.1424473468824
3020302,11716.780132428938,11791.467913099737,11791.467913099737,11791.467913099737,11791.467913099737,3484.549936574761,3506.761952031041,3506.761952031041,3506.761952031041,3506.761952031041
3030003,53504.675414473815,53514.87415569373,53514.87415569373,53514.87415569373,53514.87415569373,24279.74169949175,24284.36975863913,24284.36975863913,24284.36975863913,24284.36975863913
3030004,88872.27138036258,168200.8966674421,168200.8966674421,168200.8966674421,168200.8966674421,12561.913291595452,23774.851780955956,23774.851780955956,23774.851780955956,23774.851780955956
3030005,124227.171767603,309148.0266895889,309148.0266895889,309148.0266895889,309148.0266895889,12422.7171767603,30914.80266895889,30914.80266895889,30914.80266895889,30914.80266895889
3030006,16614.215733510817,17188.764530879453,17188.764530879453,17188.764530879453,17188.764530879453,5992.921917687039,6200.167696588673,6200.167696588673,6200.167696588673,6200.167696588673
3030007,23470.432697109238,23475.830589693694,23475.830589693694,23475.830589693694,23475.830589693694,7849.182626882899,7850.987836238963,7850.987836238963,7850.987836238963,7850.987836238963
3040102,43102.971204716785,59462.14386057708,59462.14386057708,59462.14386057708,59462.14386057708,15094.20175341259,20823.009900156874,20823.009900156874,20823.009900156874,20823.009900156874
3040103,331259.7883102546,535906.6690383527,76320.21679923208,230266.8677548992,486263.6293577445,33125.97883102546,53590.66690383527,7632.021679923208,23026.68677548992,48626.36293577445
3040104,173052.5459765901,450577.682880399,12828.220459549646,158744.7079331661,384087.9062424342,17305.25459765901,45057.7682880399,1282.8220459549648,15874.47079331661,38408.790624243426
3040105,133229.53423129013,134076.621030267,134076.621030267,134076.621030267,134076.621030267,53062.30545590797,53399.680939011785,53399.680939011785,53399.680939011785,53399.680939011785
3040201,140000.0264870671,345093.42394620524,232621.2822684019,270111.996161003,326678.07346395584,14962.987827079294,36883.055177058755,24862.205402676937,28869.155327470875,34914.85079873493
3040202,14278.261769049599,14278.278343676913,14278.278343676913,14278.278343676913,14278.278343676913,5753.263528080782,5753.270206638743,5753.270206638743,5753.270206638743,5753.270206638743
3040203,16145.074426908717,17424.82122332397,17424.82122332397,17424.82122332397,17424.82122332397,5743.7657784132125,6199.048031063147,6199.048031063147,6199.048031063147,6199.048031063147
3040204,18349.285570892647,18358.073560545457,18358.073560545457,18358.073560545457,18358.073560545457,2878.667032498224,2880.0457072154354,2880.0457072154354,2880.0457072154354,2880.0457072154354
3040205,16321.515938260805,16444.9409262867,16444.9409262867,16444.9409262867,16444.9409262867,6233.995090090919,6281.137204356437,6281.137204356437,6281.137204356437,6281.137204356437
3040206,19814.95562892059,19863.544727027245,19863.544727027245,19863.544727027245,19863.544727027245,7043.256395719024,7060.527465228886,7060.527465228886,7060.527465228886,7060.527465228886
3040207,3247.124137582655,7787.22898382062,7787.22898382062,7787.22898382062,7787.22898382062,324.7124137582655,778.722898382062,778.722898382062,778.722898382062,778.722898382062
3040208,16910.941708284157,16910.98578385143,16910.98578385143,16910.98578385143,16910.98578385143,5488.733057399615,5488.747362872798,5488.747362872798,5488.747362872798,5488.747362872798
3050101,5428630.6123404205,9131212.082634345,1637205.5079470398,5451336.469784807,8200205.184998432,1480811.666602507,2490794.8887605756,446593.8447318011,1487005.3277677058,2236836.575116484
3050102,748719.5016671108,751682.9727689,751440.5739421532,751682.9727689,751652.0681416859,255139.89701954258,256149.7541289772,256067.1522846869,256149.7541289772,256139.22281065668
3050103,1254871.417977378,2084404.226301671,168912.7334378291,1155860.072310045,1775126.8956871189,141564.17179410762,235145.17404192974,19055.331783033896,130394.5340552801,200255.07411941263
3050104,1049151.8993471311,1835373.219113989,110252.00504361687,972812.6120788028,1516276.062513774,104915.18993471313,183537.3219113989,11025.200504361688,97281.26120788028,151627.6062513774
3050105,1257699.4548827624,1345467.3844647675,1262552.1372876114,1345467.3844647675,1336925.188020109,395191.90020999976,422770.1699900747,396716.7007283133,422770.1699900747,420086.057476687
3050106,297768.4634825387,511755.42500987044,192045.02038650968,511755.42500987044,449680.58906467224,29776.846348253872,51175.542500987045,19204.502038650968,51175.542500987045,44968.058906467224
3050107,21046.89113219647,21139.76491767149,21139.76491767149,21139.76491767149,21139.76491767149,7161.878491894095,7193.481770614762,7193.481770614762,7193.481770614762,7193.481770614762
3050108,16284.658932255252,17075.259236829635,17075.259236829635,17075.259236829635,17075.259236829635,6112.455889648945,6409.208158649933,6409.208158649933,6409.208158649933,6409.208158649933
3050109,7961529.646334455,14003026.3016004,129425.27903723568,13257163.197406191,11165949.45153669,2929376.294282132,5152292.978649318,47620.91722751858,4877859.0704351915,4108414.9754493134
3050110,49948.661577713916,60561.04943903962,60561.04943903962,60561.04943903962,60561.04943903962,4994.866157771392,6056.1049439039625,6056.1049439039625,6056.1049439039625,6056.1049439039625
3050111,3620.738993827617,3621.4593829765704,3621.4593829765704,3621.4593829765704,3621.4593829765704,362.07389938276174,362.14593829765704,362.14593829765704,362.14593829765704,362.14593829765704
3050112,4511.41875,4511.41875,4511.41875,4511.41875,4511.41875,451.141875,451.141875,451.141875,451.141875,451.141875
3050201,1503217.969860928,2773148.663556819,1562960.2501351165,1804997.932819457,2544586.132924636,647233.8128322391,1194022.1704711015,672956.7782467176,777169.8566915945,1095611.0277508348
3050203,10264.328630338006,10267.252808390864,10267.252808390864,10267.252808390864,10267.252808390864,3656.7853237375807,3657.827095856614,3657.827095856614,3657.827095856614,3657.827095856614
3050204,33344.72698527577,47484.95945387516,47484.95945387516,47484.95945387516,47484.95945387516,12005.429338525386,17096.47602207011,17096.47602207011,17096.47602207011,17096.47602207011
3050205,10597.840906231622,11340.270933121637,11340.270933121637,11340.270933121637,11340.270933121637,4261.380506617701,4559.910827284851,4559.910827284851,4559.910827284851,4559.910827284851
3050207,10431.605106956731,10433.264717620841,10433.264717620841,10433.264717620841,10433.264717620841,4434.62632536483,4435.3318498805165,4435.3318498805165,4435.3318498805165,4435.3318498805165
3050208,6875.021531343113,7670.686569519382,7670.686569519382,7670.686569519382,7670.686569519382,2925.45154141925,3264.02204651139,3264.02204651139,3264.02204651139,3264.02204651139
3060101,2416680.81283302,4241206.113061817,605357.0896033808,1817306.7640895261,3639161.995446322,580911.6408676885,1019483.4126682185,145513.2090117215,436836.6102305538,874766.5620267921
3060102,8264.34714621194,231876.5238384102,6530.13676764,82904.14378777401,70814.5087477381,1794.7956320015628,50357.39239724964,1418.1714223252582,18004.567392032735,15379.021323061612
3060103,5555111.051211802,10069280.66394121,27968.31721971083,1771318.2982833849,8472856.355830478,555511.1051211803,1006928.066394121,2796.831721971083,177131.8298283385,847285.6355830478
3060104,14851.014120298416,14851.042133608913,14851.042133608913,14851.042133608913,14851.042133608913,5118.919880538008,5118.929536302313,5118.929536302313,5118.929536302313,5118.929536302313
3060106,4031354.504566401,6836274.027619754,730278.1525315592,1750386.445415285,5545134.5100053055,403135.4504566401,683627.4027619754,73027.81525315593,175038.6445415285,554513.4510005306
3060108,9515.331758290571,9515.697804088126,9515.697804088126,9515.697804088126,9515.697804088126,4083.4792982847534,4083.636385864515,4083.636385864515,4083.636385864515,4083.636385864515
3060109,156523.5802950701,183757.0731575372,183757.0731575372,183757.0731575372,183757.0731575372,15652.358029507011,18375.70731575372,18375.70731575372,18375.70731575372,18375.70731575372
3060110,3295.1766876656397,3299.8463403796522,3299.8463403796522,3299.8463403796522,3299.8463403796522,1499.8271623776711,1501.9525937712478,1501.9525937712478,1501.9525937712478,1501.9525937712478
3060201,7016.998605818238,7018.496252847617,7018.496252847617,7018.496252847617,7018.496252847617,3070.912305950397,3071.5677347100204,3071.5677347100204,3071.5677347100204,3071.5677347100204
3060203,5151.08179340559,5152.167539457493,5152.167539457493,5152.167539457493,5152.167539457493,2154.8509547513936,2155.3051546671386,2155.3051546671386,2155.3051546671386,2155.3051546671386
3070101,1545197.099105967,1675714.699836497,79913.6663829003,637170.0248578505,1378318.920315448,594785.9278165671,645025.4942070402,30760.816359465174,245263.05714090134,530550.2439276401
3070102,16254.596369083429,16755.380521411542,16755.380521411542,16755.380521411542,16755.380521411542,3043.376740124762,3137.1394400043664,3137.1394400043664,3137.1394400043664,3137.1394400043664
3070103,1547408.9886477212,1608572.9126219489,1249759.0321868826,1608572.9126219489,1545398.3911166582,554984.0338160957,576920.7044056224,448230.7612723051,576920.7044056224,554262.9254754073
3070104,22646.27226860526,22864.233572501365,22864.233572501365,22864.233572501365,22864.233572501365,3431.0769573456414,3464.099699389933,3464.099699389933,3464.099699389933,3464.099699389933
3070202,4250.479876305236,4251.555552801276,4251.555552801276,4251.555552801276,4251.555552801276,1726.0210308306637,1726.4578380403354,1726.4578380403354,1726.4578380403354,1726.4578380403354
3070204,34246.59672267211,30067.70995666291,30067.70995666291,30067.70995666291,30067.70995666291,15396.56789378911,13517.82606334257,13517.82606334257,13517.82606334257,13517.82606334257
3070205,5856.862535093234,5856.7884132926365,5856.7884132926365,5856.7884132926365,5856.7884132926365,2510.3163545208436,2510.284585093586,2510.284585093586,2510.284585093586,2510.284585093586
3080101,347278.4875495832,318023.5798568368,318023.5798568368,318023.5798568368,318023.5798568368,155727.82219597232,142609.23516318027,142609.23516318027,142609.23516318027,142609.23516318027
3080102,150522.25889610237,149941.81069349276,149941.81069349276,149941.81069349276,149941.81069349276,59831.7560943095,59601.031180010345,59601.031180010345,59601.031180010345,59601.031180010345
3080103,315296.03134685097,296099.1666608851,296099.1666608851,296099.1666608851,296099.1666608851,37995.34873520078,35681.993996005396,35681.993996005396,35681.993996005396,35681.993996005396
3080201,37369.72597432875,37369.710494999745,37369.710494999745,37369.710494999745,37369.710494999745,14210.911032112956,14210.905145653755,14210.905145653755,14210.905145653755,14210.905145653755
3080202,70420.70403253633,62942.55044383425,62942.55044383425,62942.55044383425,62942.55044383425,31326.617945521284,27999.964745590732,27999.964745590732,27999.964745590732,27999.964745590732
3080203,19207.160183796354,19205.55777519547,19205.55777519547,19205.55777519547,19205.55777519547,7867.910698188499,7867.254296739606,7867.254296739606,7867.254296739606,7867.254296739606
3090101,153947.05292423148,149801.90038064885,149801.90038064885,149801.90038064885,149801.90038064885,69070.78921640106,67211.00072309005,67211.00072309005,67211.00072309005,67211.00072309005
3090202,100233.64122264917,80142.0253863968,80142.0253863968,80142.0253863968,80142.0253863968,38335.88771708317,30651.542228302333,30651.542228302333,30651.542228302333,30651.542228302333
3090203,4290.911657608061,4285.325079910059,4285.325079910059,4285.325079910059,4285.325079910059,3006.847360497099,3002.932577871438,3002.932577871438,3002.932577871438,3002.932577871438
3090204,49856.55742124595,49812.13072468858,49812.13072468858,49812.13072468858,49812.13072468858,18783.985610952168,18767.24738288269,18767.24738288269,18767.24738288269,18767.24738288269
3090205,72044.65955165437,61825.42368406482,61825.42368406482,61825.42368406482,61825.42368406482,32003.759183385177,27464.158805232815,27464.158805232815,27464.158805232815,27464.158805232815
3090206,1576224.069273801,1453241.6570528992,1453241.6570528992,1453241.6570528992,1453241.6570528992,214335.76622119997,197612.55404030564,197612.55404030564,197612.55404030564,197612.55404030564
3100101,166411.62710659864,140895.70617702554,140895.70617702554,140895.70617702554,140895.70617702554,65470.60026356654,55431.98283891539,55431.98283891539,55431.98283891539,55431.98283891539
3100103,20684.38518049398,20653.670094449273,20653.670094449273,20653.670094449273,20653.670094449273,9020.486723463691,9007.091835316975,9007.091835316975,9007.091835316975,9007.091835316975
3100201,40055.91521989489,39973.35632615594,39973.35632615594,39973.35632615594,39973.35632615594,11551.463713108778,11527.655093083884,11527.655093083884,11527.655093083884,11527.655093083884
3100202,51747.53108356362,42784.65919163299,42784.65919163299,42784.65919163299,42784.65919163299,18461.911643725183,15264.237368683116,15264.237368683116,15264.237368683116,15264.237368683116
3100203,7917.514121783074,7917.513522744797,7917.513522744797,7917.513522744797,7917.513522744797,2841.4747734856287,2841.474558499949,2841.474558499949,2841.474558499949,2841.474558499949
3100204,29755.81417455963,26900.264686543553,26900.264686543553,26900.264686543553,26900.264686543553,10361.611318058707,9367.24787296094,9367.24787296094,9367.24787296094,9367.24787296094
3100205,125904.40454549174,125895.35659624127,125895.35659624127,125895.35659624127,125895.35659624127,37424.753955387445,37422.064476209,37422.064476209,37422.064476209,37422.064476209
3100206,328391.44115529617,309127.8378900368,309127.8378900368,309127.8378900368,309127.8378900368,114086.82835517464,107394.43895704011,107394.43895704011,107394.43895704011,107394.43895704011
3100207,238524.3835370142,209606.95439949835,209606.95439949835,209606.95439949835,209606.95439949835,68455.27623807685,60156.12220464248,60156.12220464248,60156.12220464248,60156.12220464248
3100208,41454.25420281972,41364.88902359615,41364.88902359615,41364.88902359615,41364.88902359615,15189.726431816027,15156.981116503035,15156.981116503035,15156.981116503035,15156.981116503035
3110102,4269.413232360001,4269.413232360001,4269.413232360001,4269.413232360001,4269.413232360001,1526.5157610195986,1526.5157610195986,1526.5157610195986,1526.5157610195986,1526.5157610195986
3110201,5431.18974606,5431.18974606,5431.18974606,5431.18974606,5431.18974606,1424.6202353128415,1424.6202353128415,1424.6202353128415,1424.6202353128415,1424.6202353128415
3110202,10700.620880239878,10700.659932664576,10700.659932664576,10700.659932664576,10700.659932664576,4275.591846879828,4275.60745085557,4275.60745085557,4275.60745085557,4275.60745085557
3110203,47701.553111217785,48284.922805549635,48284.922805549635,48284.922805549635,48284.922805549635,10380.937718344045,10507.89216885237,10507.89216885237,10507.89216885237,10507.89216885237
3110205,7845.314102204808,7839.343937573601,7839.343937573601,7839.343937573601,7839.343937573601,784.5314102204808,783.9343937573601,783.9343937573601,783.9343937573601,783.9343937573601
3110206,24127.29253835384,22013.184918683583,22013.184918683583,22013.184918683583,22013.184918683583,9059.040889501746,8265.259849173433,8265.259849173433,8265.259849173433,8265.259849173433
3120001,24405.320342493902,23837.57448045915,23837.57448045915,23837.57448045915,23837.57448045915,7323.535396448147,7153.166523659421,7153.166523659421,7153.166523659421,7153.166523659421
3120003,30462.294231316686,27952.180843926435,27952.180843926435,27952.180843926435,27952.180843926435,6235.821838459563,5721.985954686692,5721.985954686692,5721.985954686692,5721.985954686692
3130001,756206.5219190829,767854.8667720575,626277.7392785073,676744.898692047,668861.4846530701,171864.82248523177,174512.16902665375,142335.60458378366,153805.39377831537,152013.71185662557
3130002,6026859.673949787,6360773.6636217,2855686.0977985705,4192547.846978113,3859064.8089528433,1134972.7937186894,1197855.1759579482,537780.2377598662,789536.8400979416,726735.6142852149
3130003,273785.9861185377,294833.1974478319,47796.33287566708,294833.1974478319,116399.47657758297,33042.55115935069,35582.686857927925,5768.4207897690185,35582.686857927925,14047.963938049093
3130004,4117103.938258607,4480948.357618599,192274.8711013212,1264443.242730641,1418977.060608557,411710.3938258607,448094.83576185995,19227.48711013212,126444.3242730641,141897.7060608557
3130005,172209.01194890583,172567.52668450098,172567.52668450098,172567.52668450098,172567.52668450098,64624.72634655919,64759.26586000765,64759.26586000765,64759.26586000765,64759.26586000765
3130006,81165.49607161124,87535.92173026694,18741.271866768082,87535.92173026694,38237.31087310627,11530.726567313819,12435.73719304264,2662.467327603483,12435.73719304264,5432.160187355478
3130008,10487.627275363036,10747.17243626331,10747.17243626331,10747.17243626331,10747.17243626331,1048.7627275363036,1074.717243626331,1074.717243626331,1074.717243626331,1074.717243626331
3130010,52663.727274486715,52663.745536810515,52663.745536810515,52663.745536810515,52663.745536810515,16558.126702704656,16558.132444604955,16558.132444604955,16558.132444604955,16558.132444604955
3130011,4168.05380856,810649.6056341267,4168.05380856,205788.4417649517,231576.78075930203,416.80538085600006,81064.96056341268,416.80538085600006,20578.84417649517,23157.678075930206
3130012,11575.641259538785,11621.501893803803,11621.501893803803,11621.501893803803,11621.501893803803,3259.2029410723035,3272.1153241295115,3272.1153241295115,3272.1153241295115,3272.1153241295115
3140101,53348.43399570385,56543.37277168452,56543.37277168452,56543.37277168452,56543.37277168452,15427.877379108626,16351.824343954091,16351.824343954091,16351.824343954091,16351.824343954091
3140102,8825.766196578208,8826.157981251012,8826.157981251012,8826.157981251012,8826.157981251012,1983.1110761543298,1983.199108457339,1983.199108457339,1983.199108457339,1983.199108457339
3140105,37898.50842386241,38836.08407680798,38836.08407680798,38836.08407680798,38836.08407680798,7795.028088673258,7987.870204469172,7987.870204469172,7987.870204469172,7987.870204469172
3140106,11101.655394635689,11142.78971265281,11142.78971265281,11142.78971265281,11142.78971265281,2670.6397185878313,2680.535084602041,2680.535084602041,2680.535084602041,2680.535084602041
3140107,19121.83933648451,19955.82143055676,19955.82143055676,19955.82143055676,19955.82143055676,3970.773002494119,4143.954751667544,4143.954751667544,4143.954751667544,4143.954751667544
3140201,14345.40213021327,14346.947639153293,14346.947639153293,14346.947639153293,14346.947639153293,4200.643500620339,4201.096059009788,4201.096059009788,4201.096059009788,4201.096059009788
3140301,15653.9327783144,56341.65990526738,13172.350613438872,24926.21065592971,25244.32974105691,2852.6853701070577,10267.389748981046,2400.455682097544,4542.413556859162,4600.385804021956
3140304,13086.979820830304,13890.855919064235,13890.855919064235,13890.855919064235,13890.855919064235,1308.6979820830304,1389.0855919064236,1389.0855919064236,1389.0855919064236,1389.0855919064236
3140305,158117.7390558811,164051.0776916854,164051.0776916854,164051.0776916854,164051.0776916854,15811.77390558811,16405.107769168542,16405.107769168542,16405.107769168542,16405.107769168542
3150101,49393.219197053164,52450.21764597454,52450.21764597454,52450.21764597454,52450.21764597454,13365.862142961523,14193.089452777524,14193.089452777524,14193.089452777524,14193.089452777524
3150102,107872.23252238048,116614.1348614752,9176.771777400001,44989.226138758415,42570.959601681985,28649.16361992291,30970.875005752907,2437.205849975132,11948.42890190106,11306.175450041583
3150104,436711.0818768727,467422.4690095797,467422.4690095797,467422.4690095797,467422.4690095797,126974.90237530367,135904.31943114355,135904.31943114355,135904.31943114355,135904.31943114355
3150105,2603788.4390807073,2833420.666633358,28258.40952043065,1430839.5380768941,901599.4245097953,260378.84390807073,283342.06666333583,2825.840952043065,143083.95380768942,90159.94245097954
3150106,987996.1820858542,2464056.2509108502,88984.39844578048,928258.3644090482,784463.0001903274,98799.61820858542,246405.62509108504,8898.439844578048,92825.83644090482,78446.30001903274
3150107,2428615.963192699,2641060.2341839657,272797.3233842358,1456928.7787841011,965981.5106629025,242861.5963192699,264106.0234183966,27279.73233842358,145692.87787841013,96598.15106629026
3150109,36036.31682977481,797359.9344880966,38619.13407570486,291532.7342131688,277287.4576013598,5621.77802461375,124390.64121305908,6024.705585256293,45480.01746119055,43257.709798920165
3150110,186052.1383523077,2842724.025707683,28337.33671884,774855.0917785973,881720.0802493724,20482.054424538248,312948.9869029771,3119.5925941076284,85302.02502100379,97066.54720989331
3150201,250704.94421028392,967468.7649654336,203928.45930539852,500908.14205042203,427797.3339481699,25070.494421028394,96746.87649654337,20392.845930539854,50090.8142050422,42779.73339481699
3150203,18071.378045803875,846426.6440471674,18910.69257195815,294749.3430636946,260056.9008211183,1807.1378045803876,84642.66440471675,1891.069257195815,29474.93430636946,26005.690082111832
3150204,20678.11737557918,21951.34802003518,21951.34802003518,21951.34802003518,21951.34802003518,2067.811737557918,2195.134802003518,2195.134802003518,2195.134802003518,2195.134802003518
3160104,16181.450058388886,16203.82822807517,16203.82822807517,16203.82822807517,16203.82822807517,4332.594019526773,4338.585789349681,4338.585789349681,4338.585789349681,4338.585789349681
3160105,18583.296834960158,23197.64614618177,23197.64614618177,23197.64614618177,23197.64614618177,4950.591830719863,6179.854873069071,6179.854873069071,6179.854873069071,6179.854873069071
3160106,37024.978130312695,45189.97761586514,45189.97761586514,45189.97761586514,45189.97761586514,3702.4978130312697,4518.997761586514,4518.997761586514,4518.997761586514,4518.997761586514
3160109,133717.4352320033,142972.04125995972,142972.04125995972,142972.04125995972,142972.04125995972,19825.627596040344,21197.76259354455,21197.76259354455,21197.76259354455,21197.76259354455
3160110,5157.337500000001,1495514.031506186,5157.337500000001,377746.51100154663,460217.12303228484,1235.8196134281095,358360.40830996376,1235.8196134281095,90516.96678756207,110278.86910227513
3160111,336807.7998153081,360801.6001243941,360801.6001243941,360801.6001243941,360801.6001243941,97113.83460061191,104032.11249065613,104032.11249065613,104032.11249065613,104032.11249065613
3160112,41903.91210942,270277.4216206023,41903.91210942,118028.4152798141,107847.01264738521,4190.391210942001,27027.742162060233,4190.391210942001,11802.84152798141,10784.701264738522
3160113,31319.151174359362,32237.91748390419,32237.91748390419,32237.91748390419,32237.91748390419,3131.9151174359363,3223.7917483904193,3223.7917483904193,3223.7917483904193,3223.7917483904193
3160201,23473.981762974523,24507.03722850828,24507.03722850828,24507.03722850828,24507.03722850828,2347.398176297452,2450.7037228508284,2450.7037228508284,2450.7037228508284,2450.7037228508284
3160202,18472.111877570853,22352.3921172077,22352.3921172077,22352.3921172077,22352.3921172077,5559.69530566184,6727.573454946757,6727.573454946757,6727.573454946757,6727.573454946757
3160203,34123.82980945036,36957.46875304341,36957.46875304341,36957.46875304341,36957.46875304341,3412.3829809450363,3695.7468753043413,3695.7468753043413,3695.7468753043413,3695.7468753043413
3160204,237027.58908771022,254958.1830861683,254958.1830861683,254958.1830861683,254958.1830861683,23702.758908771022,25495.818308616832,25495.818308616832,25495.818308616832,25495.818308616832
3160205,29369.64079552107,30395.904660066,30395.904660066,30395.904660066,30395.904660066,7095.524333432452,7343.463362516916,7343.463362516916,7343.463362516916,7343.463362516916
3170001,35136.50809622473,37603.666222388376,37603.666222388376,37603.666222388376,37603.666222388376,9796.302348169427,10484.16315888098,10484.16315888098,10484.16315888098,10484.16315888098
3170004,25772.45237920776,25949.764400804568,25949.764400804568,25949.764400804568,25949.764400804568,7366.6303375585385,7417.312053768155,7417.312053768155,7417.312053768155,7417.312053768155
3170005,29793.8395303806,30471.622471114533,30471.622471114533,30471.622471114533,30471.622471114533,4387.030080830217,4486.831052982239,4486.831052982239,4486.831052982239,4486.831052982239
3170006,120839.7198009316,130788.2990961429,130788.2990961429,130788.2990961429,130788.2990961429,12083.971980093162,13078.829909614291,13078.829909614291,13078.829909614291,13078.829909614291
3170007,36912.45760968534,37140.27134356241,37140.27134356241,37140.27134356241,37140.27134356241,10465.604757456927,10530.195647673143,10530.195647673143,10530.195647673143,10530.195647673143
3170009,167626.8015501449,177428.0839290659,177428.0839290659,177428.0839290659,177428.0839290659,42886.349467194945,45393.95098104547,45393.95098104547,45393.95098104547,45393.95098104547
3180003,26941.994235497594,27120.09038566836,27120.09038566836,27120.09038566836,27120.09038566836,2694.1994235497596,2712.0090385668364,2712.0090385668364,2712.0090385668364,2712.0090385668364
3180004,44168.02227221625,44330.79158578971,44330.79158578971,44330.79158578971,44330.79158578971,4416.802227221625,4433.079158578971,4433.079158578971,4433.079158578971,4433.079158578971
4010101,2106.438219732027,2106.495852336163,2106.495852336163,2106.495852336163,2106.495852336163,958.097844431201,958.1240581949252,958.1240581949252,958.1240581949252,958.1240581949252
4010102,85633.17186429855,86385.31705703083,86385.31705703083,86385.31705703083,86385.31705703083,42452.41246392994,42825.286401207806,42825.286401207806,42825.286401207806,42825.286401207806
4010201,72056.14322369598,112841.69283571895,38321.6545642506,72827.78521250286,103733.75065150688,31447.167738827888,49247.03826461794,16724.562892162998,31783.9322945022,45272.096326173014
4010301,13797.706615927442,13850.86254031666,13850.86254031666,13850.86254031666,13850.86254031666,6298.966867840393,6323.233756235499,6323.233756235499,6323.233756235499,6323.233756235499
4010302,13470.649491630473,13565.360168759187,4892.17675788,9228.768463319593,12596.638012863481,5658.671030128667,5698.456533065634,2055.0767734907186,3876.7666532781764,5291.521440350419
4020102,14362.50951308706,14488.18420564223,2979.32541498,8733.754810311117,21550.37365776663,6640.491356184794,6698.596919759416,1377.4880112287549,4038.042465494086,9963.792878017248
4020103,3923.8032634002043,3924.0873599082183,3924.0873599082183,3924.0873599082183,3924.0873599082183,1138.00707747111,1138.0894729978738,1138.0894729978738,1138.0894729978738,1138.0894729978738
4020104,26814.53586029587,27096.23246986814,1299.35698236,14197.794726114069,45157.15541442226,12812.889954108829,12947.494098581059,620.8766063608423,6784.1853524709495,21577.612455425806
4020105,100804.47062845506,101899.4594564027,48714.14676655077,75306.80311147674,145907.2203721171,46495.30684002183,47000.362233144944,22469.035224726213,34734.698728935575,67298.61224489466
4020201,3556.7933471602937,3567.370980569474,3567.370980569474,3567.370980569474,3567.370980569474,1582.197588356986,1586.9029238760966,1586.9029238760966,1586.9029238760966,1586.9029238760966
4020202,975.9916642761452,976.0079371071532,976.0079371071532,976.0079371071532,976.0079371071532,427.03716041695395,427.0442804609051,427.0442804609051,427.0442804609051,427.0442804609051
4030101,494080.0850786811,499165.48628439265,499165.48628439265,499165.48628439265,499165.48628439265,277766.94078757096,280625.9030858854,280625.9030858854,280625.9030858854,280625.9030858854
4030102,9983.728083277885,9985.783435159372,9985.783435159372,9985.783435159372,9985.783435159372,5887.040159005007,5888.252125012722,5888.252125012722,5888.252125012722,5888.252125012722
4030104,23929.68496932189,24048.976224171944,13124.729882880001,18586.85305352597,29423.88104333501,11428.281578884134,11485.252410387877,6268.077032382182,8876.664721385028,14052.18656818584
4030105,115672.9185090081,159315.6151093939,6637.8140184806125,72374.80611200935,239382.8061817242,56877.756676565325,78337.39225887838,3263.892495096275,35587.557265894386,117707.38715732488
4030106,14333.70599040687,14477.61029348652,1299.35698236,7888.483637923261,23446.19883011913,7417.727694081929,7492.1985207450325,672.4203969999883,4082.309458872511,12133.464890344752
4030107,71569.98956096666,301318.3166068184,974.5177368599999,112984.9263858775,517217.33063099155,34127.27258640407,143679.94726836742,464.6868422102592,53875.47776070348,246628.7467293816
4030108,235198.0936661601,237713.9325095152,17655.90739152364,153561.4969846427,350758.5920235191,69251.0175489526,69991.77355243797,5198.552137708096,45214.18416605546,103276.30225670272
4030110,24580.47705692207,24826.75212070071,17957.04418154211,24826.75212070071,29606.10867053752,11582.154208965814,11698.197350028604,8461.237524650229,11698.197350028604,13950.197766930694
4030112,653.9458363087278,653.9929497455036,653.9929497455036,653.9929497455036,653.9929497455036,343.7267178132317,343.75148155678454,343.75148155678454,343.75148155678454,343.75148155678454
4030201,16782.908141523083,16787.05866879706,16787.05866879706,16787.05866879706,16787.05866879706,2449.9316832037503,2450.537567963696,2450.537567963696,2450.537567963696,2450.537567963696
4030203,16296.065651595127,16311.667071420194,16311.667071420194,16311.667071420194,16311.667071420194,1629.6065651595127,1631.1667071420195,1631.1667071420195,1631.1667071420195,1631.1667071420195
4030204,204682.64018336422,225623.66545619103,202649.97821719124,210463.18609977327,235341.76399470732,20468.264018336424,22562.366545619105,20264.997821719124,21046.31860997733,23534.176399470733
4040001,1365091.4675844288,1367343.552995041,1367343.552995041,1367343.552995041,1367343.552995041,783079.0558226267,784370.9552732143,784370.9552732143,784370.9552732143,784370.9552732143
4040002,1367658.3967935387,1371567.412320116,1371567.412320116,1371567.412320116,1371567.412320116,563380.3058381261,564990.5488403643,564990.5488403643,564990.5488403643,564990.5488403643
4040003,253500.20274986385,254348.70033903146,254348.70033903146,254348.70033903146,254348.70033903146,126685.09291061813,127109.12411356039,127109.12411356039,127109.12411356039,127109.12411356039
4050002,678965.6733436906,685025.7746498383,685025.7746498383,685025.7746498383,685025.7746498383,251431.34915174294,253675.4971362754,253675.4971362754,253675.4971362754,253675.4971362754
4050005,29778.869484956143,29898.44869305146,29898.44869305146,29898.44869305146,29898.44869305146,15593.489749221331,15656.106537162066,15656.106537162066,15656.106537162066,15656.106537162066
4050006,186909.9621178498,187037.41181113484,187037.41181113484,187037.41181113484,187037.41181113484,30365.453527311023,30386.15904613231,30386.15904613231,30386.15904613231,30386.15904613231
4050007,126569.96263374409,126688.28050344918,115854.74801470414,126688.28050344918,124710.25441062992,44776.6800074953,44818.537343001386,40985.95647226947,44818.537343001386,44118.77067197109
4060101,32260.13803670162,32395.716536890293,32395.716536890293,32395.716536890293,32395.716536890293,12795.537002273311,12849.312336833358,12849.312336833358,12849.312336833358,12849.312336833358
4060102,121697.9243792044,329544.883208103,28755.442928132306,153565.8499288399,285129.6711767224,51273.786136088165,138843.89524347358,12115.247145476284,64700.38488514624,120130.87203865737
4060103,104506.4123208294,105606.4087019918,19929.76532936045,105606.4087019918,87460.06257668643,43978.05620264719,44440.95318283398,8386.780488353743,44440.95318283398,36804.665494367335
4060105,13925.665489584439,14014.856464321481,14014.856464321481,14014.856464321481,14014.856464321481,5794.677919944341,5831.791619993622,5831.791619993622,5831.791619993622,5831.791619993622
4060106,2282.442032126345,2282.5366179565785,2282.5366179565785,2282.5366179565785,2282.5366179565785,1053.4655546375106,1053.5092109112322,1053.5092109112322,1053.5092109112322,1053.5092109112322
4070001,1624.9331917480727,1624.9413281635766,1624.9413281635766,1624.9413281635766,1624.9413281635766,656.2449851697293,656.2482711398226,656.2482711398226,656.2482711398226,656.2482711398226
4070003,7310.650272640627,7369.844945727549,7369.844945727549,7369.844945727549,7369.844945727549,4067.158087029698,4100.09005400609,4100.09005400609,4100.09005400609,4100.09005400609
4070004,3573.23159178,3573.23159178,3573.23159178,3573.23159178,3573.23159178,998.9117790904864,998.9117790904864,998.9117790904864,998.9117790904864,998.9117790904864
4070005,17985.906640747202,18004.762937538773,16279.094807426884,18004.762937538773,17610.030155042245,9334.319037204967,9344.105070994001,8448.518476415073,9344.105070994001,9139.246800579162
4070006,55204.67976208097,55763.95199840219,8100.773993826033,31932.36299611411,57289.40353520852,31125.010673469398,31440.334562673987,4567.306215847057,18003.82038926052,32300.401056485443
4070007,342793.2467802453,346527.61037502455,14189.112496485675,260668.7364346654,342132.563399493,175184.70426171753,177093.15312441209,7251.354861219314,133214.92162258687,174847.0616046499
4080102,5472.3794032811975,5479.498324005622,5479.498324005622,5479.498324005622,5479.498324005622,3151.0206498706616,3155.1197564117765,3155.1197564117765,3155.1197564117765,3155.1197564117765
4080103,11007.106128793359,11054.949089197435,11054.949089197435,11054.949089197435,11054.949089197435,6168.018433788263,6194.8280473457635,6194.8280473457635,6194.8280473457635,6194.8280473457635
4080104,7866.120451051395,7866.664625236781,7866.664625236781,7866.664625236781,7866.664625236781,786.6120451051396,786.6664625236781,786.6664625236781,786.6664625236781,786.6664625236781
4080201,203918.1722596258,291512.20824174443,102551.66316428523,248799.12057304961,291391.9307386433,51759.52345165315,73993.07679023944,26030.172572357853,63151.42869982034,73962.54735692075
4080202,21956.79694213784,22137.893134344158,5946.695620931387,22137.893134344158,20080.48913616852,8933.461568326382,9007.143347936986,2419.504854379403,9007.143347936986,8170.056791247558
4080203,31560.259376988513,31566.575458091786,31566.575458091786,31566.575458091786,31566.575458091786,5561.816301795391,5562.929375120424,5562.929375120424,5562.929375120424,5562.929375120424
4080204,71391.47004456435,71462.53257589956,71462.53257589956,71462.53257589956,71462.53257589956,28864.96045672952,28893.69242086565,28893.69242086565,28893.69242086565,28893.69242086565
4080205,4912.274273388897,4912.3828316488425,4912.3828316488425,4912.3828316488425,4912.3828316488425,2860.4090935897943,2860.4723068829962,2860.4723068829962,2860.4723068829962,2860.4723068829962
4080206,10701.736051376243,10702.01023869635,10702.01023869635,10702.01023869635,10702.01023869635,1070.1736051376245,1070.201023869635,1070.201023869635,1070.201023869635,1070.201023869635
4090001,184500.2834433823,185993.6525348823,185993.6525348823,185993.6525348823,185993.6525348823,43981.75155477933,44337.745524740334,44337.745524740334,44337.745524740334,44337.745524740334
4090003,178318.81079006704,178327.74808944584,178327.74808944584,178327.74808944584,178327.74808944584,75976.55998308487,75980.36791147632,75980.36791147632,75980.36791147632,75980.36791147632
4120103,92446.92205503173,92237.0854846615,92237.0854846615,92237.0854846615,92237.0854846615,26192.1895015794,26132.73831495983,26132.73831495983,26132.73831495983,26132.73831495983
4120104,91175.65620382677,90714.06260472699,90714.06260472699,90714.06260472699,90714.06260472699,42009.56598190958,41796.88479522462,41796.88479522462,41796.88479522462,41796.88479522462
4130001,343908.4954398483,339669.66146643896,336557.83471707685,339669.66146643896,339346.5038051786,199334.63386651714,196877.74074141466,195074.07827315608,196877.74074141466,196690.43360901566
4130002,21272.471523319207,20936.60689826676,20936.60689826676,20936.60689826676,20936.60689826676,7263.012876752247,7148.339361080719,7148.339361080719,7148.339361080719,7148.339361080719
4130003,85058.33322488265,82913.43608269532,79163.08548231816,82913.43608269532,82581.03238677199,13173.303355666572,12841.115083812801,12260.284208391626,12841.115083812801,12789.634475659268
4140101,148032.5308947935,124726.81826491482,124726.81826491482,124726.81826491482,124726.81826491482,54555.38285479172,45966.37834651641,45966.37834651641,45966.37834651641,45966.37834651641
4140102,406518.3742442161,382081.2597828798,308977.2906758301,333869.67376529716,388847.8516105537,95734.49020703106,89979.585033467,72763.70585559358,78625.8261337698,91573.10763934128
4140201,37207.667450485926,35027.017679464545,34438.98203777022,34607.39291738004,35004.18849807393,13929.443251711771,13113.072881875436,12892.92983980312,12955.977860580495,13104.526315846086
4140202,52901.08173734977,51978.25498613709,51978.25498613709,51978.25498613709,51978.25498613709,13569.00092457131,13332.298070316005,13332.298070316005,13332.298070316005,13332.298070316005
4140203,32907.47751311845,25308.29894389797,1441.4783172029588,11266.173841329077,25561.19995578736,3290.747751311845,2530.829894389797,144.1478317202959,1126.6173841329078,2556.119995578736
4150101,71676.67199140154,58479.89490125126,16796.987957163878,54389.9459619792,61809.90429696118,15461.368765595615,12614.693111728004,3623.2768311025084,11732.450576944471,13333.009152770557
4150102,1993.8285736150603,1993.820461756778,1993.820461756778,1993.820461756778,1993.820461756778,655.041011606184,655.0383465827585,655.0383465827585,655.0383465827585,655.0383465827585
4150301,7851.358501393006,6521.402926897979,2326.14687361985,6521.402926897979,6884.629028703188,785.1358501393006,652.140292689798,232.614687361985,652.140292689798,688.4629028703189
4150302,26588.79350253315,21228.56981803494,4319.943157123968,21228.56981803494,23137.250552901918,5093.619803091453,4066.760818092426,827.5722631513796,4066.760818092426,4432.407118966189
4150303,12458.231957614378,10339.325038500016,8093.777552303064,10339.325038500016,10468.601899148594,3959.954490909567,3286.4419893994395,2572.6757115865253,3286.4419893994395,3327.5337339292996
4150304,2395.643143540568,2378.9023966540376,2334.849304560295,2378.9023966540376,2383.7376644431506,712.8581657999092,707.8767151394343,694.7680822813084,707.8767151394343,709.3155188012369
4150305,110592.9593632459,84692.61388728455,2990.8048896220403,60417.67300882434,94788.70224371299,29370.402838567425,22491.994080298296,794.2742912886491,16045.247410458043,25173.23331857679
4150306,10778.818811049001,8984.168210459708,3322.99160154,4542.721694133583,9417.724547970185,3168.4805777180663,2640.935243536515,976.8078055646497,1335.352760831869,2768.381010909502
4150307,3300.1395937440952,2985.6966117854427,1993.7959598960795,2985.6966117854427,3099.891665652983,969.047131107583,876.7146521598534,585.4547057990318,876.7146521598534,910.2466850310657
4150308,2445.7829016801893,2416.9732931462336,2355.570570285731,2416.9732931462336,2420.952721679873,830.9450914338591,821.1571405977584,800.2958077596895,821.1571405977584,822.5091357419177
5010001,16395.39232139269,16180.311952640972,16180.311952640972,16180.311952640972,16180.311952640972,3240.09814022204,3197.5934237059596,3197.5934237059596,3197.5934237059596,3197.5934237059596
5010002,8662.090133610003,8268.172089377334,8268.172089377334,8268.172089377334,8268.172089377334,2154.472321293602,2056.4953307443593,2056.4953307443593,2056.4953307443593,2056.4953307443593
5010005,20836.05694660883,120449.2673464681,20843.21158323245,45744.72552404136,107816.48815053943,5608.071514172041,32419.190772972008,5609.997200684896,12312.295593756673,29019.04988570863
5010006,344932.2114965514,806812.7486037723,345107.9124248455,575960.3305143089,735851.0400484885,34493.22114965514,80681.27486037723,34510.79124248455,57596.03305143089,73585.10400484885
5010007,1264731.028184848,1373286.0987566418,1265432.144568608,1292395.6331156169,1357756.4223461929,330103.537144076,358437.16063562885,330286.53336467245,337324.19018241164,354383.80778862105
5010009,143378.37109710544,143419.38699714452,143419.38699714452,143419.38699714452,143419.38699714452,14337.837109710545,14341.938699714454,14341.938699714454,14341.938699714454,14341.938699714454
5110001,33116.9942576148,33117.05300128604,33117.05300128604,33117.05300128604,33117.05300128604,7997.4581367157825,7997.472322787377,7997.472322787377,7997.472322787377,7997.472322787377
5110002,39636.83539710771,39636.99509696123,39636.99509696123,39636.99509696123,39636.99509696123,9794.151768822489,9794.191230212056,9794.191230212056,9794.191230212056,9794.191230212056
5110003,352036.0226635555,431784.4447459717,431784.4447459717,431784.4447459717,431784.4447459717,35203.602266355556,43178.44447459717,43178.44447459717,43178.44447459717,43178.44447459717
5110005,215961.42611121078,218152.3205774854,218152.3205774854,218152.3205774854,218152.3205774854,21596.14261112108,21815.23205774854,21815.23205774854,21815.23205774854,21815.23205774854
5120107,12883.824537577892,12888.781557761855,12888.781557761855,12888.781557761855,12888.781557761855,4890.470646581449,4892.35224327919,4892.35224327919,4892.35224327919,4892.35224327919
5120108,164562.4878152269,165996.0243015491,165996.0243015491,165996.0243015491,165996.0243015491,16456.24878152269,16599.60243015491,16599.60243015491,16599.60243015491,16599.60243015491
5120109,19591.099199307293,19632.03898948066,19632.03898948066,19632.03898948066,19632.03898948066,8239.266835053159,8256.4845445843,8256.4845445843,8256.4845445843,8256.4845445843
5120110,8945.40475302811,8945.409602279396,8945.409602279396,8945.409602279396,8945.409602279396,3391.3439647948485,3391.3458032224594,3391.3458032224594,3391.3458032224594,3391.3458032224594
5120111,242049.88962137408,244601.013598092,244601.013598092,244601.013598092,244601.013598092,24204.98896213741,24460.1013598092,24460.1013598092,24460.1013598092,24460.1013598092
5120112,12785.892557191315,12785.904156986468,12785.904156986468,12785.904156986468,12785.904156986468,4899.1080356033,4899.112480240183,4899.112480240183,4899.112480240183,4899.112480240183
5120113,496629.4439721023,501982.8722919743,501982.8722919743,501982.8722919743,501982.8722919743,49662.94439721023,50198.287229197434,50198.287229197434,50198.287229197434,50198.287229197434
5120114,98633.55445637502,99635.44130822291,99635.44130822291,99635.44130822291,99635.44130822291,24583.219694425086,24832.927866493716,24832.927866493716,24832.927866493716,24832.927866493716
5120202,429500.242716356,434038.8653012187,434038.8653012187,434038.8653012187,434038.8653012187,42950.0242716356,43403.886530121876,43403.886530121876,43403.886530121876,43403.886530121876
5120208,16640.0804091604,16659.288128344066,16659.288128344066,16659.288128344066,16659.288128344066,1725.1474980984028,1727.1388435654376,1727.1388435654376,1727.1388435654376,1727.1388435654376
5120209,8928.049482526456,8931.512324509487,8931.512324509487,8931.512324509487,8931.512324509487,2368.550174151474,2369.4688423329194,2369.4688423329194,2369.4688423329194,2369.4688423329194
5130103,4996550.070505831,6489909.81558725,10095.33098451457,1306058.227905062,2214379.8000270827,499655.00705058314,648990.981558725,1009.5330984514571,130605.82279050621,221437.98000270827
5130104,12004.04561605198,12004.731389316354,12004.731389316354,12004.731389316354,12004.731389316354,2587.5958702284283,2587.743695730227,2587.743695730227,2587.743695730227,2587.743695730227
5130105,8499.8311524,3248170.604342435,8499.8311524,656433.985790407,1065485.380063537,1907.018255444583,728758.0809802872,1907.018255444583,147277.23080041312,239051.81576656972
5130106,14729.41318356,1196721.6968188488,14729.41318356,251127.86991061782,410118.0709340928,1472.941318356,119672.16968188489,1472.941318356,25112.786991061785,41011.80709340928
5130107,4396.368126438144,4405.317914709303,4405.317914709303,4405.317914709303,4405.317914709303,895.5039532482624,897.3269513564876,897.3269513564876,897.3269513564876,897.3269513564876
5130108,217648.91643197002,2085886.1740072712,34727.52304692,635121.896909516,715571.6099002413,31357.93960723139,300525.69865434506,5003.3953224593,91505.68913006269,103096.54509543475
5130201,185574.6812172608,227760.818011376,227760.818011376,227760.818011376,227760.818011376,18557.46812172608,22776.0818011376,22776.0818011376,22776.0818011376,22776.0818011376
5130202,127687.90427472908,2174343.639675287,128226.8089926579,537450.1751291836,785778.2471851696,12768.790427472908,217434.3639675287,12822.68089926579,53745.01751291836,78577.82471851696
5130203,63767.02911205824,2190091.626194398,63894.47197244236,489133.90281683364,723365.9196130026,14506.771012814821,498238.0104686027,14535.76380765809,111276.21313984704,164563.1590560599
5130205,326137.76390792953,5818060.408264969,411015.58396063664,1221176.501819056,2032580.264784281,32613.776390792955,581806.0408264969,41101.558396063665,122117.6501819056,203258.0264784281
5130206,44669.41714193545,44767.18206322209,44767.18206322209,44767.18206322209,44767.18206322209,10666.378677709847,10689.723456723334,10689.723456723334,10689.723456723334,10689.723456723334
5140103,21072.214620294868,21072.345432056543,21072.345432056543,21072.345432056543,21072.345432056543,5339.462029276715,5339.495175504913,5339.495175504913,5339.495175504913,5339.495175504913
5140104,52764.133136664466,52764.135486340325,52764.135486340325,52764.135486340325,52764.135486340325,5276.413313666447,5276.413548634033,5276.413548634033,5276.413548634033,5276.413548634033
5140201,521670.9401091492,529663.084515509,529663.084515509,529663.084515509,529663.084515509,52167.09401091492,52966.308451550896,52966.308451550896,52966.308451550896,52966.308451550896
5140202,109642.19938659413,110630.37962543017,110630.37962543017,110630.37962543017,110630.37962543017,10964.219938659415,11063.037962543018,11063.037962543018,11063.037962543018,11063.037962543018
5140203,4081.5588866400003,4081.5588866400003,4081.5588866400003,4081.5588866400003,4081.5588866400003,408.15588866400003,408.15588866400003,408.15588866400003,408.15588866400003,408.15588866400003
5140204,92727.16125358759,93692.86302237201,93692.86302237201,93692.86302237201,93692.86302237201,26251.19144113339,26524.582987522608,26524.582987522608,26524.582987522608,26524.582987522608
5140206,217949.5184075429,261110.0118184728,261110.0118184728,261110.0118184728,261110.0118184728,21794.951840754293,26111.00118184728,26111.00118184728,26111.00118184728,26111.00118184728
6010105,47715.84316299604,54228.83295020587,52258.49996967072,54228.83295020587,54155.73597534786,13468.592009937061,15306.99192899883,14750.83260581765,15306.99192899883,15286.359089542131
6010106,20307.072744394165,37090.58784498375,14975.814318652294,37090.58784498375,36729.04766837911,5144.341439392003,9396.06857492703,3793.786684954406,9396.06857492703,9304.480479689339
6010107,6663.23085942,3863963.694260167,6663.23085942,778123.3235395694,3827425.978927406,666.323085942,386396.3694260167,666.323085942,77812.33235395694,382742.5978927406
6010201,83939.18977896475,1725814.6749438562,84061.37147819361,494499.6973446093,628292.3631243483,8393.918977896476,172581.46749438564,8406.137147819361,49449.96973446093,62829.236312434834
6010202,88370.20395998472,150892.8050087837,6915.1562382281845,150892.8050087837,59251.272691152655,8887.952022912361,15176.246646754616,695.5011318537399,15176.246646754616,5959.2763779737825
6010203,488160.6506167429,857108.0334391512,5161.70214846,857108.0334391512,912039.868689111,91710.36388802038,161024.223355036,969.7249905717968,161024.223355036,171344.2247591758
6010204,913693.9669148527,2743518.420241945,20841.59707038,1296284.3069736,905948.7921780859,91369.39669148528,274351.8420241945,2084.1597070380003,129628.43069736002,90594.8792178086
6010208,89268.89116289033,114041.903559778,114041.903559778,114041.903559778,114041.903559778,20925.147830588452,26732.086170037306,26732.086170037306,26732.086170037306,26732.086170037306
6020001,1128709.299132491,9647962.458087754,1441190.310359359,3492883.347291458,4118684.108769125,112870.9299132491,964796.2458087754,144119.0310359359,349288.3347291458,411868.41087691253
6020002,158393.2521742608,1318141.278621886,31316.17881600742,397000.53505386435,440854.81010659575,28606.957227762432,238065.76770201576,5655.92647179741,71701.14363956616,79621.54020613075
6020003,37796.82422359762,443678.9474574499,7086.26689452,159268.4688247497,145658.62891498618,8542.62338338077,100277.79394485377,1601.5977669417446,35996.95408187536,32920.93542037554
6030001,736982.4771873906,951012.2724060772,22318.811718840003,331883.29861458566,320762.9304518368,73698.24771873906,95101.22724060772,2231.881171884,33188.329861458566,32076.29304518368
6030002,1977540.3905572116,8750858.231915703,1714970.4092512769,3508062.179786081,3927366.467288479,197754.03905572116,875085.8231915704,171497.0409251277,350806.2179786081,392736.64672884793
6030003,429430.9919430975,553679.3510589121,14554.9467774,284117.1489181561,190553.5706195737,111095.54153887066,143239.09661585622,3765.4238390855485,73502.2602274709,49296.98255907924
6030005,32084.47239605724,6499667.6771672685,32327.928765439166,1325795.878445805,1903685.723172961,3208.4472396057245,649966.7677167269,3232.792876543917,132579.5878445805,190368.57231729612
6040001,30164.964021738204,33520.83384225694,33520.83384225694,33520.83384225694,33520.83384225694,3016.4964021738206,3352.0833842256943,3352.0833842256943,3352.0833842256943,3352.0833842256943
6040005,19144.471063059205,14420726.40988565,20580.290851505546,3620616.820610041,4353353.12925534,1914.4471063059207,1442072.640988565,2058.0290851505547,362061.6820610041,435335.3129255341
6040006,10695.89449137437,12522.803902792355,12522.803902792355,12522.803902792355,12522.803902792355,1069.5894491374372,1252.2803902792357,1252.2803902792357,1252.2803902792357,1252.2803902792357
7010101,128693.6075655625,130094.5593491773,130094.5593491773,130094.5593491773,130094.5593491773,74303.7186413627,75112.58498001746,75112.58498001746,75112.58498001746,75112.58498001746
7010103,7936.058492643158,163935.3569291371,7973.7915749565445,163935.3569291371,135957.5281778452,2827.812570361233,58414.194335968336,2841.2577944083064,58414.194335968336,48445.00674647931
7010104,185362.5831104717,187369.3018860733,3602.08806156,72606.86745880637,152292.3062386394,23455.126941505274,23709.05005170269,455.79550802881266,9187.41670780668,19270.53084339591
7010106,110394.58449180229,111576.92963875439,3301.9141113,79957.12246288345,93907.10624564157,48799.858776919216,49322.51372835955,1459.6091200191272,35344.99724202771,41511.57906914136
7010108,2704.145394865076,2704.173872658357,2704.173872658357,2704.173872658357,2704.173872658357,2252.9785654338443,2253.0022919161465,2253.0022919161465,2253.0022919161465,2253.0022919161465
7010201,197292.05742987272,199374.5493269691,8671.483017570365,168673.2446974753,159087.43689484103,19729.205742987273,19937.454932696914,867.1483017570365,16867.32446974753,15908.743689484103
7010202,9716.695883213897,9716.965637832347,9716.965637832347,9716.965637832347,9716.965637832347,7355.939826407627,7356.144041787532,7356.144041787532,7356.144041787532,7356.144041787532
7010203,1345178.47490982,1359638.737926994,1359638.737926994,1359638.737926994,1359638.737926994,134517.847490982,135963.8737926994,135963.8737926994,135963.8737926994,135963.8737926994
7010204,485330.97884323343,485331.31313547445,485331.31313547445,485331.31313547445,485331.31313547445,180787.8643415109,180787.98886679974,180787.98886679974,180787.98886679974,180787.98886679974
7010205,19815.42610393067,19830.149181109624,19830.149181109624,19830.149181109624,19830.149181109624,13932.308444629052,13942.660301381231,13942.660301381231,13942.660301381231,13942.660301381231
7010206,483625.933270832,484424.56313854846,483797.96769778844,484111.26541816845,484286.3682765411,48362.5933270832,48442.45631385485,48379.79676977885,48411.12654181685,48428.63682765412
7010207,28241.003941757368,28248.477740126316,28248.477740126316,28248.477740126316,28248.477740126316,18897.83746943101,18902.83865944348,18902.83865944348,18902.83865944348,18902.83865944348
7020001,130647.11000686561,132040.6488695927,132040.6488695927,132040.6488695927,132040.6488695927,80482.46334203742,81340.92427874886,81340.92427874886,81340.92427874886,81340.92427874886
7020002,2105.751750389048,2105.801804058504,2105.801804058504,2105.801804058504,2105.801804058504,2264.5082240406277,2264.5620513477193,2264.5620513477193,2264.5620513477193,2264.5620513477193
7020004,9956.392735003705,9996.73619162606,6855.251082245338,9996.73619162606,9071.153384477559,2339.0578642645332,2348.5357627359717,1610.5058711736267,2348.5357627359717,2131.0883596742906
7020005,11378.344143498474,11431.056977166194,11431.056977166194,11431.056977166194,11431.056977166194,10749.83701508784,10799.638142860478,10799.638142860478,10799.638142860478,10799.638142860478
7020006,3331.3429855070053,3331.667893702266,3331.667893702266,3331.667893702266,3331.667893702266,2832.1578162361193,2832.434038555097,2832.434038555097,2832.434038555097,2832.434038555097
7020007,19529.5489582156,19652.28281040804,19652.28281040804,19652.28281040804,19652.28281040804,1952.95489582156,1965.2282810408042,1965.2282810408042,1965.2282810408042,1965.2282810408042
7020008,4207.891256476015,4207.951482990102,4207.951482990102,4207.951482990102,4207.951482990102,3324.593068086896,3324.6406521709523,3324.6406521709523,3324.6406521709523,3324.6406521709523
7020009,37255.592480555235,37598.97424900895,9226.01115780451,37598.97424900895,29795.35774591153,9955.421077943207,10047.1793850277,2465.3701586865054,10047.1793850277,7961.900825582718
7020010,5052.083545728364,5052.617335619696,5052.617335619696,5052.617335619696,5052.617335619696,3516.1161729898595,3516.4876765987965,3516.4876765987965,3516.4876765987965,3516.4876765987965
7020011,8719.086378757414,8719.213734859783,8719.213734859783,8719.213734859783,8719.213734859783,4931.51785336495,4931.589886014391,4931.589886014391,4931.589886014391,4931.589886014391
7020012,305884.9019589159,306085.709557676,306085.709557676,306085.709557676,306085.709557676,30588.490195891594,30608.570955767602,30608.570955767602,30608.570955767602,30608.570955767602
7030001,6175.35571284,172102.52680738512,6175.35571284,61484.412744355046,145961.9511032913,1983.8137043870097,55287.398348605755,1983.8137043870097,19751.675252459925,46889.82017921827
7030002,13890.71566698788,14027.26612162923,1522.44591066,7774.856016144613,11857.98944641996,9056.686481341754,9145.71678663484,992.6281430133378,5069.172464824087,7731.357785294918
7030003,3052.086063512951,3052.1206439568773,3052.1206439568773,3052.1206439568773,3052.1206439568773,2069.95097875837,2069.9744315124085,2069.9744315124085,2069.9744315124085,2069.9744315124085
7030004,5368.660951852071,5370.5534754139,5370.5534754139,5370.5534754139,5370.5534754139,3588.8981019432063,3590.1632357037183,3590.1632357037183,3590.1632357037183,3590.1632357037183
7030005,108488.42043401027,108789.53092663389,83536.04951626797,96162.79022145094,104211.25073320654,23027.83177427472,23091.74570851642,17731.423203070724,20411.584455793574,22119.95659325442
7040001,605656.4006254681,611848.3169798406,611848.3169798406,611848.3169798406,611848.3169798406,60565.640062546816,61184.83169798407,61184.83169798407,61184.83169798407,61184.83169798407
7040002,95371.21006012642,96299.44966391247,20332.71605189932,58316.0828579059,78925.60946591519,52354.30001985047,52863.85981967144,11161.702947131038,32012.781383401245,43326.44028132819
7040003,65339.34168693624,65913.68956246675,65913.68956246675,65913.68956246675,65913.68956246675,6533.934168693624,6591.368956246675,6591.368956246675,6591.368956246675,6591.368956246675
7040004,32125.05975430152,32164.969978902147,32164.969978902147,32164.969978902147,32164.969978902147,16806.261956539034,16827.141036438414,16827.141036438414,16827.141036438414,16827.141036438414
7040005,3808.2863533270965,3808.310326704822,3808.310326704822,3808.310326704822,3808.310326704822,2127.8198649014707,2127.833259647721,2127.833259647721,2127.833259647721,2127.833259647721
7040006,14564.048011984336,14582.424279433628,14582.424279433628,14582.424279433628,14582.424279433628,1456.4048011984337,1458.2424279433628,1458.2424279433628,1458.2424279433628,1458.2424279433628
7040007,16278.272507837151,16278.275425882233,16278.275425882233,16278.275425882233,16278.275425882233,9017.312456910124,9017.314073354635,9017.314073354635,9017.314073354635,9017.314073354635
7040008,12941.012967115366,13191.319231106834,12954.550831357232,13191.319231106834,13132.290672582945,6575.253950442343,6702.433117584251,6582.132461078495,6702.433117584251,6672.441047905518
7050001,25064.582969724892,25273.41034058621,6775.307981323591,16024.359160954898,23110.84751824275,6246.145770429458,6298.185981943484,1688.4207226594758,3993.303352301479,5759.270866444283
7050002,120519.1708039213,121828.7465650922,2539.143716151954,62183.94514062206,104509.878396279,46006.54791072103,46506.46057687312,969.28344470115,23737.87201078713,39895.21912165029
7050003,1142.340554226514,1142.3461417332142,1142.3461417332142,1142.3461417332142,1142.3461417332142,731.4709570138822,731.4745348426287,731.4745348426287,731.4745348426287,731.4745348426287
7050004,3425.670611612255,3425.6724591245306,3425.6724591245306,3425.6724591245306,3425.6724591245306,2083.1392572140708,2083.140380680331,2083.140380680331,2083.140380680331,2083.140380680331
7050005,357420.43107023614,654012.4002099107,28303.77517013768,298512.7378905165,535208.5140694948,44911.82222114451,82180.2171764476,3556.523377307077,37509.75000153655,67251.86236040479
7050007,158299.4082221225,159949.7871632111,8818.642517808546,84384.21484050984,132893.2510363669,86861.08994415482,87766.67585413299,4838.911967692798,46302.79391091291,72920.37766208044
7060001,80609.86164433796,81388.59802298517,81388.59802298517,81388.59802298517,81388.59802298517,8060.986164433796,8138.859802298517,8138.859802298517,8138.859802298517,8138.859802298517
7060002,2360.5238046513496,2360.6894586729236,2360.6894586729236,2360.6894586729236,2360.6894586729236,1178.4276507924958,1178.5103490813685,1178.5103490813685,1178.5103490813685,1178.5103490813685
7060003,10882.999596652418,10883.033239713475,10883.033239713475,10883.033239713475,10883.033239713475,1088.2999596652419,1088.3033239713475,1088.3033239713475,1088.3033239713475,1088.3033239713475
7060004,7010.022933545474,7010.308530781646,7010.308530781646,7010.308530781646,7010.308530781646,3416.72680320059,3416.8660049893715,3416.8660049893715,3416.8660049893715,3416.8660049893715
7060005,6548.162812242761,6548.713173264075,6548.713173264075,6548.713173264075,6548.713173264075,654.8162812242762,654.8713173264075,654.8713173264075,654.8713173264075,654.8713173264075
7060006,23782.534485509866,23862.420754118593,16556.766074312833,23862.420754118593,21409.53763726194,11265.363233406137,11303.203936792359,7842.645362768667,11303.203936792359,10141.316868056456
7070001,77749.76969982074,322526.09403776634,8370.497912140541,295979.35205031,514074.4028824523,49311.89393323387,204558.45208667178,5308.891676534208,187721.48742153542,326045.7558472803
7070002,173112.7301076632,296192.2486993961,95961.2623653985,162744.023925677,406532.4342929493,56813.99690059788,97207.55653915762,31493.598762000398,53411.083431899155,133420.1849138864
7070003,173982.5247022207,1947066.915440003,36669.4912878211,771430.4425517742,1999629.642734868,40340.7125979942,451459.5185882234,8502.4252389054,178868.84803854895,463647.05224310106
7070004,3426.6888019097237,3426.701890707332,3426.701890707332,3426.701890707332,3426.701890707332,1901.7114914927201,1901.7187553903952,1901.7187553903952,1901.7187553903952,1901.7187553903952
7070005,1170353.9298363111,1182910.9701622431,675283.2733456442,1182910.9701622431,1047068.8381772969,134731.91241017196,136177.48713265022,77739.05356064774,136177.48713265022,120539.25175647935
7080101,1068296.174070222,1069957.948155527,1069957.948155527,1069957.948155527,1069957.948155527,106829.61740702222,106995.79481555271,106995.79481555271,106995.79481555271,106995.79481555271
7080102,10884.422840985137,10885.463116014724,10885.463116014724,10885.463116014724,10885.463116014724,5053.196632981181,5053.679590539306,5053.679590539306,5053.679590539306,5053.679590539306
7080103,12508.968614275565,12510.89754434749,12510.89754434749,12510.89754434749,12510.89754434749,2273.349040335703,2273.6995993196692,2273.6995993196692,2273.6995993196692,2273.6995993196692
7080104,75720.1490507588,2191659.891216991,76140.06410261696,1133899.977659804,1764970.251214768,7572.014905075881,219165.98912169912,7614.006410261696,113389.99776598041,176497.02512147682
7080105,26196.608683782324,26305.665109555914,26305.665109555914,26305.665109555914,26305.665109555914,13303.727372713829,13359.110761237422,13359.110761237422,13359.110761237422,13359.110761237422
7080106,3180.6787862324213,3181.2291618881873,3181.2291618881873,3181.2291618881873,3181.2291618881873,1582.1922564510305,1582.4660345214415,1582.4660345214415,1582.4660345214415,1582.4660345214415
7080107,10904.743774475768,10906.132190488735,10906.132190488735,10906.132190488735,10906.132190488735,2017.0933457493313,2017.3501665200718,2017.3501665200718,2017.3501665200718,2017.3501665200718
7080201,9277.0235435291,9277.660562846468,9277.660562846468,9277.660562846468,9277.660562846468,4598.120160919311,4598.435897033631,4598.435897033631,4598.435897033631,4598.435897033631
7080202,3948.662636846763,3949.0983309828416,3949.0983309828416,3949.0983309828416,3949.0983309828416,1185.7150087284906,1185.845840132405,1185.845840132405,1185.845840132405,1185.845840132405
7080203,32285.00497703241,32602.91117951333,32602.91117951333,32602.91117951333,32602.91117951333,15801.195325588884,15956.787620036128,15956.787620036128,15956.787620036128,15956.787620036128
7080204,3148.1870647359237,3148.378716965232,3148.378716965232,3148.378716965232,3148.378716965232,509.60138365896427,509.6324066697411,509.6324066697411,509.6324066697411,509.6324066697411
7080205,208665.2186688597,210469.3759203761,210469.3759203761,210469.3759203761,210469.3759203761,36477.99696004892,36793.392324720146,36793.392324720146,36793.392324720146,36793.392324720146
7080206,11701.760994967935,11702.015999950256,11702.015999950256,11702.015999950256,11702.015999950256,1170.1760994967935,1170.2015999950256,1170.2015999950256,1170.2015999950256,1170.2015999950256
7080207,2475.7589078821065,2477.1968100079744,2477.1968100079744,2477.1968100079744,2477.1968100079744,1274.449740815391,1275.1899316254878,1275.1899316254878,1275.1899316254878,1275.1899316254878
7080208,45702.814166573095,46057.397366923724,46057.397366923724,46057.397366923724,46057.397366923724,12158.153591434382,12252.48207184464,12252.48207184464,12252.48207184464,12252.48207184464
7080209,25160.189798344913,25177.715888020397,25177.715888020397,25177.715888020397,25177.715888020397,2516.0189798344913,2517.77158880204,2517.77158880204,2517.77158880204,2517.77158880204
7090001,41624.50792724642,41655.269231269514,41655.269231269514,41655.269231269514,41655.269231269514,21593.754393562944,21609.712589274503,21609.712589274503,21609.712589274503,21609.712589274503
7090002,194808.81399729624,195372.16814180397,195372.16814180397,195372.16814180397,195372.16814180397,46451.84452082697,46586.175399363085,46586.175399363085,46586.175399363085,46586.175399363085
7090003,30501.373287751878,30504.79129818289,25081.500103464856,27793.145700823872,28997.01081949771,10085.314114007482,10086.444283082707,8293.226819906193,9189.835551494449,9587.894935843482
7090005,1436522.982485216,1437319.107997141,1437319.107997141,1437319.107997141,1437319.107997141,143652.2982485216,143731.91079971413,143731.91079971413,143731.91079971413,143731.91079971413
7090006,69127.41918658777,69127.45377087886,69127.45377087886,69127.45377087886,69127.45377087886,29973.691438356553,29973.70643412642,29973.70643412642,29973.70643412642,29973.70643412642
7090007,9569.496159073287,9569.543330000208,9569.543330000208,9569.543330000208,9569.543330000208,4509.364212426898,4509.386440440389,4509.386440440389,4509.386440440389,4509.386440440389
7100001,4863.684120621356,4864.356484827138,4864.356484827138,4864.356484827138,4864.356484827138,3587.407463702342,3587.903393189194,3587.903393189194,3587.903393189194,3587.903393189194
7100002,3139.393268178293,3139.686287992433,3139.686287992433,3139.686287992433,3139.686287992433,1001.7887299883707,1001.8822333893125,1001.8822333893125,1001.8822333893125,1001.8822333893125
7100003,5329.050087047655,5330.3429638118605,5330.3429638118605,5330.3429638118605,5330.3429638118605,3224.6219644715416,3225.4042875390887,3225.4042875390887,3225.4042875390887,3225.4042875390887
7100004,26872.532115611615,26874.254917190818,26874.254917190818,26874.254917190818,26874.254917190818,4485.075817771473,4485.363356573863,4485.363356573863,4485.363356573863,4485.363356573863
7100005,2655.625704938358,2655.6970662506446,2655.6970662506446,2655.6970662506446,2655.6970662506446,1463.940736577464,1463.9800752281922,1463.9800752281922,1463.9800752281922,1463.9800752281922
7100006,968121.9890515743,968122.9099538424,968122.9099538424,968122.9099538424,968122.9099538424,382247.13167417387,382247.49527737114,382247.49527737114,382247.49527737114,382247.49527737114
7100007,13089.09327216204,13089.633411530405,13089.633411530405,13089.633411530405,13089.633411530405,7423.126841386108,7423.4331668862815,7423.4331668862815,7423.4331668862815,7423.4331668862815
7100008,753606.1374265609,753675.7037539757,753675.7037539757,753675.7037539757,753675.7037539757,86577.17086145481,86585.16290864721,86585.16290864721,86585.16290864721,86585.16290864721
7100009,131342.7255728754,132710.16797325452,110862.51465746379,118145.06576272729,123535.3722500069,13134.272557287542,13271.016797325452,11086.25146574638,11814.50657627273,12353.537225000691
7110001,6702.518191049984,6702.758194698453,6702.758194698453,6702.758194698453,6702.758194698453,670.2518191049985,670.2758194698454,670.2758194698454,670.2758194698454,670.2758194698454
7110004,16024.416239550557,16024.418167633856,16024.418167633856,16024.418167633856,16024.418167633856,1602.4416239550558,1602.4418167633858,1602.4418167633858,1602.4418167633858,1602.4418167633858
7110005,2601.006206417541,2601.328428260525,2601.328428260525,2601.328428260525,2601.328428260525,1107.6477976549497,1107.7850169794779,1107.7850169794779,1107.7850169794779,1107.7850169794779
7110006,5567.14106903169,5726.494836143255,5726.494836143255,5726.494836143255,5726.494836143255,2423.1720546087363,2492.532897180045,2492.532897180045,2492.532897180045,2492.532897180045
7110007,67986.81960694892,71812.48184341048,68020.28618024975,68652.31879077654,71020.40309128353,8112.364971648007,8568.852986528693,8116.358290625661,8191.774073276166,8474.34008004638
7110009,190140.5896763202,191860.5910498707,191860.5910498707,191860.5910498707,191860.5910498707,19014.05896763202,19186.05910498707,19186.05910498707,19186.05910498707,19186.05910498707
7120001,888809.686908228,891533.6963408743,891533.6963408743,891533.6963408743,891533.6963408743,217231.16142951985,217896.9279501989,217896.9279501989,217896.9279501989,217896.9279501989
7120002,34255.93636189266,34260.28459630246,34260.28459630246,34260.28459630246,34260.28459630246,14669.118575817905,14670.9805820255,14670.9805820255,14670.9805820255,14670.9805820255
7120003,1156962.7181357895,1156967.2707502919,1156967.2707502919,1156967.2707502919,1156967.2707502919,448899.6326420315,448901.3990489741,448901.3990489741,448901.3990489741,448901.3990489741
7120004,3213603.4788255007,3480389.538017186,3214275.451961194,3347332.4949891903,3385046.0252449643,718489.0366362138,778136.3639806133,718639.2746273321,748387.8193039728,756819.7114774046
7120005,1878615.322854217,1879653.103511984,1879653.103511984,1879653.103511984,1879653.103511984,187861.5322854217,187965.31035119842,187965.31035119842,187965.31035119842,187965.31035119842
7120006,23066.460111377375,23082.81185651778,23082.81185651778,23082.81185651778,23082.81185651778,9645.009593067552,9651.846911753692,9651.846911753692,9651.846911753692,9651.846911753692
7120007,132920.38944829276,132929.60530563214,132242.331363747,132929.60530563214,132675.25016265028,22925.299975840328,22926.88947083742,22808.352643277012,22926.88947083742,22883.019843480324
7130001,68921.97425788871,69453.03913762234,69453.03913762234,69453.03913762234,69453.03913762234,6892.197425788871,6945.3039137622345,6945.3039137622345,6945.3039137622345,6945.3039137622345
7130002,17951.675129064635,17973.83846195069,17973.83846195069,17973.83846195069,17973.83846195069,8753.883508804454,8764.691148362128,8764.691148362128,8764.691148362128,8764.691148362128
7130003,685952.4933111622,689956.4774699387,689956.4774699387,689956.4774699387,689956.4774699387,68595.24933111623,68995.64774699387,68995.64774699387,68995.64774699387,68995.64774699387
7130004,20729.965373346142,20730.284249151373,20730.284249151373,20730.284249151373,20730.284249151373,9556.682213653758,9556.829217986922,9556.829217986922,9556.829217986922,9556.829217986922
7130006,51207.81981874345,51489.20758714118,51489.20758714118,51489.20758714118,51489.20758714118,22577.73256235689,22701.797554846125,22701.797554846125,22701.797554846125,22701.797554846125
7130007,295736.2691060505,296480.9619181175,296480.9619181175,296480.9619181175,296480.9619181175,137961.4359541389,138308.8363254496,138308.8363254496,138308.8363254496,138308.8363254496
7130008,18430.589748471255,18430.67416378211,18430.67416378211,18430.67416378211,18430.67416378211,1843.0589748471257,1843.0674163782112,1843.0674163782112,1843.0674163782112,1843.0674163782112
7130009,1403071.375423665,1417843.749029411,1417843.749029411,1417843.749029411,1417843.749029411,638175.0801464426,644894.1686225749,644894.1686225749,644894.1686225749,644894.1686225749
7130010,5785.705652458462,5785.729254540253,5785.729254540253,5785.729254540253,5785.729254540253,2600.970788723107,2600.9813990667676,2600.9813990667676,2600.9813990667676,2600.9813990667676
7130011,20277.192681190707,20280.03644722804,20280.03644722804,20280.03644722804,20280.03644722804,2027.7192681190709,2028.0036447228042,2028.0036447228042,2028.0036447228042,2028.0036447228042
7140101,458641.8833991856,461084.4536894607,461084.4536894607,461084.4536894607,461084.4536894607,45864.18833991856,46108.44536894607,46108.44536894607,46108.44536894607,46108.44536894607
7140103,8948.12183542377,8948.16428934639,8948.16428934639,8948.16428934639,8948.16428934639,3933.8262636491995,3933.8449274938444,3933.8449274938444,3933.8449274938444,3933.8449274938444
7140105,15445.358649239102,15526.893678908655,15526.893678908655,15526.893678908655,15526.893678908655,1544.5358649239104,1552.6893678908655,1552.6893678908655,1552.6893678908655,1552.6893678908655
7140106,14070.605141967233,14092.439742829194,14092.439742829194,14092.439742829194,14092.439742829194,5367.630788325331,5375.960215144928,5375.960215144928,5375.960215144928,5375.960215144928
7140107,25802.403972458767,25802.453808342747,25802.453808342747,25802.453808342747,25802.453808342747,9699.007126453504,9699.025859537227,9699.025859537227,9699.025859537227,9699.025859537227
7140201,23308.795423213363,23434.76000268868,23434.76000268868,23434.76000268868,23434.76000268868,9948.231113114784,10001.992996812935,10001.992996812935,10001.992996812935,10001.992996812935
7140202,10532.756511256172,10534.594507502201,10534.594507502201,10534.594507502201,10534.594507502201,2299.1419918079228,2299.5431986852977,2299.5431986852977,2299.5431986852977,2299.5431986852977
7140203,71536.24719037562,72175.09040842365,72175.09040842365,72175.09040842365,72175.09040842365,30603.807911747434,30877.11041081248,30877.11041081248,30877.11041081248,30877.11041081248
7140204,538677.7208654183,544099.5356190896,544099.5356190896,544099.5356190896,544099.5356190896,63055.928871616554,63690.58954574529,63690.58954574529,63690.58954574529,63690.58954574529
8010203,17326.868100935124,19246.75348899937,19246.75348899937,19246.75348899937,19246.75348899937,4831.613581978996,5366.975440958784,5366.975440958784,5366.975440958784,5366.975440958784
8010205,17697.40117166178,17698.435559016776,17698.435559016776,17698.435559016776,17698.435559016776,5018.301133245888,5018.594445647265,5018.594445647265,5018.594445647265,5018.594445647265
8010207,9475.419931778773,9478.637041002274,9478.637041002274,9478.637041002274,9478.637041002274,2469.954996410152,2470.793599348892,2470.793599348892,2470.793599348892,2470.793599348892
8010208,75428.85635468161,91071.28516544389,91071.28516544389,91071.28516544389,91071.28516544389,11727.98065544051,14160.128130063315,14160.128130063315,14160.128130063315,14160.128130063315
8010209,29952.055973015333,29952.056942920703,29952.056942920703,29952.056942920703,29952.056942920703,8274.696270536104,8274.696538486738,8274.696538486738,8274.696538486738,8274.696538486738
8020202,3274.2884243742965,3287.978255713935,3287.978255713935,3287.978255713935,3287.978255713935,1375.7707595702414,1381.522870325152,1381.522870325152,1381.522870325152,1381.522870325152
8020204,74778.22829231466,112641.4128480455,112641.4128480455,112641.4128480455,112641.4128480455,22700.097067727656,34194.05706566347,34194.05706566347,34194.05706566347,34194.05706566347
8040101,17303.97743872336,6577892.277250086,17341.848039414228,1657479.4553420818,4768368.07001673,4631.094429470925,1760453.0744857558,4641.229806064039,443594.1909759869,1276166.8746345008
8040102,81317.47323512852,3735485.244712318,82152.31505849729,995485.5474719524,2701401.75972692,8131.747323512853,373548.5244712318,8215.23150584973,99548.55474719524,270140.175972692
8040103,5700.8671875,5700.8671875,5700.8671875,5700.8671875,5700.8671875,1780.663086658055,1780.663086658055,1780.663086658055,1780.663086658055,1780.663086658055
8040201,136488.7538802305,137949.68828472222,137949.68828472222,137949.68828472222,137949.68828472222,13648.87538802305,13794.968828472222,13794.968828472222,13794.968828472222,13794.968828472222
8040202,19645.67200016512,19796.61348515339,19796.61348515339,19796.61348515339,19796.61348515339,1964.567200016512,1979.6613485153391,1979.6613485153391,1979.6613485153391,1979.6613485153391
8040203,35322.221117005996,35322.223040717225,35322.223040717225,35322.223040717225,35322.223040717225,11302.829165548206,11302.829781120463,11302.829781120463,11302.829781120463,11302.829781120463
8040205,32942.31139167562,33238.64870719899,33238.64870719899,33238.64870719899,33238.64870719899,10601.594511334215,10696.962684514376,10696.962684514376,10696.962684514376,10696.962684514376
8040207,197759.1200388542,199823.59015421488,199823.59015421488,199823.59015421488,199823.59015421488,19775.91200388542,19982.35901542149,19982.35901542149,19982.35901542149,19982.35901542149
8040301,5459.61005856,5459.61005856,5459.61005856,5459.61005856,5459.61005856,545.961005856,545.961005856,545.961005856,545.961005856,545.961005856
8040303,19139.278918003372,19302.664497712438,19302.664497712438,19302.664497712438,19302.664497712438,6005.831779425891,6057.101543094657,6057.101543094657,6057.101543094657,6057.101543094657
8060100,366985.35998131486,371014.11966743704,371014.11966743704,371014.11966743704,371014.11966743704,36698.53599813149,37101.411966743704,37101.411966743704,37101.411966743704,37101.411966743704
8070201,394378.0255950232,398625.5228775434,398625.5228775434,398625.5228775434,398625.5228775434,112806.58333272811,114021.52337770967,114021.52337770967,114021.52337770967,114021.52337770967
8070202,123017.17974956207,123439.39814663724,123439.39814663724,123439.39814663724,123439.39814663724,32147.1666526082,32257.50185296155,32257.50185296155,32257.50185296155,32257.50185296155
8070204,525836.6225219578,531314.9555754842,531314.9555754842,531314.9555754842,531314.9555754842,52583.66225219579,53131.49555754842,53131.49555754842,53131.49555754842,53131.49555754842
8070300,508920.4288818186,512603.0210136275,512603.0210136275,512603.0210136275,512603.0210136275,137874.81957917794,138872.49366915785,138872.49366915785,138872.49366915785,138872.49366915785
8080102,310424.3333452128,313602.62170284597,313602.62170284597,313602.62170284597,313602.62170284597,80749.88983310903,81576.64987466583,81576.64987466583,81576.64987466583,81576.64987466583
8080103,97875.52656493205,97998.00065663928,97998.00065663928,97998.00065663928,97998.00065663928,25343.523836870696,25375.236821428916,25375.236821428916,25375.236821428916,25375.236821428916
8080201,68650.6032155553,69319.54143803654,69319.54143803654,69319.54143803654,69319.54143803654,17870.793256809637,18044.92802206442,18044.92802206442,18044.92802206442,18044.92802206442
8080203,16051.535913271902,16076.902442414901,16076.902442414901,16076.902442414901,16076.902442414901,3124.596211930317,3129.5340671797017,3129.5340671797017,3129.5340671797017,3129.5340671797017
8080205,136723.6109542836,138175.726521763,138175.726521763,138175.726521763,138175.726521763,45886.11890177606,46373.46667677565,46373.46667677565,46373.46667677565,46373.46667677565
8080206,93329.48387390061,94163.30681512496,94163.30681512496,94163.30681512496,94163.30681512496,9332.94838739006,9416.330681512496,9416.330681512496,9416.330681512496,9416.330681512496
8090203,131574.95753726462,131592.31884128146,131592.31884128146,131592.31884128146,131592.31884128146,38755.43199697701,38760.54577280333,38760.54577280333,38760.54577280333,38760.54577280333
8090301,652938.6214873882,659254.3781226387,659254.3781226387,659254.3781226387,659254.3781226387,185123.14585678102,186913.8084065319,186913.8084065319,186913.8084065319,186913.8084065319
8090302,29292.19158218125,29336.083954751422,29336.083954751422,29336.083954751422,29336.083954751422,6063.418673662267,6072.504297410379,6072.504297410379,6072.504297410379,6072.504297410379
9010001,1894.5175155332056,1894.618887559115,1894.618887559115,1894.618887559115,1894.618887559115,5006.2927573767765,5006.560634572395,5006.560634572395,5006.560634572395,5006.560634572395
9010003,2054.1954323395157,2054.2288043572316,2054.2288043572316,2054.2288043572316,2054.2288043572316,2077.641968997517,2077.6757219226306,2077.6757219226306,2077.6757219226306,2077.6757219226306
9010004,969.7029454029889,969.9569627263614,969.9569627263614,969.9569627263614,969.9569627263614,2989.193511099662,2989.976541550721,2989.976541550721,2989.976541550721,2989.976541550721
9020103,19644.472228135182,86732.33134584352,19805.01717556158,32314.053322810763,69806.47221406581,19212.550071893296,84825.35134985618,19369.56512454518,31603.565638233827,68271.64034644476
9020104,14245.984802169287,14245.992462725944,14245.992462725944,14245.992462725944,14245.992462725944,1424.5984802169287,1424.5992462725944,1424.5992462725944,1424.5992462725944,1424.5992462725944
9020106,2919.929724122201,2920.0284298701704,2920.0284298701704,2920.0284298701704,2920.0284298701704,3255.8603698530433,3255.970431451593,3255.970431451593,3255.970431451593,3255.970431451593
9020107,8166.6295540057345,8166.637012386613,8166.637012386613,8166.637012386613,8166.637012386613,816.6629554005735,816.6637012386614,816.6637012386614,816.6637012386614,816.6637012386614
9020109,1592.215631759885,1592.2213950542002,1592.2213950542002,1592.2213950542002,1592.2213950542002,2824.422240146584,2824.432463621543,2824.432463621543,2824.432463621543,2824.432463621543
9020203,2091.5786021498634,2092.024701414662,2092.024701414662,2092.024701414662,2092.024701414662,3189.633027900785,3190.3133240882007,3190.3133240882007,3190.3133240882007,3190.3133240882007
9020204,18558.670720146096,18558.718860604495,18558.718860604495,18558.718860604495,18558.718860604495,10327.735436831612,10327.762226569177,10327.762226569177,10327.762226569177,10327.762226569177
9020205,19057.29389083152,19058.5020137085,19058.5020137085,19058.5020137085,19058.5020137085,34445.11489730483,34447.298519572825,34447.298519572825,34447.298519572825,34447.298519572825
9020303,4871.817998155517,4899.525654730807,2362.1701905,3630.847922615403,4353.381262465044,1316.5183942816018,1324.0058742239185,638.3326526964511,981.1692634601847,1176.4204885170134
9020310,1625.1718918611512,1625.694621663009,1625.694621663009,1625.694621663009,1625.694621663009,3387.688393563911,3388.77802949202,3388.77802949202,3388.77802949202,3388.77802949202
9020313,2401.2192908059133,2401.5999838889966,2401.5999838889966,2401.5999838889966,2401.5999838889966,5460.208842008897,5461.07451210671,5461.07451210671,5461.07451210671,5461.07451210671
9030001,102411.89035023769,103532.448406816,916.25998536,52224.35419608801,98943.22927272097,73563.52191476256,74368.43037675807,658.1590407338277,37513.294708745954,71071.94672443904
9030004,10183.655518622316,1643416.2446031652,10292.773662892552,418573.6413979607,1559887.301202805,1018.3655518622317,164341.62446031653,1029.2773662892553,41857.364139796075,155988.7301202805
10020007,1891.4029457453314,45480.77445990937,1891.6659902205363,12788.943107642739,34006.28506292333,949.7279958016438,22837.209211543777,949.8600780228358,6421.697361403068,17075.53698703933
10030101,5226.692799273253,736457.3307212829,4160.260537332804,176858.9337595148,551572.2313910605,1202.2354998762623,169398.73475256658,956.9364603581146,40680.808457982785,126871.76055506855
10030102,16335.014929515739,22241.01206912055,5772.890976250389,19644.039050686,17106.46762166603,2341.0876972286997,3187.5183434850237,827.3542509913713,2815.327585795141,2451.650094286793
10030104,3161.244176823679,3161.3118125596034,3161.3118125596034,3161.3118125596034,3161.3118125596034,5015.503944852813,5015.61125301421,5015.61125301421,5015.61125301421,5015.61125301421
10030105,3161.8013103889143,3162.1804740507814,3162.1804740507814,3162.1804740507814,3162.1804740507814,3584.2924770689237,3584.7223059314592,3584.7223059314592,3584.7223059314592,3584.7223059314592
10030203,3404.2798274792713,3404.4456961655296,3404.4456961655296,3404.4456961655296,3404.4456961655296,5348.656694609308,5348.9173002892585,5348.9173002892585,5348.9173002892585,5348.9173002892585
10030205,2269.705444584154,2270.0333244421063,2270.0333244421063,2270.0333244421063,2270.0333244421063,31348.44928563569,31352.977857888673,31352.977857888673,31352.977857888673,31352.977857888673
10040201,2650.2223789441796,2651.853445301581,2651.853445301581,2651.853445301581,2651.853445301581,10098.162840789979,10104.377705554547,10104.377705554547,10104.377705554547,10104.377705554547
10050002,1135.2962172489,1135.504838500141,1135.504838500141,1135.504838500141,1135.504838500141,444.2282958340537,444.30992691984926,444.30992691984926,444.30992691984926,444.30992691984926
10060001,756.37298592,2609579.4230327047,756.37298592,522520.9829952771,1549885.195273906,75.63729859200001,260957.94230327048,75.63729859200001,52252.098299527715,154988.5195273906
10060005,2427.393276417858,2543.645270373016,2543.645270373016,2543.645270373016,2543.645270373016,242.73932764178582,254.36452703730163,254.36452703730163,254.36452703730163,254.36452703730163
10060006,19289.95812084903,19937.118316374006,19937.118316374006,19937.118316374006,19937.118316374006,298531.1075436184,308546.5491903996,308546.5491903996,308546.5491903996,308546.5491903996
10070001,1630.109438109199,1630.172304084405,1630.172304084405,1630.172304084405,1630.172304084405,621.3263099040647,621.3502716599322,621.3502716599322,621.3502716599322,621.3502716599322
10070004,5890.604808767878,5899.107524689979,5899.107524689979,5899.107524689979,5899.107524689979,618.1659132383141,619.0581966834993,619.0581966834993,619.0581966834993,619.0581966834993
10070005,5270.1719926748265,6558.03835797159,2966.96359872,4762.500978345795,5290.929806220374,3032.154356629424,3773.1187152345656,1707.0204946487484,2740.0696049416574,3044.0972106508334
10070006,9629.61747294168,9699.161259319493,9699.161259319493,9699.161259319493,9699.161259319493,12539.684425902877,12630.244319627689,12630.244319627689,12630.244319627689,12630.244319627689
10070007,12944.15912540105,13676.895153784515,13676.895153784515,13676.895153784515,13676.895153784515,1749.7287548555469,1848.776463259045,1848.776463259045,1848.776463259045,1848.776463259045
10080002,1233.2804039779269,1243.3527527820374,1243.3527527820374,1243.3527527820374,1243.3527527820374,1666.8538293737702,1680.4672242844222,1680.4672242844222,1680.4672242844222,1680.4672242844222
10080005,990.875061,263203.8593032514,990.875061,44693.03910137523,138095.5554970582,840.4604700107175,223249.57808040484,840.4604700107175,37908.646738409734,117132.68407655347
10080014,16248.2305309408,138108.4506719617,2445.0927978600002,29577.76437268034,73128.28450945491,11453.311987262572,97352.08831578855,1723.5360243302641,20849.24648262192,51547.83199223797
10080015,3939.369487720276,4994.761173880278,1758.6248822076172,4994.761173880278,3198.958514811414,1258.926696209942,1596.2042155709785,562.0137485787022,1596.2042155709785,1022.309353544488
10090202,497.32100289246216,497.3992643312025,497.3992643312025,497.3992643312025,497.3992643312025,1198.095475857638,1198.284015402808,1198.284015402808,1198.284015402808,1198.284015402808
10090208,57297.34770690327,59636.97613856821,59636.97613856821,59636.97613856821,59636.97613856821,440592.07488249615,458582.81592751556,458582.81592751556,458582.81592751556,458582.81592751556
10100001,39597.78747299022,59835.1827443389,59835.1827443389,59835.1827443389,59835.1827443389,8571.722245474848,12952.505675766528,12952.505675766528,12952.505675766528,12952.505675766528
10100004,16203.294477354932,16890.71893351872,16890.71893351872,16890.71893351872,16890.71893351872,3581.6394091321636,3733.5903920905007,3733.5903920905007,3733.5903920905007,3733.5903920905007
10110101,8967.078647266644,9390.314475508003,9390.314475508003,9390.314475508003,9390.314475508003,1105.347110869994,1157.5182268338153,1157.5182268338153,1157.5182268338153,1157.5182268338153
10110201,2097.3806607740144,2097.434259241202,2097.434259241202,2097.434259241202,2097.434259241202,9981.409213791683,9981.664288249192,9981.664288249192,9981.664288249192,9981.664288249192
10110203,791.7282160871927,791.7593021363729,791.7593021363729,791.7593021363729,791.7593021363729,1754.2221875905002,1754.291064556217,1754.291064556217,1754.291064556217,1754.291064556217
10120110,83.93274808660544,87.4202946251024,87.4202946251024,87.4202946251024,87.4202946251024,182.1744482889756,189.7441023395881,189.7441023395881,189.7441023395881,189.7441023395881
10120201,156476.7115876578,175467.0028301452,175467.0028301452,175467.0028301452,175467.0028301452,794490.3943893248,890911.1577459214,890911.1577459214,890911.1577459214,890911.1577459214
10120203,1512.7459716600001,1512.7459716600001,1512.7459716600001,1512.7459716600001,1512.7459716600001,2145.6771949093645,2145.6771949093645,2145.6771949093645,2145.6771949093645,2145.6771949093645
10130101,11290105.745757801,12274717.40293182,492413.6967654188,2848874.4379987,8379327.479055074,1129010.5745757802,1227471.7402931822,49241.369676541886,284887.44379987003,837932.7479055075
10130102,19354.416823516745,19356.278123205724,19356.278123205724,19356.278123205724,19356.278123205724,1935.4416823516747,1935.6278123205725,1935.6278123205725,1935.6278123205725,1935.6278123205725
10130103,10401.934136357728,10402.044693540935,10402.044693540935,10402.044693540935,10402.044693540935,38300.743928730284,38301.15100902016,38301.15100902016,38301.15100902016,38301.15100902016
10130201,264483.8085666261,281283.3812953751,281283.3812953751,281283.3812953751,281283.3812953751,1388456.6475406406,1476649.1102758334,1476649.1102758334,1476649.1102758334,1476649.1102758334
10130202,700.7639195840877,707.0254169464631,707.0254169464631,707.0254169464631,707.0254169464631,2873.5463703478126,2899.222211406061,2899.222211406061,2899.222211406061,2899.222211406061
10130203,6306.004234759285,6319.7764795577095,6319.7764795577095,6319.7764795577095,6319.7764795577095,12523.502258541732,12550.853451534522,12550.853451534522,12550.853451534522,12550.853451534522
10130205,338.6279929287819,338.8826185946009,338.8826185946009,338.8826185946009,338.8826185946009,1831.4280812100258,1832.8051929796243,1832.8051929796243,1832.8051929796243,1832.8051929796243
10140101,3378.4013369607715,44436599.64317858,3378.699811426334,8890022.888484856,26649464.15410514,337.84013369607715,4443659.964317858,337.8699811426334,889002.2888484857,2664946.4154105145
10140105,485331.7365883341,485334.52740733384,485334.52740733384,485334.52740733384,485334.52740733384,1078668.5331618818,1078674.7358649194,1078674.7358649194,1078674.7358649194,1078674.7358649194
10150004,1703.8354378557735,1704.7015419956351,1704.7015419956351,1704.7015419956351,1704.7015419956351,2452.9386165045903,2454.1855093930576,2454.1855093930576,2454.1855093930576,2454.1855093930576
10150006,823.3404997252766,823.3871549217707,823.3871549217707,823.3871549217707,823.3871549217707,1779.9039096796043,1780.0047692470307,1780.0047692470307,1780.0047692470307,1780.0047692470307
10150007,62035.50482003208,67480.45499247657,1574.0179209820355,67480.45499247657,40516.362348040755,20529.57263932797,22331.48430921777,520.8938871078567,22331.48430921777,13408.18626879041
10160003,16673.833467194934,16774.661860622335,16774.661860622335,16774.661860622335,16774.661860622335,21423.364574449894,21552.91387312204,21552.91387312204,21552.91387312204,21552.91387312204
10160004,1177.5126694913038,1177.9909671850537,1177.9909671850537,1177.9909671850537,1177.9909671850537,1805.3691818517323,1806.1025106204324,1806.1025106204324,1806.1025106204324,1806.1025106204324
10160005,2740.391954630219,2868.791342928142,2868.791342928142,2868.791342928142,2868.791342928142,5586.215942499742,5847.954672503369,5847.954672503369,5847.954672503369,5847.954672503369
10160006,3750.4160224797265,3767.321454588845,3767.321454588845,3767.321454588845,3767.321454588845,1841.0009789719575,1849.2995028893797,1849.2995028893797,1849.2995028893797,1849.2995028893797
10160009,4551.297582546104,4551.856891520718,4551.856891520718,4551.856891520718,4551.856891520718,10112.889979220708,10114.132752302905,10114.132752302905,10114.132752302905,10114.132752302905
10160010,1515740.099287642,1515741.0029224933,1515741.0029224933,1515741.0029224933,1515741.0029224933,564323.3798963688,564323.7163275775,564323.7163275775,564323.7163275775,564323.7163275775
10170101,8745.234680085458,11677867.70430441,8748.665491467373,2342572.4732540557,7132232.707066654,874.5234680085458,1167786.770430441,874.8665491467373,234257.2473254056,713223.2707066655
10170102,86807.10258538845,86809.33129553529,86809.33129553529,86809.33129553529,86809.33129553529,101882.05401707573,101884.6697657968,101884.6697657968,101884.6697657968,101884.6697657968
10170103,765.2119431001687,765.3800956872509,765.3800956872509,765.3800956872509,765.3800956872509,1066.579560603744,1066.8139376466818,1066.8139376466818,1066.8139376466818,1066.8139376466818
10170201,2440.58685399282,2440.8698648051172,2440.8698648051172,2440.8698648051172,2440.8698648051172,3689.8218881688044,3690.249760460296,3690.249760460296,3690.249760460296,3690.249760460296
10170202,13934.420036690391,14845.742191220212,14845.742191220212,14845.742191220212,14845.742191220212,10532.383570108275,11221.209833574732,11221.209833574732,11221.209833574732,11221.209833574732
10170203,38169.354432153814,38185.85305843553,38185.85305843553,38185.85305843553,38185.85305843553,15648.578179793436,15655.342246073036,15655.342246073036,15655.342246073036,15655.342246073036
10170204,1025.4251243872895,1032.6998397025013,1032.6998397025013,1032.6998397025013,1032.6998397025013,846.9988675594753,853.0077661979631,853.0077661979631,853.0077661979631,853.0077661979631
10180002,1823.4713675257196,1880.8173791682773,1880.8173791682773,1880.8173791682773,1880.8173791682773,1133.3360024272888,1168.978075424746,1168.978075424746,1168.978075424746,1168.978075424746
10180003,231842.1972601424,312021.6641402246,0,105140.5945385381,140623.9783854276,39360.248592918404,52972.454592271446,0,17849.89957458255,23873.974680998133
10180004,1103.1522740396786,1122.2801627415472,1122.2801627415472,1122.2801627415472,1122.2801627415472,1702.7450462999432,1732.2694542169158,1732.2694542169158,1732.2694542169158,1732.2694542169158
10180005,530.561126191119,536.535161567414,536.535161567414,536.535161567414,536.535161567414,1087.356952731423,1099.6004221105534,1099.6004221105534,1099.6004221105534,1099.6004221105534
10180007,826389.5905599446,1012360.8024140319,658529.1879629791,835444.9951885055,818778.2917801165,461472.52326264774,565322.578211147,367735.90747369727,466529.24284242216,457222.2213549806
10180008,47180.183515164565,228514.8646469306,1486.3126464,65340.977896038225,103287.68756722749,16185.896267951506,78395.58092586398,509.90268633953985,22416.239435182662,35434.44879103492
10180009,6567.686351806231,6621.8848437930965,6621.8848437930965,6621.8848437930965,6621.8848437930965,6760.518653167958,6816.308454389207,6816.308454389207,6816.308454389207,6816.308454389207
10180011,223263.5342458134,232478.7499886415,232478.7499886415,232478.7499886415,232478.7499886415,464198.98432563257,483358.8251953585,483358.8251953585,483358.8251953585,483358.8251953585
10180014,1816845.967199908,1980064.362956967,1694.20352778,990879.2832423736,1082616.427995045,732969.4734132331,798816.6083653403,683.4918810016617,399750.05012317107,436759.5313316573
10190002,269590.9247589913,269412.3511933592,269412.3511933592,269412.3511933592,269412.3511933592,206477.95581224895,206341.1874665534,206341.1874665534,206341.1874665534,206341.1874665534
10190003,998976.5765150107,992031.6960410655,992031.6960410655,992031.6960410655,992031.6960410655,1116558.2201102383,1108795.9126015697,1108795.9126015697,1108795.9126015697,1108795.9126015697
10190004,24957.1189221557,24793.620125374102,24388.983360166836,24793.620125374102,24608.10120399423,21278.06496502736,21138.668345150123,20793.681113083232,21138.668345150123,20980.49769758157
10190005,233403.38758343057,231258.22564078102,230290.4856847403,231258.22564078102,230673.194692601,861808.5086756095,853887.8060936829,850314.5652040101,853887.8060936829,851727.6632859876
10190006,38318.78375818742,39001.80753488371,21880.84042962,32143.635432646468,30229.857503642328,146849.95160276303,149467.51924750736,83854.44533925025,123184.78940794739,115850.57446975418
10190007,97738.30357452332,94220.38002013395,94220.38002013395,94220.38002013395,94220.38002013395,681846.9084354887,657304.9917871826,657304.9917871826,657304.9917871826,657304.9917871826
10190009,486829.12481816194,486893.2633702008,486893.2633702008,486893.2633702008,486893.2633702008,46810151.29041274,46816318.41388878,46816318.41388878,46816318.41388878,46816318.41388878
10190011,15330.292918401756,15330.27661505753,15330.27661505753,15330.27661505753,15330.27661505753,709528.5981142508,709527.8435501317,709527.8435501317,709527.8435501317,709527.8435501317
10190012,5414.290962623397,5401.931739963622,5401.931739963622,5401.931739963622,5401.931739963622,8982.848084359866,8962.342902728524,8962.342902728524,8962.342902728524,8962.342902728524
10190013,103749.57248331529,97090.61702175158,97090.61702175158,97090.61702175158,97090.61702175158,10374957.24833153,9709061.702175157,9709061.702175157,9709061.702175157,9709061.702175157
10190016,669.427279125332,667.9495296687836,667.9495296687836,667.9495296687836,667.9495296687836,2770.96690707535,2764.8500442453883,2764.8500442453883,2764.8500442453883,2764.8500442453883
10190017,503.14770097903255,497.9599313140384,497.9599313140384,497.9599313140384,497.9599313140384,5536.683320129646,5479.596628255752,5479.596628255752,5479.596628255752,5479.596628255752
10190018,101760.9375148191,110835.1383153425,109378.2924776091,110106.7153964758,110206.2243428079,70210.10031887316,76470.85777726004,75465.7049660303,75968.28137164518,76036.93770751654
10200101,23205.624278351723,24987.59454625927,18550.1933900556,23036.22709734879,21948.615748207252,9319.984936223282,10035.67074818351,7450.242272543893,9251.950602983696,8815.137472301369
10200102,2348.002822922982,2349.6639216329463,2349.6639216329463,2349.6639216329463,2349.6639216329463,5405.134635990707,5408.9585079568615,5408.9585079568615,5408.9585079568615,5408.9585079568615
10200201,90568.44429990646,98560.04173533077,11265.813174120485,98560.04173533077,62403.72388284601,9056.844429990646,9856.004173533078,1126.5813174120485,9856.004173533078,6240.372388284602
10200202,48292.61236360086,48415.540587358846,48415.540587358846,48415.540587358846,48415.540587358846,4829.2612363600865,4841.554058735885,4841.554058735885,4841.554058735885,4841.554058735885
10200203,90536.53418294179,92836.78346872941,92836.78346872941,92836.78346872941,92836.78346872941,74115.68918839777,75998.73632135717,75998.73632135717,75998.73632135717,75998.73632135717
10210003,2541.3961356632544,2541.404299436686,2541.404299436686,2541.404299436686,2541.404299436686,1199.7968187882602,1199.800672917593,1199.800672917593,1199.800672917593,1199.800672917593
10210005,1347.020331756285,1350.127340718973,1350.127340718973,1350.127340718973,1350.127340718973,2162.9534911533633,2167.9425144995284,2167.9425144995284,2167.9425144995284,2167.9425144995284
10210007,1279.9131517519513,1280.745856641979,1280.745856641979,1280.745856641979,1280.745856641979,538.5967785631963,538.9471868472652,538.9471868472652,538.9471868472652,538.9471868472652
10210009,2117.75449212,2117.75449212,2117.75449212,2117.75449212,2117.75449212,390.56534025913663,390.56534025913663,390.56534025913663,390.56534025913663,390.56534025913663
10210010,315.56502684,315.56502684,315.56502684,315.56502684,315.56502684,389.4831204264418,389.4831204264418,389.4831204264418,389.4831204264418,389.4831204264418
10220001,3035.0981126499923,3041.414285643721,3041.414285643721,3041.414285643721,3041.414285643721,3953.663053020839,3961.8908001561663,3961.8908001561663,3961.8908001561663,3961.8908001561663
10220002,1699.5172066989464,1699.9950142442192,1699.9950142442192,1699.9950142442192,1699.9950142442192,1860.1273042957678,1860.650266262647,1860.650266262647,1860.650266262647,1860.650266262647
10220003,22545.64815236258,23775.08898028781,23775.08898028781,23775.08898028781,23775.08898028781,7489.297250384028,7897.697476887403,7897.697476887403,7897.697476887403,7897.697476887403
10220004,3776.1421069985836,3776.8835074803433,3776.8835074803433,3776.8835074803433,3776.8835074803433,3315.612659076097,3316.2636400914066,3316.2636400914066,3316.2636400914066,3316.2636400914066
10230001,159747.9587030385,161378.1723203116,161378.1723203116,161378.1723203116,161378.1723203116,15974.79587030385,16137.81723203116,16137.81723203116,16137.81723203116,16137.81723203116
10230002,3654.1558913553326,3654.6646605093765,3654.6646605093765,3654.6646605093765,3654.6646605093765,3030.9713391982823,3031.393342191593,3031.393342191593,3031.393342191593,3031.393342191593
10230003,13397.624050640932,13423.650802229153,13423.650802229153,13423.650802229153,13423.650802229153,7803.568361627885,7818.727880545724,7818.727880545724,7818.727880545724,7818.727880545724
10230005,19057.87049627327,19059.084985137346,19059.084985137346,19059.084985137346,19059.084985137346,13189.279633144328,13190.120138028793,13190.120138028793,13190.120138028793,13190.120138028793
10230006,1400100.4584467262,1406962.2335148565,1406962.2335148565,1406962.2335148565,1406962.2335148565,140010.04584467263,140696.22335148565,140696.22335148565,140696.22335148565,140696.22335148565
10230007,9780.045324468456,9780.294717661865,9780.294717661865,9780.294717661865,9780.294717661865,6410.251981369906,6410.415444130983,6410.415444130983,6410.415444130983,6410.415444130983
10240001,213441.1957884854,231184.5857817709,231184.5857817709,231184.5857817709,231184.5857817709,21344.119578848542,23118.45857817709,23118.45857817709,23118.45857817709,23118.45857817709
10240002,18881.403359157037,18881.672876096578,18881.672876096578,18881.672876096578,18881.672876096578,11306.04029678629,11306.201681473709,11306.201681473709,11306.201681473709,11306.201681473709
10240003,5621.068474816849,5632.608434716901,5632.608434716901,5632.608434716901,5632.608434716901,3176.8075497415857,3183.32948269765,3183.32948269765,3183.32948269765,3183.32948269765
10240004,258.4508227413276,258.64533243130546,258.64533243130546,258.64533243130546,258.64533243130546,25.845082274132764,25.86453324313055,25.86453324313055,25.86453324313055,25.86453324313055
10240005,203566.28264854001,221331.3094882189,221331.3094882189,221331.3094882189,221331.3094882189,20356.628264854004,22133.13094882189,22133.13094882189,22133.13094882189,22133.13094882189
10240006,6456.583939149997,6456.8257934348685,6456.8257934348685,6456.8257934348685,6456.8257934348685,4231.439365072528,4231.597868663786,4231.597868663786,4231.597868663786,4231.597868663786
10240007,2323.5947608484894,2324.6292819253626,2324.6292819253626,2324.6292819253626,2324.6292819253626,1380.7936736281933,1381.4084366592735,1381.4084366592735,1381.4084366592735,1381.4084366592735
10240008,3975.9897734229253,3978.9838273333835,3978.9838273333835,3978.9838273333835,3978.9838273333835,1551.4078428935986,1552.5761051335521,1552.5761051335521,1552.5761051335521,1552.5761051335521
10240009,2021.6535003268182,2022.7022348661703,2022.7022348661703,2022.7022348661703,2022.7022348661703,1103.5931113203467,1104.1656012218286,1104.1656012218286,1104.1656012218286,1104.1656012218286
10240010,3208.571326237742,3208.5784452622906,3208.5784452622906,3208.5784452622906,3208.5784452622906,972.3993031031165,972.4014606161669,972.4014606161669,972.4014606161669,972.4014606161669
10240011,407784.51045909914,442232.303349483,442232.303349483,442232.303349483,442232.303349483,40778.45104590992,44223.230334948305,44223.230334948305,44223.230334948305,44223.230334948305
10240012,71419.20068571647,71439.66256039939,71439.66256039939,71439.66256039939,71439.66256039939,24413.330906443167,24420.325419302513,24420.325419302513,24420.325419302513,24420.325419302513
10240013,3834.8314829970327,3855.258782302006,3855.258782302006,3855.258782302006,3855.258782302006,1958.427768184464,1968.8598798340245,1968.8598798340245,1968.8598798340245,1968.8598798340245
10250001,2737.837373218809,2728.1895005963074,2728.1895005963074,2728.1895005963074,2728.1895005963074,73813.15426337451,73553.0438867816,73553.0438867816,73553.0438867816,73553.0438867816
10250003,3279.027661961204,3279.3161083452987,3279.3161083452987,3279.3161083452987,3279.3161083452987,62941.793985822376,62947.330789642074,62947.330789642074,62947.330789642074,62947.330789642074
10250004,1922.1091347182032,1923.5595651312249,1923.5595651312249,1923.5595651312249,1923.5595651312249,3811.8870214910617,3814.763485042016,3814.763485042016,3814.763485042016,3814.763485042016
10250005,3019.5823292476202,3020.1767994545835,3020.1767994545835,3020.1767994545835,3020.1767994545835,21489.282500459303,21493.513131328946,21493.513131328946,21493.513131328946,21493.513131328946
10250008,938.0262968370862,938.0757192344295,938.0757192344295,938.0757192344295,938.0757192344295,3026.4720850380672,3026.6315427275154,3026.6315427275154,3026.6315427275154,3026.6315427275154
10250009,2541.6211001094866,2541.6494927509902,2541.6494927509902,2541.6494927509902,2541.6494927509902,1204.4051158458594,1204.418570346484,1204.418570346484,1204.418570346484,1204.418570346484
10250011,925.4883834033884,925.5470537217839,925.5470537217839,925.5470537217839,925.5470537217839,822.9209734730457,822.9731416432721,822.9731416432721,822.9731416432721,822.9731416432721
10250013,612.921386034389,613.9192328824107,613.9192328824107,613.9192328824107,613.9192328824107,5045.918510536186,5054.133355042901,5054.133355042901,5054.133355042901,5054.133355042901
10250015,1757.3396453370738,1757.595193421572,1757.595193421572,1757.595193421572,1757.595193421572,5696.490738665451,5697.319108582725,5697.319108582725,5697.319108582725,5697.319108582725
10250016,3781.9354634758693,3784.2989896958743,3784.2989896958743,3784.2989896958743,3784.2989896958743,2103.2908395440554,2104.6052942975984,2104.6052942975984,2104.6052942975984,2104.6052942975984
10250017,4938.916109246279,4950.530341647204,4950.530341647204,4950.530341647204,4950.530341647204,1679.6706968529875,1683.6205687274567,1683.6205687274567,1683.6205687274567,1683.6205687274567
10260006,2354.4138041568012,2363.2827358418413,2363.2827358418413,2363.2827358418413,2363.2827358418413,2318.776972006978,2327.5116619418,2327.5116619418,2327.5116619418,2327.5116619418
10260007,23177.466501699655,23358.67122519298,23358.67122519298,23358.67122519298,23358.67122519298,63038.34537632827,63531.188109702794,63531.188109702794,63531.188109702794,63531.188109702794
10260008,3760.0010953930177,3760.0337504867443,3760.0337504867443,3760.0337504867443,3760.0337504867443,826.1519865905834,826.1591616072577,826.1591616072577,826.1591616072577,826.1591616072577
10260010,5524.91446212085,5528.844848920762,5528.844848920762,5528.844848920762,5528.844848920762,4346.4557835719625,4349.54782283434,4349.54782283434,4349.54782283434,4349.54782283434
10260012,2535.05581982378,2537.6302850784114,2537.6302850784114,2537.6302850784114,2537.6302850784114,3209.0690363538533,3212.3279928901165,3212.3279928901165,3212.3279928901165,3212.3279928901165
10260014,1253.449908328505,1253.4712429897397,1253.4712429897397,1253.4712429897397,1253.4712429897397,1588.2907007422425,1588.3177346458851,1588.3177346458851,1588.3177346458851,1588.3177346458851
10260015,3514.2334214657103,3514.7044249627106,3514.7044249627106,3514.7044249627106,3514.7044249627106,2014.9017419341383,2015.1717939348864,2015.1717939348864,2015.1717939348864,2015.1717939348864
10270102,320825.25817882764,347308.7441092553,347308.7441092553,347308.7441092553,347308.7441092553,32082.525817882764,34730.874410925535,34730.874410925535,34730.874410925535,34730.874410925535
10270103,7987.072061203783,7991.58935189055,7991.58935189055,7991.58935189055,7991.58935189055,4182.430746173193,4184.796225702232,4184.796225702232,4184.796225702232,4184.796225702232
10270104,263238.3506456869,274011.8534400047,244550.5320893482,259281.1927646764,268051.4395896534,26323.83506456869,27401.18534400047,24455.053208934823,25928.11927646764,26805.143958965342
10270201,6512.794540935287,6512.84207047621,6512.84207047621,6512.84207047621,6512.84207047621,6770.23686229768,6770.286270619712,6770.286270619712,6770.286270619712,6770.286270619712
10270202,10507.806417825319,10967.066955838996,10967.066955838996,10967.066955838996,10967.066955838996,2900.4075748076743,3027.1745412228015,3027.1745412228015,3027.1745412228015,3027.1745412228015
10270203,19186.295669189527,19186.696426120667,19186.696426120667,19186.696426120667,19186.696426120667,21047.70350509798,21048.143142493842,21048.143142493842,21048.143142493842,21048.143142493842
10270205,7367.006989771748,7368.455466674897,7368.455466674897,7368.455466674897,7368.455466674897,1196.164471708789,1196.399657668575,1196.399657668575,1196.399657668575,1196.399657668575
10270206,37779.97037764842,40548.74023864205,40548.74023864205,40548.74023864205,40548.74023864205,48771.932949031114,52346.26762060014,52346.26762060014,52346.26762060014,52346.26762060014
10270207,4068.1612736564107,4068.3027790625592,4068.3027790625592,4068.3027790625592,4068.3027790625592,1614.0187598409846,1614.0749012682238,1614.0749012682238,1614.0749012682238,1614.0749012682238
10280101,67091.46130498976,67096.62710588178,67096.62710588178,67096.62710588178,67096.62710588178,19065.398858292647,19066.86682534111,19066.86682534111,19066.86682534111,19066.86682534111
10280102,7271.458027592169,7273.235796858538,7273.235796858538,7273.235796858538,7273.235796858538,3445.9586587762174,3446.801147225371,3446.801147225371,3446.801147225371,3446.801147225371
10280201,4431.1915200742,4431.257859865402,4431.257859865402,4431.257859865402,4431.257859865402,2009.2923234215411,2009.322404728701,2009.322404728701,2009.322404728701,2009.322404728701
10280202,2340.7491789427168,2340.7521690754143,2340.7521690754143,2340.7521690754143,2340.7521690754143,450.681296369422,450.6818720812038,450.6818720812038,450.6818720812038,450.6818720812038
10280203,6688.2581352141115,9020.681229223796,9020.681229223796,9020.681229223796,9020.681229223796,2960.4942570071003,3992.919297298304,3992.919297298304,3992.919297298304,3992.919297298304
10290101,22830.41939421398,22843.633449386984,22843.633449386984,22843.633449386984,22843.633449386984,11383.653709817338,11390.242473063186,11390.242473063186,11390.242473063186,11390.242473063186
10290102,173683.24447383528,187163.5224811791,187163.5224811791,187163.5224811791,187163.5224811791,33990.979065002524,36629.16013379909,36629.16013379909,36629.16013379909,36629.16013379909
10290104,3860.0397592168965,3909.9125867396774,3909.9125867396774,3909.9125867396774,3909.9125867396774,1484.6571642136616,1503.8393631805216,1503.8393631805216,1503.8393631805216,1503.8393631805216
10290105,5318.192413002993,5318.242296120422,5318.242296120422,5318.242296120422,5318.242296120422,531.8192413002993,531.8242296120422,531.8242296120422,531.8242296120422,531.8242296120422
10290106,18774.769228351714,334475.4254169428,18876.409528725373,58326.286514752544,253363.4601524342,7888.0577633193125,140526.97234304564,7930.761061063065,24505.287471310883,106448.4779806963
10290108,56612.57541532637,59669.307745615835,59669.307745615835,59669.307745615835,59669.307745615835,23373.840792079212,24635.885034158415,24635.885034158415,24635.885034158415,24635.885034158415
10290109,41861.507721743015,3517689.77581487,41861.55112822176,1131891.5194652819,2490713.088247013,4186.150772174302,351768.97758148704,4186.155112822176,113189.15194652819,249071.3088247013
10290110,34991.72540354258,53319.74962515282,7980.30878904,53319.74962515282,40880.772457538245,15239.687425236985,23221.956291328243,3475.6048779900543,23221.956291328243,17804.500543206887
10290111,9297.538615400497,9305.009756144658,9305.009756144658,9305.009756144658,9305.009756144658,929.7538615400498,930.5009756144659,930.5009756144659,930.5009756144659,930.5009756144659
10290201,4975.735434395175,5045.3392039256405,5045.3392039256405,5045.3392039256405,5045.3392039256405,2154.4469029586535,2184.584684132179,2184.584684132179,2184.584684132179,2184.584684132179
10300101,353810.0636080799,364221.4877683529,364221.4877683529,364221.4877683529,364221.4877683529,35381.006360807994,36422.14877683529,36422.14877683529,36422.14877683529,36422.14877683529
10300102,451927.4739942483,456402.1437581419,456402.1437581419,456402.1437581419,456402.1437581419,45192.747399424836,45640.21437581419,45640.21437581419,45640.21437581419,45640.21437581419
10300103,3083.148727209549,3103.1617649684345,3103.1617649684345,3103.1617649684345,3103.1617649684345,550.6966780303187,554.2713072117946,554.2713072117946,554.2713072117946,554.2713072117946
10300104,17366.49462680927,17647.27950208621,17647.27950208621,17647.27950208621,17647.27950208621,7391.811931256634,7511.324189532662,7511.324189532662,7511.324189532662,7511.324189532662
10300200,479701.5569571079,484488.3927244161,484488.3927244161,484488.3927244161,484488.3927244161,47970.1556957108,48448.83927244161,48448.83927244161,48448.83927244161,48448.83927244161
11010001,31794.11322681339,573888.4052486579,31839.595501342497,167351.7979381714,428827.4959973916,7966.474824667154,143796.038592646,7977.871066242439,41932.41294784334,107448.9301405395
11010002,87906.1118317397,93787.07940606592,93787.07940606592,93787.07940606592,93787.07940606592,34602.36498890664,36917.28237353934,36917.28237353934,36917.28237353934,36917.28237353934
11010003,283472.6867118715,8473526.905202633,17913.796875,2137354.558168243,6191749.452521804,45015.44958202623,1345595.6819247152,2844.710117941146,339411.80530712195,983249.5276267516
11010004,434461.45203981124,456313.313811871,384313.0047474357,439568.4096515226,435078.8769086037,43446.14520398113,45631.331381187105,38431.30047474357,43956.84096515226,43507.88769086037
11010006,6561.2017089,319603.0770269481,6561.2017089,69169.57677250961,239061.45964150532,2823.7211292703078,137546.44371878335,2823.7211292703078,29768.26564717291,102884.0332508375
11010007,5475.864799102673,5480.795715534126,5480.795715534126,5480.795715534126,5480.795715534126,2191.809911458361,2193.7835963288867,2193.7835963288867,2193.7835963288867,2193.7835963288867
11010010,52669.09919818448,52669.60078294049,52669.60078294049,52669.60078294049,52669.60078294049,9862.524423746869,9862.618347736116,9862.618347736116,9862.618347736116,9862.618347736116
11010013,3208.9427774889605,3210.8028757967522,3210.8028757967522,3210.8028757967522,3210.8028757967522,320.89427774889606,321.08028757967526,321.08028757967526,321.08028757967526,321.08028757967526
11010014,8741.32998048,856548.8169101938,8741.32998048,150042.577802099,627681.8242511484,2753.7507018588717,269835.58691984206,2753.7507018588717,47267.39007152274,197736.41630455223
11020001,36751.35465488572,34609.2579892318,3884.7128905799996,34560.84472619237,19733.81657423141,61054.83934869914,57496.18500740951,6453.653849699709,57415.75629872718,32783.68952629133
11020002,174331.82301537,180575.0171997911,180575.0171997911,180575.0171997911,180575.0171997911,175200.11667752822,181474.40630882868,181474.40630882868,181474.40630882868,181474.40630882868
11020003,228450.92998908315,230323.9504331992,230323.9504331992,230323.9504331992,230323.9504331992,825370.9444337096,832137.9847472579,832137.9847472579,832137.9847472579,832137.9847472579
11020006,3117.3092481804547,3116.3075615317707,3116.3075615317707,3116.3075615317707,3116.3075615317707,17702.34030426564,17696.65200178375,17696.65200178375,17696.65200178375,17696.65200178375
11020007,871.1332876437791,870.6207618782742,870.6207618782742,870.6207618782742,870.6207618782742,32027.78760334786,32008.94425687991,32008.94425687991,32008.94425687991,32008.94425687991
11020008,4570.4035216750635,4567.450567408916,4567.450567408916,4567.450567408916,4567.450567408916,457040.35216750635,456745.0567408916,456745.0567408916,456745.0567408916,456745.0567408916
11020009,3885.497420291954,3885.47105999229,3885.47105999229,3885.47105999229,3885.47105999229,10488.676547628082,10488.605389517043,10488.605389517043,10488.605389517043,10488.605389517043
11020010,2590.061199470796,2590.071701749322,2590.071701749322,2590.071701749322,2590.071701749322,89540.10638969016,89540.46946031442,89540.46946031442,89540.46946031442,89540.46946031442
11020011,5898.574042835836,5911.341498761934,5911.341498761934,5911.341498761934,5911.341498761934,126332.2063628473,126605.65226096965,126605.65226096965,126605.65226096965,126605.65226096965
11020012,8592.146161797677,8591.485115216676,8591.485115216676,8591.485115216676,8591.485115216676,410935.07921074313,410903.4634509539,410903.4634509539,410903.4634509539,410903.4634509539
11020013,472.29263916353915,470.8497461732544,470.8497461732544,470.8497461732544,470.8497461732544,26964.691448615617,26882.312090882442,26882.312090882442,26882.312090882442,26882.312090882442
11030001,45174.94478922616,49079.32394957098,49079.32394957098,49079.32394957098,49079.32394957098,75660.80663285956,82200.01720744932,82200.01720744932,82200.01720744932,82200.01720744932
11030002,1449.6433297673702,1451.0315549886514,1451.0315549886514,1451.0315549886514,1451.0315549886514,25265.09465247572,25289.289322222692,25289.289322222692,25289.289322222692,25289.289322222692
11030003,766.1446854213974,767.4230909479435,767.4230909479435,767.4230909479435,767.4230909479435,530.6025409930885,531.4879158233425,531.4879158233425,531.4879158233425,531.4879158233425
11030004,2190.0059296130567,2206.6291063937256,2206.6291063937256,2206.6291063937256,2206.6291063937256,1273.5727364033762,1283.2397534894963,1283.2397534894963,1283.2397534894963,1283.2397534894963
11030006,864.1006203427008,874.1872518692736,874.1872518692736,874.1872518692736,874.1872518692736,3333.817672881491,3372.7332686483305,3372.7332686483305,3372.7332686483305,3372.7332686483305
11030008,3019.8182404286276,3020.906985299471,3020.906985299471,3020.906985299471,3020.906985299471,5230.629006498309,5232.514822149685,5232.514822149685,5232.514822149685,5232.514822149685
11030009,2282.6492420336544,2285.065083536038,2285.065083536038,2285.065083536038,2285.065083536038,5160.426360496397,5165.887897004991,5165.887897004991,5165.887897004991,5165.887897004991
11030010,4933.180160482739,4933.201638116714,4933.201638116714,4933.201638116714,4933.201638116714,621.1543685610126,621.1570728867692,621.1570728867692,621.1570728867692,621.1570728867692
11030011,2259.5025620281417,2259.8370473696896,2259.8370473696896,2259.8370473696896,2259.8370473696896,3189.484602330889,3189.9567575142914,3189.9567575142914,3189.9567575142914,3189.9567575142914
11030012,14609.150711215212,14647.078722887994,14647.078722887994,14647.078722887994,14647.078722887994,11570.52096226985,11600.560138591047,11600.560138591047,11600.560138591047,11600.560138591047
11030013,76760.01872710836,80501.84365585449,80501.84365585449,80501.84365585449,80501.84365585449,7676.001872710836,8050.18436558545,8050.18436558545,8050.18436558545,8050.18436558545
11030015,1108.2558243152632,1117.7591136738552,1117.7591136738552,1117.7591136738552,1117.7591136738552,1319.2942212900043,1330.607164077184,1330.607164077184,1330.607164077184,1330.607164077184
11030017,13379.295781969371,13451.769759574809,13451.769759574809,13451.769759574809,13451.769759574809,8572.981931790719,8619.420706346682,8619.420706346682,8619.420706346682,8619.420706346682
11030018,12508.015316715031,12514.773606611321,12514.773606611321,12514.773606611321,12514.773606611321,4014.8675827026245,4017.036882813959,4017.036882813959,4017.036882813959,4017.036882813959
11040005,4014.507920432635,4014.689440643824,4014.689440643824,4014.689440643824,4014.689440643824,401450.7920432635,401468.9440643824,401468.9440643824,401468.9440643824,401468.9440643824
11040006,2166.479619910966,2179.4811019589392,2179.4811019589392,2179.4811019589392,2179.4811019589392,10201.871338379622,10263.09483009524,10263.09483009524,10263.09483009524,10263.09483009524
11040007,1879.9613755024995,1913.7809537559642,1913.7809537559642,1913.7809537559642,1913.7809537559642,13470.384617730397,13712.71019559597,13712.71019559597,13712.71019559597,13712.71019559597
11040008,2174.0472758817336,2186.2230613301526,2186.2230613301526,2186.2230613301526,2186.2230613301526,3807.3107318334164,3828.6336345690365,3828.6336345690365,3828.6336345690365,3828.6336345690365
11050001,5451.06802908006,5475.4107652092625,5475.4107652092625,5475.4107652092625,5475.4107652092625,5778.188374125839,5803.991925676801,5803.991925676801,5803.991925676801,5803.991925676801
11050002,50900.82103674606,51128.76994831617,51128.76994831617,51128.76994831617,51128.76994831617,30070.645988465403,30205.31122340007,30205.31122340007,30205.31122340007,30205.31122340007
11050003,29074.523463084173,29110.77321422494,29110.77321422494,29110.77321422494,29110.77321422494,5355.28195618386,5361.958854549771,5361.958854549771,5361.958854549771,5361.958854549771
11060001,2568.200717779184,1414770.365232899,2571.948126248618,285011.6315475788,937797.6222894323,256.8200717779184,141477.03652328992,257.1948126248618,28501.16315475788,93779.76222894323
11060003,2025.20123517693,2025.4989240075158,2025.4989240075158,2025.4989240075158,2025.4989240075158,3593.862607177024,3594.390877029044,3594.390877029044,3594.390877029044,3594.390877029044
11060004,11143.923221711026,11357.108270057182,11357.108270057182,11357.108270057182,11357.108270057182,4473.426970987278,4559.00435034547,4559.00435034547,4559.00435034547,4559.00435034547
11060005,9730.562326187912,9752.296754923871,9752.296754923871,9752.296754923871,9752.296754923871,9022.102365276405,9042.254360025863,9042.254360025863,9042.254360025863,9042.254360025863
11060006,849880.0560462661,924207.0850828408,924207.0850828408,924207.0850828408,924207.0850828408,84988.00560462661,92420.70850828408,92420.70850828408,92420.70850828408,92420.70850828408
11070103,7182.918166268193,7263.894135464287,7263.894135464287,7263.894135464287,7263.894135464287,1221.29929685369,1235.0675024704074,1235.0675024704074,1235.0675024704074,1235.0675024704074
11070104,7961.655917187153,7964.854415169633,7964.854415169633,7964.854415169633,7964.854415169633,3784.6257460271045,3786.1461731768104,3786.1461731768104,3786.1461731768104,3786.1461731768104
11070105,222647.7085302947,240487.13346691208,240487.13346691208,240487.13346691208,240487.13346691208,22264.770853029473,24048.71334669121,24048.71334669121,24048.71334669121,24048.71334669121
11070107,80350.2622883823,80350.36841743693,80350.36841743693,80350.36841743693,80350.36841743693,41918.469271146925,41918.524638327915,41918.524638327915,41918.524638327915,41918.524638327915
11070201,7973.544166293078,8532.762622821629,8532.762622821629,8532.762622821629,8532.762622821629,1848.2739252041713,1977.9012114069592,1977.9012114069592,1977.9012114069592,1977.9012114069592
11070204,521462.9630431815,568060.071469872,568060.071469872,568060.071469872,568060.071469872,90884.24958855027,99005.52287638182,99005.52287638182,99005.52287638182,99005.52287638182
11070205,4272.544020799567,4273.588986520075,4273.588986520075,4273.588986520075,4273.588986520075,538.5108784202871,538.6425857603004,538.6425857603004,538.6425857603004,538.6425857603004
11070207,118006.77243609432,123882.45649609048,123882.45649609048,123882.45649609048,123882.45649609048,45906.66183920812,48192.40388305854,48192.40388305854,48192.40388305854,48192.40388305854
11070209,2099332.0184811847,6463359.597844703,2070190.4374807058,4291070.832115098,5188406.149350885,209933.20184811848,646335.9597844704,207019.0437480706,429107.0832115098,518840.61493508855
11080001,1037.9492755106953,1038.1536596756478,1038.1536596756478,1038.1536596756478,1038.1536596756478,3666.0506561839898,3666.7725437749505,3666.7725437749505,3666.7725437749505,3666.7725437749505
11080002,1033.4955088609297,1033.4696672805699,1033.4696672805699,1033.4696672805699,1033.4696672805699,2268.47101724084,2268.4142962627775,2268.4142962627775,2268.4142962627775,2268.4142962627775
11080006,1726.998119380626,1727.4729570549225,1727.4729570549225,1727.4729570549225,1727.4729570549225,1761.2313434471791,1761.7155935373419,1761.7155935373419,1761.7155935373419,1761.7155935373419
11090101,1623.002267248417,1625.0432667855598,1625.0432667855598,1625.0432667855598,1625.0432667855598,1282.8117461657855,1284.4249405728424,1284.4249405728424,1284.4249405728424,1284.4249405728424
11090105,230251.8698881687,249894.79500040502,249894.79500040502,249894.79500040502,249894.79500040502,165523.50300374196,179644.4123166465,179644.4123166465,179644.4123166465,179644.4123166465
11090106,27403.31271934728,29257.63997052523,29257.63997052523,29257.63997052523,29257.63997052523,23425.999744521177,25011.19019785218,25011.19019785218,25011.19019785218,25011.19019785218
11090201,5793.789658036467,5802.368102791815,5802.368102791815,5802.368102791815,5802.368102791815,2759.85619802113,2763.9425172223437,2763.9425172223437,2763.9425172223437,2763.9425172223437
11090202,93300.49245151228,97582.08322584961,97582.08322584961,97582.08322584961,97582.08322584961,19771.68023170881,20679.00924411704,20679.00924411704,20679.00924411704,20679.00924411704
11090204,7770.53056644,4384695.165951814,7770.53056644,883155.4576435146,3204753.429788534,777.0530566440001,438469.51659518137,777.0530566440001,88315.54576435147,320475.34297885344
11100101,2418.8009887740254,2419.0092576513907,2419.0092576513907,2419.0092576513907,2419.0092576513907,26217.82282183647,26220.080285989745,26220.080285989745,26220.080285989745,26220.080285989745
11100102,2655.3145386113633,2661.1717510988956,2661.1717510988956,2661.1717510988956,2661.1717510988956,3536.9000480162877,3544.701901554599,3544.701901554599,3544.701901554599,3544.701901554599
11100103,46245.968922885,46252.166553865674,46252.166553865674,46252.166553865674,46252.166553865674,364367.44007065886,364416.27059551387,364416.27059551387,364416.27059551387,364416.27059551387
11100104,2671.051015808778,2673.2503826812936,2673.2503826812936,2673.2503826812936,2673.2503826812936,15450.105422542747,15462.827175082139,15462.827175082139,15462.827175082139,15462.827175082139
11100201,1601.6933750143576,1605.9724373368688,1605.9724373368688,1605.9724373368688,1605.9724373368688,2021.3249420295238,2026.7250863617141,2026.7250863617141,2026.7250863617141,2026.7250863617141
11100202,1659.3566713541095,1665.0161783103983,1665.0161783103983,1665.0161783103983,1665.0161783103983,11147.657862945916,11185.67877087416,11185.67877087416,11185.67877087416,11185.67877087416
11100203,2673.2564296223095,2678.190545032762,2678.190545032762,2678.190545032762,2678.190545032762,6694.877208845116,6707.234159132866,6707.234159132866,6707.234159132866,6707.234159132866
11100301,35158.11099915077,35692.428677031596,35692.428677031596,35692.428677031596,35692.428677031596,21220.39497322135,21542.893305571444,21542.893305571444,21542.893305571444,21542.893305571444
11100302,166289.70707465085,175183.2750412114,175183.2750412114,175183.2750412114,175183.2750412114,29054.285980355813,30608.178110132565,30608.178110132565,30608.178110132565,30608.178110132565
11100303,158551.8853475297,164768.98048468033,164768.98048468033,164768.98048468033,164768.98048468033,96212.99841308774,99985.67738977459,99985.67738977459,99985.67738977459,99985.67738977459
11110101,199984.9160383087,1759008.665954254,212329.7041215683,521665.49648810533,1295890.362986681,19998.491603830873,175900.8665954254,21232.970412156832,52166.549648810535,129589.03629866811
11110102,174108.98180864018,734912.9330921365,189345.674812808,462129.3039524723,573031.5068216826,17410.89818086402,73491.29330921365,18934.5674812808,46212.93039524723,57303.150682168256
11110103,92690.58909688616,362914.6295266012,97808.88734097398,230361.7584337876,285932.9018009063,37891.844443424445,148359.23282234216,39984.200989754165,94171.71690604817,116889.15931877353
11110104,16747.76777346,724666.3729508198,16747.76777346,252720.6361659132,512003.086388455,1674.776777346,72466.63729508198,1674.776777346,25272.06361659132,51200.308638845505
11110105,62617.89936345037,66806.39366705129,66806.39366705129,66806.39366705129,66806.39366705129,22049.704926977505,23524.6037086609,23524.6037086609,23524.6037086609,23524.6037086609
11110201,11973.913050412111,12030.20466647376,11347.8969726,11575.33287055792,11852.333999146176,1197.3913050412111,1203.0204666473762,1134.78969726,1157.533287055792,1185.2333999146176
11110202,486785.3090252801,761042.5615114404,492312.0236127599,581888.8695789867,699105.6574257149,48678.530902528015,76104.25615114404,49231.202361275995,58188.88695789867,69910.56574257149
11110203,20289.4734375,1552521.8150312789,20289.4734375,454341.249149966,1160354.841378759,2028.94734375,155252.18150312788,2028.94734375,45434.1249149966,116035.4841378759
11110207,321448.6911285424,619426.273267631,324347.6127559135,422707.1662598193,542307.2533845663,32144.86911285424,61942.6273267631,32434.761275591354,42270.716625981935,54230.72533845663
11120101,4431.772425889022,4423.333333161103,4423.333333161103,4423.333333161103,4423.333333161103,16621.32699822603,16589.676248521537,16589.676248521537,16589.676248521537,16589.676248521537
11120103,17861.367754179908,17861.243896771255,17861.243896771255,17861.243896771255,17861.243896771255,20693.449308604748,20693.305812482686,20693.305812482686,20693.305812482686,20693.305812482686
11120104,1706.8232043516089,1712.713361424962,1712.713361424962,1712.713361424962,1712.713361424962,4199.986366272045,4214.480298238878,4214.480298238878,4214.480298238878,4214.480298238878
11120202,3654.7240188789997,3654.748204307487,3654.748204307487,3654.748204307487,3654.748204307487,7002.490163765637,7002.536503304331,7002.536503304331,7002.536503304331,7002.536503304331
11120301,9330.022137378877,9331.92771884371,9331.92771884371,9331.92771884371,9331.92771884371,36659.28300330931,36666.77036498719,36666.77036498719,36666.77036498719,36666.77036498719
11120302,3742.5806049017856,3747.968442850163,3747.968442850163,3747.968442850163,3747.968442850163,6948.452272345684,6958.455299344328,6958.455299344328,6958.455299344328,6958.455299344328
11130103,2186.0642171991863,2185.53162277894,2185.53162277894,2185.53162277894,2185.53162277894,7856.135087903998,7854.221084793019,7854.221084793019,7854.221084793019,7854.221084793019
11130104,2696.1021181882957,2695.7742092370313,2695.7742092370313,2695.7742092370313,2695.7742092370313,10469.686479648948,10468.413121384643,10468.413121384643,10468.413121384643,10468.413121384643
11130105,1095.623551327443,1095.3332539917424,1095.3332539917424,1095.3332539917424,1095.3332539917424,715.7521054855937,715.5624592070038,715.5624592070038,715.5624592070038,715.5624592070038
11130201,10933.947592561175,10933.88085753191,10933.88085753191,10933.88085753191,10933.88085753191,1616.796212600277,1616.786344531892,1616.786344531892,1616.786344531892,1616.786344531892
11130202,8450.196332805386,8980.98652445999,8980.98652445999,8980.98652445999,8980.98652445999,3854.14819613342,4096.242459878382,4096.242459878382,4096.242459878382,4096.242459878382
11130206,11028.305955332435,11027.262110157844,11027.262110157844,11027.262110157844,11027.262110157844,5758.849133257911,5758.304049824127,5758.304049824127,5758.304049824127,5758.304049824127
11130207,107777.7310420823,117304.57525591951,117304.57525591951,117304.57525591951,117304.57525591951,143765.58558192686,156473.51999386318,156473.51999386318,156473.51999386318,156473.51999386318
11130209,7811.081948739878,7810.864408460115,7810.864408460115,7810.864408460115,7810.864408460115,9922.81879024692,9922.54243765072,9922.54243765072,9922.54243765072,9922.54243765072
11130210,7611.9195562282375,7611.971180032991,7611.971180032991,7611.971180032991,7611.971180032991,761.1919556228238,761.1971180032991,761.1971180032991,761.1971180032991,761.1971180032991
11130301,3444.582381775696,3472.297749629627,3472.297749629627,3472.297749629627,3472.297749629627,9505.722896091467,9582.206654522264,9582.206654522264,9582.206654522264,9582.206654522264
11130302,981886.881927666,1067939.566982569,1067939.566982569,1067939.566982569,1067939.566982569,1063130.113488696,1156302.96518096,1156302.96518096,1156302.96518096,1156302.96518096
11130303,19612.441591759103,19622.169596290954,19622.169596290954,19622.169596290954,19622.169596290954,7472.8872145759615,7476.593855605294,7476.593855605294,7476.593855605294,7476.593855605294
11140101,35267.102594476484,2195224.347310411,35094.48967500824,575126.9540838588,1451341.391095305,3526.7102594476487,219522.43473104108,3509.4489675008244,57512.69540838588,145134.13910953052
11140103,32995.53567782951,32742.72863671141,32742.72863671141,32742.72863671141,32742.72863671141,8731.776379158191,8664.874766416588,8664.874766416588,8664.874766416588,8664.874766416588
11140105,52958.57340377504,57094.64374560502,57094.64374560502,57094.64374560502,57094.64374560502,18734.043664076136,20197.1745114794,20197.1745114794,20197.1745114794,20197.1745114794
11140106,16398.85177600159,17532.87653946792,17532.87653946792,17532.87653946792,17532.87653946792,1639.885177600159,1753.2876539467923,1753.2876539467923,1753.2876539467923,1753.2876539467923
11140108,2314.22167962,3978521.800558634,2314.22167962,797555.7374554226,2968674.427222735,620.7310191890382,1067137.1346465307,620.7310191890382,213924.01174465733,796271.2989332058
11140109,25089.91131324418,26765.02992575179,26765.02992575179,26765.02992575179,26765.02992575179,3710.9606263921073,3958.721534668851,3958.721534668851,3958.721534668851,3958.721534668851
11140201,123313.608681019,133772.2226099512,133772.2226099512,133772.2226099512,133772.2226099512,12331.360868101901,13377.22226099512,13377.22226099512,13377.22226099512,13377.22226099512
11140202,10376.53063063956,10491.09226206836,10491.09226206836,10491.09226206836,10491.09226206836,1037.653063063956,1049.109226206836,1049.109226206836,1049.109226206836,1049.109226206836
11140206,73608.21217961222,74302.14777465293,74302.14777465293,74302.14777465293,74302.14777465293,26441.98943898758,26691.26920183021,26691.26920183021,26691.26920183021,26691.26920183021
11140207,190979.53473215443,192988.6881562152,192988.6881562152,192988.6881562152,192988.6881562152,19097.953473215443,19298.86881562152,19298.86881562152,19298.86881562152,19298.86881562152
11140301,103817.38493870711,103253.93051213946,103253.93051213946,103253.93051213946,103253.93051213946,41684.547295637836,41458.31020917045,41458.31020917045,41458.31020917045,41458.31020917045
11140302,29775.297799990272,30855.56727307162,30855.56727307162,30855.56727307162,30855.56727307162,5533.995124982987,5734.772495468333,5734.772495468333,5734.772495468333,5734.772495468333
11140304,70184.47054330604,74473.77889911839,74473.77889911839,74473.77889911839,74473.77889911839,7018.447054330605,7447.37788991184,7447.37788991184,7447.37788991184,7447.37788991184
11140305,132897.0202594359,144295.4966519035,144295.4966519035,144295.4966519035,144295.4966519035,62921.11057518501,68317.80639333799,68317.80639333799,68317.80639333799,68317.80639333799
11140306,8899.44115607183,9010.124649842335,9010.124649842335,9010.124649842335,9010.124649842335,1654.5768704633376,1675.1550557137455,1675.1550557137455,1675.1550557137455,1675.1550557137455
11140307,9018.899726444759,9058.7366379832,9058.7366379832,9058.7366379832,9058.7366379832,3778.1850209350914,3794.8734449136323,3794.8734449136323,3794.8734449136323,3794.8734449136323
12010001,44193.728925250885,44192.32361336711,44192.32361336711,44192.32361336711,44192.32361336711,20439.930966741234,20439.280999458777,20439.280999458777,20439.280999458777,20439.280999458777
12010002,301578.76572217705,312963.11967874295,312963.11967874295,312963.11967874295,312963.11967874295,74743.60124728542,77565.11160976034,77565.11160976034,77565.11160976034,77565.11160976034
12010005,29313639.5993329,29637140.74147739,174379.1133225285,7540069.520361245,17871528.57976222,3032125.4242385533,3065587.5275895423,18037.314717256984,779924.8679353284,1848583.694054018
12020003,152605.33426801718,154175.607155973,154175.607155973,154175.607155973,154175.607155973,15260.533426801718,15417.560715597301,15417.560715597301,15417.560715597301,15417.560715597301
12020004,30734.899986494427,30705.810227806473,30705.810227806473,30705.810227806473,30705.810227806473,13017.47762998524,13005.156936469122,13005.156936469122,13005.156936469122,13005.156936469122
12020005,22982.22246096,10948215.4276178,22982.22246096,2208028.863492328,6440087.369187074,5101.018696956061,2430010.922113769,5101.018696956061,490082.9993803188,1429409.4548974964
12020007,16424.926291529708,16430.94478835741,16430.94478835741,16430.94478835741,16430.94478835741,5486.88804159638,5488.898572279208,5488.898572279208,5488.898572279208,5488.898572279208
12030101,90873.05657577261,90601.52742901302,90601.52742901302,90601.52742901302,90601.52742901302,77157.00668321634,76926.46116201724,76926.46116201724,76926.46116201724,76926.46116201724
12030102,1920627.8268793619,1920284.9134836274,1920284.9134836274,1920284.9134836274,1920284.9134836274,639248.6540753964,639134.5211217757,639134.5211217757,639134.5211217757,639134.5211217757
12030103,1154050.0710770048,1153840.3143780236,1153840.3143780236,1153840.3143780236,1153840.3143780236,517275.30637039075,517181.28795347107,517181.28795347107,517181.28795347107,517181.28795347107
12030105,2068782.0963552059,2068772.146049122,2068772.146049122,2068772.146049122,2068772.146049122,206878.2096355206,206877.2146049122,206877.2146049122,206877.2146049122,206877.2146049122
12030106,1451907.165870166,1451402.9168086199,1451402.9168086199,1451402.9168086199,1451402.9168086199,804267.4444293248,803988.121402606,803988.121402606,803988.121402606,803988.121402606
12030109,61857.424640065816,61769.5430503749,61769.5430503749,61769.5430503749,61769.5430503749,35576.58845906839,35526.04437050094,35526.04437050094,35526.04437050094,35526.04437050094
12030201,41268.32899215044,40930.48535039729,40930.48535039729,40930.48535039729,40930.48535039729,4126.832899215045,4093.0485350397294,4093.0485350397294,4093.0485350397294,4093.0485350397294
12040101,230777.02783029652,231793.0317557961,231793.0317557961,231793.0317557961,231793.0317557961,35794.14629787889,35951.73127715722,35951.73127715722,35951.73127715722,35951.73127715722
12040103,47462.09370026115,47488.25409075144,47488.25409075144,47488.25409075144,47488.25409075144,19643.28492163513,19654.112004134004,19654.112004134004,19654.112004134004,19654.112004134004
12040104,1309733.5641130349,1308387.161169696,1308387.161169696,1308387.161169696,1308387.161169696,130973.3564113035,130838.71611696959,130838.71611696959,130838.71611696959,130838.71611696959
12040201,74745.05265708742,75258.36288920624,75258.36288920624,75258.36288920624,75258.36288920624,7474.505265708743,7525.836288920625,7525.836288920625,7525.836288920625,7525.836288920625
12040203,133940.6865128418,132751.8077022896,132751.8077022896,132751.8077022896,132751.8077022896,47062.02405166227,46644.29405017124,46644.29405017124,46644.29405017124,46644.29405017124
12040204,194180.01466634145,193980.82019241978,193980.82019241978,193980.82019241978,193980.82019241978,65971.58518506133,65903.90996509959,65903.90996509959,65903.90996509959,65903.90996509959
12040205,57709.83901658309,57588.058608951884,57588.058608951884,57588.058608951884,57588.058608951884,20164.700715385978,20122.148777714214,20122.148777714214,20122.148777714214,20122.148777714214
12050001,11739.307858546643,11745.670692932486,11745.670692932486,11745.670692932486,11745.670692932486,169047.15735456138,169138.7827790417,169138.7827790417,169138.7827790417,169138.7827790417
12050002,159710.80239715258,173522.1343189008,173522.1343189008,173522.1343189008,173522.1343189008,1836325.2266720184,1995125.363176116,1995125.363176116,1995125.363176116,1995125.363176116
12050003,161982.8849717803,172377.3179098035,172377.3179098035,172377.3179098035,172377.3179098035,347168.76899019774,369446.5700558681,369446.5700558681,369446.5700558681,369446.5700558681
12050004,2725.1525388292152,2725.1749241454586,2725.1749241454586,2725.1749241454586,2725.1749241454586,7069.329300626087,7069.387370466131,7069.387370466131,7069.387370466131,7069.387370466131
12050006,5730.677632101691,5731.081495846456,5731.081495846456,5731.081495846456,5731.081495846456,11449.72574080782,11450.532648718381,11450.532648718381,11450.532648718381,11450.532648718381
12050007,3236.2892448909847,3236.327605850331,3236.327605850331,3236.327605850331,3236.327605850331,5720.170338862351,5720.238142202912,5720.238142202912,5720.238142202912,5720.238142202912
12060101,4830.965552078874,4830.579234481511,4830.579234481511,4830.579234481511,4830.579234481511,3309.184949189231,3308.9203237504817,3308.9203237504817,3308.9203237504817,3308.9203237504817
12060102,21125.97152664342,21124.06247222224,21124.06247222224,21124.06247222224,21124.06247222224,55540.81934650319,55535.80038457777,55535.80038457777,55535.80038457777,55535.80038457777
12060103,10533.448650610924,10533.330421460989,10533.330421460989,10533.330421460989,10533.330421460989,18004.252524205796,18004.050441531665,18004.050441531665,18004.050441531665,18004.050441531665
12060201,72056.8585019352,71681.73573680884,71681.73573680884,71681.73573680884,71681.73573680884,21808.915243445746,21695.379616711365,21695.379616711365,21695.379616711365,21695.379616711365
12060202,305912.8235761807,2395907.410398427,303902.3365623351,722303.3513295535,1362029.047423719,48094.329058927375,376674.4984514491,47778.24873616669,113557.4986792232,214132.48529053893
12060204,4257.134624507042,4257.134427745489,4257.134427745489,4257.134427745489,4257.134427745489,3461.549523996791,3461.5493640065815,3461.5493640065815,3461.5493640065815,3461.5493640065815
12070101,67981.79881407387,67744.40515148226,67744.40515148226,67744.40515148226,67744.40515148226,6798.179881407388,6774.440515148227,6774.440515148227,6774.440515148227,6774.440515148227
12070102,18708.295703562417,18678.076163923117,18678.076163923117,18678.076163923117,18678.076163923117,11854.902285771548,11835.75304335944,11835.75304335944,11835.75304335944,11835.75304335944
12070103,242391.0490508891,240388.3487086999,240388.3487086999,240388.3487086999,240388.3487086999,129452.204224543,128382.63513478998,128382.63513478998,128382.63513478998,128382.63513478998
12070104,334220.3230857596,332796.3722466348,332796.3722466348,332796.3722466348,332796.3722466348,33422.03230857596,33279.63722466348,33279.63722466348,33279.63722466348,33279.63722466348
12070201,28742.66998135828,28742.527866895005,28742.527866895005,28742.527866895005,28742.527866895005,23730.433583936054,23730.316251835928,23730.316251835928,23730.316251835928,23730.316251835928
12070202,6465.690263853668,6465.680364210053,6465.680364210053,6465.680364210053,6465.680364210053,6931.572875265272,6931.562262306972,6931.562262306972,6931.562262306972,6931.562262306972
12070203,20407.05084619257,20406.936441413323,20406.936441413323,20406.936441413323,20406.936441413323,21457.82981883291,21457.70952323988,21457.70952323988,21457.70952323988,21457.70952323988
12070204,37368.435698228706,37063.84969053815,37063.84969053815,37063.84969053815,37063.84969053815,4345.3786630510185,4309.959959694775,4309.959959694775,4309.959959694775,4309.959959694775
12070205,88324.95481685546,88324.95407764768,88324.95407764768,88324.95407764768,88324.95407764768,62018.27821115327,62018.277692110896,62018.277692110896,62018.277692110896,62018.277692110896
12080001,2820.950843745566,2821.2841932695396,2821.2841932695396,2821.2841932695396,2821.2841932695396,35324.04643858705,35328.22065314,35328.22065314,35328.22065314,35328.22065314
12080002,8642.683163350732,8606.995388564985,8606.995388564985,8606.995388564985,8606.995388564985,43114.56691503466,42936.53621265123,42936.53621265123,42936.53621265123,42936.53621265123
12080003,83311.73909845127,90693.37773314727,90693.37773314727,90693.37773314727,90693.37773314727,981279.2007320763,1068223.1120935683,1068223.1120935683,1068223.1120935683,1068223.1120935683
12080004,35871.616415943645,38857.95200768747,38857.95200768747,38857.95200768747,38857.95200768747,221940.83032688883,240417.55000355717,240417.55000355717,240417.55000355717,240417.55000355717
12080005,112134.58359044799,111613.37024048992,111613.37024048992,111613.37024048992,111613.37024048992,3117949.0924997395,3103456.5368628814,3103456.5368628814,3103456.5368628814,3103456.5368628814
12080006,3562.7460251207995,3563.252267628471,3563.252267628471,3563.252267628471,3563.252267628471,42213.52386771464,42219.52212861502,42219.52212861502,42219.52212861502,42219.52212861502
12080007,3453.457339321062,3426.402137775758,3426.402137775758,3426.402137775758,3426.402137775758,2748.895201514847,2727.359706387369,2727.359706387369,2727.359706387369,2727.359706387369
12080008,3282.7242690158637,3281.891777918785,3281.891777918785,3281.891777918785,3281.891777918785,2684.714615498032,2684.03377823226,2684.03377823226,2684.03377823226,2684.03377823226
12090102,3409.001776254656,3408.8977029128723,3408.8977029128723,3408.8977029128723,3408.8977029128723,6359.907313819369,6359.713152346004,6359.713152346004,6359.713152346004,6359.713152346004
12090103,3434.677156316458,3434.3352955983573,3434.3352955983573,3434.3352955983573,3434.3352955983573,40440.11333796527,40436.08824752544,40436.08824752544,40436.08824752544,40436.08824752544
12090104,4023.8870398756844,4023.016631244743,4023.016631244743,4023.016631244743,4023.016631244743,20150.618096439848,20146.259308100085,20146.259308100085,20146.259308100085,20146.259308100085
12090106,6394.250851906816,6394.171382702818,6394.171382702818,6394.171382702818,6394.171382702818,1946.3338099764649,1946.3096204971694,1946.3096204971694,1946.3096204971694,1946.3096204971694
12090107,5641.650398654738,5641.518306135071,5641.518306135071,5641.518306135071,5641.518306135071,5029.23082685108,5029.113073405729,5029.113073405729,5029.113073405729,5029.113073405729
12090110,1600.9449788582865,1600.903048680231,1600.903048680231,1600.903048680231,1600.903048680231,2108.8413982851057,2108.7861658464594,2108.7861658464594,2108.7861658464594,2108.7861658464594
12090201,85042.88330415709,84298.23138388556,19040.79059075794,51669.510987321744,51579.44109211289,8504.28833041571,8429.823138388556,1904.0790590757942,5166.951098732175,5157.944109211289
12090205,818445.0255014863,815531.6588769302,513260.2762090235,631314.5818990241,665232.0705903629,81844.50255014864,81553.16588769303,51326.02762090235,63131.45818990241,66523.20705903629
12090301,406100.49660946237,402933.0587011463,402933.0587011463,402933.0587011463,402933.0587011463,46241.439127781625,45880.77252320645,45880.77252320645,45880.77252320645,45880.77252320645
12090302,34595.31083465173,34304.48311126473,34304.48311126473,34304.48311126473,34304.48311126473,3459.5310834651737,3430.448311126473,3430.448311126473,3430.448311126473,3430.448311126473
12090401,29539.966937956047,29539.10315770546,29539.10315770546,29539.10315770546,29539.10315770546,13006.023906326822,13005.643596267148,13005.643596267148,13005.643596267148,13005.643596267148
12090402,21602.15887547707,21478.32227822207,21478.32227822207,21478.32227822207,21478.32227822207,9698.44485274182,9642.847520264451,9642.847520264451,9642.847520264451,9642.847520264451
12100202,76355.30157541727,75888.50116747498,41798.39375219411,58843.44745983454,58859.19089244526,25265.98211443716,25111.517781054463,13831.095512235452,19471.306646644953,19476.516151139796
12100203,61680.99772031745,61591.40662834347,61591.40662834347,61591.40662834347,61591.40662834347,43524.95431496584,43461.73471201978,43461.73471201978,43461.73471201978,43461.73471201978
12100204,48993.655093523375,48578.17634736775,48578.17634736775,48578.17634736775,48578.17634736775,4899.3655093523375,4857.817634736775,4857.817634736775,4857.817634736775,4857.817634736775
12100301,587110.6906599947,583382.1939470825,583382.1939470825,583382.1939470825,583382.1939470825,117538.81122322775,116792.37093818923,116792.37093818923,116792.37093818923,116792.37093818923
12100302,944812.1387040468,944797.9943158398,944797.9943158398,944797.9943158398,944797.9943158398,725006.8314466785,724995.9776719897,724995.9776719897,724995.9776719897,724995.9776719897
12100304,78901.89155636958,78662.00825968113,78662.00825968113,78662.00825968113,78662.00825968113,62397.82123529813,62208.11481928139,62208.11481928139,62208.11481928139,62208.11481928139
12100401,323831.236837744,320908.3663285277,320908.3663285277,320908.3663285277,320908.3663285277,70078.47849429255,69445.95669027539,69445.95669027539,69445.95669027539,69445.95669027539
12100402,8906.711108495758,8871.185892881651,8871.185892881651,8871.185892881651,8871.185892881651,5562.827477308004,5540.639641287709,5540.639641287709,5540.639641287709,5540.639641287709
12100403,5862.016989222822,5831.208346423704,5831.208346423704,5831.208346423704,5831.208346423704,4819.751290899493,4794.420419942465,4794.420419942465,4794.420419942465,4794.420419942465
12100407,6451.851919218637,6451.61793832559,6451.61793832559,6451.61793832559,6451.61793832559,5603.207385336768,5603.0041811274405,5603.0041811274405,5603.0041811274405,5603.0041811274405
12110104,6991.538802171103,6991.4704156759535,6991.4704156759535,6991.4704156759535,6991.4704156759535,20129.538088944384,20129.34119544242,20129.34119544242,20129.34119544242,20129.34119544242
12110106,9871.35181090711,9859.345734390257,9859.345734390257,9859.345734390257,9859.345734390257,8755.840949065494,8745.191617705657,8745.191617705657,8745.191617705657,8745.191617705657
12110110,59483.66160039978,59117.926043146406,59117.926043146406,59117.926043146406,59117.926043146406,78915.92635225819,78430.71142896546,78430.71142896546,78430.71142896546,78430.71142896546
12110201,31058.68838813356,30850.65528217634,30850.65528217634,30850.65528217634,30850.65528217634,3105.868838813356,3085.065528217634,3085.065528217634,3085.065528217634,3085.065528217634
12110202,51132.093488666585,50976.98667055351,50976.98667055351,50976.98667055351,50976.98667055351,56509.04043507677,56337.622899464805,56337.622899464805,56337.622899464805,56337.622899464805
12110203,10644.397346280139,10565.71907269998,10565.71907269998,10565.71907269998,10565.71907269998,15692.15385403903,15576.164988363937,15576.164988363937,15576.164988363937,15576.164988363937
12110204,2564.18786518062,2555.2250544491444,2555.2250544491444,2555.2250544491444,2555.2250544491444,5495.326743085091,5476.118488426879,5476.118488426879,5476.118488426879,5476.118488426879
12110205,7502.043235497579,7501.9397208254895,7501.9397208254895,7501.9397208254895,7501.9397208254895,9849.71714918683,9849.58124084708,9849.58124084708,9849.58124084708,9849.58124084708
12110206,5526.418793017172,5526.121950343945,5526.121950343945,5526.121950343945,5526.121950343945,20058.169753314673,20057.092361073403,20057.092361073403,20057.092361073403,20057.092361073403
12110207,7944.742100017567,7944.353773830021,7944.353773830021,7944.353773830021,7944.353773830021,44956.24686021467,44954.049471334096,44954.049471334096,44954.049471334096,44954.049471334096
12110208,172576.8270371715,172172.4866839681,172172.4866839681,172172.4866839681,172172.4866839681,53005.477047021464,52881.28741114242,52881.28741114242,52881.28741114242,52881.28741114242
13010002,3981.737902213218,3975.4188965478647,3975.4188965478647,3975.4188965478647,3975.4188965478647,3267.4385309611034,3262.2531161760517,3262.2531161760517,3262.2531161760517,3262.2531161760517
13010003,2192.349553234411,2190.1221317657514,2190.1221317657514,2190.1221317657514,2190.1221317657514,30448.86067116333,30417.92470757344,30417.92470757344,30417.92470757344,30417.92470757344
13010004,863.9444619395683,863.9004721324941,863.9004721324941,863.9004721324941,863.9004721324941,6318.484218534881,6318.162497736821,6318.162497736821,6318.162497736821,6318.162497736821
13010005,431.9838571311038,431.9611044856404,431.9611044856404,431.9611044856404,431.9611044856404,370.5449018490876,370.525385201322,370.525385201322,370.525385201322,370.525385201322
13020101,13615.708889717022,13615.668840100128,13615.668840100128,13615.668840100128,13615.668840100128,7957.434838232199,7957.411432016679,7957.411432016679,7957.411432016679,7957.411432016679
13020102,3443.43493656,3443.43493656,3443.43493656,3443.43493656,3443.43493656,7591.5818537231435,7591.5818537231435,7591.5818537231435,7591.5818537231435,7591.5818537231435
13020201,34132.47920057748,34132.26037748422,34132.26037748422,34132.26037748422,34132.26037748422,11339.00024166347,11338.927547409627,11338.927547409627,11338.927547409627,11338.927547409627
13020203,707460.330936029,706480.6189015883,706480.6189015883,706480.6189015883,706480.6189015883,403164.2857944277,402605.97194221936,402605.97194221936,402605.97194221936,402605.97194221936
13020207,18433.85474749476,19112.02690600828,19112.02690600828,19112.02690600828,19112.02690600828,371026.92495333415,384676.81717657804,384676.81717657804,384676.81717657804,384676.81717657804
13030101,1378.2774663188886,2574322.4343322357,1378.2272593178088,644614.2790275472,705695.7270277467,294.5025818326536,550066.7477394246,294.49185388287185,137737.5558252683,150789.09630077204
13030102,63275.1288712306,62879.274699486385,62879.274699486385,62879.274699486385,62879.274699486385,33056.100201359455,32849.29864441704,32849.29864441704,32849.29864441704,32849.29864441704
13030202,54922.50664974173,52053.43616325251,52053.43616325251,52053.43616325251,52053.43616325251,1680818.6858429448,1593015.2045589334,1593015.2045589334,1593015.2045589334,1593015.2045589334
13040100,113301.72558862159,113137.66490109167,113137.66490109167,113137.66490109167,113137.66490109167,45228.13594934129,45162.645692763144,45162.645692763144,45162.645692763144,45162.645692763144
13040201,1597.5151448216589,1597.5049793627547,1597.5049793627547,1597.5049793627547,1597.5049793627547,770.0119768145663,770.0070770017968,770.0070770017968,770.0070770017968,770.0070770017968
13040303,543.5121758707076,543.4068470820619,543.4068470820619,543.4068470820619,543.4068470820619,1714.9956506240271,1714.6632966815907,1714.6632966815907,1714.6632966815907,1714.6632966815907
13050001,14179.837525491954,14178.654893167253,14178.654893167253,14178.654893167253,14178.654893167253,224805.24800349132,224786.4987087569,224786.4987087569,224786.4987087569,224786.4987087569
13050002,3305.3720728548915,3300.8714114866566,3300.8714114866566,3300.8714114866566,3300.8714114866566,60542.79430768053,60460.35801625564,60460.35801625564,60460.35801625564,60460.35801625564
13050003,4610.499598040602,4609.280901600151,4609.280901600151,4609.280901600151,4609.280901600151,261420.88707168438,261351.78551386856,261351.78551386856,261351.78551386856,261351.78551386856
13060001,5343.875983308493,5343.760482603349,5343.760482603349,5343.760482603349,5343.760482603349,36971.53269358897,36970.73360354464,36970.73360354464,36970.73360354464,36970.73360354464
13060002,365.23148077683715,364.0707360334619,364.0707360334619,364.0707360334619,364.0707360334619,6524.74779261002,6504.011445660923,6504.011445660923,6504.011445660923,6504.011445660923
13060003,1438.4235506422042,1438.332937618987,1438.332937618987,1438.332937618987,1438.332937618987,9306.527946746291,9305.941685048523,9305.941685048523,9305.941685048523,9305.941685048523
13060004,1034.5162457184647,1034.4336818252818,1034.4336818252818,1034.4336818252818,1034.4336818252818,14886.035659995843,14884.847617697586,14884.847617697586,14884.847617697586,14884.847617697586
13060007,1423.288294663359,1427.4169235979105,1427.4169235979105,1427.4169235979105,1427.4169235979105,3392.5982317215285,3402.4393716194063,3402.4393716194063,3402.4393716194063,3402.4393716194063
13060008,3443.88877751497,3443.929587024906,3443.929587024906,3443.929587024906,3443.929587024906,16868.5750306551,16868.774920467113,16868.774920467113,16868.774920467113,16868.774920467113
13060011,1379.6005830602066,1379.8008003315576,1379.8008003315576,1379.8008003315576,1379.8008003315576,3236.7283139252404,3237.1980505425454,3237.1980505425454,3237.1980505425454,3237.1980505425454
13070005,2.136369778472012,2.116584218794069,2.116584218794069,2.116584218794069,2.116584218794069,15.462638189202757,15.319434070817538,15.319434070817538,15.319434070817538,15.319434070817538
13070006,16.09349457597684,15.94444790785397,15.94444790785397,15.94444790785397,15.94444790785397,190.48488627742435,188.72074875630486,188.72074875630486,188.72074875630486,188.72074875630486
13070007,55707.688321636706,59918.33569148258,59918.33569148258,59918.33569148258,59918.33569148258,136242.01450204148,146539.82253014293,146539.82253014293,146539.82253014293,146539.82253014293
13070008,1743.6093741372608,1742.246186312166,1742.246186312166,1742.246186312166,1742.246186312166,1215.5603947366444,1214.6100459054492,1214.6100459054492,1214.6100459054492,1214.6100459054492
13070009,581.8519126796585,581.3915081179355,581.3915081179355,581.3915081179355,581.3915081179355,12652.456878862622,12642.445312797288,12642.445312797288,12642.445312797288,12642.445312797288
13080001,1599.3276656817955,1599.3007139249355,1599.3007139249355,1599.3007139249355,1599.3007139249355,260.61709460939903,260.61270270852833,260.61270270852833,260.61270270852833,260.61270270852833
13080002,16234.759947606903,16227.203310048013,16227.203310048013,16227.203310048013,16227.203310048013,2754.368615665263,2753.0865661986045,2753.0865661986045,2753.0865661986045,2753.0865661986045
13080003,11023.072074983906,11022.754056940541,11022.754056940541,11022.754056940541,11022.754056940541,1893.711095379769,1893.6564613999533,1893.6564613999533,1893.6564613999533,1893.6564613999533
13090001,9992.472267437182,9992.09830900284,9992.09830900284,9992.09830900284,9992.09830900284,1081.0656765116187,1081.025218693274,1081.025218693274,1081.025218693274,1081.025218693274
14010001,142771.3583939693,148174.68083572312,4789.25244144,77927.48943814798,78021.72232243704,69236.58171693976,71856.90823053317,2322.5349380637426,37790.72393212025,37836.42191291202
14010002,61945.68344842416,64368.94789164079,3626.24743656,23873.81425492026,33562.54337698208,39316.544904911825,40854.575966874814,2301.556980875631,15152.563309542022,21301.94018930847
14010003,5151.9142923490745,4984.927531628649,4984.927531628649,4984.927531628649,4984.927531628649,4192.493096905591,4056.6036387609383,4056.6036387609383,4056.6036387609383,4056.6036387609383
14010004,63591.554393158935,59615.72353673164,2590.120853395925,13995.24139006307,31022.985724073867,36769.323698314656,34470.45534818907,1497.6358572313056,8092.199755422861,17937.82547166956
14010005,18212.100070534947,18206.946942616712,18206.946942616712,18206.946942616712,18206.946942616712,4926.996466478835,4925.602368986172,4925.602368986172,4925.602368986172,4925.602368986172
14020002,61486.96411555013,442652.8047798833,1726.5390381,158640.78490517108,205744.5820254892,39277.22607251933,282761.95670192887,1102.894981040926,101338.06511137367,131427.4753624959
14020006,1726.5390381,1726.5390381,1726.5390381,1726.5390381,1726.5390381,37367.71780919263,37367.71780919263,37367.71780919263,37367.71780919263,37367.71780919263
14030002,2158.3779098584973,2158.3646102984103,2158.3646102984103,2158.3646102984103,2158.3646102984103,3500.86113468195,3500.839562967004,3500.839562967004,3500.839562967004,3500.839562967004
14030003,13593.83934756386,13664.664912449161,13302.780651547058,13664.664912449161,13480.03840498319,21524.152327521653,21636.29579253525,21063.297115896825,21636.29579253525,21343.962701876204
14040103,32706.63236658029,203240.7995583378,38185.30884252341,79449.18152147703,132010.9304417872,12254.772667430361,76151.826559777,14307.565323628289,29768.630632665474,49462.87114026143
14040105,587532.86366826,687295.5024492354,687295.5024492354,687295.5024492354,687295.5024492354,58753286.366826005,68729550.24492355,68729550.24492355,68729550.24492355,68729550.24492355
14040106,1072.603125,606637.2218621648,1072.603125,152463.7578092912,278741.53619890154,517.5589174358497,292718.24452616,517.5589174358497,73567.73031961688,134500.04419808974
14040107,25642.7239418762,29582.8596514597,29582.8596514597,29582.8596514597,29582.8596514597,104133.792169164,120134.4820346436,120134.4820346436,120134.4820346436,120134.4820346436
14040108,256400.4686975388,299926.3571802573,299926.3571802573,299926.3571802573,299926.3571802573,2424510.295241936,2836088.9685258376,2836088.9685258376,2836088.9685258376,2836088.9685258376
14050001,187653.0166633244,187381.6234775095,187381.6234775095,187381.6234775095,187381.6234775095,131705.41993668224,131514.94096575349,131514.94096575349,131514.94096575349,131514.94096575349
14050007,149985.3385951941,202265.13446389098,172364.4559673871,178344.5916666878,184583.0578547885,197249.58877755248,266004.0972719266,226680.94347005105,234545.57423042605,242749.94208218457
14060003,3751.5761719200004,3751.5761719200004,3751.5761719200004,3751.5761719200004,3751.5761719200004,4799.982389776946,4799.982389776946,4799.982389776946,4799.982389776946,4799.982389776946
14060007,19144.45157154964,22204.32096915605,22204.32096915605,22204.32096915605,22204.32096915605,1416834.29285279,1643287.7839845107,1643287.7839845107,1643287.7839845107,1643287.7839845107
14060009,672581.0953206965,786781.4544407672,786781.4544407672,786781.4544407672,786781.4544407672,67258109.53206965,78678145.44407672,78678145.44407672,78678145.44407672,78678145.44407672
14070005,577.1655945,577.1655945,577.1655945,577.1655945,577.1655945,31829.275402307332,31829.275402307332,31829.275402307332,31829.275402307332,31829.275402307332
14070006,65122083.43543089,52015993.425556354,282182.30241984857,13215635.083203979,15628206.3602644,6512208.34354309,5201599.342555636,28218.230241984857,1321563.508320398,1562820.6360264402
14080101,3230.2702881,4119.006261504212,3230.2702881,3526.5156125680705,3648.906103832488,4691.022380729592,5981.651328145275,4691.022380729592,5121.232029868153,5298.968405621271
14080104,8244.412680877598,8412.549852487427,8356.86551494084,8412.549852487427,8383.666396825654,6556.958263342718,6690.681362784265,6646.3944145991345,6690.681362784265,6667.709730891719
14080105,387780.0430063834,366470.20145248994,366470.20145248994,366470.20145248994,366470.20145248994,202700.91505130834,191561.80549558142,191561.80549558142,191561.80549558142,191561.80549558142
14080106,664593.4293118172,544174.6900218297,544174.6900218297,544174.6900218297,544174.6900218297,66459342.931181714,54417469.00218297,54417469.00218297,54417469.00218297,54417469.00218297
14080202,1726.5390381,1726.5390381,1726.5390381,1726.5390381,1726.5390381,172653.90381,172653.90381,172653.90381,172653.90381,172653.90381
14080203,445.54987850969303,447.91664682350097,447.91664682350097,447.91664682350097,447.91664682350097,44554.9878509693,44791.6646823501,44791.6646823501,44791.6646823501,44791.6646823501
14080204,3276.926644633473,3270.2759348671843,3270.2759348671843,3270.2759348671843,3270.2759348671843,206274.6800598313,205856.03381657202,205856.03381657202,205856.03381657202,205856.03381657202
15010003,1731.5387953699942,1731.393652461645,1731.393652461645,1731.393652461645,1731.393652461645,17296.531110465807,17295.08126202092,17295.08126202092,17295.08126202092,17295.08126202092
15010004,73004.98418617183,72999.43104602027,72999.43104602027,72999.43104602027,72999.43104602027,373714.41658620734,373685.9899170546,373685.9899170546,373685.9899170546,373685.9899170546
15010005,28303.870684287678,23299.32166501251,23299.32166501251,23299.32166501251,23299.32166501251,2830.387068428768,2329.9321665012512,2329.9321665012512,2329.9321665012512,2329.9321665012512
15010007,1867.9991167804742,1866.9982047033109,1866.9982047033109,1866.9982047033109,1866.9982047033109,30770.126314542278,30753.6390524406,30753.6390524406,30753.6390524406,30753.6390524406
15010008,26121.806038984483,26842.16305450185,26842.16305450185,26842.16305450185,26842.16305450185,137740.77573102718,141539.23185510104,141539.23185510104,141539.23185510104,141539.23185510104
15010010,5960.2491048497095,5961.8077568035715,5961.8077568035715,5961.8077568035715,5961.8077568035715,21729.172582353905,21734.854931649297,21734.854931649297,21734.854931649297,21734.854931649297
15010012,477324.8859421488,372459.6945613576,372459.6945613576,372459.6945613576,372459.6945613576,3394030.938664126,2648384.2849539807,2648384.2849539807,2648384.2849539807,2648384.2849539807
15010015,2281984.136969978,2260654.8094774955,2260654.8094774955,2260654.8094774955,2260654.8094774955,228198413.6969978,226065480.94774956,226065480.94774956,226065480.94774956,226065480.94774956
15020002,75043.10667671483,64089.25205251552,64089.25205251552,64089.25205251552,64089.25205251552,115800.77862325056,98897.62854615271,98897.62854615271,98897.62854615271,98897.62854615271
15020003,137385.1788874991,113471.603453972,113471.603453972,113471.603453972,113471.603453972,1925729.138961623,1590532.3629919975,1590532.3629919975,1590532.3629919975,1590532.3629919975
15020005,1869.9380493670376,1866.973643314446,1866.973643314446,1866.973643314446,1866.973643314446,6392.462100584869,6382.32815344777,6382.32815344777,6382.32815344777,6382.32815344777
15020006,1842.9075145997879,1842.7897732951903,1842.7897732951903,1842.7897732951903,1842.7897732951903,24357.915563619685,24356.359363575455,24356.359363575455,24356.359363575455,24356.359363575455
15020008,466797.78298824193,382080.8336684818,382080.8336684818,382080.8336684818,382080.8336684818,535875.9805881223,438622.3518357675,438622.3518357675,438622.3518357675,438622.3518357675
15030101,17344147.40560415,13853665.204800209,22200.07815387442,13853665.204800209,2818160.452663871,1734414.7405604152,1385366.520480021,2220.007815387442,1385366.520480021,281816.0452663871
15030102,5027.3288284118025,5005.357379681733,5005.357379681733,5005.357379681733,5005.357379681733,502732.88284118025,500535.7379681733,500535.7379681733,500535.7379681733,500535.7379681733
15030103,27987.32275194586,24022.60285060461,24022.60285060461,24022.60285060461,24022.60285060461,697911.6862967935,599044.625071827,599044.625071827,599044.625071827,599044.625071827
15030104,10595241.29712745,8463285.561202947,86197.12693149086,2878559.938355309,2031771.216180507,1059524.129712745,846328.5561202947,8619.712693149086,287855.9938355309,203177.12161805073
15030107,205336.656384759,164626.1416991943,3192.83503416,83909.48836667715,42842.770032732195,20533.6656384759,16462.61416991943,319.28350341600003,8390.948836667716,4284.27700327322
15030108,20707.90664754861,17980.05652586641,17980.05652586641,17980.05652586641,17980.05652586641,2070790.664754861,1798005.652586641,1798005.652586641,1798005.652586641,1798005.652586641
15030203,1514.5660452680252,1512.7724708501298,1512.7724708501298,1512.7724708501298,1512.7724708501298,13350.22509387838,13334.415534251491,13334.415534251491,13334.415534251491,13334.415534251491
15040003,2938.148933114075,2832.281564844061,2832.281564844061,2832.281564844061,2832.281564844061,53769.94457638213,51832.50619122417,51832.50619122417,51832.50619122417,51832.50619122417
15050100,3740251.329100316,3717023.932119507,3717023.932119507,3717023.932119507,3717023.932119507,6055452.540978093,6017847.474448625,6017847.474448625,6017847.474448625,6017847.474448625
15050201,146210.484503473,117137.9265978478,117137.9265978478,117137.9265978478,117137.9265978478,1631300.1544949184,1306931.7046941635,1306931.7046941635,1306931.7046941635,1306931.7046941635
15050202,3734.337729729955,3730.344479722333,3730.344479722333,3730.344479722333,3730.344479722333,36377.96825711643,36339.06810064062,36339.06810064062,36339.06810064062,36339.06810064062
15050301,137672.9138612576,133137.07996718658,133137.07996718658,133137.07996718658,133137.07996718658,546632.4737973344,528622.8738498201,528622.8738498201,528622.8738498201,528622.8738498201
15050302,43247.86043962378,43247.82789550041,43247.82789550041,43247.82789550041,43247.82789550041,190891.9265180971,190891.78287144398,190891.78287144398,190891.78287144398,190891.78287144398
15050303,80002.7927133826,73073.89593975568,73073.89593975568,73073.89593975568,73073.89593975568,8000279.27133826,7307389.593975567,7307389.593975567,7307389.593975567,7307389.593975567
15050304,23297.006782428478,23295.556312484227,23295.556312484227,23295.556312484227,23295.556312484227,683115.2556323273,683072.7249263012,683072.7249263012,683072.7249263012,683072.7249263012
15060106,6303831.00651644,5429517.862087027,1474016.8956426696,2831496.666215135,2447410.3076135824,1239849.0463101529,1067887.5331958798,289912.34701857006,556903.9584989161,481361.14890890586
15060202,9404.900480501154,9401.522540235072,9401.522540235072,9401.522540235072,9401.522540235072,18772.98706633998,18766.244408184535,18766.244408184535,18766.244408184535,18766.244408184535
15070101,145469.0076097424,126433.83295545423,126433.83295545423,126433.83295545423,126433.83295545423,42802.317178352634,37201.470671693605,37201.470671693605,37201.470671693605,37201.470671693605
15070102,1248713.7994430235,1240718.2781988354,1240718.2781988354,1240718.2781988354,1240718.2781988354,43674170.91867471,43394524.96492748,43394524.96492748,43394524.96492748,43394524.96492748
15070104,1858231.658054041,1533733.735448264,1533733.735448264,1533733.735448264,1533733.735448264,185823165.8054041,153373373.54482642,153373373.54482642,153373373.54482642,153373373.54482642
15070201,7916.265965526274,7857.628108096119,7857.628108096119,7857.628108096119,7857.628108096119,5543.91823156054,5502.852975759086,5502.852975759086,5502.852975759086,5502.852975759086
15070202,3329.648266532934,3329.1189782518554,3329.1189782518554,3329.1189782518554,3329.1189782518554,332964.8266532934,332911.89782518556,332911.89782518556,332911.89782518556,332911.89782518556
15080301,1401.218672102287,1399.2202355879513,1399.2202355879513,1399.2202355879513,1399.2202355879513,9437.207395602123,9423.747926192944,9423.747926192944,9423.747926192944,9423.747926192944
16010202,148497.5582123031,171584.7338018917,12759.29912106,66472.61544581126,129253.2787403475,51139.55893364994,59090.3157736198,4394.044839583466,22891.825805006898,44512.21787808391
16010203,7281.615384423382,8894.15554831433,7390.806748976509,7962.156763290883,8174.732453493432,4584.3339085495,5599.551296718187,4653.078225382341,5012.786766137551,5146.6194245904435
16010204,288550.810864588,337065.56440786703,3314.3699707200003,114564.7681164357,170757.4993230048,97357.42728102297,113726.36963815636,1118.2728353454747,38654.30510294911,57613.80733333087
16020101,27109.93007808,27109.93007808,27109.93007808,27109.93007808,27109.93007808,27799.58330521708,27799.58330521708,27799.58330521708,27799.58330521708,27799.58330521708
16020102,93743.1080934859,94116.20818460945,92734.3359688987,94116.20818460945,93701.37746245791,46813.41549044373,46999.73414298799,46309.65505872875,46999.73414298799,46792.57605585785
16020201,280683.4355105298,312238.8661267773,312238.8661267773,312238.8661267773,312238.8661267773,233857.86355034506,260148.99674067524,260148.99674067524,260148.99674067524,260148.99674067524
16020202,29415.061786879254,30834.228783006754,30834.228783006754,30834.228783006754,30834.228783006754,49275.72228979705,51653.092063509954,51653.092063509954,51653.092063509954,51653.092063509954
16020203,19513.2719773044,19575.56244071914,19575.56244071914,19575.56244071914,19575.56244071914,14595.708256029116,14642.300822985177,14642.300822985177,14642.300822985177,14642.300822985177
16020204,840574.3477597063,845208.7587956376,845208.7587956376,845208.7587956376,845208.7587956376,336874.26955938817,338731.58751910017,338731.58751910017,338731.58751910017,338731.58751910017
16020304,22924.227662537363,22924.280104602145,22924.280104602145,22924.280104602145,22924.280104602145,138640.4433706751,138640.76052819157,138640.76052819157,138640.76052819157,138640.76052819157
16020308,4660.541003016744,5355.066397275844,5355.066397275844,5355.066397275844,5355.066397275844,166470.4848590166,191278.32992558143,191278.32992558143,191278.32992558143,191278.32992558143
16030004,1731.4967286,1731.4967286,1731.4967286,1731.4967286,1731.4967286,9647.36331033972,9647.36331033972,9647.36331033972,9647.36331033972,9647.36331033972
16030005,1163065.5584940112,913936.5422336089,913936.5422336089,913936.5422336089,913936.5422336089,3428649.8106913413,2694231.919798782,2694231.919798782,2694231.919798782,2694231.919798782
16030006,3622.8436435560225,3672.256950908842,3672.256950908842,3672.256950908842,3672.256950908842,61612.1560783106,62452.50711316209,62452.50711316209,62452.50711316209,62452.50711316209
16030007,28629.24351107509,33331.47047936368,33331.47047936368,33331.47047936368,33331.47047936368,355152.71622492094,413484.9833505868,413484.9833505868,413484.9833505868,413484.9833505868
16040105,259175.44266746068,202535.0022258621,202535.0022258621,202535.0022258621,202535.0022258621,493712.0407801706,385815.7557259222,385815.7557259222,385815.7557259222,385815.7557259222
16040201,25260.225288855472,19943.54427069973,19943.54427069973,19943.54427069973,19943.54427069973,559542.3137867049,441771.8677773729,441771.8677773729,441771.8677773729,441771.8677773729
16040203,6790.974401691156,5297.491076222117,5297.491076222117,5297.491076222117,5297.491076222117,86231.99915654976,67267.7025410161,67267.7025410161,67267.7025410161,67267.7025410161
16050101,28648.139125627542,28643.17734085683,28643.17734085683,28643.17734085683,28643.17734085683,11894.929976843063,11892.869805250451,11892.869805250451,11892.869805250451,11892.869805250451
16050102,1778650.0558234975,1717617.5130667246,1541526.4329764843,1629571.9730216046,1633976.7093213324,823302.4723865296,795051.6969272596,713542.5652524587,754297.1310898592,756335.9977426351
16050104,18867.62886280514,14956.819167972539,14956.819167972539,14956.819167972539,14956.819167972539,1198481.716490944,950065.0261895873,950065.0261895873,950065.0261895873,950065.0261895873
16050202,7495.716796920001,7495.716796920001,7495.716796920001,7495.716796920001,7495.716796920001,5346.584751201776,5346.584751201776,5346.584751201776,5346.584751201776,5346.584751201776
16050203,31905.07143835929,25007.74726435457,25007.74726435457,25007.74726435457,25007.74726435457,89465.76547132563,70124.81561251084,70124.81561251084,70124.81561251084,70124.81561251084
16050303,153303.6321735509,119708.1178033354,119708.1178033354,119708.1178033354,119708.1178033354,171184.85787808753,133670.78680705128,133670.78680705128,133670.78680705128,133670.78680705128
16060001,84405.35894042706,66037.90725599916,66037.90725599916,66037.90725599916,66037.90725599916,5672588.566495647,4438176.466023632,4438176.466023632,4438176.466023632,4438176.466023632
16060002,34459.90567492956,26881.42113375284,26881.42113375284,26881.42113375284,26881.42113375284,3445990.5674929563,2688142.113375284,2688142.113375284,2688142.113375284,2688142.113375284
16060003,601.8585979799356,588.793389680129,588.793389680129,588.793389680129,588.793389680129,39577.29008456158,38718.14220392617,38718.14220392617,38718.14220392617,38718.14220392617
16060004,81830.00062650767,63953.09607753437,63953.09607753437,63953.09607753437,63953.09607753437,923921.8562900953,722078.2450332006,722078.2450332006,722078.2450332006,722078.2450332006
16060008,589.833101771522,579.4125622637647,579.4125622637647,579.4125622637647,579.4125622637647,11560.003314822803,11355.7735574726,11355.7735574726,11355.7735574726,11355.7735574726
16060010,1124.1473429538812,1115.516071745841,1115.516071745841,1115.516071745841,1115.516071745841,112414.73429538812,111551.60717458409,111551.60717458409,111551.60717458409,111551.60717458409
16060015,156343.50198775882,127702.54927523549,127702.54927523549,127702.54927523549,127702.54927523549,12318642.408278681,10061959.845765667,10061959.845765667,10061959.845765667,10061959.845765667
17010101,7971985.865429815,9303904.978407752,756.37298592,3101805.90812653,7940835.982085974,3107400.650453085,3626569.44827626,294.8266527447273,1209053.0338605829,3095258.7363305404
17010104,857.08410642,857.08410642,857.08410642,857.08410642,857.08410642,85.708410642,85.708410642,85.708410642,85.708410642,85.708410642
17010105,11011.47174328994,12779.778904456469,428.54205329999996,12779.778904456469,11466.06510804885,4915.696207878912,5705.096663073137,191.30799183198562,5705.096663073137,5118.633919691505
17010201,3426.349265500716,3650.493452765679,3650.493452765679,3650.493452765679,3650.493452765679,6005.149916927912,6397.993536545706,6397.993536545706,6397.993536545706,6397.993536545706
17010202,3119.4815185800003,3119.4815185800003,3119.4815185800003,3119.4815185800003,3119.4815185800003,1749.291890918861,1749.291890918861,1749.291890918861,1749.291890918861,1749.291890918861
17010208,5991.680758848293,6297.728836418102,6297.728836418102,6297.728836418102,6297.728836418102,599.1680758848294,629.7728836418103,629.7728836418103,629.7728836418103,629.7728836418103
17010209,378.18649296,5300294.183369614,378.18649296,1767016.852118511,4354118.0712166205,85.75499118436663,1201858.5788506344,85.75499118436663,400676.6962776676,987310.1333959199
17010211,2363.10864264,12096.555124928067,2363.10864264,5607.590803402691,11353.580308542396,707.7433396332729,3622.8788502123925,707.7433396332729,1679.45517649298,3400.360313263214
17010212,887902.637447013,1382692.323535994,3025.4919433200002,692858.9077396572,1324278.980359,88790.26374470131,138269.2323535994,302.549194332,69285.89077396573,132427.8980359
17010213,12905.060074347253,1066272.028964683,3126.2031738,367672.69255607814,914155.3579981462,1290.5060074347255,106627.2028964683,312.62031738,36767.26925560782,91415.53579981462
17010216,18791582.00528349,21937687.314029347,2342.5204834799997,5513431.534561817,13206680.84164392,1879158.200528349,2193768.731402935,234.252048348,551343.1534561816,1320668.0841643922
17010303,7639.190161831527,7755.51751884166,7755.51751884166,7755.51751884166,7755.51751884166,763.9190161831527,775.551751884166,775.551751884166,775.551751884166,775.551751884166
17010304,3276.3923967729124,3536.2376711499273,3536.2376711499273,3536.2376711499273,3536.2376711499273,1043.5731701695697,1126.3372362204768,1126.3372362204768,1126.3372362204768,1126.3372362204768
17010305,83794.66458998894,4066883.63103869,71356.97754584216,1082583.23750468,2439836.129272401,8379.466458998895,406688.363103869,7135.697754584216,108258.323750468,243983.6129272401
17010306,28899.918977950136,29865.41098070994,29865.41098070994,29865.41098070994,29865.41098070994,39959.71457917077,41294.69357645412,41294.69357645412,41294.69357645412,41294.69357645412
17010307,28697.92494047874,539413.8290615928,15829.43203134,192993.8997532801,323894.1194042663,2869.7924940478742,53941.382906159284,1582.9432031340002,19299.38997532801,32389.41194042663
17010308,22068.855398676704,22073.735965940003,22073.735965940003,22073.735965940003,22073.735965940003,22790.111228939673,22795.151303233582,22795.151303233582,22795.151303233582,22795.151303233582
17020001,16943.22301881112,19645.47290744544,19645.47290744544,19645.47290744544,19645.47290744544,1694.3223018811123,1964.5472907445442,1964.5472907445442,1964.5472907445442,1964.5472907445442
17020003,3001.070333884434,3152.013148848995,2342.5204834799997,2747.2668161644974,2839.0626601328427,3516.8613136194404,3693.74652038185,2745.1271540339585,3219.4368372079043,3327.0095417720995
17020005,1798459.658766283,3068394.717563751,2792.95554204,1293119.834330552,1715504.259039486,179845.9658766283,306839.4717563751,279.29555420400004,129311.98343305521,171550.4259039486
17020009,2783.92104486,2724433.612747787,2783.92104486,1363608.766896323,1569983.836633968,700.8684988393201,685892.1878834936,700.8684988393201,343296.52819116635,395252.6659530248
17020010,246540.73446627,3691789.476801806,246548.41293717577,1646865.086230086,1962490.482700371,24654.073446627,369178.94768018066,24654.841293717578,164686.50862300862,196249.0482700371
17020014,1598.0236969660696,2919061.590544689,1405.5122680200002,730878.6908041919,1599188.464335432,63712.65362013188,116381978.79499525,56037.28934759696,29139881.31336933,63759092.49340586
17020015,2333544.4617641936,2333544.498841311,2333544.498841311,2333544.498841311,2333544.498841311,233354446.17641935,233354449.88413107,233354449.88413107,233354449.88413107,233354449.88413107
17020016,1248509.542661471,3595342.583479723,1441461.347656301,2161538.7924091807,2476039.0394787337,124850.9542661471,359534.2583479723,144146.1347656301,216153.8792409181,247603.9039478734
17030001,6551.446090120829,6558.738273235083,6558.738273235083,6558.738273235083,6558.738273235083,2721.62712227718,2724.656469244454,2724.656469244454,2724.656469244454,2724.656469244454
17030002,5545.45854486,5545.45854486,5545.45854486,5545.45854486,5545.45854486,1442.264073538296,1442.264073538296,1442.264073538296,1442.264073538296,1442.264073538296
17030003,57518.55393842094,61478.89555296186,33816.7828125,47647.83918273093,48442.21401299513,21536.906876847912,23019.79374921588,12662.15599034578,17840.974869780828,18138.41587921629
17040104,2445.03698724,4520622.392458774,2445.03698724,1131989.375855123,3680433.571253728,244.50369872400003,452062.2392458774,244.50369872400003,113198.93758551229,368043.35712537286
17040105,64955.552343840005,64955.552343840005,64955.552343840005,64955.552343840005,64955.552343840005,40204.348249894,40204.348249894,40204.348249894,40204.348249894,40204.348249894
17040201,11133.829384375656,11987.871965248123,6475.9462449684725,11987.871965248123,11419.332504247803,1113.3829384375656,1198.7871965248123,647.5946244968472,1198.7871965248123,1141.9332504247802
17040202,428.54205329999996,2514912.4430940747,428.54205329999996,629049.5173134936,2323471.983856871,166.0328115412006,974368.7474576697,166.0328115412006,243716.71147307332,900197.7356628475
17040203,42405.27257159741,49472.038308705276,1722.9877566701034,13660.2503946789,43888.61991213114,9104.093672853918,10621.275224419665,369.9125364050019,2932.7532084086683,9422.557210962219
17040204,2269.11906738,2269.11906738,2269.11906738,2269.11906738,2269.11906738,2563.2416218941817,2563.2416218941817,2563.2416218941817,2563.2416218941817,2563.2416218941817
17040205,988.9379755660326,996.0423738210502,996.0423738210502,996.0423738210502,996.0423738210502,1470.485446120699,1481.0492170502855,1481.0492170502855,1481.0492170502855,1481.0492170502855
17040206,49853.254785255485,57463.890698296185,5138.6666272874245,31301.27866279181,50198.823859087446,6064.69355889021,6990.534304889557,625.1234454006253,3807.8288751450914,6106.732349441558
17040207,5159.783368885662,5169.202695470283,5169.202695470283,5169.202695470283,5169.202695470283,11987.269384170138,12009.152474430906,12009.152474430906,12009.152474430906,12009.152474430906
17040208,10069.762123303206,10573.590602067856,10573.590602067856,10573.590602067856,10573.590602067856,49613.82856205088,52096.1970096889,52096.1970096889,52096.1970096889,52096.1970096889
17040209,5192.816419990942,2771426.8349394067,5199.098437806546,696756.0325632067,2150821.97206291,1058.793452053985,565082.2883674486,1060.0743290946677,142065.6278386832,438543.56410273793
17040210,10152.446996197821,11777.22023235853,11777.22023235853,11777.22023235853,11777.22023235853,153385.0219904252,177932.39255550157,177932.39255550157,177932.39255550157,177932.39255550157
17040211,1592.6091120737342,1593.1133489956244,1593.1133489956244,1593.1133489956244,1593.1133489956244,28073.141253624326,28082.029507638574,28082.029507638574,28082.029507638574,28082.029507638574
17040212,220527.9475394165,339394.00257279666,6264.434455258821,129402.38142694351,267541.55561970716,38862.19968765534,59809.188123057116,1103.9403642342575,22803.736411563787,47147.10074277834
17040213,1828.07633052,1828.07633052,1828.07633052,1828.07633052,1828.07633052,14528.250689735472,14528.250689735472,14528.250689735472,14528.250689735472,14528.250689735472
17040215,2021.8906494,2021.8906494,2021.8906494,2021.8906494,2021.8906494,95295.47505735047,95295.47505735047,95295.47505735047,95295.47505735047,95295.47505735047
17040219,2268.489737850473,2337.76647889976,2337.76647889976,2337.76647889976,2337.76647889976,2671.9051993464,2753.501726549013,2753.501726549013,2753.501726549013,2753.501726549013
17040221,1285.62615972,1285.62615972,1285.62615972,1285.62615972,1285.62615972,36346.31504273709,36346.31504273709,36346.31504273709,36346.31504273709,36346.31504273709
17050101,2929.314169659344,3834.624443942936,3834.624443942936,3834.624443942936,3834.624443942936,432.567945821278,566.2539156410642,566.2539156410642,566.2539156410642,566.2539156410642
17050103,348757.6012444534,533690.455747287,13011.950388558998,201378.5508843789,397941.4985401191,62674.72100154412,95908.73516675821,2338.3586691125597,36189.44632987962,71513.48761128973
17050105,13674.379409286561,10786.381871883661,10786.381871883661,10786.381871883661,10786.381871883661,43251.47776998199,34116.864962331274,34116.864962331274,34116.864962331274,34116.864962331274
17050110,1255.9923228882717,1256.6899017625706,1256.6899017625706,1256.6899017625706,1256.6899017625706,1242.2232256361901,1242.9131571457829,1242.9131571457829,1242.9131571457829,1242.9131571457829
17050112,9422.70380856,9422.70380856,9422.70380856,9422.70380856,9422.70380856,1024.8777582907755,1024.8777582907755,1024.8777582907755,1024.8777582907755,1024.8777582907755
17050113,428.54205329999996,1114969.6174076989,428.54205329999996,371942.2338380998,808810.3299149324,225.46991419958144,586621.7843411217,225.46991419958144,195690.90805650703,425541.4241971547
17050114,104699.32052291572,225588.4916680511,103235.90790676702,135703.9469092174,193565.88437039024,31818.103827570885,68556.3002161809,31373.373008587154,41240.40395872094,58824.63587740904
17050115,629.7529781861488,631.0693869758993,631.0693869758993,631.0693869758993,631.0693869758993,62.97529781861488,63.10693869758993,63.10693869758993,63.10693869758993,63.10693869758993
17050117,1257.2666336889572,1258.6660773049314,1258.6660773049314,1258.6660773049314,1258.6660773049314,1855.2640925511896,1857.3291576859008,1857.3291576859008,1857.3291576859008,1857.3291576859008
17050118,4681.838310223485,6569.422908832288,6569.422908832288,6569.422908832288,6569.422908832288,57567.36437023094,80776.89515015276,80776.89515015276,80776.89515015276,80776.89515015276
17050122,248102.6563973267,290058.8870613028,24815.238053834328,157642.2435996735,223902.22764690692,51878.1830836718,60651.216986222025,5188.858038505017,32962.94080014845,46817.881466396735
17050123,789634.0106616814,1222582.6435857501,3569.44328622,613076.0434359848,1086225.173412055,288822.52244062984,447181.0968687613,1305.5866385123775,224243.34175363672,397305.9547681974
17050124,2512.512832136785,2716.1925822023777,2716.1925822023777,2716.1925822023777,2716.1925822023777,2023.768271012461,2187.827379630002,2187.827379630002,2187.827379630002,2187.827379630002
17050201,40445.536915831406,877579.9736433298,1684.506005759642,194896.7521033199,448520.7798539055,4044.553691583141,87757.99736433299,168.45060057596422,19489.67521033199,44852.077985390555
17050202,2512.986549581074,2514.933535879589,2514.933535879589,2514.933535879589,2514.933535879589,5220.51474676234,5224.559444369192,5224.559444369192,5224.559444369192,5224.559444369192
17050203,2518.252549534185,2523.099942621033,2523.099942621033,2523.099942621033,2523.099942621033,3640.1175927994937,3647.1244678080834,3647.1244678080834,3647.1244678080834,3647.1244678080834
17060101,68758.81484363702,106629.8061320715,0,35543.26871069049,59913.22595586588,6875.881484363703,10662.980613207152,0,3554.3268710690495,5991.322595586588
17060105,1254.72579354,1254.72579354,1254.72579354,1254.72579354,1254.72579354,600.6185030929089,600.6185030929089,600.6185030929089,600.6185030929089,600.6185030929089
17060107,2094.3493833621083,4154317.6356862388,2141.5168484878773,1040185.5465579251,2172508.5204495606,209.43493833621085,415431.7635686239,214.15168484878774,104018.55465579251,217250.85204495606
17060108,12663.387832628041,12666.214021007792,12666.214021007792,12666.214021007792,12666.214021007792,21503.33605337328,21508.135122886368,21508.135122886368,21508.135122886368,21508.135122886368
17060109,400.110566960986,405.1356682853086,405.1356682853086,405.1356682853086,405.1356682853086,1527.4567089078105,1546.6404680098954,1546.6404680098954,1546.6404680098954,1546.6404680098954
17060110,3262.1537109600004,3025209.521146091,3262.1537109600004,758748.9955697426,1629010.75998758,326.21537109600007,302520.9521146091,326.21537109600007,75874.89955697427,162901.075998758
17060204,857.6310607750505,857.9323122255674,857.9323122255674,857.9323122255674,857.9323122255674,1768.7990167769658,1769.4203250455766,1769.4203250455766,1769.4203250455766,1769.4203250455766
17060210,857.08410642,857.08410642,857.08410642,857.08410642,857.08410642,322.97220314223654,322.97220314223654,322.97220314223654,322.97220314223654,322.97220314223654
17060306,8188.803156124848,9137.417554550439,9137.417554550439,9137.417554550439,9137.417554550439,818.8803156124849,913.7417554550439,913.7417554550439,913.7417554550439,913.7417554550439
17060308,428.54205329999996,4248534.706751986,428.54205329999996,708446.2361697474,2431712.1279114857,50.24071018183474,498082.74183529895,50.24071018183474,83055.65756436798,285085.07700299856
17070101,98905.43476453546,27351468.04523034,129670.48212912459,5574029.994749367,14998161.09232692,9890.543476453546,2735146.804523034,12967.04821291246,557402.9994749367,1499816.109232692
17070102,4370.606294141521,4395.04910004981,4395.04910004981,4395.04910004981,4395.04910004981,6255.635632375404,6290.620546894034,6290.620546894034,6290.620546894034,6290.620546894034
17070103,112113.197084727,111345.63194867711,111345.63194867711,111345.63194867711,111345.63194867711,361926.1222693341,359448.2527543855,359448.2527543855,359448.2527543855,359448.2527543855
17070104,1291.899317208791,1348.6547570272342,1348.6547570272342,1348.6547570272342,1348.6547570272342,34468.101080363136,35982.34620029179,35982.34620029179,35982.34620029179,35982.34620029179
17070105,664759.9086169669,16281496.53836421,508135.16250000003,3245481.981709524,8190761.436592666,66475.9908616967,1628149.653836421,50813.51625000001,324548.19817095244,819076.1436592666
17070106,7094.917389760081,8016.773360724877,8016.773360724877,8016.773360724877,8016.773360724877,3082.6508719856147,3483.1855021479355,3483.1855021479355,3483.1855021479355,3483.1855021479355
17070204,12043.48462767159,13567.63316126195,13567.63316126195,13567.63316126195,13567.63316126195,9885.166139050692,11136.171304159958,11136.171304159958,11136.171304159958,11136.171304159958
17070301,36036.2551603488,35997.67422097599,30685.5822767525,35997.67422097599,33564.65731446616,10749.215268484297,10737.707002136049,9153.16888683076,10737.707002136049,10011.965041336736
17070305,1876319.4096172757,1876318.3792622774,1875188.6299628199,1875753.5046125485,1875768.5941904262,5496679.404252495,5496676.385826597,5493366.784233997,5495021.585030296,5495065.78996231
17070306,123053.2763756307,191853.6224001961,3147.4074935428253,97500.51494686946,95059.31742052305,29932.27913630749,46667.72269813097,765.5958656870578,23716.659281909015,23122.84652098415
17080001,59718.86816466276,4837153.2709321575,54211.2609375,1254338.958327265,2710061.0665789507,5971.886816466276,483715.3270932158,5421.126093750001,125433.8958327265,271006.1066578951
17080002,23048.8875,2097280.667322224,23048.8875,714459.4807740747,1303741.278004638,2314.423373171521,210595.6479049724,2314.423373171521,71741.49821710515,130913.44588247236
17080003,96297.37140385814,117686.22255647597,117686.22255647597,117686.22255647597,117686.22255647597,9629.737140385814,11768.622255647599,11768.622255647599,11768.622255647599,11768.622255647599
17080004,66447.38096900411,77393.54383360395,937.0082152800001,39165.27602444197,49921.854166895515,8512.871733792032,9915.233709307719,120.04432129400122,5017.639015300859,6395.712442512875
17080005,85811.24083531127,228749.0348628965,11322.99755856,99223.42288782375,139796.9427615331,8581.124083531127,22874.90348628965,1132.299755856,9922.342288782376,13979.694276153312
17090001,10410.6717774,1224837.684232358,10410.6717774,218202.29830786242,755356.6421394129,1376.8145789857729,161985.164511972,1376.8145789857729,28857.32178500172,99896.15074494385
17090002,10340.822764541323,10326.400334722428,10326.400334722428,10326.400334722428,10326.400334722428,2275.388081063129,2272.21457875513,2272.21457875513,2272.21457875513,2272.21457875513
17090003,61744.63213625793,64389.900921917826,64389.900921917826,64389.900921917826,64389.900921917826,6174.463213625793,6438.990092191783,6438.990092191783,6438.990092191783,6438.990092191783
17090004,39640.47525931414,281293.2399840848,17787.96899283199,76723.00552009202,170323.8467345346,5650.97081914919,40099.92010377063,2535.774181637886,10937.292313355672,24280.61423092906
17090005,38597.97099950282,760519.7978478846,16444.94495096551,161960.2278346761,503900.6789810775,3859.797099950282,76051.97978478846,1644.494495096551,16196.022783467612,50390.06789810775
17090006,3136.81442868,963605.5520703016,3136.81442868,163214.93736895028,585118.7762346299,475.21484238942696,145982.38785370605,475.21484238942696,24726.41034427553,88643.1548150086
17090007,87419.1593862505,135708.20319113779,43125.69723008693,89416.95021061235,92256.36039727845,8741.91593862505,13570.82031911378,4312.5697230086935,8941.695021061236,9225.636039727846
17090008,43506.355626284254,43976.318793710976,43976.318793710976,43976.318793710976,43976.318793710976,8243.331069911532,8332.376955828537,8332.376955828537,8332.376955828537,8332.376955828537
17090009,45844.42431350308,46367.02548922444,46367.02548922444,46367.02548922444,46367.02548922444,8593.5832410358,8691.545354699028,8691.545354699028,8691.545354699028,8691.545354699028
17090010,525627.9587029157,525718.842669203,525718.842669203,525718.842669203,525718.842669203,127656.19078326174,127678.26324106657,127678.26324106657,127678.26324106657,127678.26324106657
17090011,35365.30054697435,41886.80519010604,29383.33359384,35849.46374332025,37279.440637877015,5258.318679743342,6227.973939408486,4368.885023453807,5330.306881172828,5542.9241670421125
17090012,286070.8214430266,286311.9938535127,286311.9938535127,286311.9938535127,286311.9938535127,28607.08214430266,28631.19938535127,28631.19938535127,28631.19938535127,28631.19938535127
17100103,858605.4012436536,1054806.07390203,999526.7321565817,1017953.179405065,1035368.3443431241,176836.45239753922,217245.50510168396,205860.29523580492,209655.36519109807,213242.1536984888
17100104,101230.00181621598,156281.32762497282,117831.454304149,125521.42896831379,147442.880287108,10123.000181621599,15628.132762497284,11783.145430414901,12552.14289683138,14744.288028710802
17100106,4687.216936099583,4687.580520146725,4687.580520146725,4687.580520146725,4687.580520146725,547.9379709813293,547.9804741357145,547.9804741357145,547.9804741357145,547.9804741357145
17100204,13672.48980694432,14493.877523158892,14493.877523158892,14493.877523158892,14493.877523158892,1501.6688046441027,1591.8829739266287,1591.8829739266287,1591.8829739266287,1591.8829739266287
17100301,100972.05537061355,100261.8465824118,5210.9461836769915,58508.09486339255,68112.67936351383,21411.79104289631,21261.186579968537,1105.0155452529511,12407.027834926243,14443.743395638592
17100302,26565.81723359133,26436.68047309921,26436.68047309921,26436.68047309921,26436.68047309921,7470.592962658221,7434.2783194582735,7434.2783194582735,7434.2783194582735,7434.2783194582735
17100307,18510.45581530157,2793505.703737493,17113.28574186151,573489.9697361863,1536351.982214936,5965.501553972283,900283.7522186079,5515.22521678018,184822.85578406215,495131.5207362591
17100308,725995.2534045053,840358.393233851,40559.32432574939,307159.0139617833,487003.80941314483,101283.82293090734,117238.66003208632,5658.443913981863,42851.849286683355,67942.05246930916
17110001,9686.185635995225,10179.026003281626,10179.026003281626,10179.026003281626,10179.026003281626,1162.5226960946568,1221.6727200620842,1221.6727200620842,1221.6727200620842,1221.6727200620842
17110002,33015.83689870696,35959.6065306351,35959.6065306351,35959.6065306351,35959.6065306351,10750.688021184007,11709.244638003693,11709.244638003693,11709.244638003693,11709.244638003693
17110004,15095.368491538242,16288.409951747388,16288.409951747388,16288.409951747388,16288.409951747388,1949.8498534300832,2103.953525535127,2103.953525535127,2103.953525535127,2103.953525535127
17110005,86175.29134001704,1049184.110280954,4674.638671920001,306262.6279582706,717449.260565046,8617.529134001705,104918.4110280954,467.4638671920001,30626.26279582706,71744.9260565046
17110006,11146.16297080067,11389.096075175146,11389.096075175146,11389.096075175146,11389.096075175146,1114.616297080067,1138.9096075175146,1138.9096075175146,1138.9096075175146,1138.9096075175146
17110009,26485.05410154,371092.4026485256,26485.05410154,112636.8912382864,268998.7662783205,2648.5054101540004,37109.24026485256,2648.5054101540004,11263.68912382864,26899.876627832055
17110010,80879.0063701286,94078.83086023043,26485.05410154,60281.94248088522,73640.32120647398,8615.754178728857,10021.884744782466,2821.359037287593,6421.62189103503,7844.6426783989755
17110012,1568255.0518287863,1571559.3895104642,1555557.9071886304,1563558.6483495473,1568017.8601779346,294366.7912957484,294987.02668384986,291983.49418984575,293485.2604368478,294322.2696185493
17110014,250350.8387273705,275081.1936248085,149734.06284204454,212407.6282334265,226936.8652318794,37669.52795140348,41390.62910605809,22530.028236286245,31960.328671172167,34146.49869563852
17110015,183098.2021055742,217118.117956733,41279.935603412814,143582.9432784318,152598.4318462093,33761.22400382367,40034.10919021097,7611.550177683627,26475.060133885756,28137.413589793236
17110017,124490.1264712912,154677.0569518543,0,77338.52847592713,107499.4082170539,12449.01264712912,15467.70569518543,0,7733.852847592713,10749.940821705391
17110018,15210.688608921759,16305.432999799603,10695.9875976,13500.710298699802,14593.244692546268,1521.068860892176,1630.5432999799605,1069.5987597600001,1350.0710298699803,1459.3244692546268
17110019,544589.280245064,551587.9158553075,551587.9158553075,551587.9158553075,551587.9158553075,67803.86156470205,68675.2237770563,68675.2237770563,68675.2237770563,68675.2237770563
17120005,3140.1872569078923,3140.750824843514,3140.750824843514,3140.750824843514,3140.750824843514,31900.77396540304,31906.499182359086,31906.499182359086,31906.499182359086,31906.499182359086
18010102,20481.71216604373,17042.25776542972,17042.25776542972,17042.25776542972,17042.25776542972,3768.0721623380105,3135.3070753414772,3135.3070753414772,3135.3070753414772,3135.3070753414772
18010105,14281.116808473998,12363.313111220403,12363.313111220403,12363.313111220403,12363.313111220403,1428.1116808473998,1236.3313111220405,1236.3313111220405,1236.3313111220405,1236.3313111220405
18010109,19712.548912718194,19310.311105200664,19310.311105200664,19310.311105200664,19310.311105200664,6468.000428008755,6336.019813898211,6336.019813898211,6336.019813898211,6336.019813898211
18010110,721233.8397427939,575716.1275855607,566605.901194849,575716.1275855607,570592.1562763193,219880.4662679442,175516.90394426355,172739.49568051574,175516.90394426355,173954.7736911665
18010201,1264.161113594333,1264.0934888642312,1264.0934888642312,1264.0934888642312,1264.0934888642312,461.65432592454783,461.62963029923924,461.62963029923924,461.62963029923924,461.62963029923924
18010202,1882.3726947128914,1882.370659592252,1882.370659592252,1882.370659592252,1882.370659592252,2016.5443959203296,2016.542215740426,2016.542215740426,2016.542215740426,2016.542215740426
18010203,1256.2025197809737,1256.1919358036516,1256.1919358036516,1256.1919358036516,1256.1919358036516,161.14112371122724,161.13976603682985,161.13976603682985,161.13976603682985,161.13976603682985
18010204,134145.0908727666,133212.101678163,133212.101678163,133212.101678163,133212.101678163,69593.48422097898,69109.4563048581,69109.4563048581,69109.4563048581,69109.4563048581
18010206,236224.3400719838,455542.13688540034,833.2404786000001,165857.2776364558,245351.62788862849,31150.35298027151,60071.279517780524,109.87747925523242,21871.212514121606,32353.94714484563
18010207,8407.3121301351,8358.99931338704,8358.99931338704,8358.99931338704,8358.99931338704,7427.092725364286,7384.412762463276,7384.412762463276,7384.412762463276,7384.412762463276
18010211,3325281.374869631,2656261.830778838,3332.96191404,887642.5848689727,1445847.577439593,452083.32658516674,361127.8413354666,453.12752204012855,120678.03212651561,196567.90173722425
18010212,1249.8607177200001,1249.8607177200001,1249.8607177200001,1249.8607177200001,1249.8607177200001,244.21794510240426,244.21794510240426,244.21794510240426,244.21794510240426,244.21794510240426
18020001,1276.6680807372727,1276.5108161992403,1276.5108161992403,1276.5108161992403,1276.5108161992403,2693.3020023173813,2692.97023174869,2692.97023174869,2692.97023174869,2692.97023174869
18020003,626199.304590462,492227.1280876145,24650.91735503659,492227.1280876145,252948.6288130371,139074.4344401499,109320.16205232767,5474.794309815987,109320.16205232767,56178.10054514769
18020005,2808.28784178,51577.70857969251,2808.28784178,19064.761421084168,28445.34816332096,280.828784178,5157.770857969252,280.828784178,1906.4761421084168,2844.534816332096
18020104,126825.7948117809,102540.84494193543,102540.84494193543,102540.84494193543,102540.84494193543,12682.57948117809,10254.084494193543,10254.084494193543,10254.084494193543,10254.084494193543
18020111,2735568.395029375,2365673.408835091,243697.84873467157,940023.1910520139,1294230.984358015,273556.8395029375,236567.34088350914,24369.784873467157,94002.3191052014,129423.09843580151
18020115,833.2404786000001,833.2404786000001,833.2404786000001,833.2404786000001,833.2404786000001,355.89781172849393,355.89781172849393,355.89781172849393,355.89781172849393,355.89781172849393
18020116,43476.90162359333,40207.80992323222,40207.80992323222,40207.80992323222,40207.80992323222,19113.78365477526,17676.590359602276,17676.590359602276,17676.590359602276,17676.590359602276
18020121,3836150.7127786768,3007131.082787599,4555.213866365604,2577313.715265943,1507114.21191789,573039.6277946412,449201.66214275657,680.4524258684239,384996.0553390876,225130.92725073764
18020122,9708.585588622744,8329.327800835137,8329.327800835137,8329.327800835137,8329.327800835137,4232.579698042407,3631.2749603267603,3631.2749603267603,3631.2749603267603,3631.2749603267603
18020123,98680.7469848852,78462.84101415057,8032.818765313679,31509.492848259313,43176.86068990201,10408.039187861907,8275.61960177847,847.2361129489938,3323.3639425588194,4553.942605827521
18020125,316062.3783215343,860717.0284702153,11069.15097654,351603.1943372629,411976.5505536686,55607.659093608905,151433.58519736477,1947.4939637799546,61860.67025997035,72482.69059863767
18020126,468318.0317843227,368646.79551525664,9283.7142381067,122594.6366059404,182395.331545213,190069.67252795334,149617.50551243627,3767.8509160900267,49755.766064770534,74026.2355590696
18020128,123854.95563703803,101758.01466738468,24615.931640580002,60269.74355125263,69080.50430653284,16139.568528552785,13260.1109306167,3207.707867350804,7853.764520285825,9001.896835760199
18020129,471743.1489037458,379553.890888736,44941.58085942,235377.1669733995,224812.0092040699,137407.03345379193,110554.59799270297,13090.363514482371,68559.50813855235,65482.140739728566
18020151,7934945.2217808,6462321.829689073,23124.89816160626,2022283.215337076,2994042.477422689,793494.52217808,646232.1829689074,2312.489816160626,202228.3215337076,299404.2477422689
18020152,23385.130122416893,19394.32459565022,4937.618408220001,19394.32459565022,11755.244081389606,6326.377992456222,5246.745588251324,1335.7736420275824,5246.745588251324,3180.145548181726
18020154,24342.59071699124,19470.37644285954,19470.37644285954,19470.37644285954,19470.37644285954,2434.259071699124,1947.037644285954,1947.037644285954,1947.037644285954,1947.037644285954
18020155,875.0370951196965,775.8664020684311,775.8664020684311,775.8664020684311,775.8664020684311,87.50370951196965,77.58664020684311,77.58664020684311,77.58664020684311,77.58664020684311
18020156,1666.7395354469365,1666.683596400451,1666.683596400451,1666.683596400451,1666.683596400451,166.67395354469366,166.6683596400451,166.6683596400451,166.6683596400451,166.6683596400451
18020158,25904.07581519186,23712.062220591106,16875.104945704425,23712.062220591106,19896.852550346324,15351.940641989919,14052.853084077115,10000.959358753562,14052.853084077115,11791.785257832025
18020159,50529.339092758135,1743023.7807833431,42372.61056649278,382502.8446098627,825462.2326120082,5052.933909275814,174302.37807833432,4237.2610566492785,38250.28446098627,82546.22326120082
18020161,442669.1007570186,434765.5376279562,431878.7818179823,434765.5376279562,433314.28947309114,44266.91007570186,43476.55376279562,43187.87818179824,43476.55376279562,43331.42894730912
18020162,74871.88447739076,60268.41652908901,50406.90699302578,53694.076838380206,54942.17706015259,30337.976463971776,24420.672926063224,20424.803898689366,21756.760241147324,22262.48859855554
18020163,200503.95816716825,184499.1270461619,184499.1270461619,184499.1270461619,184499.1270461619,20050.395816716828,18449.912704616192,18449.912704616192,18449.912704616192,18449.912704616192
18030001,2465.40695796,2465.40695796,2465.40695796,2465.40695796,2465.40695796,1173.866646796244,1173.866646796244,1173.866646796244,1173.866646796244,1173.866646796244
18030003,378763.8603451017,1199856.842833565,302284.6453881702,531156.450701021,643051.9017653351,556110.5764557978,1761659.8371467006,443821.87954095745,779857.1904891621,944144.8913734579
18030004,33756.31785840241,28975.201834042862,28975.201834042862,28975.201834042862,28975.201834042862,2706728.772215783,2323358.0396400234,2323358.0396400234,2323358.0396400234,2323358.0396400234
18030005,17300.91204896733,17098.670158302517,17098.670158302517,17098.670158302517,17098.670158302517,809912.6792106881,800445.0701590168,800445.0701590168,800445.0701590168,800445.0701590168
18030006,10775.339325155412,10772.841192592206,10772.841192592206,10772.841192592206,10772.841192592206,48790.083757444256,48778.77236452028,48778.77236452028,48778.77236452028,48778.77236452028
18030007,35515.991106992726,174947.28794249822,33364.98217902896,69129.82005995476,95100.24834405466,85641.12749869695,421857.3810061802,80454.31378158487,166695.49544264041,229319.02615516097
18030009,138587.74120465835,129798.72676689824,129798.72676689824,129798.72676689824,129798.72676689824,3725392.6303960476,3489134.1465628804,3489134.1465628804,3489134.1465628804,3489134.1465628804
18030010,261978.96251942278,206903.3282310069,7391.7079101,206903.3282310069,109972.98030270569,92101.73711695684,72739.26029057708,2598.640487137923,72739.26029057708,38662.274346006474
18030012,334288.0354290116,691219.5667892119,271872.6285764266,376709.3631296229,477663.8868361555,268080.8293396762,554320.5113005426,218027.0665385617,302100.42772905686,383060.4668944026
18040001,39979.40234729412,38830.70767222045,38830.70767222045,38830.70767222045,38830.70767222045,29470.92560386533,28624.16218762973,28624.16218762973,28624.16218762973,28624.16218762973
18040002,3957873.786433764,3059024.472850212,77392.62816777139,889339.579227274,1335631.171403185,433371.66995506384,334951.1924247135,8474.189507063427,97379.19888398836,146246.37935121867
18040003,295570.4450951905,257762.71827365522,257762.71827365522,257762.71827365522,257762.71827365522,29557.04450951905,25776.271827365523,25776.271827365523,25776.271827365523,25776.271827365523
18040006,1772365.347155861,1391795.259795221,13179.19306644,704474.4154243883,724430.9388504896,617116.2619834805,484606.3423376234,4588.836254427647,245289.50456368012,252238.12560203671
18040007,12083.735387199487,10781.719065515357,10781.719065515357,10781.719065515357,10781.719065515357,87832.91435748602,78368.96265628653,78368.96265628653,78368.96265628653,78368.96265628653
18040008,62520.255539831676,930869.1596341972,3690.08833014,136051.6057702237,377988.1231416703,29683.03410476166,441953.10422058287,1751.9604935610844,64593.857130226475,179459.1889225547
18040009,198407.0953479265,1145188.342366203,32116.23865797685,292092.8641869348,495316.1143291319,80866.84528188137,466756.33418424387,13089.949721990793,119051.32936261846,201881.14499048924
18040010,3203853.849995424,2853632.342505476,37126.72839626213,793075.7022796317,1268014.416058069,1387281.6565709496,1235634.3293752586,16076.023340671361,343404.9821112246,549055.363329821
18040011,4805.43486336,4805.43486336,4805.43486336,4805.43486336,4805.43486336,3052.4637065208594,3052.4637065208594,3052.4637065208594,3052.4637065208594,3052.4637065208594
18040012,155660.5105255148,927825.6062752387,27351.365952750035,297810.766495253,472045.3557126223,51392.04037622295,306325.9323691782,9030.180478292701,98323.60747454467,155847.96618160376
18040013,287992.7593722984,232213.7780988165,232213.7780988165,232213.7780988165,232213.7780988165,162263.83361770364,130836.26802038652,130836.26802038652,130836.26802038652,130836.26802038652
18040051,386549.729991425,300903.163902466,16322.985326384809,111183.04485174522,142342.8267069792,2413924.3647029675,1879078.9965795246,101933.72010613844,694315.4789306006,888901.9726809579
18050001,416409.4089239015,353408.34730858187,353408.34730858187,353408.34730858187,353408.34730858187,41640.94089239015,35340.83473085819,35340.83473085819,35340.83473085819,35340.83473085819
18050002,493407.9634900797,475346.27930407017,475346.27930407017,475346.27930407017,475346.27930407017,49340.79634900797,47534.62793040702,47534.62793040702,47534.62793040702,47534.62793040702
18050003,3490335.8492727447,3457794.1419911683,3457794.1419911683,3457794.1419911683,3457794.1419911683,3580173.3830435914,3546794.0868155304,3546794.0868155304,3546794.0868155304,3546794.0868155304
18050004,1099393.8865541888,1091897.361552311,1091897.361552311,1091897.361552311,1091897.361552311,844000.6131085164,838245.5586415511,838245.5586415511,838245.5586415511,838245.5586415511
18050006,74308.97945886519,72745.75506296764,72745.75506296764,72745.75506296764,72745.75506296764,62272.41094801691,60962.39764014765,60962.39764014765,60962.39764014765,60962.39764014765
18060001,32267.476233158115,31871.557171088476,31871.557171088476,31871.557171088476,31871.557171088476,14353.732376096703,14177.613357104352,14177.613357104352,14177.613357104352,14177.613357104352
18060002,61445.92180806056,60196.53224983113,60196.53224983113,60196.53224983113,60196.53224983113,48072.96046938608,47095.485429931985,47095.485429931985,47095.485429931985,47095.485429931985
18060003,635.351505459409,497.9040090864644,497.9040090864644,497.9040090864644,497.9040090864644,14334.680407208962,11233.616010025364,11233.616010025364,11233.616010025364,11233.616010025364
18060004,7243.240663056282,7218.416020712691,7218.416020712691,7218.416020712691,7218.416020712691,21705.428222543687,21631.037557148928,21631.037557148928,21631.037557148928,21631.037557148928
18060005,61388.873152965076,603628.0871221685,55353.01751377234,165008.0314354515,282746.4683219789,53241.49997343908,523516.12163335097,48006.707553434535,143108.59036941777,245221.08506771855
18060006,1848586.550980811,1457208.267881409,1457208.267881409,1457208.267881409,1457208.267881409,399078.2025919965,314586.3286951642,314586.3286951642,314586.3286951642,314586.3286951642
18060007,8349.255689932255,8341.293425775923,8341.293425775923,8341.293425775923,8341.293425775923,16454.031920834546,16438.34054025455,16438.34054025455,16438.34054025455,16438.34054025455
18060010,24310.576742338013,24307.457747762,24307.457747762,24307.457747762,24307.457747762,25279.182327301383,25275.93906271739,25275.93906271739,25275.93906271739,25275.93906271739
18060011,151443.9623793008,121511.679842314,121511.679842314,121511.679842314,121511.679842314,15911.645095098698,12766.773228751845,12766.773228751845,12766.773228751845,12766.773228751845
18060013,33429.558557680226,32955.43420810333,32955.43420810333,32955.43420810333,32955.43420810333,67449.02106850385,66492.4058865078,66492.4058865078,66492.4058865078,66492.4058865078
18070102,241158.40802654508,569562.4488584155,128107.09389586949,245598.7524804626,308561.1794117768,158287.97156165124,373840.9348661883,84085.03025614239,161202.45885818484,202528.80084688874
18070103,115954.55169119121,107146.07566258979,107146.07566258979,107146.07566258979,107146.07566258979,16639.28972464068,15375.287729593634,15375.287729593634,15375.287729593634,15375.287729593634
18070104,2258372.2429168113,2140907.324569897,2140907.324569897,2140907.324569897,2140907.324569897,4923615.855190728,4667523.381412101,4667523.381412101,4667523.381412101,4667523.381412101
18070105,1799853.5258908046,1750124.0977914864,1750124.0977914864,1750124.0977914864,1750124.0977914864,1761463.6870673802,1712794.9590206225,1712794.9590206225,1712794.9590206225,1712794.9590206225
18070106,392157.5995671415,326427.45312988246,326427.45312988246,326427.45312988246,326427.45312988246,143513.5812497504,119459.04623195708,119459.04623195708,119459.04623195708,119459.04623195708
18070107,2527.401363488518,1980.641047732475,1980.641047732475,1980.641047732475,1980.641047732475,252.74013634885182,198.06410477324752,198.06410477324752,198.06410477324752,198.06410477324752
18070201,160230.1692531782,157571.91793183534,157571.91793183534,157571.91793183534,157571.91793183534,250252.45631423086,246100.71681493925,246100.71681493925,246100.71681493925,246100.71681493925
18070202,79957.4768164204,78509.54377654844,78509.54377654844,78509.54377654844,78509.54377654844,318588.4026620275,312819.1526468789,312819.1526468789,312819.1526468789,312819.1526468789
18070203,504088.559237384,482416.93818041816,478168.3729120519,480292.65554623504,479430.8185477088,595155.4625399726,569568.7210482347,564552.6246082537,567060.6728282443,566043.1393252662
18070204,354817.32752943854,351107.919813673,351107.919813673,351107.919813673,351107.919813673,557484.6840402542,551656.507601412,551656.507601412,551656.507601412,551656.507601412
18070301,117327.33357122523,116533.02708517677,116533.02708517677,116533.02708517677,116533.02708517677,494507.9118359646,491160.09142772923,491160.09142772923,491160.09142772923,491160.09142772923
18070302,46901.31325383675,46900.24317197925,46900.24317197925,46900.24317197925,46900.24317197925,108941.45532292525,108938.96975766528,108938.96975766528,108938.96975766528,108938.96975766528
18070303,475980.72484386596,403342.4435018315,403342.4435018315,403342.4435018315,403342.4435018315,656524.7520597117,556334.0780281826,556334.0780281826,556334.0780281826,556334.0780281826
18070304,634310.092681861,621214.3734875645,621214.3734875645,621214.3734875645,621214.3734875645,967236.6184273298,947267.4278129875,947267.4278129875,947267.4278129875,947267.4278129875
18070305,51312.61563552691,50762.28442788183,50762.28442788183,50762.28442788183,50762.28442788183,19977.87900461657,19763.614926618844,19763.614926618844,19763.614926618844,19763.614926618844
18080003,25713.66629302527,22135.223090113614,22135.223090113614,22135.223090113614,22135.223090113614,59671.935091468906,51367.68831081544,51367.68831081544,51367.68831081544,51367.68831081544
18090101,40685.003633944936,32153.8809146793,1249.8607177200001,16701.87081619965,17759.66713126095,68581.10495986542,54200.52807951088,2106.840885117962,28153.68448231442,29936.769983844304
18090102,80743.18050489695,63854.04059490323,18455.79540497205,36678.60589612801,36187.053919869424,248624.37247068578,196619.33891324326,56829.07859605868,112940.75012900136,111427.16345988812
18090103,421.7684448423979,420.654708086534,420.654708086534,420.654708086534,420.654708086534,851.5614294544496,849.3127660576091,849.3127660576091,849.3127660576091,849.3127660576091
18090205,160443.1902398112,127634.9162224746,127634.9162224746,127634.9162224746,127634.9162224746,468609.6074566684,372785.8309185972,372785.8309185972,372785.8309185972,372785.8309185972
18090206,111133.37247274551,108217.1681140881,108217.1681140881,108217.1681140881,108217.1681140881,502012.66071361443,488839.5563912987,488839.5563912987,488839.5563912987,488839.5563912987
18090207,23697.57406323832,19938.54022294062,19938.54022294062,19938.54022294062,19938.54022294062,2369757.406323832,1993854.0222940622,1993854.0222940622,1993854.0222940622,1993854.0222940622
18090208,303447.9732306314,257822.58621231903,179505.33369960566,205611.08453717682,201934.05753364472,30344797.32306314,25782258.621231902,17950533.369960565,20561108.453717683,20193405.753364474
18100100,38100.90898339015,37366.08654635878,37366.08654635878,37366.08654635878,37366.08654635878,3810090.8983390154,3736608.6546358783,3736608.6546358783,3736608.6546358783,3736608.6546358783
18100201,130630.22241137852,118584.2408140302,118584.2408140302,118584.2408140302,118584.2408140302,2649133.8455420146,2404845.67881275,2404845.67881275,2404845.67881275,2404845.67881275
18100202,18353.536276048653,18339.41603811631,18339.41603811631,18339.41603811631,18339.41603811631,854854.4436772024,854196.7639820912,854196.7639820912,854196.7639820912,854196.7639820912
18100203,10038.320530758216,10018.88079459832,10018.88079459832,10018.88079459832,10018.88079459832,317946.71907560603,317330.9985162958,317330.9985162958,317330.9985162958,317330.9985162958
18100204,674850.436054747,524649.6246393872,524649.6246393872,524649.6246393872,524649.6246393872,67485043.6054747,52464962.46393873,52464962.46393873,52464962.46393873,52464962.46393873
2080107,42143.05447196183,42162.892452747015,42162.892452747015,42162.892452747015,42162.892452747015,4214.305447196183,4216.289245274702,4216.289245274702,4216.289245274702,4216.289245274702
2040301,474222.9433697792,474359.7708583855,474359.7708583855,474359.7708583855,474359.7708583855,152008.991352279,152052.85048820463,152052.85048820463,152052.85048820463,152052.85048820463
2080203,94298.95856088185,94337.74279603134,94337.74279603134,94337.74279603134,94337.74279603134,15611.067829757427,15617.488508573864,15617.488508573864,15617.488508573864,15617.488508573864
2080201,59948.63020561706,59976.53934332954,59976.53934332954,59976.53934332954,59976.53934332954,25599.113909156178,25611.031599234462,25611.031599234462,25611.031599234462,25611.031599234462
3020201,259630.85439936796,290210.39826750994,290210.39826750994,290210.39826750994,290210.39826750994,97485.23355391377,108967.12765642468,108967.12765642468,108967.12765642468,108967.12765642468
2080103,558001.968652839,558019.2389783866,558019.2389783866,558019.2389783866,558019.2389783866,237074.31302646533,237081.65054639353,237081.65054639353,237081.65054639353,237081.65054639353
2080207,34699.88120346083,34702.92920044073,34702.92920044073,34702.92920044073,34702.92920044073,16497.924313482014,16499.373471857725,16499.373471857725,16499.373471857725,16499.373471857725
2070004,144165.6795336479,209540.9692760766,52729.53775826258,160552.26538891759,173722.9259580801,24211.3692344785,35190.57929255289,8855.466241052909,26963.353492575232,29175.251130997243
2070001,4022.553079136949,4022.5605244958615,4022.5605244958615,4022.5605244958615,4022.5605244958615,2041.4573711677235,2041.4611497089968,2041.4611497089968,2041.4611497089968,2041.4611497089968
3010203,12681.718735246342,12681.729161709818,12681.729161709818,12681.729161709818,12681.729161709818,1268.1718735246343,1268.1729161709818,1268.1729161709818,1268.1729161709818,1268.1729161709818
2070007,197202.5594966682,197295.843847377,197295.843847377,197295.843847377,197295.843847377,19720.255949666822,19729.5843847377,19729.5843847377,19729.5843847377,19729.5843847377
2070010,3959255.051863088,3959290.3098449404,3959290.3098449404,3959290.3098449404,3959290.3098449404,395925.5051863088,395929.0309844941,395929.0309844941,395929.0309844941,395929.0309844941
3010204,198865.9016373062,198975.9574519925,198975.9574519925,198975.9574519925,198975.9574519925,84428.16319147138,84474.88719094038,84474.88719094038,84474.88719094038,84474.88719094038
2040303,16308.632679297472,16310.205782240442,16310.205782240442,16310.205782240442,16310.205782240442,6291.751315787186,6292.358207407467,6292.358207407467,6292.358207407467,6292.358207407467
2060003,435377.6672188203,435465.37845382374,435465.37845382374,435465.37845382374,435465.37845382374,169325.38987793477,169359.50219048973,169359.50219048973,169359.50219048973,169359.50219048973
2040205,279290.0674314054,279384.8376493086,279384.8376493086,279384.8376493086,279384.8376493086,93221.05808962304,93252.69036380154,93252.69036380154,93252.69036380154,93252.69036380154
2070002,322820.826632341,322997.04059613927,322997.04059613927,322997.04059613927,322997.04059613927,149615.92428666205,149697.59316577658,149697.59316577658,149697.59316577658,149697.59316577658
2040302,62130.88095177004,62131.96848976727,62131.96848976727,62131.96848976727,62131.96848976727,22084.109808090914,22084.496368013828,22084.496368013828,22084.496368013828,22084.496368013828
3010205,70653.99759471334,70654.07531852316,70654.07531852316,70654.07531852316,70654.07531852316,27534.464440488435,27534.4947301189,27534.4947301189,27534.4947301189,27534.4947301189
2050306,4133545.3111253013,4135794.286291293,1105398.683748196,2167877.376129341,3611137.221828799,413354.53111253015,413579.4286291293,110539.86837481962,216787.73761293408,361113.7221828799
2040206,1549606.3006474061,1550451.27470464,1550451.27470464,1550451.27470464,1550451.27470464,595393.6915059622,595718.3495968289,595718.3495968289,595718.3495968289,595718.3495968289
2040207,35572.2416982174,35585.88931547227,35585.88931547227,35585.88931547227,35585.88931547227,12564.124642529443,12568.94498434873,12568.94498434873,12568.94498434873,12568.94498434873
3010105,3690.7369628399997,3690.7369628399997,3690.7369628399997,3690.7369628399997,3690.7369628399997,1533.1450750289002,1533.1450750289002,1533.1450750289002,1533.1450750289002,1533.1450750289002
3010201,34034.866612409736,34043.55044265386,34043.55044265386,34043.55044265386,34043.55044265386,15234.462966153355,15238.34996508786,15238.34996508786,15238.34996508786,15238.34996508786
5070202,28679.21180609495,28681.44615391157,28681.44615391157,28681.44615391157,28681.44615391157,8499.301091305208,8499.963257161247,8499.963257161247,8499.963257161247,8499.963257161247
3010106,309209.31110679737,17773905.2967218,309209.60974065075,4038535.102663657,15432477.37457889,30920.93111067974,1777390.5296721803,30920.960974065078,403853.5102663657,1543247.7374578891
2060002,57185.62841630852,57185.713151910924,57185.713151910924,57185.713151910924,57185.713151910924,21970.831999358037,21970.86455494475,21970.86455494475,21970.86455494475,21970.86455494475
2080111,17542.643076473163,17545.850673005225,17545.850673005225,17545.850673005225,17545.850673005225,7598.2949682042545,7599.68428362744,7599.68428362744,7599.68428362744,7599.68428362744
2070008,9386888.042161057,9386952.724430475,9386952.724430475,9386952.724430475,9386952.724430475,938688.8042161057,938695.2724430476,938695.2724430476,938695.2724430476,938695.2724430476
2070005,34650.55891435978,34650.8984906159,34650.8984906159,34650.8984906159,34650.8984906159,14943.68968475379,14943.836133248555,14943.836133248555,14943.836133248555,14943.836133248555
5020006,61050.5579552645,444426.3315469836,61052.01440382837,124947.73392768757,475476.763493513,15588.060162773258,113475.52956274994,15588.432038290828,31902.948292367346,121403.64713404658
2070011,572830.6746162856,573110.0112976965,573110.0112976965,573110.0112976965,573110.0112976965,57283.06746162856,57311.001129769655,57311.001129769655,57311.001129769655,57311.001129769655
2080208,262963.01484517875,262972.5109246579,262972.5109246579,262972.5109246579,262972.5109246579,26296.301484517877,26297.251092465794,26297.251092465794,26297.251092465794,26297.251092465794
2080110,4055.598973779805,4056.5331404889002,4056.5331404889002,4056.5331404889002,4056.5331404889002,874.7757544193556,874.9772502755744,874.9772502755744,874.9772502755744,874.9772502755744
5050001,977156.9585884344,977695.4767705143,27153.48909373688,272657.39399070013,983420.2657150064,283551.95018780296,283708.2176936507,7879.414580493437,79119.87436580309,285369.4401363269
2040202,801973.5844767344,802157.8566053172,802157.8566053172,802157.8566053172,802157.8566053172,80197.35844767344,80215.78566053172,80215.78566053172,80215.78566053172,80215.78566053172
2080104,52629.93093246363,52646.73795663688,52646.73795663688,52646.73795663688,52646.73795663688,10154.624891610365,10157.867704644694,10157.867704644694,10157.867704644694,10157.867704644694
2080102,38805.28420772978,38807.14498630311,38807.14498630311,38807.14498630311,38807.14498630311,19163.74351935127,19164.662453049437,19164.662453049437,19164.662453049437,19164.662453049437
2080109,13324.04053179594,13324.862038617177,13324.862038617177,13324.862038617177,13324.862038617177,4941.989319580585,4942.29402279181,4942.29402279181,4942.29402279181,4942.29402279181
2080105,43872.77693094721,43880.71688551348,43880.71688551348,43880.71688551348,43880.71688551348,21157.869744514283,21161.69882797428,21161.69882797428,21161.69882797428,21161.69882797428
2070009,170291.9929248477,170352.5615851416,170352.5615851416,170352.5615851416,170352.5615851416,62391.851338992084,62414.04258112833,62414.04258112833,62414.04258112833,62414.04258112833
2060005,23701.440606030745,23702.110979703815,23702.110979703815,23702.110979703815,23702.110979703815,9345.171148461564,9345.435468120964,9345.435468120964,9345.435468120964,9345.435468120964
3040101,68494.73442747923,68840.69960962549,68840.69960962549,68840.69960962549,68840.69960962549,23305.551127370298,23423.266880386855,23423.266880386855,23423.266880386855,23423.266880386855
2060004,981214.0487345972,981731.3942411997,981731.3942411997,981731.3942411997,981731.3942411997,366685.35829691903,366878.6933013419,366878.6933013419,366878.6933013419,366878.6933013419
2080106,1129340.425094251,1129963.493740626,1129963.493740626,1129963.493740626,1129963.493740626,533034.2316828276,533328.3121122768,533328.3121122768,533328.3121122768,533328.3121122768
2080108,29060.8296003579,29061.866668040955,29061.866668040955,29061.866668040955,29061.866668040955,2906.08296003579,2906.1866668040957,2906.1866668040957,2906.1866668040957,2906.1866668040957
3010107,60360.61362712544,1165225.148112536,60378.20811078503,336589.9431112229,1030140.772512906,6036.061362712545,116522.5148112536,6037.8208110785035,33658.99431112229,103014.07725129061
3020101,21982.874238640943,21993.103281980293,21993.103281980293,21993.103281980293,21993.103281980293,9048.776462418486,9052.987027679304,9052.987027679304,9052.987027679304,9052.987027679304
2080205,35476.01323596476,35476.03571346891,35476.03571346891,35476.03571346891,35476.03571346891,3547.6013235964765,3547.6035713468914,3547.6035713468914,3547.6035713468914,3547.6035713468914
3030002,327092.80572975567,328449.6074128299,326467.1905735679,328449.6074128299,328224.78782513714,135154.77436657262,135715.40493417854,134896.27013231954,135715.40493417854,135622.50946195924
5050002,15792.567867669679,15794.515301482752,15794.515301482752,15794.515301482752,15794.515301482752,1800.4974655981248,1800.719490899788,1800.719490899788,1800.719490899788,1800.719490899788
3010202,28490.8327096196,28497.40132934734,28497.40132934734,28497.40132934734,28497.40132934734,11225.42217762718,11228.010221659437,11228.010221659437,11228.010221659437,11228.010221659437
2040304,2433.727811506974,2433.744629389865,2433.744629389865,2433.744629389865,2433.744629389865,1190.0752358091622,1190.0834596318316,1190.0834596318316,1190.0834596318316,1190.0834596318316
3010103,106818.23820208665,158676.5861104395,157945.4214754778,158311.0037929586,158653.00681838702,41142.52320155389,61116.48380907853,60834.86562791029,60975.67471849438,61107.401918320225
3010102,175840.0911828922,175938.1521641679,175938.1521641679,175938.1521641679,175938.1521641679,17584.00911828922,17593.81521641679,17593.81521641679,17593.81521641679,17593.81521641679
2080204,139670.1338108811,139742.8303069731,139742.8303069731,139742.8303069731,139742.8303069731,56689.10197778863,56718.60792131388,56718.60792131388,56718.60792131388,56718.60792131388
2060006,225336.88661811702,225389.12102437989,225389.12102437989,225389.12102437989,225389.12102437989,84306.26984271407,84325.81252840377,84325.81252840377,84325.81252840377,84325.81252840377
3010101,1137155.2631720272,1137771.216874221,66287.89801854962,1137771.216874221,1067324.130335282,463387.7918133721,463638.7913339853,27012.14485089965,463638.7913339853,434931.78805291606
3020102,4538.173884024794,4539.556934510686,4539.556934510686,4539.556934510686,4539.556934510686,1968.2816229767454,1968.8814750151644,1968.8814750151644,1968.8814750151644,1968.8814750151644
3010104,101915.69506476348,226125.94756976017,226125.94756976017,226125.94756976017,226125.94756976017,13555.96982041228,30077.37443109114,30077.37443109114,30077.37443109114,30077.37443109114
2080206,2604913.3413467202,2605529.395838026,2605529.395838026,2605529.395838026,2605529.395838026,260491.33413467204,260552.9395838026,260552.9395838026,260552.9395838026,260552.9395838026
5020004,15251.600996781857,15253.27270526713,15253.27270526713,15253.27270526713,15253.27270526713,3249.3892266911316,3249.7453880897524,3249.7453880897524,3249.7453880897524,3249.7453880897524
6010207,1204048.393151322,4383242.971422903,345022.21324034134,1589618.395648514,1737982.528202029,120404.8393151322,438324.29714229034,34502.22132403414,158961.8395648514,173798.2528202029
6010205,221919.718212364,222038.1223326144,222038.1223326144,222038.1223326144,222038.1223326144,48696.125310373696,48722.106876696074,48722.106876696074,48722.106876696074,48722.106876696074
5100204,5246.540906440449,5246.71083460379,5246.71083460379,5246.71083460379,5246.71083460379,524.6540906440449,524.671083460379,524.671083460379,524.671083460379,524.671083460379
6010102,93377.92187309664,764967.8839037055,93492.45716649486,261361.31385079748,735291.289097578,18611.73010229544,152470.47167625828,18634.558838737146,52093.537048117425,146555.44634899235
5130101,33683.466684560546,1192121.163840098,33684.10252605803,265371.5147888659,422860.25405682577,8213.933338685878,290706.53157881583,8214.088392787738,64712.577029993336,103117.23466381255
6010103,457059.0852954927,1969369.493077314,23632.266795321244,650890.4209613387,1580618.952816065,141420.6952078046,609351.4204010988,7312.165334969668,201394.9154449963,489066.37753708457
6010104,68194.8618770256,3299202.436255103,77362.35790246728,882822.3774906262,3322754.158024265,6819.4861877025605,329920.2436255103,7736.235790246728,88282.23774906262,332275.4158024265
6010108,28061.61523768935,28061.616876494976,28061.616876494976,28061.616876494976,28061.616876494976,9245.0545999226,9245.055139836191,9245.055139836191,9245.055139836191,9245.055139836191
8050002,4824.29207915061,4860.77041745155,4860.77041745155,4860.77041745155,4860.77041745155,1520.6430790322543,1532.1412494916365,1532.1412494916365,1532.1412494916365,1532.1412494916365
8020402,22950.343136252544,22955.404150048304,22955.404150048304,22955.404150048304,22955.404150048304,8941.492379083424,8943.464158590883,8943.464158590883,8943.464158590883,8943.464158590883
5090202,134124.35651990873,134124.35675867868,134124.35675867868,134124.35675867868,134124.35675867868,37196.22282180614,37196.22288802335,37196.22288802335,37196.22288802335,37196.22288802335
5040002,15334.02763511446,15334.110547614344,15334.110547614344,15334.110547614344,15334.110547614344,4679.3415955775,4679.366897208534,4679.366897208534,4679.366897208534,4679.366897208534
4110004,22542.355699913503,22542.444493080817,22542.444493080817,22542.444493080817,22542.444493080817,6944.104797281892,6944.132149749723,6944.132149749723,6944.132149749723,6944.132149749723
8030100,10516.51701731224,10628.42815058903,10628.42815058903,10628.42815058903,10628.42815058903,1051.6517017312242,1062.8428150589032,1062.8428150589032,1062.8428150589032,1062.8428150589032
4110003,926982.0399758741,927392.6779930609,927392.6779930609,927392.6779930609,927392.6779930609,312778.85925660987,312917.4152210668,312917.4152210668,312917.4152210668,312917.4152210668
4100010,575372.1715100438,575679.308666538,575679.308666538,575679.308666538,575679.308666538,280558.0888243449,280707.85243457794,280707.85243457794,280707.85243457794,280707.85243457794
3180002,640450.9844686904,646515.8817104143,646515.8817104143,646515.8817104143,646515.8817104143,83757.84766995699,84551.01178653286,84551.01178653286,84551.01178653286,84551.01178653286
5120106,157180.51856869028,158747.282861496,19280.712678129934,89013.99776981295,126129.4232098882,62508.83319169506,63131.91682013402,7667.711390629666,35399.81410538184,50160.179822451064
5080001,70929.50558323067,70933.03455790198,70933.03455790198,70933.03455790198,70933.03455790198,27349.625376928398,27350.98611015826,27350.98611015826,27350.98611015826,27350.98611015826
5090104,9667.688838617552,9668.058550551264,9668.058550551264,9668.058550551264,9668.058550551264,3111.142926101106,3111.2619024858927,3111.2619024858927,3111.2619024858927,3111.2619024858927
5090101,29666.058525122753,29675.05270613397,29675.05270613397,29675.05270613397,29675.05270613397,2966.6058525122753,2967.5052706133974,2967.5052706133974,2967.5052706133974,2967.5052706133974
5100101,53442.04932046617,53442.423341228336,53442.423341228336,53442.423341228336,53442.423341228336,11347.624449701825,11347.703867448701,11347.703867448701,11347.703867448701,11347.703867448701
5050006,7473.85400394,270666.6045585599,7473.85400394,109304.272684353,252396.3456367783,747.385400394,27066.660455855992,747.385400394,10930.4272684353,25239.63456367783
5090103,250672.826544731,1379749.892569029,250808.4148493247,627122.2407558927,1033173.663895131,25067.282654473103,137974.98925690292,25080.841484932473,62712.22407558927,103317.3663895131
4100009,26794.266854501577,26795.567989660634,26795.567989660634,26795.567989660634,26795.567989660634,2679.426685450158,2679.5567989660635,2679.5567989660635,2679.5567989660635,2679.5567989660635
5030101,1446821.656089398,1447511.4471755621,1447511.4471755621,1447511.4471755621,1447511.4471755621,144682.1656089398,144751.14471755622,144751.14471755622,144751.14471755622,144751.14471755622
8030201,92904.50910910266,116553.53241983551,116553.53241983551,116553.53241983551,116553.53241983551,24856.029751795566,31183.180421330602,31183.180421330602,31183.180421330602,31183.180421330602
5020003,500326.0319082201,500605.2998918269,500605.2998918269,500605.2998918269,500605.2998918269,50032.60319082201,50060.52998918269,50060.52998918269,50060.52998918269,50060.52998918269
5020002,525673.3608117312,525969.067673486,525969.067673486,525969.067673486,525969.067673486,146535.96997169216,146618.40080240348,146618.40080240348,146618.40080240348,146618.40080240348
5040004,428151.5662981181,428384.0190463637,428384.0190463637,428384.0190463637,428384.0190463637,42815.15662981181,42838.401904636376,42838.401904636376,42838.401904636376,42838.401904636376
4050001,483761.1335859132,484002.74055967445,109888.16367701146,462186.1698483763,402144.13967071555,201754.64784646846,201855.41106724876,45829.32820751957,192756.7170311066,167715.931789252
4110002,146534.17188311258,146538.07663093993,146538.07663093993,146538.07663093993,146538.07663093993,46318.84500744875,46320.07928206937,46320.07928206937,46320.07928206937,46320.07928206937
5030106,766395.5980847775,766818.119276383,766818.119276383,766818.119276383,766818.119276383,76639.55980847774,76681.8119276383,76681.8119276383,76681.8119276383,76681.8119276383
5140101,297109.3407687752,1019863.9583649745,331930.2862851214,469517.020701092,550232.0603640686,29710.934076877522,101986.39583649745,33193.02862851214,46951.702070109204,55023.20603640686
5080003,28073.395491358686,28074.68254319379,28074.68254319379,28074.68254319379,28074.68254319379,8062.4765073796325,8062.846139374718,8062.846139374718,8062.846139374718,8062.846139374718
5050004,43326.68588377158,43349.30789300616,3316.3644286800004,43349.30789300616,42610.90047379429,4332.668588377158,4334.930789300616,331.6364428680001,4334.930789300616,4261.090047379429
4100007,85831.88532251131,85869.46145622247,28034.22523117069,56951.84334369657,73339.53315947208,26202.86733084709,26214.33862083146,8558.324003897798,17386.331312364626,22389.186142925115
4120101,37805.04724146817,37805.594331743996,37805.594331743996,37805.594331743996,37805.594331743996,10314.075799396376,10314.22505805324,10314.22505805324,10314.22505805324,10314.22505805324
5120206,26301.39130536777,26301.395463831846,26301.395463831846,26301.395463831846,26301.395463831846,2630.1391305367774,2630.139546383185,2630.139546383185,2630.139546383185,2630.139546383185
8010210,38741.88981957283,38742.34079212504,38742.34079212504,38742.34079212504,38742.34079212504,9548.373007913588,9548.484155154078,9548.484155154078,9548.484155154078,9548.484155154078
5020001,5951.314050499852,5951.327025999795,5951.327025999795,5951.327025999795,5951.327025999795,1325.9658680541754,1325.9687590241192,1325.9687590241192,1325.9687590241192,1325.9687590241192
8020203,184651.7426905076,190161.9522371305,190161.9522371305,190161.9522371305,190161.9522371305,25152.084396866027,25902.650048409156,25902.650048409156,25902.650048409156,25902.650048409156
5050005,4620.532700840213,554196.4917311803,4620.547861703495,114535.7366355989,588401.9634178416,1001.1689994631522,120082.33315427032,1001.1722844926728,24817.404458448214,127493.91534228784
4100005,12214.350675447618,12214.367626109812,12214.367626109812,12214.367626109812,12214.367626109812,1221.435067544762,1221.4367626109813,1221.4367626109813,1221.4367626109813,1221.4367626109813
5040001,198658.428878857,198714.1100264979,198714.1100264979,198714.1100264979,198714.1100264979,65130.99382464397,65149.24912095138,65149.24912095138,65149.24912095138,65149.24912095138
5030105,173211.51426179823,173211.6267956025,173211.6267956025,173211.6267956025,173211.6267956025,56284.748230452635,56284.78479809577,56284.78479809577,56284.78479809577,56284.78479809577
4090002,84861.56711383487,84963.12675109341,84963.12675109341,84963.12675109341,84963.12675109341,8486.156711383488,8496.312675109342,8496.312675109342,8496.312675109342,8496.312675109342
4100001,45406.42206307847,45460.733493228014,45460.733493228014,45460.733493228014,45460.733493228014,25424.58208812976,25454.992883594827,25454.992883594827,25454.992883594827,25454.992883594827
8020401,7033.38398442,7033.38398442,7033.38398442,7033.38398442,7033.38398442,703.3383984420001,703.3383984420001,703.3383984420001,703.3383984420001,703.3383984420001
4110001,177255.60426331134,177289.3052477966,177289.3052477966,177289.3052477966,177289.3052477966,59712.45291715901,59723.80583577449,59723.80583577449,59723.80583577449,59723.80583577449
5080002,180237.26790344773,180279.90677962935,169387.016357365,180279.90677962935,177275.1131798957,18023.726790344776,18027.990677962935,16938.701635736503,18027.990677962935,17727.51131798957
5030202,1496236.158959486,2387892.684195234,1505168.653470417,1799409.9970453558,2208958.5164046627,149623.6158959486,238789.2684195234,150516.86534704172,179940.99970453558,220895.85164046628
5030201,528919.8103585135,1903952.792052693,529212.8575166021,1105387.037288917,1708079.66489963,52891.98103585135,190395.2792052693,52921.285751660216,110538.7037288917,170807.966489963
4100003,104616.85874261492,104616.95270734705,104616.95270734705,104616.95270734705,104616.95270734705,47157.77582598789,47157.81818214183,47157.81818214183,47157.81818214183,47157.81818214183
5050008,598096.8429665236,923536.9684120171,598431.0361973472,706799.6802689038,845736.805405965,59809.68429665236,92353.69684120172,59843.10361973473,70679.96802689039,84573.6805405965
3180001,119876.4711937892,152069.8368150389,152069.8368150389,152069.8368150389,152069.8368150389,35343.3053661581,44834.909019362356,44834.909019362356,44834.909019362356,44834.909019362356
5060003,17832.45469462744,17836.590316247144,17836.590316247144,17836.590316247144,17836.590316247144,5465.313751074045,5466.581241730519,5466.581241730519,5466.581241730519,5466.581241730519
5030103,86753.03289448268,86773.14842976237,86773.14842976237,86773.14842976237,86773.14842976237,29456.83162617585,29463.661818919947,29463.661818919947,29463.661818919947,29463.661818919947
5070204,26055.32604837654,26066.9007308617,26066.9007308617,26066.9007308617,26066.9007308617,2605.532604837654,2606.6900730861703,2606.6900730861703,2606.6900730861703,2606.6900730861703
4100006,7631.1347439324345,7631.93008303655,7631.93008303655,7631.93008303655,7631.93008303655,3542.0925742527156,3542.4617414643076,3542.4617414643076,3542.4617414643076,3542.4617414643076
8020302,3140.3441226961904,3146.8916059896283,3146.8916059896283,3146.8916059896283,3146.8916059896283,1020.2567644564423,1022.3839562097334,1022.3839562097334,1022.3839562097334,1022.3839562097334
4100004,1899.212037550399,1899.3675896287082,1899.3675896287082,1899.3675896287082,1899.3675896287082,819.0638168209507,819.1309009992601,819.1309009992601,819.1309009992601,819.1309009992601
4090004,354043.0515223051,355270.773724091,355270.773724091,355270.773724091,355270.773724091,274070.30429258576,275020.7033923095,275020.7033923095,275020.7033923095,275020.7033923095
5140102,225009.49443702243,250714.6659997706,250714.6659997706,250714.6659997706,250714.6659997706,29145.07456293209,32474.61913936748,32474.61913936748,32474.61913936748,32474.61913936748
5060001,2205298.0426901067,2205298.0801860085,2205298.0801860085,2205298.0801860085,2205298.0801860085,875754.9342505133,875754.9491406644,875754.9491406644,875754.9491406644,875754.9491406644
5010003,33881.76440126553,33893.94902620491,33893.94902620491,33893.94902620491,33893.94902620491,3388.176440126553,3389.394902620491,3389.394902620491,3389.394902620491,3389.394902620491
4100008,7028.102106902373,7028.102397666082,7028.102397666082,7028.102397666082,7028.102397666082,3260.4701141788696,3260.4702490696795,3260.4702490696795,3260.4702490696795,3260.4702490696795
4100011,91743.68388642305,91786.59115095131,91786.59115095131,91786.59115095131,91786.59115095131,40345.393193946984,40364.26218181554,40364.26218181554,40364.26218181554,40364.26218181554
5120204,54241.992475955485,54279.3570498842,54279.3570498842,54279.3570498842,54279.3570498842,18416.352003439297,18429.038099847625,18429.038099847625,18429.038099847625,18429.038099847625
4050004,693132.2082096685,700044.4337279156,699868.6113664403,700044.4337279156,700011.1640971818,338376.66773348773,341751.1117569854,341665.27793757204,341751.1117569854,341734.8700261134
4100012,10681.496489011573,10681.978988794062,10681.978988794062,10681.978988794062,10681.978988794062,4380.236329169152,4380.434191245711,4380.434191245711,4380.434191245711,4380.434191245711
5090201,790519.1443081811,3084959.676671537,790939.5253176644,1555612.909102289,2403603.295976596,79051.91443081811,308495.96766715375,79093.95253176644,155561.2909102289,240360.3295976596
5060002,28015.919240097508,28017.154804679245,28017.154804679245,28017.154804679245,28017.154804679245,3356.798673443195,3356.9467157584727,3356.9467157584727,3356.9467157584727,3356.9467157584727
4090005,107784.09301232331,107940.92580149362,96250.84321534273,107940.92580149362,105379.18839293958,41775.779895236396,41836.56634245348,37305.635075811566,41836.56634245348,40843.66864170546
4100002,483193.2351500566,488194.63960874453,488194.63960874453,488194.63960874453,488194.63960874453,232961.1295802901,235372.4481738172,235372.4481738172,235372.4481738172,235372.4481738172
5100102,9777.277672948743,9777.279167917699,9777.279167917699,9777.279167917699,9777.279167917699,2645.159059118463,2645.1594635695596,2645.1594635695596,2645.1594635695596,2645.1594635695596
5040006,52781.31094408845,52781.311243689466,52781.311243689466,52781.311243689466,52781.311243689466,15914.16798515744,15914.168075490568,15914.168075490568,15914.168075490568,15914.168075490568
5020005,235483.1343050588,235550.2641460084,235550.2641460084,235550.2641460084,235550.2641460084,23548.31343050588,23555.02641460084,23555.02641460084,23555.02641460084,23555.02641460084
5100205,214677.68701493717,223336.35864145414,223336.35864145414,223336.35864145414,223336.35864145414,27245.273015076167,28344.16631736861,28344.16631736861,28344.16631736861,28344.16631736861
5040003,13643.643694347496,13643.72599077539,13643.72599077539,13643.72599077539,13643.72599077539,2348.779867335864,2348.7940348264056,2348.7940348264056,2348.7940348264056,2348.7940348264056
5090203,931587.3603388492,1797469.49829448,959919.1906077262,1127429.252145077,1577687.273008434,93158.73603388492,179746.949829448,95991.91906077263,112742.92521450772,157768.72730084343
5120102,5551.215299612758,5585.226067286572,5585.226067286572,5585.226067286572,5585.226067286572,2238.834575779797,2252.5512987867864,2252.5512987867864,2252.5512987867864,2252.5512987867864
5120101,29125.594486033875,29132.139659033033,29132.139659033033,29132.139659033033,29132.139659033033,6362.108123479229,6363.537831577633,6363.537831577633,6363.537831577633,6363.537831577633
5120201,405516.596623325,407648.261256004,407648.261256004,407648.261256004,407648.261256004,137067.72463716817,137788.24365741,137788.24365741,137788.24365741,137788.24365741
8010211,158197.15565665922,182779.6648659062,182779.6648659062,182779.6648659062,182779.6648659062,28507.401378619103,32937.21210443606,32937.21210443606,32937.21210443606,32937.21210443606
8020303,19014.071466038688,19020.7394765525,19020.7394765525,19020.7394765525,19020.7394765525,1901.4071466038688,1902.0739476552499,1902.0739476552499,1902.0739476552499,1902.0739476552499
4050003,46123.14824859975,50174.71537752295,41779.39336351863,47955.36614864212,48752.505257460085,15196.008730407826,16530.86230829254,13764.889223979768,15799.662215963177,16062.292442149332
5120103,8500.146464497357,8500.166730939323,8500.166730939323,8500.166730939323,8500.166730939323,3340.626087175561,3340.6340520506383,3340.6340520506383,3340.6340520506383,3340.6340520506383
5090102,9066.904246941918,9068.662136282637,9068.662136282637,9068.662136282637,9068.662136282637,2776.1882752084516,2776.726521962129,2776.726521962129,2776.726521962129,2776.726521962129
5030104,25284.8989584365,25298.30729495496,10439.05421863374,25298.30729495496,23657.464250995912,2528.48989584365,2529.830729495496,1043.9054218633742,2529.830729495496,2365.7464250995913
8060201,100531.40379105785,118646.4746370294,118646.4746370294,118646.4746370294,118646.4746370294,29777.765117463525,35143.51456883579,35143.51456883579,35143.51456883579,35143.51456883579
8030207,23338.48322650552,23346.9066592255,23346.9066592255,23346.9066592255,23346.9066592255,6268.835051726629,6271.097628509292,6271.097628509292,6271.097628509292,6271.097628509292
8030206,7695.159059749332,7715.796076907092,7715.796076907092,7715.796076907092,7715.796076907092,769.5159059749333,771.5796076907093,771.5796076907093,771.5796076907093,771.5796076907093
8030208,9578.864538602913,9660.49917853058,9660.49917853058,9660.49917853058,9660.49917853058,957.8864538602913,966.049917853058,966.049917853058,966.049917853058,966.049917853058
3070203,15100.88693456774,15938.86263833032,15938.86263833032,15938.86263833032,15938.86263833032,5527.18020213085,5833.893492533735,5833.893492533735,5833.893492533735,5833.893492533735
3070106,542334.0597046465,590087.3156615449,590087.3156615449,590087.3156615449,590087.3156615449,54233.40597046465,59008.73156615449,59008.73156615449,59008.73156615449,59008.73156615449
3060204,30896.01300495128,31174.51217471021,31174.51217471021,31174.51217471021,31174.51217471021,12153.637728030544,12263.191605298296,12263.191605298296,12263.191605298296,12263.191605298296
1010002,0,0,0,0,0,0,0,0,0,0
1010003,2256.1582762800003,2256.1582762800003,2256.1582762800003,2256.1582762800003,2256.1582762800003,702.0519081409907,702.0519081409907,702.0519081409907,702.0519081409907,702.0519081409907
1020002,1051.12056888,1051.12056888,1051.12056888,1051.12056888,1051.12056888,299.79702748911444,299.79702748911444,299.79702748911444,299.79702748911444,299.79702748911444
1020004,2781.7185058200002,2781.7185058200002,2781.7185058200002,2781.7185058200002,2781.7185058200002,700.1336584015538,700.1336584015538,700.1336584015538,700.1336584015538,700.1336584015538
2030203,0,0,0,0,0,0,0,0,0,0
2040102,4652.188330139999,4652.188330139999,4652.188330139999,4652.188330139999,4652.188330139999,1209.7982756606125,1209.7982756606125,1209.7982756606125,1209.7982756606125,1209.7982756606125
2050103,24675.020507880003,24675.020507880003,24675.020507880003,24675.020507880003,24675.020507880003,2467.5020507880004,2467.5020507880004,2467.5020507880004,2467.5020507880004,2467.5020507880004
2050202,3203.4801268799997,3203.4801268799997,3203.4801268799997,3203.4801268799997,3203.4801268799997,974.3624077920657,974.3624077920657,974.3624077920657,974.3624077920657,974.3624077920657
2050203,2135.65341798,2135.65341798,2135.65341798,2135.65341798,2135.65341798,213.56534179800002,213.56534179800002,213.56534179800002,213.56534179800002,213.56534179800002
2050205,5553.83408202,5553.83408202,5553.83408202,5553.83408202,5553.83408202,1935.8453559638297,1935.8453559638297,1935.8453559638297,1935.8453559638297,1935.8453559638297
2050304,21131.233593840003,21131.233593840003,21131.233593840003,21131.233593840003,21131.233593840003,3046.03216688877,3046.03216688877,3046.03216688877,3046.03216688877,3046.03216688877
3050202,3962.4969726000004,3962.4969726000004,3962.4969726000004,3962.4969726000004,3962.4969726000004,1789.11884323342,1789.11884323342,1789.11884323342,1789.11884323342,1789.11884323342
3050206,13534.25625,13534.25625,13534.25625,13534.25625,13534.25625,1559.2505690821265,1559.2505690821265,1559.2505690821265,1559.2505690821265,1559.2505690821265
3050209,7924.993945380001,7924.993945380001,7924.993945380001,7924.993945380001,7924.993945380001,3018.830251650919,3018.830251650919,3018.830251650919,3018.830251650919,3018.830251650919
3050210,0,0,0,0,0,0,0,0,0,0
3060105,4480.39248048,4480.39248048,4480.39248048,4480.39248048,4480.39248048,2059.1340717752146,2059.1340717752146,2059.1340717752146,2059.1340717752146,2059.1340717752146
3060107,6541.92597654,6541.92597654,6541.92597654,6541.92597654,6541.92597654,3454.0421160441365,3454.0421160441365,3454.0421160441365,3454.0421160441365,3454.0421160441365
3060202,25749.86484384,25749.86484384,25749.86484384,25749.86484384,25749.86484384,3072.916334860403,3072.916334860403,3072.916334860403,3072.916334860403,3072.916334860403
3070105,4238.3355469200005,4238.3355469200005,4238.3355469200005,4238.3355469200005,4238.3355469200005,1935.3881589775785,1935.3881589775785,1935.3881589775785,1935.3881589775785,1935.3881589775785
3070107,5180.187744180001,5180.187744180001,5180.187744180001,5180.187744180001,5180.187744180001,2223.6139144969356,2223.6139144969356,2223.6139144969356,2223.6139144969356,2223.6139144969356
3070201,10590.37470702,10590.37470702,10590.37470702,10590.37470702,10590.37470702,3283.156168502291,3283.156168502291,3283.156168502291,3283.156168502291,3283.156168502291
3090102,0,0,0,0,0,0,0,0,0,0
3090103,533.676654,533.676654,533.676654,533.676654,533.676654,256.3578330920255,256.3578330920255,256.3578330920255,256.3578330920255,256.3578330920255
3090201,4264.15078134,4264.15078134,4264.15078134,4264.15078134,4264.15078134,426.41507813400005,426.41507813400005,426.41507813400005,426.41507813400005,426.41507813400005
3100102,16417.83339846,16417.83339846,16417.83339846,16417.83339846,16417.83339846,5995.542442652576,5995.542442652576,5995.542442652576,5995.542442652576,5995.542442652576
3110101,4851.31069332,4851.31069332,4851.31069332,4851.31069332,4851.31069332,1869.9427079584636,1869.9427079584636,1869.9427079584636,1869.9427079584636,1869.9427079584636
3110103,5542.22285154,5542.22285154,5542.22285154,5542.22285154,5542.22285154,1905.764592481224,1905.764592481224,1905.764592481224,1905.764592481224,1905.764592481224
3110204,4480.39248048,4480.39248048,4480.39248048,4480.39248048,4480.39248048,1618.870400671721,1618.870400671721,1618.870400671721,1618.870400671721,1618.870400671721
3120002,5180.187744180001,5180.187744180001,5180.187744180001,5180.187744180001,5180.187744180001,1712.6677014704708,1712.6677014704708,1712.6677014704708,1712.6677014704708,1712.6677014704708
3130007,6757.82534178,6757.82534178,6757.82534178,6757.82534178,6757.82534178,2451.6561988807875,2451.6561988807875,2451.6561988807875,2451.6561988807875,2451.6561988807875
3130009,4337.03232414,4337.03232414,4337.03232414,4337.03232414,4337.03232414,1510.6774932057808,1510.6774932057808,1510.6774932057808,1510.6774932057808,1510.6774932057808
3130013,1601.0300170799999,1601.0300170799999,1601.0300170799999,1601.0300170799999,1601.0300170799999,519.9771773617681,519.9771773617681,519.9771773617681,519.9771773617681,519.9771773617681
3130014,533.676654,533.676654,533.676654,533.676654,533.676654,180.99045857379673,180.99045857379673,180.99045857379673,180.99045857379673,180.99045857379673
3140103,6584.97700188,6584.97700188,6584.97700188,6584.97700188,6584.97700188,1635.637886447497,1635.637886447497,1635.637886447497,1635.637886447497,1635.637886447497
3140104,16877.52421884,16877.52421884,16877.52421884,16877.52421884,16877.52421884,4125.899410753339,4125.899410753339,4125.899410753339,4125.899410753339,4125.899410753339
3140202,6805.07226558,6805.07226558,6805.07226558,6805.07226558,6805.07226558,2070.626367499119,2070.626367499119,2070.626367499119,2070.626367499119,2070.626367499119
3140203,8027.181738360001,8027.181738360001,8027.181738360001,8027.181738360001,8027.181738360001,802.7181738360001,802.7181738360001,802.7181738360001,802.7181738360001,802.7181738360001
3140302,6013.45107414,6013.45107414,6013.45107414,6013.45107414,6013.45107414,1923.156601841741,1923.156601841741,1923.156601841741,1923.156601841741,1923.156601841741
3140303,4152.80039058,4152.80039058,4152.80039058,4152.80039058,4152.80039058,1269.9240724875483,1269.9240724875483,1269.9240724875483,1269.9240724875483,1269.9240724875483
3150103,7332.23100582,7332.23100582,7332.23100582,7332.23100582,7332.23100582,733.223100582,733.223100582,733.223100582,733.223100582,733.223100582
3150108,32696.39179692,32696.39179692,32696.39179692,32696.39179692,32696.39179692,9477.207792163841,9477.207792163841,9477.207792163841,9477.207792163841,9477.207792163841
3150202,57779.00859384,57779.00859384,57779.00859384,57779.00859384,57779.00859384,17063.79379480452,17063.79379480452,17063.79379480452,17063.79379480452,17063.79379480452
3160101,12797.9578125,12797.9578125,12797.9578125,12797.9578125,12797.9578125,1339.4849608733105,1339.4849608733105,1339.4849608733105,1339.4849608733105,1339.4849608733105
3160102,7282.4264649,7282.4264649,7282.4264649,7282.4264649,7282.4264649,1737.6696171264603,1737.6696171264603,1737.6696171264603,1737.6696171264603,1737.6696171264603
3160103,6195.990234420001,6195.990234420001,6195.990234420001,6195.990234420001,6195.990234420001,1600.6815986661068,1600.6815986661068,1600.6815986661068,1600.6815986661068,1600.6815986661068
3160107,7618.82080086,7618.82080086,7618.82080086,7618.82080086,7618.82080086,2169.9734127452066,2169.9734127452066,2169.9734127452066,2169.9734127452066,2169.9734127452066
3160108,4942.49326164,4942.49326164,4942.49326164,4942.49326164,4942.49326164,1466.624301822657,1466.624301822657,1466.624301822657,1466.624301822657,1466.624301822657
3170002,7282.4264649,7282.4264649,7282.4264649,7282.4264649,7282.4264649,1290.9753976030402,1290.9753976030402,1290.9753976030402,1290.9753976030402,1290.9753976030402
3170003,2184.7280274,2184.7280274,2184.7280274,2184.7280274,2184.7280274,218.47280274000002,218.47280274000002,218.47280274000002,218.47280274000002,218.47280274000002
3170008,19204.14375,19204.14375,19204.14375,19204.14375,19204.14375,4854.103620385229,4854.103620385229,4854.103620385229,4854.103620385229,4854.103620385229
3180005,5609.59101558,5609.59101558,5609.59101558,5609.59101558,5609.59101558,1472.4203255357404,1472.4203255357404,1472.4203255357404,1472.4203255357404,1472.4203255357404
4010202,1848.2578857,1848.2578857,1848.2578857,1848.2578857,1848.2578857,973.7695208696186,973.7695208696186,973.7695208696186,973.7695208696186,973.7695208696186
4020101,2004.8077881000002,2004.8077881000002,2004.8077881000002,2004.8077881000002,2004.8077881000002,799.6343754127703,799.6343754127703,799.6343754127703,799.6343754127703,799.6343754127703
4020203,324.83924568000003,324.83924568000003,324.83924568000003,324.83924568000003,324.83924568000003,131.0334986248477,131.0334986248477,131.0334986248477,131.0334986248477,131.0334986248477
4020300,0,0,0,0,0,0,0,0,0,0
4030103,9106.90839846,9106.90839846,9106.90839846,9106.90839846,9106.90839846,4022.4304346357976,4022.4304346357976,4022.4304346357976,4022.4304346357976,4022.4304346357976
4030109,3573.23159178,3573.23159178,3573.23159178,3573.23159178,3573.23159178,1945.0125486360034,1945.0125486360034,1945.0125486360034,1945.0125486360034,1945.0125486360034
4030111,1624.19622804,1624.19622804,1624.19622804,1624.19622804,1624.19622804,808.110249043058,808.110249043058,808.110249043058,808.110249043058,808.110249043058
4030202,38740.383984420005,38740.383984420005,38740.383984420005,38740.383984420005,38740.383984420005,17591.35094519866,17591.35094519866,17591.35094519866,17591.35094519866,17591.35094519866
4060104,5197.42792962,5197.42792962,5197.42792962,5197.42792962,5197.42792962,2095.094934325671,2095.094934325671,2095.094934325671,2095.094934325671,2095.094934325671
4060107,1299.35698236,1299.35698236,1299.35698236,1299.35698236,1299.35698236,624.8997089257125,624.8997089257125,624.8997089257125,624.8997089257125,624.8997089257125
4070002,1949.0354737199998,1949.0354737199998,1949.0354737199998,1949.0354737199998,1949.0354737199998,913.2318874348347,913.2318874348347,913.2318874348347,913.2318874348347,913.2318874348347
4080101,4547.74921884,4547.74921884,4547.74921884,4547.74921884,4547.74921884,2252.088995397582,2252.088995397582,2252.088995397582,2252.088995397582,2252.088995397582
4120102,18506.963671920003,18506.963671920003,18506.963671920003,18506.963671920003,18506.963671920003,4971.502542910363,4971.502542910363,4971.502542910363,4971.502542910363,4971.502542910363
5010008,21166.679882880002,21166.679882880002,21166.679882880002,21166.679882880002,21166.679882880002,2116.6679882880003,2116.6679882880003,2116.6679882880003,2116.6679882880003,2116.6679882880003
5110004,12890.34667962,12890.34667962,12890.34667962,12890.34667962,12890.34667962,3288.4680403137595,3288.4680403137595,3288.4680403137595,3288.4680403137595,3288.4680403137595
5110006,9509.41142586,9509.41142586,9509.41142586,9509.41142586,9509.41142586,2496.6103789265417,2496.6103789265417,2496.6103789265417,2496.6103789265417,2496.6103789265417
5120105,8071.07695308,8071.07695308,8071.07695308,8071.07695308,8071.07695308,807.1076953080001,807.1076953080001,807.1076953080001,807.1076953080001,807.1076953080001
5120115,4206.2312988,4206.2312988,4206.2312988,4206.2312988,4206.2312988,1586.1010037554086,1586.1010037554086,1586.1010037554086,1586.1010037554086,1586.1010037554086
5120203,7983.2583984600005,7983.2583984600005,7983.2583984600005,7983.2583984600005,7983.2583984600005,2185.2039573497814,2185.2039573497814,2185.2039573497814,2185.2039573497814,2185.2039573497814
5130204,101958.56015634,101958.56015634,101958.56015634,101958.56015634,101958.56015634,24872.845548208556,24872.845548208556,24872.845548208556,24872.845548208556,24872.845548208556
5140205,8612.59658202,8612.59658202,8612.59658202,8612.59658202,8612.59658202,2385.125302552892,2385.125302552892,2385.125302552892,2385.125302552892,2385.125302552892
6020004,6763.271484420001,6763.271484420001,6763.271484420001,6763.271484420001,6763.271484420001,1604.292996493818,1604.292996493818,1604.292996493818,1604.292996493818,1604.292996493818
6030004,17773.79941404,17773.79941404,17773.79941404,17773.79941404,17773.79941404,2012.4751845693586,2012.4751845693586,2012.4751845693586,2012.4751845693586,2012.4751845693586
6030006,4011.1716796200003,4011.1716796200003,4011.1716796200003,4011.1716796200003,4011.1716796200003,1041.7512427454335,1041.7512427454335,1041.7512427454335,1041.7512427454335,1041.7512427454335
6040002,7277.4733887,7277.4733887,7277.4733887,7277.4733887,7277.4733887,1899.2933547023677,1899.2933547023677,1899.2933547023677,1899.2933547023677,1899.2933547023677
6040003,36357.4828125,36357.4828125,36357.4828125,36357.4828125,36357.4828125,4574.261480299534,4574.261480299534,4574.261480299534,4574.261480299534,4574.261480299534
6040004,2910.98935548,2910.98935548,2910.98935548,2910.98935548,2910.98935548,829.2220492388416,829.2220492388416,829.2220492388416,829.2220492388416,829.2220492388416
7010102,3001.74016122,3001.74016122,3001.74016122,3001.74016122,3001.74016122,3015.52103842854,3015.52103842854,3015.52103842854,3015.52103842854,3015.52103842854
7010105,5553.83408202,5553.83408202,5553.83408202,5553.83408202,5553.83408202,4846.1601647838515,4846.1601647838515,4846.1601647838515,4846.1601647838515,4846.1601647838515
7010107,2701.5659911800003,2701.5659911800003,2701.5659911800003,2701.5659911800003,2701.5659911800003,2129.1380388134394,2129.1380388134394,2129.1380388134394,2129.1380388134394,2129.1380388134394
7020003,2363.5300780800003,2363.5300780800003,2363.5300780800003,2363.5300780800003,2363.5300780800003,2421.0136934683837,2421.0136934683837,2421.0136934683837,2421.0136934683837,2421.0136934683837
7050006,10636.6561524,10636.6561524,10636.6561524,10636.6561524,10636.6561524,5937.6596063273555,5937.6596063273555,5937.6596063273555,5937.6596063273555,5937.6596063273555
7070006,3806.11494144,3806.11494144,3806.11494144,3806.11494144,3806.11494144,2206.0804537202844,2206.0804537202844,2206.0804537202844,2206.0804537202844,2206.0804537202844
7090004,8944.965527400002,8944.965527400002,8944.965527400002,8944.965527400002,8944.965527400002,4098.01930203839,4098.01930203839,4098.01930203839,4098.01930203839,4098.01930203839
7110002,2340.47834478,2340.47834478,2340.47834478,2340.47834478,2340.47834478,1044.9340739662998,1044.9340739662998,1044.9340739662998,1044.9340739662998,1044.9340739662998
7110003,2340.47834478,2340.47834478,2340.47834478,2340.47834478,2340.47834478,420.7951960119472,420.7951960119472,420.7951960119472,420.7951960119472,420.7951960119472
7110008,13774.964062500001,13774.964062500001,13774.964062500001,13774.964062500001,13774.964062500001,6005.146890459769,6005.146890459769,6005.146890459769,6005.146890459769,6005.146890459769
7130005,13133.6296875,13133.6296875,13133.6296875,13133.6296875,13133.6296875,6171.887488370331,6171.887488370331,6171.887488370331,6171.887488370331,6171.887488370331
7130012,17466.447656340002,17466.447656340002,17466.447656340002,17466.447656340002,17466.447656340002,7903.866368281853,7903.866368281853,7903.866368281853,7903.866368281853,7903.866368281853
7140102,46518.103125,46518.103125,46518.103125,46518.103125,46518.103125,12337.16004413466,12337.16004413466,12337.16004413466,12337.16004413466,12337.16004413466
7140104,21162.29589846,21162.29589846,21162.29589846,21162.29589846,21162.29589846,10517.531821068285,10517.531821068285,10517.531821068285,10517.531821068285,10517.531821068285
7140108,2547.29948724,2547.29948724,2547.29948724,2547.29948724,2547.29948724,886.4859584228369,886.4859584228369,886.4859584228369,886.4859584228369,886.4859584228369
8010201,6924.55122072,6924.55122072,6924.55122072,6924.55122072,6924.55122072,2055.3633813114075,2055.3633813114075,2055.3633813114075,2055.3633813114075,2055.3633813114075
8010202,11905.43203134,11905.43203134,11905.43203134,11905.43203134,11905.43203134,1190.5432031340001,1190.5432031340001,1190.5432031340001,1190.5432031340001,1190.5432031340001
8010204,10992.21328134,10992.21328134,10992.21328134,10992.21328134,10992.21328134,3077.2964323923625,3077.2964323923625,3077.2964323923625,3077.2964323923625,3077.2964323923625
8010206,0,0,0,0,0,0,0,0,0,0
8020201,1820.37205818,1820.37205818,1820.37205818,1820.37205818,1820.37205818,532.0872785355555,532.0872785355555,532.0872785355555,532.0872785355555,532.0872785355555
8040204,5481.204785100001,5481.204785100001,5481.204785100001,5481.204785100001,5481.204785100001,843.2369988146829,843.2369988146829,843.2369988146829,843.2369988146829,843.2369988146829
8040206,18081.83847654,18081.83847654,18081.83847654,18081.83847654,18081.83847654,6171.3481164176665,6171.3481164176665,6171.3481164176665,6171.3481164176665,6171.3481164176665
8040302,5947.289208900001,5947.289208900001,5947.289208900001,5947.289208900001,5947.289208900001,1927.8572030854,1927.8572030854,1927.8572030854,1927.8572030854,1927.8572030854
8040304,4480.39248048,4480.39248048,4480.39248048,4480.39248048,4480.39248048,495.25390549152263,495.25390549152263,495.25390549152263,495.25390549152263,495.25390549152263
8040305,16278.00820308,16278.00820308,16278.00820308,16278.00820308,16278.00820308,1627.800820308,1627.800820308,1627.800820308,1627.800820308,1627.800820308
8040306,2480.26970214,2480.26970214,2480.26970214,2480.26970214,2480.26970214,635.6943116094881,635.6943116094881,635.6943116094881,635.6943116094881,635.6943116094881
8060203,10754.32412106,10754.32412106,10754.32412106,10754.32412106,10754.32412106,3511.2093026284133,3511.2093026284133,3511.2093026284133,3511.2093026284133,3511.2093026284133
8060204,1456.48531494,1456.48531494,1456.48531494,1456.48531494,1456.48531494,486.9393564693937,486.9393564693937,486.9393564693937,486.9393564693937,486.9393564693937
8060205,4369.45605462,4369.45605462,4369.45605462,4369.45605462,4369.45605462,1374.4575565220498,1374.4575565220498,1374.4575565220498,1374.4575565220498,1374.4575565220498
8060206,2910.98935548,2910.98935548,2910.98935548,2910.98935548,2910.98935548,841.7079742706223,841.7079742706223,841.7079742706223,841.7079742706223,841.7079742706223
8070100,2852.21909178,2852.21909178,2852.21909178,2852.21909178,2852.21909178,285.221909178,285.221909178,285.221909178,285.221909178,285.221909178
8070203,19934.82070308,19934.82070308,19934.82070308,19934.82070308,19934.82070308,5135.207877489751,5135.207877489751,5135.207877489751,5135.207877489751,5135.207877489751
8070205,6525.1999512,6525.1999512,6525.1999512,6525.1999512,6525.1999512,1697.1005783742025,1697.1005783742025,1697.1005783742025,1697.1005783742025,1697.1005783742025
8080100,21231.61699212,21231.61699212,21231.61699212,21231.61699212,21231.61699212,2123.1616992120003,2123.1616992120003,2123.1616992120003,2123.1616992120003,2123.1616992120003
8080202,16625.98125,16625.98125,16625.98125,16625.98125,16625.98125,2867.2541123128935,2867.2541123128935,2867.2541123128935,2867.2541123128935,2867.2541123128935
8080204,3720.4044433199997,3720.4044433199997,3720.4044433199997,3720.4044433199997,3720.4044433199997,1169.7431361179708,1169.7431361179708,1169.7431361179708,1169.7431361179708,1169.7431361179708
8090100,3439.5317137800002,3439.5317137800002,3439.5317137800002,3439.5317137800002,3439.5317137800002,343.95317137800004,343.95317137800004,343.95317137800004,343.95317137800004,343.95317137800004
8090201,34395.31757808,34395.31757808,34395.31757808,34395.31757808,34395.31757808,9402.650517051412,9402.650517051412,9402.650517051412,9402.650517051412,9402.650517051412
8090202,0,0,0,0,0,0,0,0,0,0
9010002,1104.47753904,1104.47753904,1104.47753904,1104.47753904,1104.47753904,3515.850624179991,3515.850624179991,3515.850624179991,3515.850624179991,3515.850624179991
9010005,53493.5109375,53493.5109375,53493.5109375,53493.5109375,53493.5109375,226550.7440227892,226550.7440227892,226550.7440227892,226550.7440227892,226550.7440227892
9020101,2191.42573236,2191.42573236,2191.42573236,2191.42573236,2191.42573236,1500.9234304486504,1500.9234304486504,1500.9234304486504,1500.9234304486504,1500.9234304486504
9020102,2401.3920411,2401.3920411,2401.3920411,2401.3920411,2401.3920411,2782.188222108609,2782.188222108609,2782.188222108609,2782.188222108609,2782.188222108609
9020105,2869.79809572,2869.79809572,2869.79809572,2869.79809572,2869.79809572,4709.468281646276,4709.468281646276,4709.468281646276,4709.468281646276,4709.468281646276
9020108,7185.1719726,7185.1719726,7185.1719726,7185.1719726,7185.1719726,7838.509104649512,7838.509104649512,7838.509104649512,7838.509104649512,7838.509104649512
9020201,3944.56289058,3944.56289058,3944.56289058,3944.56289058,3944.56289058,11326.193740398308,11326.193740398308,11326.193740398308,11326.193740398308,11326.193740398308
9020202,1420.04267586,1420.04267586,1420.04267586,1420.04267586,1420.04267586,6251.889816606285,6251.889816606285,6251.889816606285,6251.889816606285,6251.889816606285
9020301,5187.72568356,5187.72568356,5187.72568356,5187.72568356,5187.72568356,518.7725683560001,518.7725683560001,518.7725683560001,518.7725683560001,518.7725683560001
9020302,3001.74016122,3001.74016122,3001.74016122,3001.74016122,3001.74016122,3512.9657021508474,3512.9657021508474,3512.9657021508474,3512.9657021508474,3512.9657021508474
9020304,900.5220153,900.5220153,900.5220153,900.5220153,900.5220153,1003.255772331117,1003.255772331117,1003.255772331117,1003.255772331117,1003.255772331117
9020305,4050.08217774,4050.08217774,4050.08217774,4050.08217774,4050.08217774,4297.636254619596,4297.636254619596,4297.636254619596,4297.636254619596,4297.636254619596
9020306,1574.78016366,1574.78016366,1574.78016366,1574.78016366,1574.78016366,157.47801636600002,157.47801636600002,157.47801636600002,157.47801636600002,157.47801636600002
9020307,4542.7271484600005,4542.7271484600005,4542.7271484600005,4542.7271484600005,4542.7271484600005,7768.273599226374,7768.273599226374,7768.273599226374,7768.273599226374,7768.273599226374
9020308,2394.4748290200005,2394.4748290200005,2394.4748290200005,2394.4748290200005,2394.4748290200005,4711.013696506247,4711.013696506247,4711.013696506247,4711.013696506247,4711.013696506247
9020309,5197.2437988,5197.2437988,5197.2437988,5197.2437988,5197.2437988,7714.893084879265,7714.893084879265,7714.893084879265,7714.893084879265,7714.893084879265
9020311,5459.61005856,5459.61005856,5459.61005856,5459.61005856,5459.61005856,545.961005856,545.961005856,545.961005856,545.961005856,545.961005856
9020312,1801.04403078,1801.04403078,1801.04403078,1801.04403078,1801.04403078,2593.106945245191,2593.106945245191,2593.106945245191,2593.106945245191,2593.106945245191
9020314,1200.69602046,1200.69602046,1200.69602046,1200.69602046,1200.69602046,1469.497273201833,1469.497273201833,1469.497273201833,1469.497273201833,1469.497273201833
9030002,15882.93808596,15882.93808596,15882.93808596,15882.93808596,15882.93808596,12523.885760305555,12523.885760305555,12523.885760305555,12523.885760305555,12523.885760305555
9030003,900.5220153,900.5220153,900.5220153,900.5220153,900.5220153,141.57844076357435,141.57844076357435,141.57844076357435,141.57844076357435,141.57844076357435
9030005,3380.60390634,3380.60390634,3380.60390634,3380.60390634,3380.60390634,2953.5026920152586,2953.5026920152586,2953.5026920152586,2953.5026920152586,2953.5026920152586
9030006,3001.74016122,3001.74016122,3001.74016122,3001.74016122,3001.74016122,2834.2944656697823,2834.2944656697823,2834.2944656697823,2834.2944656697823,2834.2944656697823
9030007,0,0,0,0,0,0,0,0,0,0
9030008,300.17400516,300.17400516,300.17400516,300.17400516,300.17400516,30.017400516,30.017400516,30.017400516,30.017400516,30.017400516
9030009,1500.8699707199999,1500.8699707199999,1500.8699707199999,1500.8699707199999,1500.8699707199999,150.086997072,150.086997072,150.086997072,150.086997072,150.086997072
10010001,0,0,0,0,0,0,0,0,0,0
10010002,1624.19622804,1624.19622804,1624.19622804,1624.19622804,1624.19622804,380.611471033824,380.611471033824,380.611471033824,380.611471033824,380.611471033824
10020001,756.37298592,756.37298592,756.37298592,756.37298592,756.37298592,1084.1297699975507,1084.1297699975507,1084.1297699975507,1084.1297699975507,1084.1297699975507
10020002,378.18649296,378.18649296,378.18649296,378.18649296,378.18649296,285.3809270236287,285.3809270236287,285.3809270236287,285.3809270236287,285.3809270236287
10020003,756.37298592,756.37298592,756.37298592,756.37298592,756.37298592,969.0355779561464,969.0355779561464,969.0355779561464,969.0355779561464,969.0355779561464
10020004,1890.93251952,1890.93251952,1890.93251952,1890.93251952,1890.93251952,1557.0449503541702,1557.0449503541702,1557.0449503541702,1557.0449503541702,1557.0449503541702
10020005,1890.93251952,1890.93251952,1890.93251952,1890.93251952,1890.93251952,410.910639311049,410.910639311049,410.910639311049,410.910639311049,410.910639311049
10020006,378.18649296,378.18649296,378.18649296,378.18649296,378.18649296,601.5444120740501,601.5444120740501,601.5444120740501,601.5444120740501,601.5444120740501
10020008,2647.30539546,2647.30539546,2647.30539546,2647.30539546,2647.30539546,1682.8352415094075,1682.8352415094075,1682.8352415094075,1682.8352415094075,1682.8352415094075
10030103,2233.47766122,2233.47766122,2233.47766122,2233.47766122,2233.47766122,4136.314473770987,4136.314473770987,4136.314473770987,4136.314473770987,4136.314473770987
10030201,756.37298592,756.37298592,756.37298592,756.37298592,756.37298592,586.8158271226719,586.8158271226719,586.8158271226719,586.8158271226719,586.8158271226719
10030202,756.37298592,756.37298592,756.37298592,756.37298592,756.37298592,1780.6378225580243,1780.6378225580243,1780.6378225580243,1780.6378225580243,1780.6378225580243
10030204,946.69508052,946.69508052,946.69508052,946.69508052,946.69508052,14539.997266859995,14539.997266859995,14539.997266859995,14539.997266859995,14539.997266859995
10040101,1512.7459716600001,1512.7459716600001,1512.7459716600001,1512.7459716600001,1512.7459716600001,151.274597166,151.274597166,151.274597166,151.274597166,151.274597166
10040102,1134.5594238,1134.5594238,1134.5594238,1134.5594238,1134.5594238,3656.3596681973872,3656.3596681973872,3656.3596681973872,3656.3596681973872,3656.3596681973872
10040103,2647.30539546,2647.30539546,2647.30539546,2647.30539546,2647.30539546,4788.179451329935,4788.179451329935,4788.179451329935,4788.179451329935,4788.179451329935
10040104,756.37298592,756.37298592,756.37298592,756.37298592,756.37298592,157.52805835813476,157.52805835813476,157.52805835813476,157.52805835813476,157.52805835813476
10040105,378.18649296,378.18649296,378.18649296,378.18649296,378.18649296,3619.5414843355106,3619.5414843355106,3619.5414843355106,3619.5414843355106,3619.5414843355106
10040106,378.18649296,378.18649296,378.18649296,378.18649296,378.18649296,8463.136358920092,8463.136358920092,8463.136358920092,8463.136358920092,8463.136358920092
10040202,1134.5594238,1134.5594238,1134.5594238,1134.5594238,1134.5594238,1824.7346689821961,1824.7346689821961,1824.7346689821961,1824.7346689821961,1824.7346689821961
10040203,378.18649296,378.18649296,378.18649296,378.18649296,378.18649296,533.159613799846,533.159613799846,533.159613799846,533.159613799846,533.159613799846
10040204,756.37298592,756.37298592,756.37298592,756.37298592,756.37298592,3073.4225188832643,3073.4225188832643,3073.4225188832643,3073.4225188832643,3073.4225188832643
10040205,1134.5594238,1134.5594238,1134.5594238,1134.5594238,1134.5594238,1019.2521085534852,1019.2521085534852,1019.2521085534852,1019.2521085534852,1019.2521085534852
10050001,0,0,0,0,0,0,0,0,0,0
10050003,0,0,0,0,0,0,0,0,0,0
10050004,2269.11906738,2269.11906738,2269.11906738,2269.11906738,2269.11906738,2839.3890286054557,2839.3890286054557,2839.3890286054557,2839.3890286054557,2839.3890286054557
10050005,5591.30712894,5591.30712894,5591.30712894,5591.30712894,5591.30712894,53296.68545388336,53296.68545388336,53296.68545388336,53296.68545388336,53296.68545388336
10050006,1512.7459716600001,1512.7459716600001,1512.7459716600001,1512.7459716600001,1512.7459716600001,35875.87793215649,35875.87793215649,35875.87793215649,35875.87793215649,35875.87793215649
10050007,378.18649296,378.18649296,378.18649296,378.18649296,378.18649296,37818.649296,37818.649296,37818.649296,37818.649296,37818.649296
10050008,0,0,0,0,0,0,0,0,0,0
10050009,378.18649296,378.18649296,378.18649296,378.18649296,378.18649296,2899.568700782021,2899.568700782021,2899.568700782021,2899.568700782021,2899.568700782021
10050010,4202.43618168,4202.43618168,4202.43618168,4202.43618168,4202.43618168,93468.5021226491,93468.5021226491,93468.5021226491,93468.5021226491,93468.5021226491
10050011,25797.89003904,25797.89003904,25797.89003904,25797.89003904,25797.89003904,264260.489028632,264260.489028632,264260.489028632,264260.489028632,264260.489028632
10050012,1134.5594238,1134.5594238,1134.5594238,1134.5594238,1134.5594238,547.974539290637,547.974539290637,547.974539290637,547.974539290637,547.974539290637
10050013,3005.27556156,3005.27556156,3005.27556156,3005.27556156,3005.27556156,28357.417363703637,28357.417363703637,28357.417363703637,28357.417363703637,28357.417363703637
10050014,1580.1032592000001,1580.1032592000001,1580.1032592000001,1580.1032592000001,1580.1032592000001,33183.893280921286,33183.893280921286,33183.893280921286,33183.893280921286,33183.893280921286
10050015,378.18649296,378.18649296,378.18649296,378.18649296,378.18649296,3183.116468331838,3183.116468331838,3183.116468331838,3183.116468331838,3183.116468331838
10050016,756.37298592,756.37298592,756.37298592,756.37298592,756.37298592,13305.196335809713,13305.196335809713,13305.196335809713,13305.196335809713,13305.196335809713
10060002,1512.7459716600001,1512.7459716600001,1512.7459716600001,1512.7459716600001,1512.7459716600001,41345.89944140594,41345.89944140594,41345.89944140594,41345.89944140594,41345.89944140594
10060003,1134.5594238,1134.5594238,1134.5594238,1134.5594238,1134.5594238,19388.116785410268,19388.116785410268,19388.116785410268,19388.116785410268,19388.116785410268
10060004,756.37298592,756.37298592,756.37298592,756.37298592,756.37298592,44172.693676291936,44172.693676291936,44172.693676291936,44172.693676291936,44172.693676291936
10060007,535.9690063800001,535.9690063800001,535.9690063800001,535.9690063800001,535.9690063800001,6339.906938280071,6339.906938280071,6339.906938280071,6339.906938280071,6339.906938280071
10070002,2647.30539546,2647.30539546,2647.30539546,2647.30539546,2647.30539546,718.1577322562471,718.1577322562471,718.1577322562471,718.1577322562471,718.1577322562471
10070003,378.18649296,378.18649296,378.18649296,378.18649296,378.18649296,379.73419832502856,379.73419832502856,379.73419832502856,379.73419832502856,379.73419832502856
10070008,2908.4352539399997,2908.4352539399997,2908.4352539399997,2908.4352539399997,2908.4352539399997,13431.845854615542,13431.845854615542,13431.845854615542,13431.845854615542,13431.845854615542
10080001,1981.750122,1981.750122,1981.750122,1981.750122,1981.750122,1781.0626409059237,1781.0626409059237,1781.0626409059237,1781.0626409059237,1781.0626409059237
10080003,495.4375305,495.4375305,495.4375305,495.4375305,495.4375305,697.3851846372476,697.3851846372476,697.3851846372476,697.3851846372476,697.3851846372476
10080004,0,0,0,0,0,0,0,0,0,0
10080006,495.4375305,495.4375305,495.4375305,495.4375305,495.4375305,11074.199369581824,11074.199369581824,11074.199369581824,11074.199369581824,11074.199369581824
10080007,1981.750122,1981.750122,1981.750122,1981.750122,1981.750122,2829.7305157038227,2829.7305157038227,2829.7305157038227,2829.7305157038227,2829.7305157038227
10080008,1486.3126464,1486.3126464,1486.3126464,1486.3126464,1486.3126464,4049.412855405607,4049.412855405607,4049.412855405607,4049.412855405607,4049.412855405607
10080009,1486.3126464,1486.3126464,1486.3126464,1486.3126464,1486.3126464,608.0800324768358,608.0800324768358,608.0800324768358,608.0800324768358,608.0800324768358
10080010,990.875061,990.875061,990.875061,990.875061,990.875061,324.57218004223785,324.57218004223785,324.57218004223785,324.57218004223785,324.57218004223785
10080011,0,0,0,0,0,0,0,0,0,0
10080012,495.4375305,495.4375305,495.4375305,495.4375305,495.4375305,142.70004460936136,142.70004460936136,142.70004460936136,142.70004460936136,142.70004460936136
10080013,0,0,0,0,0,0,0,0,0,0
10080016,2125.43459478,2125.43459478,2125.43459478,2125.43459478,2125.43459478,5080.599676751916,5080.599676751916,5080.599676751916,5080.599676751916,5080.599676751916
10090101,3233.56069332,3233.56069332,3233.56069332,3233.56069332,3233.56069332,8885.768175368528,8885.768175368528,8885.768175368528,8885.768175368528,8885.768175368528
10090102,1134.5594238,1134.5594238,1134.5594238,1134.5594238,1134.5594238,2698.931651078363,2698.931651078363,2698.931651078363,2698.931651078363,2698.931651078363
10090201,495.4375305,495.4375305,495.4375305,495.4375305,495.4375305,924.3714831518005,924.3714831518005,924.3714831518005,924.3714831518005,924.3714831518005
10090203,0,0,0,0,0,0,0,0,0,0
10090204,64955.552343840005,64955.552343840005,64955.552343840005,64955.552343840005,64955.552343840005,479494.70856108493,479494.70856108493,479494.70856108493,479494.70856108493,479494.70856108493
10090205,0,0,0,0,0,0,0,0,0,0
10090206,22448.52949212,22448.52949212,22448.52949212,22448.52949212,22448.52949212,73179.16643569847,73179.16643569847,73179.16643569847,73179.16643569847,73179.16643569847
10090207,873.62402346,873.62402346,873.62402346,873.62402346,873.62402346,619.2898134884249,619.2898134884249,619.2898134884249,619.2898134884249,619.2898134884249
10090209,756.37298592,756.37298592,756.37298592,756.37298592,756.37298592,726.0294360237766,726.0294360237766,726.0294360237766,726.0294360237766,726.0294360237766
10090210,378.18649296,378.18649296,378.18649296,378.18649296,378.18649296,4266.910366174653,4266.910366174653,4266.910366174653,4266.910366174653,4266.910366174653
10100002,0,0,0,0,0,0,0,0,0,0
10100003,756.37298592,756.37298592,756.37298592,756.37298592,756.37298592,4022.30997680988,4022.30997680988,4022.30997680988,4022.30997680988,4022.30997680988
10100005,1512.7459716600001,1512.7459716600001,1512.7459716600001,1512.7459716600001,1512.7459716600001,12721.651804545787,12721.651804545787,12721.651804545787,12721.651804545787,12721.651804545787
10110102,315.56502684,315.56502684,315.56502684,315.56502684,315.56502684,2757.336070211847,2757.336070211847,2757.336070211847,2757.336070211847,2757.336070211847
10110202,756.37298592,756.37298592,756.37298592,756.37298592,756.37298592,5095.170379081325,5095.170379081325,5095.170379081325,5095.170379081325,5095.170379081325
10110204,1580.1032592000001,1580.1032592000001,1580.1032592000001,1580.1032592000001,1580.1032592000001,20526.137322896364,20526.137322896364,20526.137322896364,20526.137322896364,20526.137322896364
10110205,631.13005368,631.13005368,631.13005368,631.13005368,631.13005368,895.0533519872075,895.0533519872075,895.0533519872075,895.0533519872075,895.0533519872075
10120101,0,0,0,0,0,0,0,0,0,0
10120102,0,0,0,0,0,0,0,0,0,0
10120103,0,0,0,0,0,0,0,0,0,0
10120104,990.875061,990.875061,990.875061,990.875061,990.875061,3817.9447185684962,3817.9447185684962,3817.9447185684962,3817.9447185684962,3817.9447185684962
10120105,1486.3126464,1486.3126464,1486.3126464,1486.3126464,1486.3126464,12275.509119739105,12275.509119739105,12275.509119739105,12275.509119739105,12275.509119739105
10120106,562.4859924,562.4859924,562.4859924,562.4859924,562.4859924,580.8193177987316,580.8193177987316,580.8193177987316,580.8193177987316,580.8193177987316
10120107,1580.1032592000001,1580.1032592000001,1580.1032592000001,1580.1032592000001,1580.1032592000001,6411.988631621377,6411.988631621377,6411.988631621377,6411.988631621377,6411.988631621377
10120108,0,0,0,0,0,0,0,0,0,0
10120109,1576.3520874600001,1576.3520874600001,1576.3520874600001,1576.3520874600001,1576.3520874600001,1847.1910802489558,1847.1910802489558,1847.1910802489558,1847.1910802489558,1847.1910802489558
10120111,6985.9560058199995,6985.9560058199995,6985.9560058199995,6985.9560058199995,6985.9560058199995,2530.345387356951,2530.345387356951,2530.345387356951,2530.345387356951,2530.345387356951
10120112,1840.23665766,1840.23665766,1840.23665766,1840.23665766,1840.23665766,574.588663566674,574.588663566674,574.588663566674,574.588663566674,574.588663566674
10120113,2027.73208014,2027.73208014,2027.73208014,2027.73208014,2027.73208014,9574.236875176997,9574.236875176997,9574.236875176997,9574.236875176997,9574.236875176997
10120202,3724.53090822,3724.53090822,3724.53090822,3724.53090822,3724.53090822,6659.841218914673,6659.841218914673,6659.841218914673,6659.841218914673,6659.841218914673
10130104,1580.1032592000001,1580.1032592000001,1580.1032592000001,1580.1032592000001,1580.1032592000001,5139.125753303529,5139.125753303529,5139.125753303529,5139.125753303529,5139.125753303529
10130105,1499.96271978,1499.96271978,1499.96271978,1499.96271978,1499.96271978,149.996271978,149.996271978,149.996271978,149.996271978,149.996271978
10130106,1253.04169914,1253.04169914,1253.04169914,1253.04169914,1253.04169914,4506.458322654121,4506.458322654121,4506.458322654121,4506.458322654121,4506.458322654121
10130204,1104.47753904,1104.47753904,1104.47753904,1104.47753904,1104.47753904,5553.827370770908,5553.827370770908,5553.827370770908,5553.827370770908,5553.827370770908
10130206,1552.18106682,1552.18106682,1552.18106682,1552.18106682,1552.18106682,1657.5735736551292,1657.5735736551292,1657.5735736551292,1657.5735736551292,1657.5735736551292
10130301,690.5557067400001,690.5557067400001,690.5557067400001,690.5557067400001,690.5557067400001,4500.895021380758,4500.895021380758,4500.895021380758,4500.895021380758,4500.895021380758
10130302,562.4859924,562.4859924,562.4859924,562.4859924,562.4859924,2351.250486030824,2351.250486030824,2351.250486030824,2351.250486030824,2351.250486030824
10130303,22385.369531340002,22385.369531340002,22385.369531340002,22385.369531340002,22385.369531340002,62771.209608703,62771.209608703,62771.209608703,62771.209608703,62771.209608703
10130304,0,0,0,0,0,0,0,0,0,0
10130305,374.99067990000003,374.99067990000003,374.99067990000003,374.99067990000003,374.99067990000003,1565.7147066626203,1565.7147066626203,1565.7147066626203,1565.7147066626203,1565.7147066626203
10130306,1499.96271978,1499.96271978,1499.96271978,1499.96271978,1499.96271978,4369.391177172419,4369.391177172419,4369.391177172419,4369.391177172419,4369.391177172419
10140102,2965.20864264,2965.20864264,2965.20864264,2965.20864264,2965.20864264,9581.711529410517,9581.711529410517,9581.711529410517,9581.711529410517,9581.711529410517
10140103,374.99067990000003,374.99067990000003,374.99067990000003,374.99067990000003,374.99067990000003,1516.144408506987,1516.144408506987,1516.144408506987,1516.144408506987,1516.144408506987
10140104,937.4766722999999,937.4766722999999,937.4766722999999,937.4766722999999,937.4766722999999,2040.0083265281964,2040.0083265281964,2040.0083265281964,2040.0083265281964,2040.0083265281964
10140201,212299.903125,212299.903125,212299.903125,212299.903125,212299.903125,1341030.0697500731,1341030.0697500731,1341030.0697500731,1341030.0697500731,1341030.0697500731
10140202,1124.9719848,1124.9719848,1124.9719848,1124.9719848,1124.9719848,2512.6779515057415,2512.6779515057415,2512.6779515057415,2512.6779515057415,2512.6779515057415
10140203,937.4766722999999,937.4766722999999,937.4766722999999,937.4766722999999,937.4766722999999,3450.245355497312,3450.245355497312,3450.245355497312,3450.245355497312,3450.245355497312
10140204,18410.109960960002,18410.109960960002,18410.109960960002,18410.109960960002,18410.109960960002,15700.356347789762,15700.356347789762,15700.356347789762,15700.356347789762,15700.356347789762
10150001,1597.0830688800002,1597.0830688800002,1597.0830688800002,1597.0830688800002,1597.0830688800002,2320.1796106168845,2320.1796106168845,2320.1796106168845,2320.1796106168845,2320.1796106168845
10150002,1414.4259155400002,1414.4259155400002,1414.4259155400002,1414.4259155400002,1414.4259155400002,20807.074901302294,20807.074901302294,20807.074901302294,20807.074901302294,20807.074901302294
10150003,1694.20352778,1694.20352778,1694.20352778,1694.20352778,1694.20352778,10616.949245927552,10616.949245927552,10616.949245927552,10616.949245927552,10616.949245927552
10150005,5197.2437988,5197.2437988,5197.2437988,5197.2437988,5197.2437988,12460.399404527267,12460.399404527267,12460.399404527267,12460.399404527267,12460.399404527267
10160001,1420.04267586,1420.04267586,1420.04267586,1420.04267586,1420.04267586,4342.438493473687,4342.438493473687,4342.438493473687,4342.438493473687,4342.438493473687
10160002,788.9125671,788.9125671,788.9125671,788.9125671,788.9125671,2720.0501781282364,2720.0501781282364,2720.0501781282364,2720.0501781282364,2720.0501781282364
10160007,562.4859924,562.4859924,562.4859924,562.4859924,562.4859924,1514.586498143307,1514.586498143307,1514.586498143307,1514.586498143307,1514.586498143307
10160008,5197.2437988,5197.2437988,5197.2437988,5197.2437988,5197.2437988,8232.361400116863,8232.361400116863,8232.361400116863,8232.361400116863,8232.361400116863
10180001,431.63475948,431.63475948,431.63475948,431.63475948,431.63475948,287.19783457634696,287.19783457634696,287.19783457634696,287.19783457634696,287.19783457634696
10180006,1388.1281616,1388.1281616,1388.1281616,1388.1281616,1388.1281616,13409.258702638577,13409.258702638577,13409.258702638577,13409.258702638577,13409.258702638577
10180010,6455.9623536,6455.9623536,6455.9623536,6455.9623536,6455.9623536,14325.763729118093,14325.763729118093,14325.763729118093,14325.763729118093,14325.763729118093
10180012,4525.095849660001,4525.095849660001,4525.095849660001,4525.095849660001,4525.095849660001,86834.31751207044,86834.31751207044,86834.31751207044,86834.31751207044,86834.31751207044
10180013,211.77544104,211.77544104,211.77544104,211.77544104,211.77544104,21177.544104,21177.544104,21177.544104,21177.544104,21177.544104
10190001,33268.805859420005,33268.805859420005,33268.805859420005,33268.805859420005,33268.805859420005,50413.85698873782,50413.85698873782,50413.85698873782,50413.85698873782,50413.85698873782
10190008,5635.154003940001,5635.154003940001,5635.154003940001,5635.154003940001,5635.154003940001,563515.4003940001,563515.4003940001,563515.4003940001,563515.4003940001,563515.4003940001
10190010,18370.39746096,18370.39746096,18370.39746096,18370.39746096,18370.39746096,411886.9479566898,411886.9479566898,411886.9479566898,411886.9479566898,411886.9479566898
10190014,2418.6005859600004,2418.6005859600004,2418.6005859600004,2418.6005859600004,2418.6005859600004,88315.46976428891,88315.46976428891,88315.46976428891,88315.46976428891,88315.46976428891
10190015,5195.443359420001,5195.443359420001,5195.443359420001,5195.443359420001,5195.443359420001,53110.66487903127,53110.66487903127,53110.66487903127,53110.66487903127,53110.66487903127
10200103,1905.9789551400002,1905.9789551400002,1905.9789551400002,1905.9789551400002,1905.9789551400002,190.59789551400002,190.59789551400002,190.59789551400002,190.59789551400002,190.59789551400002
10210001,847.10176398,847.10176398,847.10176398,847.10176398,847.10176398,2238.959973370932,2238.959973370932,2238.959973370932,2238.959973370932,2238.959973370932
10210002,423.55088190000004,423.55088190000004,423.55088190000004,423.55088190000004,423.55088190000004,1025.2631387804906,1025.2631387804906,1025.2631387804906,1025.2631387804906,1025.2631387804906
10210004,1270.65267342,1270.65267342,1270.65267342,1270.65267342,1270.65267342,1606.763088864456,1606.763088864456,1606.763088864456,1606.763088864456,1606.763088864456
10210006,847.10176398,847.10176398,847.10176398,847.10176398,847.10176398,1552.7765977121405,1552.7765977121405,1552.7765977121405,1552.7765977121405,1552.7765977121405
10210008,423.55088190000004,423.55088190000004,423.55088190000004,423.55088190000004,423.55088190000004,626.7992395248734,626.7992395248734,626.7992395248734,626.7992395248734,626.7992395248734
10230004,4560.354931680001,4560.354931680001,4560.354931680001,4560.354931680001,4560.354931680001,3936.786868203755,3936.786868203755,3936.786868203755,3936.786868203755,3936.786868203755
10250002,2581.72470702,2581.72470702,2581.72470702,2581.72470702,2581.72470702,65520.80169639073,65520.80169639073,65520.80169639073,65520.80169639073,65520.80169639073
10250006,1710.37133784,1710.37133784,1710.37133784,1710.37133784,1710.37133784,19663.77674472508,19663.77674472508,19663.77674472508,19663.77674472508,19663.77674472508
10250007,635.32633662,635.32633662,635.32633662,635.32633662,635.32633662,3110.770568944825,3110.770568944825,3110.770568944825,3110.770568944825,3110.770568944825
10250010,1002.5701171200001,1002.5701171200001,1002.5701171200001,1002.5701171200001,1002.5701171200001,6382.952883327389,6382.952883327389,6382.952883327389,6382.952883327389,6382.952883327389
10250012,682.27728876,682.27728876,682.27728876,682.27728876,682.27728876,8627.746167383004,8627.746167383004,8627.746167383004,8627.746167383004,8627.746167383004
10250014,1580.1032592000001,1580.1032592000001,1580.1032592000001,1580.1032592000001,1580.1032592000001,3359.0167802947203,3359.0167802947203,3359.0167802947203,3359.0167802947203,3359.0167802947203
10260001,1183.5624024,1183.5624024,1183.5624024,1183.5624024,1183.5624024,13138.955957089665,13138.955957089665,13138.955957089665,13138.955957089665,13138.955957089665
10260002,0,0,0,0,0,0,0,0,0,0
10260003,1002.5701171200001,1002.5701171200001,1002.5701171200001,1002.5701171200001,1002.5701171200001,3273.8009422372193,3273.8009422372193,3273.8009422372193,3273.8009422372193,3273.8009422372193
10260004,431.63475948,431.63475948,431.63475948,431.63475948,431.63475948,8010.222047491087,8010.222047491087,8010.222047491087,8010.222047491087,8010.222047491087
10260005,1002.5701171200001,1002.5701171200001,1002.5701171200001,1002.5701171200001,1002.5701171200001,7277.722665765606,7277.722665765606,7277.722665765606,7277.722665765606,7277.722665765606
10260009,35322.046875,35322.046875,35322.046875,35322.046875,35322.046875,103114.95099517914,103114.95099517914,103114.95099517914,103114.95099517914,103114.95099517914
10260011,1503.85517586,1503.85517586,1503.85517586,1503.85517586,1503.85517586,6003.381264653051,6003.381264653051,6003.381264653051,6003.381264653051,6003.381264653051
10260013,1754.49770514,1754.49770514,1754.49770514,1754.49770514,1754.49770514,7597.182881717992,7597.182881717992,7597.182881717992,7597.182881717992,7597.182881717992
10270101,5298.13125,5298.13125,5298.13125,5298.13125,5298.13125,529.813125,529.813125,529.813125,529.813125,529.813125
10270204,6984.1546875,6984.1546875,6984.1546875,6984.1546875,6984.1546875,6754.755890805685,6754.755890805685,6754.755890805685,6754.755890805685,6754.755890805685
10280103,175366.0828125,175366.0828125,175366.0828125,175366.0828125,175366.0828125,24334.399634264617,24334.399634264617,24334.399634264617,24334.399634264617,24334.399634264617
10290103,5719.423974660001,5719.423974660001,5719.423974660001,5719.423974660001,5719.423974660001,752.1760278380223,752.1760278380223,752.1760278380223,752.1760278380223,752.1760278380223
10290107,2101.21809084,2101.21809084,2101.21809084,2101.21809084,2101.21809084,891.3818355936755,891.3818355936755,891.3818355936755,891.3818355936755,891.3818355936755
10290202,3120.63771978,3120.63771978,3120.63771978,3120.63771978,3120.63771978,1333.1227396963986,1333.1227396963986,1333.1227396963986,1333.1227396963986,1333.1227396963986
10290203,2860.5845214,2860.5845214,2860.5845214,2860.5845214,2860.5845214,364.107543579496,364.107543579496,364.107543579496,364.107543579496,364.107543579496
11010005,2910.98935548,2910.98935548,2910.98935548,2910.98935548,2910.98935548,1117.476214568266,1117.476214568266,1117.476214568266,1117.476214568266,1117.476214568266
11010008,4800.96123048,4800.96123048,4800.96123048,4800.96123048,4800.96123048,2022.008133621147,2022.008133621147,2022.008133621147,2022.008133621147,2022.008133621147
11010009,5200.8046875,5200.8046875,5200.8046875,5200.8046875,5200.8046875,520.08046875,520.08046875,520.08046875,520.08046875,520.08046875
11010011,2460.4828857,2460.4828857,2460.4828857,2460.4828857,2460.4828857,946.3840564554208,946.3840564554208,946.3840564554208,946.3840564554208,946.3840564554208
11010012,4560.69375,4560.69375,4560.69375,4560.69375,4560.69375,1648.9754990686506,1648.9754990686506,1648.9754990686506,1648.9754990686506,1648.9754990686506
11020004,9632.10585942,9632.10585942,9632.10585942,9632.10585942,9632.10585942,267573.6663813239,267573.6663813239,267573.6663813239,267573.6663813239,267573.6663813239
11020005,3964.12075188,3964.12075188,3964.12075188,3964.12075188,3964.12075188,4212.290996286986,4212.290996286986,4212.290996286986,4212.290996286986,4212.290996286986
11030005,2418.6005859600004,2418.6005859600004,2418.6005859600004,2418.6005859600004,2418.6005859600004,7532.435884993184,7532.435884993184,7532.435884993184,7532.435884993184,7532.435884993184
11030007,1002.5701171200001,1002.5701171200001,1002.5701171200001,1002.5701171200001,1002.5701171200001,4707.007414655128,4707.007414655128,4707.007414655128,4707.007414655128,4707.007414655128
11030014,3398.8115478600002,3398.8115478600002,3398.8115478600002,3398.8115478600002,3398.8115478600002,4253.4632807409325,4253.4632807409325,4253.4632807409325,4253.4632807409325,4253.4632807409325
11030016,6858.1722655799995,6858.1722655799995,6858.1722655799995,6858.1722655799995,6858.1722655799995,1385.388309159751,1385.388309159751,1385.388309159751,1385.388309159751,1385.388309159751
11040001,688.68698724,688.68698724,688.68698724,688.68698724,688.68698724,9710.529522950555,9710.529522950555,9710.529522950555,9710.529522950555,9710.529522950555
11040002,949.6700683199999,949.6700683199999,949.6700683199999,949.6700683199999,949.6700683199999,8197.297519663513,8197.297519663513,8197.297519663513,8197.297519663513,8197.297519663513
11040003,751.92758784,751.92758784,751.92758784,751.92758784,751.92758784,10629.496700056206,10629.496700056206,10629.496700056206,10629.496700056206,10629.496700056206
11040004,863.26951896,863.26951896,863.26951896,863.26951896,863.26951896,27160.333314100546,27160.333314100546,27160.333314100546,27160.333314100546,27160.333314100546
11060002,1269.96295158,1269.96295158,1269.96295158,1269.96295158,1269.96295158,2512.9672713559476,2512.9672713559476,2512.9672713559476,2512.9672713559476,2512.9672713559476
11070101,129933.590625,129933.590625,129933.590625,129933.590625,129933.590625,63386.661356035846,63386.661356035846,63386.661356035846,63386.661356035846,63386.661356035846
11070102,1503.85517586,1503.85517586,1503.85517586,1503.85517586,1503.85517586,769.5212731198982,769.5212731198982,769.5212731198982,769.5212731198982,769.5212731198982
11070106,34727.52304692,34727.52304692,34727.52304692,34727.52304692,34727.52304692,18496.638129860974,18496.638129860974,18496.638129860974,18496.638129860974,18496.638129860974
11070202,2255.7827637,2255.7827637,2255.7827637,2255.7827637,2255.7827637,1571.1911630154289,1571.1911630154289,1571.1911630154289,1571.1911630154289,1571.1911630154289
11070203,1754.49770514,1754.49770514,1754.49770514,1754.49770514,1754.49770514,579.604422480497,579.604422480497,579.604422480497,579.604422480497,579.604422480497
11070206,6550.00751952,6550.00751952,6550.00751952,6550.00751952,6550.00751952,655.000751952,655.000751952,655.000751952,655.000751952,655.000751952
11070208,7926.0855469200005,7926.0855469200005,7926.0855469200005,7926.0855469200005,7926.0855469200005,3419.2345946755436,3419.2345946755436,3419.2345946755436,3419.2345946755436,3419.2345946755436
11080003,1377.37397466,1377.37397466,1377.37397466,1377.37397466,1377.37397466,1481.4934620897998,1481.4934620897998,1481.4934620897998,1481.4934620897998,1481.4934620897998
11080004,2066.0609619,2066.0609619,2066.0609619,2066.0609619,2066.0609619,4498.640611799287,4498.640611799287,4498.640611799287,4498.640611799287,4498.640611799287
11080005,344.34349362,344.34349362,344.34349362,344.34349362,344.34349362,8316.293317400981,8316.293317400981,8316.293317400981,8316.293317400981,8316.293317400981
11080007,1033.03048104,1033.03048104,1033.03048104,1033.03048104,1033.03048104,17798.267643516032,17798.267643516032,17798.267643516032,17798.267643516032,17798.267643516032
11080008,344.34349362,344.34349362,344.34349362,344.34349362,344.34349362,4691.596723856359,4691.596723856359,4691.596723856359,4691.596723856359,4691.596723856359
11090102,876.4826661000001,876.4826661000001,876.4826661000001,876.4826661000001,876.4826661000001,5005.769326302574,5005.769326302574,5005.769326302574,5005.769326302574,5005.769326302574
11090103,1596.41751708,1596.41751708,1596.41751708,1596.41751708,1596.41751708,19067.996344548523,19067.996344548523,19067.996344548523,19067.996344548523,19067.996344548523
11090104,1033.03048104,1033.03048104,1033.03048104,1033.03048104,1033.03048104,12149.267863297373,12149.267863297373,12149.267863297373,12149.267863297373,12149.267863297373
11090203,4480.39248048,4480.39248048,4480.39248048,4480.39248048,4480.39248048,2710.110987510648,2710.110987510648,2710.110987510648,2710.110987510648,2710.110987510648
11110204,5661.92548836,5661.92548836,5661.92548836,5661.92548836,5661.92548836,2096.752957234365,2096.752957234365,2096.752957234365,2096.752957234365,2096.752957234365
11110205,12006.08349606,12006.08349606,12006.08349606,12006.08349606,12006.08349606,3669.2544275677847,3669.2544275677847,3669.2544275677847,3669.2544275677847,3669.2544275677847
11110206,10904.85175788,10904.85175788,10904.85175788,10904.85175788,10904.85175788,3432.4783054267677,3432.4783054267677,3432.4783054267677,3432.4783054267677,3432.4783054267677
11120102,2646.59194332,2646.59194332,2646.59194332,2646.59194332,2646.59194332,8449.085438021002,8449.085438021002,8449.085438021002,8449.085438021002,8449.085438021002
11120105,2128.55668938,2128.55668938,2128.55668938,2128.55668938,2128.55668938,1404.0336283379147,1404.0336283379147,1404.0336283379147,1404.0336283379147,1404.0336283379147
11120201,1064.27834478,1064.27834478,1064.27834478,1064.27834478,1064.27834478,4607.8042739913835,4607.8042739913835,4607.8042739913835,4607.8042739913835,4607.8042739913835
11120303,6734.45961918,6734.45961918,6734.45961918,6734.45961918,6734.45961918,4399.335836089926,4399.335836089926,4399.335836089926,4399.335836089926,4399.335836089926
11120304,1036.07072748,1036.07072748,1036.07072748,1036.07072748,1036.07072748,2060.866862339113,2060.866862339113,2060.866862339113,2060.866862339113,2060.866862339113
11130101,3682.66267098,3682.66267098,3682.66267098,3682.66267098,3682.66267098,1427.9510676988994,1427.9510676988994,1427.9510676988994,1427.9510676988994,1427.9510676988994
11130102,3384.17731926,3384.17731926,3384.17731926,3384.17731926,3384.17731926,365.69016310649965,365.69016310649965,365.69016310649965,365.69016310649965,365.69016310649965
11130203,8714.77382808,8714.77382808,8714.77382808,8714.77382808,8714.77382808,9548.015606051615,9548.015606051615,9548.015606051615,9548.015606051615,9548.015606051615
11130204,532.1391723,532.1391723,532.1391723,532.1391723,532.1391723,1071.6091738813527,1071.6091738813527,1071.6091738813527,1071.6091738813527,1071.6091738813527
11130205,0,0,0,0,0,0,0,0,0,0
11130208,3085.25515128,3085.25515128,3085.25515128,3085.25515128,3085.25515128,2893.2690047089695,2893.2690047089695,2893.2690047089695,2893.2690047089695,2893.2690047089695
11130304,2590.1767089000004,2590.1767089000004,2590.1767089000004,2590.1767089000004,2590.1767089000004,259.01767089000003,259.01767089000003,259.01767089000003,259.01767089000003,259.01767089000003
11140102,3626.24743656,3626.24743656,3626.24743656,3626.24743656,3626.24743656,1637.7653357124866,1637.7653357124866,1637.7653357124866,1637.7653357124866,1637.7653357124866
11140104,3108.21218262,3108.21218262,3108.21218262,3108.21218262,3108.21218262,1440.3316087523651,1440.3316087523651,1440.3316087523651,1440.3316087523651,1440.3316087523651
11140107,5034.854882879999,5034.854882879999,5034.854882879999,5034.854882879999,5034.854882879999,1637.8548678257036,1637.8548678257036,1637.8548678257036,1637.8548678257036,1637.8548678257036
11140203,9564.25341798,9564.25341798,9564.25341798,9564.25341798,9564.25341798,1958.5507795145322,1958.5507795145322,1958.5507795145322,1958.5507795145322,1958.5507795145322
11140204,11830.680175860001,11830.680175860001,11830.680175860001,11830.680175860001,11830.680175860001,1576.4298858448662,1576.4298858448662,1576.4298858448662,1576.4298858448662,1576.4298858448662
11140205,1620.19270026,1620.19270026,1620.19270026,1620.19270026,1620.19270026,594.7094105636152,594.7094105636152,594.7094105636152,594.7094105636152,594.7094105636152
11140208,2480.26970214,2480.26970214,2480.26970214,2480.26970214,2480.26970214,306.3864021551512,306.3864021551512,306.3864021551512,306.3864021551512,306.3864021551512
11140209,4960.53940428,4960.53940428,4960.53940428,4960.53940428,4960.53940428,1780.5930153115012,1780.5930153115012,1780.5930153115012,1780.5930153115012,1780.5930153115012
11140303,3724.97431644,3724.97431644,3724.97431644,3724.97431644,3724.97431644,1445.9625539350968,1445.9625539350968,1445.9625539350968,1445.9625539350968,1445.9625539350968
12010003,9484.548046920001,9484.548046920001,9484.548046920001,9484.548046920001,9484.548046920001,4404.815971519296,4404.815971519296,4404.815971519296,4404.815971519296,4404.815971519296
12010004,13360.7188476,13360.7188476,13360.7188476,13360.7188476,13360.7188476,1810.6815753113708,1810.6815753113708,1810.6815753113708,1810.6815753113708,1810.6815753113708
12020001,19638.891210960002,19638.891210960002,19638.891210960002,19638.891210960002,19638.891210960002,9546.49487182528,9546.49487182528,9546.49487182528,9546.49487182528,9546.49487182528
12020002,6385.67006832,6385.67006832,6385.67006832,6385.67006832,6385.67006832,1375.7640573558222,1375.7640573558222,1375.7640573558222,1375.7640573558222,1375.7640573558222
12020006,6252.45205086,6252.45205086,6252.45205086,6252.45205086,6252.45205086,2344.975713992689,2344.975713992689,2344.975713992689,2344.975713992689,2344.975713992689
12030104,711522.61875,711522.61875,711522.61875,711522.61875,711522.61875,471743.9479684953,471743.9479684953,471743.9479684953,471743.9479684953,471743.9479684953
12030107,315.56502684,315.56502684,315.56502684,315.56502684,315.56502684,158.5044576092488,158.5044576092488,158.5044576092488,158.5044576092488,158.5044576092488
12030108,13209.522363360002,13209.522363360002,13209.522363360002,13209.522363360002,13209.522363360002,3513.309616664598,3513.309616664598,3513.309616664598,3513.309616664598,3513.309616664598
12030202,25224.39667962,25224.39667962,25224.39667962,25224.39667962,25224.39667962,2752.1571788060064,2752.1571788060064,2752.1571788060064,2752.1571788060064,2752.1571788060064
12030203,33420.33984384,33420.33984384,33420.33984384,33420.33984384,33420.33984384,3342.0339843840006,3342.0339843840006,3342.0339843840006,3342.0339843840006,3342.0339843840006
12040102,52663.521093840005,52663.521093840005,52663.521093840005,52663.521093840005,52663.521093840005,20366.515313844786,20366.515313844786,20366.515313844786,20366.515313844786,20366.515313844786
12040202,16710.16992192,16710.16992192,16710.16992192,16710.16992192,16710.16992192,1671.0169921920003,1671.0169921920003,1671.0169921920003,1671.0169921920003,1671.0169921920003
12050005,2472.9000732,2472.9000732,2472.9000732,2472.9000732,2472.9000732,8904.591271999689,8904.591271999689,8904.591271999689,8904.591271999689,8904.591271999689
12060104,1064.27834478,1064.27834478,1064.27834478,1064.27834478,1064.27834478,208.55164912252962,208.55164912252962,208.55164912252962,208.55164912252962,208.55164912252962
12060105,3345.83305668,3345.83305668,3345.83305668,3345.83305668,3345.83305668,4144.0003624998035,4144.0003624998035,4144.0003624998035,4144.0003624998035,4144.0003624998035
12060203,6103.72836918,6103.72836918,6103.72836918,6103.72836918,6103.72836918,1212.1565429967513,1212.1565429967513,1212.1565429967513,1212.1565429967513,1212.1565429967513
12090101,2128.55668938,2128.55668938,2128.55668938,2128.55668938,2128.55668938,1141.0464526187006,1141.0464526187006,1141.0464526187006,1141.0464526187006,1141.0464526187006
12090105,10725.4327149,10725.4327149,10725.4327149,10725.4327149,10725.4327149,9328.7198802615,9328.7198802615,9328.7198802615,9328.7198802615,9328.7198802615
12090108,4563.1089844200005,4563.1089844200005,4563.1089844200005,4563.1089844200005,4563.1089844200005,6573.615203902583,6573.615203902583,6573.615203902583,6573.615203902583,6573.615203902583
12090109,3192.83503416,3192.83503416,3192.83503416,3192.83503416,3192.83503416,3410.921424078572,3410.921424078572,3410.921424078572,3410.921424078572,3410.921424078572
12090202,532.1391723,532.1391723,532.1391723,532.1391723,532.1391723,907.4346648106535,907.4346648106535,907.4346648106535,907.4346648106535,907.4346648106535
12090203,532.1391723,532.1391723,532.1391723,532.1391723,532.1391723,734.6266022219141,734.6266022219141,734.6266022219141,734.6266022219141,734.6266022219141
12090204,5321.391503940001,5321.391503940001,5321.391503940001,5321.391503940001,5321.391503940001,4274.092725795574,4274.092725795574,4274.092725795574,4274.092725795574,4274.092725795574
12090206,3192.83503416,3192.83503416,3192.83503416,3192.83503416,3192.83503416,2713.767880473277,2713.767880473277,2713.767880473277,2713.767880473277,2713.767880473277
12100101,2660.69575188,2660.69575188,2660.69575188,2660.69575188,2660.69575188,593.2488756800989,593.2488756800989,593.2488756800989,593.2488756800989,593.2488756800989
12100102,2660.69575188,2660.69575188,2660.69575188,2660.69575188,2660.69575188,1510.9474188826682,1510.9474188826682,1510.9474188826682,1510.9474188826682,1510.9474188826682
12100201,25375.06757808,25375.06757808,25375.06757808,25375.06757808,25375.06757808,19977.90110638233,19977.90110638233,19977.90110638233,19977.90110638233,19977.90110638233
12100303,16349.86933596,16349.86933596,16349.86933596,16349.86933596,16349.86933596,4778.962118449899,4778.962118449899,4778.962118449899,4778.962118449899,4778.962118449899
12100404,0,0,0,0,0,0,0,0,0,0
12100405,6979.18535154,6979.18535154,6979.18535154,6979.18535154,6979.18535154,6901.508523541045,6901.508523541045,6901.508523541045,6901.508523541045,6901.508523541045
12100406,1064.27834478,1064.27834478,1064.27834478,1064.27834478,1064.27834478,938.9066303719434,938.9066303719434,938.9066303719434,938.9066303719434,938.9066303719434
12110101,1064.27834478,1064.27834478,1064.27834478,1064.27834478,1064.27834478,1168.0137648123693,1168.0137648123693,1168.0137648123693,1168.0137648123693,1168.0137648123693
12110102,532.1391723,532.1391723,532.1391723,532.1391723,532.1391723,960.6226323303523,960.6226323303523,960.6226323303523,960.6226323303523,960.6226323303523
12110103,2128.55668938,2128.55668938,2128.55668938,2128.55668938,2128.55668938,1597.01817819905,1597.01817819905,1597.01817819905,1597.01817819905,1597.01817819905
12110105,7622.9235351,7622.9235351,7622.9235351,7622.9235351,7622.9235351,6267.150905284868,6267.150905284868,6267.150905284868,6267.150905284868,6267.150905284868
12110107,15142.91484384,15142.91484384,15142.91484384,15142.91484384,15142.91484384,17454.357366726348,17454.357366726348,17454.357366726348,17454.357366726348,17454.357366726348
12110108,1064.27834478,1064.27834478,1064.27834478,1064.27834478,1064.27834478,274.5043005106758,274.5043005106758,274.5043005106758,274.5043005106758,274.5043005106758
12110109,11889.32519538,11889.32519538,11889.32519538,11889.32519538,11889.32519538,19903.69270715817,19903.69270715817,19903.69270715817,19903.69270715817,19903.69270715817
12110111,5362.30898442,5362.30898442,5362.30898442,5362.30898442,5362.30898442,721.4223661595358,721.4223661595358,721.4223661595358,721.4223661595358,721.4223661595358
13010001,1294.90433352,1294.90433352,1294.90433352,1294.90433352,1294.90433352,658.1254107069711,658.1254107069711,658.1254107069711,658.1254107069711,658.1254107069711
13020202,12897.52470702,12897.52470702,12897.52470702,12897.52470702,12897.52470702,62288.68977157077,62288.68977157077,62288.68977157077,62288.68977157077,62288.68977157077
13020204,12897.52470702,12897.52470702,12897.52470702,12897.52470702,12897.52470702,158912.2056340269,158912.2056340269,158912.2056340269,158912.2056340269,158912.2056340269
13020205,3568.7245606200004,3568.7245606200004,3568.7245606200004,3568.7245606200004,3568.7245606200004,231329.69533705633,231329.69533705633,231329.69533705633,231329.69533705633,231329.69533705633
13020206,688.68698724,688.68698724,688.68698724,688.68698724,688.68698724,9982.088418034691,9982.088418034691,9982.088418034691,9982.088418034691,9982.088418034691
13020208,344.34349362,344.34349362,344.34349362,344.34349362,344.34349362,3835.0338313589746,3835.0338313589746,3835.0338313589746,3835.0338313589746,3835.0338313589746
13020209,344.34349362,344.34349362,344.34349362,344.34349362,344.34349362,8012.361612172037,8012.361612172037,8012.361612172037,8012.361612172037,8012.361612172037
13020210,344.34349362,344.34349362,344.34349362,344.34349362,344.34349362,20470.49025968877,20470.49025968877,20470.49025968877,20470.49025968877,20470.49025968877
13020211,0,0,0,0,0,0,0,0,0,0
13030103,1910.50554204,1910.50554204,1910.50554204,1910.50554204,1910.50554204,102350.9648715879,102350.9648715879,102350.9648715879,102350.9648715879,102350.9648715879
13030200,3287.8797363000003,3287.8797363000003,3287.8797363000003,3287.8797363000003,3287.8797363000003,328.78797363000007,328.78797363000007,328.78797363000007,328.78797363000007,328.78797363000007
13030201,344.34349362,344.34349362,344.34349362,344.34349362,344.34349362,7935.922705738763,7935.922705738763,7935.922705738763,7935.922705738763,7935.922705738763
13040202,0,0,0,0,0,0,0,0,0,0
13040203,0,0,0,0,0,0,0,0,0,0
13040204,532.1391723,532.1391723,532.1391723,532.1391723,532.1391723,15039.891254503003,15039.891254503003,15039.891254503003,15039.891254503003,15039.891254503003
13040205,532.1391723,532.1391723,532.1391723,532.1391723,532.1391723,118.3977424651188,118.3977424651188,118.3977424651188,118.3977424651188,118.3977424651188
13040206,0,0,0,0,0,0,0,0,0,0
13040207,532.1391723,532.1391723,532.1391723,532.1391723,532.1391723,12557.245245363867,12557.245245363867,12557.245245363867,12557.245245363867,12557.245245363867
13040208,0,0,0,0,0,0,0,0,0,0
13040209,532.1391723,532.1391723,532.1391723,532.1391723,532.1391723,12452.875037935517,12452.875037935517,12452.875037935517,12452.875037935517,12452.875037935517
13040210,532.1391723,532.1391723,532.1391723,532.1391723,532.1391723,4983.085504792786,4983.085504792786,4983.085504792786,4983.085504792786,4983.085504792786
13040211,0,0,0,0,0,0,0,0,0,0
13040212,0,0,0,0,0,0,0,0,0,0
13040301,532.1391723,532.1391723,532.1391723,532.1391723,532.1391723,1546.9173186684513,1546.9173186684513,1546.9173186684513,1546.9173186684513,1546.9173186684513
13040302,0,0,0,0,0,0,0,0,0,0
13050004,2285.1046143,2285.1046143,2285.1046143,2285.1046143,2285.1046143,78138.19911313445,78138.19911313445,78138.19911313445,78138.19911313445,78138.19911313445
13060005,344.34349362,344.34349362,344.34349362,344.34349362,344.34349362,4813.14773851554,4813.14773851554,4813.14773851554,4813.14773851554,4813.14773851554
13060006,344.34349362,344.34349362,344.34349362,344.34349362,344.34349362,8045.657501270041,8045.657501270041,8045.657501270041,8045.657501270041,8045.657501270041
13060009,688.68698724,688.68698724,688.68698724,688.68698724,688.68698724,4975.06766876967,4975.06766876967,4975.06766876967,4975.06766876967,4975.06766876967
13060010,1033.03048104,1033.03048104,1033.03048104,1033.03048104,1033.03048104,2727.961335332006,2727.961335332006,2727.961335332006,2727.961335332006,2727.961335332006
13070001,2128.55668938,2128.55668938,2128.55668938,2128.55668938,2128.55668938,2315.645701261511,2315.645701261511,2315.645701261511,2315.645701261511,2315.645701261511
13070002,7936.83544914,7936.83544914,7936.83544914,7936.83544914,7936.83544914,124599.89024055439,124599.89024055439,124599.89024055439,124599.89024055439,124599.89024055439
13070003,1064.27834478,1064.27834478,1064.27834478,1064.27834478,1064.27834478,3842.024534361958,3842.024534361958,3842.024534361958,3842.024534361958,3842.024534361958
13070004,0,0,0,0,0,0,0,0,0,0
13070010,0,0,0,0,0,0,0,0,0,0
13070011,532.1391723,532.1391723,532.1391723,532.1391723,532.1391723,4359.5990951893955,4359.5990951893955,4359.5990951893955,4359.5990951893955,4359.5990951893955
13070012,21231.61699212,21231.61699212,21231.61699212,21231.61699212,21231.61699212,6964.520412748861,6964.520412748861,6964.520412748861,6964.520412748861,6964.520412748861
14020001,1294.90433352,1294.90433352,1294.90433352,1294.90433352,1294.90433352,748.4952155752942,748.4952155752942,748.4952155752942,748.4952155752942,748.4952155752942
14020003,1726.5390381,1726.5390381,1726.5390381,1726.5390381,1726.5390381,3022.5571921767296,3022.5571921767296,3022.5571921767296,3022.5571921767296,3022.5571921767296
14020004,1294.90433352,1294.90433352,1294.90433352,1294.90433352,1294.90433352,1168.3546614142745,1168.3546614142745,1168.3546614142745,1168.3546614142745,1168.3546614142745
14020005,3360.89728998,3360.89728998,3360.89728998,3360.89728998,3360.89728998,1098.4029842507948,1098.4029842507948,1098.4029842507948,1098.4029842507948,1098.4029842507948
14030001,1491.306372,1491.306372,1491.306372,1491.306372,1491.306372,152.86502876584026,152.86502876584026,152.86502876584026,152.86502876584026,152.86502876584026
14030004,1202.7235473,1202.7235473,1202.7235473,1202.7235473,1202.7235473,432.8679122037081,432.8679122037081,432.8679122037081,432.8679122037081,432.8679122037081
14030005,577.1655945,577.1655945,577.1655945,577.1655945,577.1655945,78.05743938885105,78.05743938885105,78.05743938885105,78.05743938885105,78.05743938885105
14040101,33013.13554692,33013.13554692,33013.13554692,33013.13554692,33013.13554692,24469.548024705284,24469.548024705284,24469.548024705284,24469.548024705284,24469.548024705284
14040102,990.875061,990.875061,990.875061,990.875061,990.875061,956.6620963620348,956.6620963620348,956.6620963620348,956.6620963620348,956.6620963620348
14040104,5591.30712894,5591.30712894,5591.30712894,5591.30712894,5591.30712894,186604.32421710214,186604.32421710214,186604.32421710214,186604.32421710214,186604.32421710214
14040109,15882.93808596,15882.93808596,15882.93808596,15882.93808596,15882.93808596,326042.71634982055,326042.71634982055,326042.71634982055,326042.71634982055,326042.71634982055
14040200,990.875061,990.875061,990.875061,990.875061,990.875061,73558.95069548656,73558.95069548656,73558.95069548656,73558.95069548656,73558.95069548656
14050002,431.63475948,431.63475948,431.63475948,431.63475948,431.63475948,142.77222254336587,142.77222254336587,142.77222254336587,142.77222254336587,142.77222254336587
14050003,2349.58205574,2349.58205574,2349.58205574,2349.58205574,2349.58205574,9681.706347974856,9681.706347974856,9681.706347974856,9681.706347974856,9681.706347974856
14050004,495.4375305,495.4375305,495.4375305,495.4375305,495.4375305,3536.508727236015,3536.508727236015,3536.508727236015,3536.508727236015,3536.508727236015
14050005,212299.903125,212299.903125,212299.903125,212299.903125,212299.903125,187655.9300721281,187655.9300721281,187655.9300721281,187655.9300721281,187655.9300721281
14050006,431.63475948,431.63475948,431.63475948,431.63475948,431.63475948,912.207788075057,912.207788075057,912.207788075057,912.207788075057,912.207788075057
14060001,288.58279716,288.58279716,288.58279716,288.58279716,288.58279716,28.858279716,28.858279716,28.858279716,28.858279716,28.858279716
14060002,0,0,0,0,0,0,0,0,0,0
14060004,4560.69375,4560.69375,4560.69375,4560.69375,4560.69375,6276.765037375572,6276.765037375572,6276.765037375572,6276.765037375572,6276.765037375572
14060005,577.1655945,577.1655945,577.1655945,577.1655945,577.1655945,78.5353692470941,78.5353692470941,78.5353692470941,78.5353692470941,78.5353692470941
14060006,946.69508052,946.69508052,946.69508052,946.69508052,946.69508052,14272.547969883164,14272.547969883164,14272.547969883164,14272.547969883164,14272.547969883164
14060008,17519.039648460002,17519.039648460002,17519.039648460002,17519.039648460002,17519.039648460002,2283.7769852664455,2283.7769852664455,2283.7769852664455,2283.7769852664455,2283.7769852664455
14070001,0,0,0,0,0,0,0,0,0,0
14070002,495.4375305,495.4375305,495.4375305,495.4375305,495.4375305,49543.75305,49543.75305,49543.75305,49543.75305,49543.75305
14070003,865.7484192,865.7484192,865.7484192,865.7484192,865.7484192,52262.40202806214,52262.40202806214,52262.40202806214,52262.40202806214,52262.40202806214
14070004,288.58279716,288.58279716,288.58279716,288.58279716,288.58279716,5196.643136921879,5196.643136921879,5196.643136921879,5196.643136921879,5196.643136921879
14070007,1398.99199212,1398.99199212,1398.99199212,1398.99199212,1398.99199212,53153.22600704788,53153.22600704788,53153.22600704788,53153.22600704788,53153.22600704788
14080102,0,0,0,0,0,0,0,0,0,0
14080103,1312.0265259,1312.0265259,1312.0265259,1312.0265259,1312.0265259,25366.69909942015,25366.69909942015,25366.69909942015,25366.69909942015,25366.69909942015
14080107,863.26951896,863.26951896,863.26951896,863.26951896,863.26951896,12743.209728859414,12743.209728859414,12743.209728859414,12743.209728859414,12743.209728859414
14080201,288.58279716,288.58279716,288.58279716,288.58279716,288.58279716,152.30325220681064,152.30325220681064,152.30325220681064,152.30325220681064,152.30325220681064
14080205,865.7484192,865.7484192,865.7484192,865.7484192,865.7484192,548.4897398566593,548.4897398566593,548.4897398566593,548.4897398566593,548.4897398566593
15010001,0,0,0,0,0,0,0,0,0,0
15010002,1730.81810304,1730.81810304,1730.81810304,1730.81810304,1730.81810304,173.08181030400002,173.08181030400002,173.08181030400002,173.08181030400002,173.08181030400002
15010006,620.40888054,620.40888054,620.40888054,620.40888054,620.40888054,22801.45035671105,22801.45035671105,22801.45035671105,22801.45035671105,22801.45035671105
15010009,1023.66199944,1023.66199944,1023.66199944,1023.66199944,1023.66199944,20988.278842452157,20988.278842452157,20988.278842452157,20988.278842452157,20988.278842452157
15010011,5726.18627928,5726.18627928,5726.18627928,5726.18627928,5726.18627928,197622.2673027679,197622.2673027679,197622.2673027679,197622.2673027679,197622.2673027679
15010013,1627.3505127600001,1627.3505127600001,1627.3505127600001,1627.3505127600001,1627.3505127600001,23486.85893983095,23486.85893983095,23486.85893983095,23486.85893983095,23486.85893983095
15010014,1240.81776126,1240.81776126,1240.81776126,1240.81776126,1240.81776126,71868.6688803516,71868.6688803516,71868.6688803516,71868.6688803516,71868.6688803516
15020001,463.4147460600001,463.4147460600001,463.4147460600001,463.4147460600001,463.4147460600001,1173.8734100431902,1173.8734100431902,1173.8734100431902,1173.8734100431902,1173.8734100431902
15020004,1721.71746828,1721.71746828,1721.71746828,1721.71746828,1721.71746828,24737.557399684818,24737.557399684818,24737.557399684818,24737.557399684818,24737.557399684818
15020007,926.8294921200002,926.8294921200002,926.8294921200002,926.8294921200002,926.8294921200002,6249.197832908265,6249.197832908265,6249.197832908265,6249.197832908265,6249.197832908265
15020009,463.4147460600001,463.4147460600001,463.4147460600001,463.4147460600001,463.4147460600001,43972.89528480088,43972.89528480088,43972.89528480088,43972.89528480088,43972.89528480088
15020010,926.8294921200002,926.8294921200002,926.8294921200002,926.8294921200002,926.8294921200002,2905.976898672096,2905.976898672096,2905.976898672096,2905.976898672096,2905.976898672096
15020011,463.4147460600001,463.4147460600001,463.4147460600001,463.4147460600001,463.4147460600001,32527.788660066526,32527.788660066526,32527.788660066526,32527.788660066526,32527.788660066526
15020012,463.4147460600001,463.4147460600001,463.4147460600001,463.4147460600001,463.4147460600001,46341.47460600001,46341.47460600001,46341.47460600001,46341.47460600001,46341.47460600001
15020013,1390.24423836,1390.24423836,1390.24423836,1390.24423836,1390.24423836,57240.1023175157,57240.1023175157,57240.1023175157,57240.1023175157,57240.1023175157
15020014,463.4147460600001,463.4147460600001,463.4147460600001,463.4147460600001,463.4147460600001,46341.47460600001,46341.47460600001,46341.47460600001,46341.47460600001,46341.47460600001
15020015,3331.2273926400003,3331.2273926400003,3331.2273926400003,3331.2273926400003,3331.2273926400003,7635.381446239719,7635.381446239719,7635.381446239719,7635.381446239719,7635.381446239719
15020016,1110.40916742,1110.40916742,1110.40916742,1110.40916742,1110.40916742,1156.6985415154227,1156.6985415154227,1156.6985415154227,1156.6985415154227,1156.6985415154227
15020017,0,0,0,0,0,0,0,0,0,0
15020018,4258.05688476,4258.05688476,4258.05688476,4258.05688476,4258.05688476,425805.688476,425805.688476,425805.688476,425805.688476,425805.688476
15030105,926.8294921200002,926.8294921200002,926.8294921200002,926.8294921200002,926.8294921200002,92682.94921200002,92682.94921200002,92682.94921200002,92682.94921200002,92682.94921200002
15030106,463.4147460600001,463.4147460600001,463.4147460600001,463.4147460600001,463.4147460600001,46341.47460600001,46341.47460600001,46341.47460600001,46341.47460600001,46341.47460600001
15030201,5591.30712894,5591.30712894,5591.30712894,5591.30712894,5591.30712894,28639.216887190993,28639.216887190993,28639.216887190993,28639.216887190993,28639.216887190993
15030202,752.3583069599999,752.3583069599999,752.3583069599999,752.3583069599999,752.3583069599999,2775.769377055241,2775.769377055241,2775.769377055241,2775.769377055241,2775.769377055241
15030204,0,0,0,0,0,0,0,0,0,0
15040001,0,0,0,0,0,0,0,0,0,0
15040002,1959.86008296,1959.86008296,1959.86008296,1959.86008296,1959.86008296,3104.352886749292,3104.352886749292,3104.352886749292,3104.352886749292,3104.352886749292
15040004,532.1391723,532.1391723,532.1391723,532.1391723,532.1391723,1520.5730739485177,1520.5730739485177,1520.5730739485177,1520.5730739485177,1520.5730739485177
15040005,1853.65898442,1853.65898442,1853.65898442,1853.65898442,1853.65898442,1849.4978097232413,1849.4978097232413,1849.4978097232413,1849.4978097232413,1849.4978097232413
15040006,1390.24423836,1390.24423836,1390.24423836,1390.24423836,1390.24423836,20135.882823950382,20135.882823950382,20135.882823950382,20135.882823950382,20135.882823950382
15040007,926.8294921200002,926.8294921200002,926.8294921200002,926.8294921200002,926.8294921200002,2949.468290462545,2949.468290462545,2949.468290462545,2949.468290462545,2949.468290462545
15050203,11128.3453125,11128.3453125,11128.3453125,11128.3453125,11128.3453125,47231.437459076486,47231.437459076486,47231.437459076486,47231.437459076486,47231.437459076486
15050305,0,0,0,0,0,0,0,0,0,0
15050306,5332.46528322,5332.46528322,5332.46528322,5332.46528322,5332.46528322,533246.5283219999,533246.5283219999,533246.5283219999,533246.5283219999,533246.5283219999
15060101,16278.00820308,16278.00820308,16278.00820308,16278.00820308,16278.00820308,19375.092342560463,19375.092342560463,19375.092342560463,19375.092342560463,19375.092342560463
15060102,5726.18627928,5726.18627928,5726.18627928,5726.18627928,5726.18627928,4998.3236856030535,4998.3236856030535,4998.3236856030535,4998.3236856030535,4998.3236856030535
15060103,1853.65898442,1853.65898442,1853.65898442,1853.65898442,1853.65898442,1272.445265093877,1272.445265093877,1272.445265093877,1272.445265093877,1272.445265093877
15060104,1033.03048104,1033.03048104,1033.03048104,1033.03048104,1033.03048104,1784.715525175291,1784.715525175291,1784.715525175291,1784.715525175291,1784.715525175291
15060105,463.4147460600001,463.4147460600001,463.4147460600001,463.4147460600001,463.4147460600001,1034.5656220010726,1034.5656220010726,1034.5656220010726,1034.5656220010726,1034.5656220010726
15060201,1504.71661374,1504.71661374,1504.71661374,1504.71661374,1504.71661374,9923.529436382596,9923.529436382596,9923.529436382596,9923.529436382596,9923.529436382596
15060203,19539.3515625,19539.3515625,19539.3515625,19539.3515625,19539.3515625,21214.810758893676,21214.810758893676,21214.810758893676,21214.810758893676,21214.810758893676
15070103,17502.11191404,17502.11191404,17502.11191404,17502.11191404,17502.11191404,500255.06825614715,500255.06825614715,500255.06825614715,500255.06825614715,500255.06825614715
15070203,1909.29704598,1909.29704598,1909.29704598,1909.29704598,1909.29704598,190929.70459799998,190929.70459799998,190929.70459799998,190929.70459799998,190929.70459799998
15080101,3326.74167474,3326.74167474,3326.74167474,3326.74167474,3326.74167474,272342.62267090974,272342.62267090974,272342.62267090974,272342.62267090974,272342.62267090974
15080102,3326.74167474,3326.74167474,3326.74167474,3326.74167474,3326.74167474,332674.16747399996,332674.16747399996,332674.16747399996,332674.16747399996,332674.16747399996
15080103,0,0,0,0,0,0,0,0,0,0
15080200,0,0,0,0,0,0,0,0,0,0
15080302,463.4147460600001,463.4147460600001,463.4147460600001,463.4147460600001,463.4147460600001,2333.7815854988376,2333.7815854988376,2333.7815854988376,2333.7815854988376,2333.7815854988376
15080303,0,0,0,0,0,0,0,0,0,0
16010101,7587.6029296199995,7587.6029296199995,7587.6029296199995,7587.6029296199995,7587.6029296199995,10894.068381038755,10894.068381038755,10894.068381038755,10894.068381038755,10894.068381038755
16010102,428.54205329999996,428.54205329999996,428.54205329999996,428.54205329999996,428.54205329999996,190.7849646560815,190.7849646560815,190.7849646560815,190.7849646560815,190.7849646560815
16010201,2431.2930908400003,2431.2930908400003,2431.2930908400003,2431.2930908400003,2431.2930908400003,1189.015412458242,1189.015412458242,1189.015412458242,1189.015412458242,1189.015412458242
16020301,542.45017098,542.45017098,542.45017098,542.45017098,542.45017098,12144.518334449242,12144.518334449242,12144.518334449242,12144.518334449242,12144.518334449242
16020302,0,0,0,0,0,0,0,0,0,0
16020303,288.58279716,288.58279716,288.58279716,288.58279716,288.58279716,28858.279715999997,28858.279715999997,28858.279715999997,28858.279715999997,28858.279715999997
16020305,5730.9798339,5730.9798339,5730.9798339,5730.9798339,5730.9798339,187193.8228479622,187193.8228479622,187193.8228479622,187193.8228479622,187193.8228479622
16020306,11461.95966798,11461.95966798,11461.95966798,11461.95966798,11461.95966798,1146195.966798,1146195.966798,1146195.966798,1146195.966798,1146195.966798
16020307,0,0,0,0,0,0,0,0,0,0
16020309,1005.7077027000001,1005.7077027000001,1005.7077027000001,1005.7077027000001,1005.7077027000001,33228.1238592803,33228.1238592803,33228.1238592803,33228.1238592803,33228.1238592803
16020310,5730.9798339,5730.9798339,5730.9798339,5730.9798339,5730.9798339,1136.5774057137,1136.5774057137,1136.5774057137,1136.5774057137,1136.5774057137
16030001,865.7484192,865.7484192,865.7484192,865.7484192,865.7484192,937.1351379189557,937.1351379189557,937.1351379189557,937.1351379189557,937.1351379189557
16030002,865.7484192,865.7484192,865.7484192,865.7484192,865.7484192,2046.5551791813396,2046.5551791813396,2046.5551791813396,2046.5551791813396,2046.5551791813396
16030003,4328.7420411,4328.7420411,4328.7420411,4328.7420411,4328.7420411,5090.106851252328,5090.106851252328,5090.106851252328,5090.106851252328,5090.106851252328
16030008,1554.10609122,1554.10609122,1554.10609122,1554.10609122,1554.10609122,9614.38743912572,9614.38743912572,9614.38743912572,9614.38743912572,9614.38743912572
16030009,288.58279716,288.58279716,288.58279716,288.58279716,288.58279716,286.66555597566384,286.66555597566384,286.66555597566384,286.66555597566384,286.66555597566384
16040101,542.45017098,542.45017098,542.45017098,542.45017098,542.45017098,1252.25212114147,1252.25212114147,1252.25212114147,1252.25212114147,1252.25212114147
16040102,542.45017098,542.45017098,542.45017098,542.45017098,542.45017098,1996.9130643302742,1996.9130643302742,1996.9130643302742,1996.9130643302742,1996.9130643302742
16040103,542.45017098,542.45017098,542.45017098,542.45017098,542.45017098,1913.7488372697367,1913.7488372697367,1913.7488372697367,1913.7488372697367,1913.7488372697367
16040104,5553.83408202,5553.83408202,5553.83408202,5553.83408202,5553.83408202,62337.35638755024,62337.35638755024,62337.35638755024,62337.35638755024,62337.35638755024
16040106,378.18649296,378.18649296,378.18649296,378.18649296,378.18649296,3425.190281998629,3425.190281998629,3425.190281998629,3425.190281998629,3425.190281998629
16040107,542.45017098,542.45017098,542.45017098,542.45017098,542.45017098,8744.275941335343,8744.275941335343,8744.275941335343,8744.275941335343,8744.275941335343
16040108,542.45017098,542.45017098,542.45017098,542.45017098,542.45017098,828.6222650554581,828.6222650554581,828.6222650554581,828.6222650554581,828.6222650554581
16040109,542.45017098,542.45017098,542.45017098,542.45017098,542.45017098,2690.4105673763897,2690.4105673763897,2690.4105673763897,2690.4105673763897,2690.4105673763897
16040202,542.45017098,542.45017098,542.45017098,542.45017098,542.45017098,4580.024507186821,4580.024507186821,4580.024507186821,4580.024507186821,4580.024507186821
16040205,627.3628966800001,627.3628966800001,627.3628966800001,627.3628966800001,627.3628966800001,6809.079141132054,6809.079141132054,6809.079141132054,6809.079141132054,6809.079141132054
16050103,12511.918652400002,12511.918652400002,12511.918652400002,12511.918652400002,12511.918652400002,6420.323520696789,6420.323520696789,6420.323520696789,6420.323520696789,6420.323520696789
16050201,5791.8287109600005,5791.8287109600005,5791.8287109600005,5791.8287109600005,5791.8287109600005,4966.951263241801,4966.951263241801,4966.951263241801,4966.951263241801,4966.951263241801
16050301,959.0704101,959.0704101,959.0704101,959.0704101,959.0704101,2340.1693154848726,2340.1693154848726,2340.1693154848726,2340.1693154848726,2340.1693154848726
16050302,1918.1408203800002,1918.1408203800002,1918.1408203800002,1918.1408203800002,1918.1408203800002,3504.653468722741,3504.653468722741,3504.653468722741,3504.653468722741,3504.653468722741
16050304,542.45017098,542.45017098,542.45017098,542.45017098,542.45017098,539.4878350562076,539.4878350562076,539.4878350562076,539.4878350562076,539.4878350562076
16060005,188767.490625,188767.490625,188767.490625,188767.490625,188767.490625,2788827.2231910224,2788827.2231910224,2788827.2231910224,2788827.2231910224,2788827.2231910224
16060006,0,0,0,0,0,0,0,0,0,0
16060007,1627.3505127600001,1627.3505127600001,1627.3505127600001,1627.3505127600001,1627.3505127600001,15456.687000027625,15456.687000027625,15456.687000027625,15456.687000027625,15456.687000027625
16060009,0,0,0,0,0,0,0,0,0,0
16060011,0,0,0,0,0,0,0,0,0,0
16060012,542.45017098,542.45017098,542.45017098,542.45017098,542.45017098,49409.844260736594,49409.844260736594,49409.844260736594,49409.844260736594,49409.844260736594
16060013,542.45017098,542.45017098,542.45017098,542.45017098,542.45017098,54245.017098000004,54245.017098000004,54245.017098000004,54245.017098000004,54245.017098000004
16060014,542.45017098,542.45017098,542.45017098,542.45017098,542.45017098,42428.09666040739,42428.09666040739,42428.09666040739,42428.09666040739,42428.09666040739
17010102,378.18649296,378.18649296,378.18649296,378.18649296,378.18649296,307.0756768725526,307.0756768725526,307.0756768725526,307.0756768725526,307.0756768725526
17010103,378.18649296,378.18649296,378.18649296,378.18649296,378.18649296,146.50224154759675,146.50224154759675,146.50224154759675,146.50224154759675,146.50224154759675
17010203,5104.40361336,5104.40361336,5104.40361336,5104.40361336,5104.40361336,3630.003615899042,3630.003615899042,3630.003615899042,3630.003615899042,3630.003615899042
17010204,11437.35644538,11437.35644538,11437.35644538,11437.35644538,11437.35644538,1356.2016836239147,1356.2016836239147,1356.2016836239147,1356.2016836239147,1356.2016836239147
17010205,8980.25800788,8980.25800788,8980.25800788,8980.25800788,8980.25800788,4830.198830079673,4830.198830079673,4830.198830079673,4830.198830079673,4830.198830079673
17010206,378.18649296,378.18649296,378.18649296,378.18649296,378.18649296,92.07001577834662,92.07001577834662,92.07001577834662,92.07001577834662,92.07001577834662
17010207,378.18649296,378.18649296,378.18649296,378.18649296,378.18649296,47.62846636269732,47.62846636269732,47.62846636269732,47.62846636269732,47.62846636269732
17010210,2966.96359872,2966.96359872,2966.96359872,2966.96359872,2966.96359872,1872.1123642708508,1872.1123642708508,1872.1123642708508,1872.1123642708508,1872.1123642708508
17010214,6565.626562500001,6565.626562500001,6565.626562500001,6565.626562500001,6565.626562500001,656.5626562500001,656.5626562500001,656.5626562500001,656.5626562500001,656.5626562500001
17010215,1285.62615972,1285.62615972,1285.62615972,1285.62615972,1285.62615972,431.0787549855309,431.0787549855309,431.0787549855309,431.0787549855309,431.0787549855309
17010301,2640.0001464,2640.0001464,2640.0001464,2640.0001464,2640.0001464,768.0822839881008,768.0822839881008,768.0822839881008,768.0822839881008,768.0822839881008
17010302,2142.71037594,2142.71037594,2142.71037594,2142.71037594,2142.71037594,634.809793948008,634.809793948008,634.809793948008,634.809793948008,634.809793948008
17020002,3048.95390634,3048.95390634,3048.95390634,3048.95390634,3048.95390634,5244.17752835056,5244.17752835056,5244.17752835056,5244.17752835056,5244.17752835056
17020004,937.0082152800001,937.0082152800001,937.0082152800001,937.0082152800001,937.0082152800001,4171.329238287438,4171.329238287438,4171.329238287438,4171.329238287438,4171.329238287438
17020006,2811.0247558200003,2811.0247558200003,2811.0247558200003,2811.0247558200003,2811.0247558200003,2797.611068414961,2797.611068414961,2797.611068414961,2797.611068414961,2797.611068414961
17020007,468.50410764000003,468.50410764000003,468.50410764000003,468.50410764000003,468.50410764000003,193.19612751918416,193.19612751918416,193.19612751918416,193.19612751918416,193.19612751918416
17020008,2811.0247558200003,2811.0247558200003,2811.0247558200003,2811.0247558200003,2811.0247558200003,1320.5128254052743,1320.5128254052743,1320.5128254052743,1320.5128254052743,1320.5128254052743
17020011,2783.92104486,2783.92104486,2783.92104486,2783.92104486,2783.92104486,561.8603169064645,561.8603169064645,561.8603169064645,561.8603169064645,561.8603169064645
17020012,2783.92104486,2783.92104486,2783.92104486,2783.92104486,2783.92104486,117004.9759780122,117004.9759780122,117004.9759780122,117004.9759780122,117004.9759780122
17020013,3748.0328612999997,3748.0328612999997,3748.0328612999997,3748.0328612999997,3748.0328612999997,374803.28612999996,374803.28612999996,374803.28612999996,374803.28612999996,374803.28612999996
17040101,990.875061,990.875061,990.875061,990.875061,990.875061,261.30382286040515,261.30382286040515,261.30382286040515,261.30382286040515,261.30382286040515
17040102,495.4375305,495.4375305,495.4375305,495.4375305,495.4375305,228.50626399480947,228.50626399480947,228.50626399480947,228.50626399480947,228.50626399480947
17040103,2477.1875976,2477.1875976,2477.1875976,2477.1875976,2477.1875976,350.35765670073664,350.35765670073664,350.35765670073664,350.35765670073664,350.35765670073664
17040214,1651.06054692,1651.06054692,1651.06054692,1651.06054692,1651.06054692,12668.794004290294,12668.794004290294,12668.794004290294,12668.794004290294,12668.794004290294
17040216,0,0,0,0,0,0,0,0,0,0
17040217,857.08410642,857.08410642,857.08410642,857.08410642,857.08410642,1796.7191402745302,1796.7191402745302,1796.7191402745302,1796.7191402745302,1796.7191402745302
17040218,1285.62615972,1285.62615972,1285.62615972,1285.62615972,1285.62615972,2685.9092931501855,2685.9092931501855,2685.9092931501855,2685.9092931501855,2685.9092931501855
17040220,857.08410642,857.08410642,857.08410642,857.08410642,857.08410642,1759.7666317808414,1759.7666317808414,1759.7666317808414,1759.7666317808414,1759.7666317808414
17050102,3683.35129392,3683.35129392,3683.35129392,3683.35129392,3683.35129392,63429.07534818498,63429.07534818498,63429.07534818498,63429.07534818498,63429.07534818498
17050104,3140.90112312,3140.90112312,3140.90112312,3140.90112312,3140.90112312,11061.732451090613,11061.732451090613,11061.732451090613,11061.732451090613,11061.732451090613
17050106,0,0,0,0,0,0,0,0,0,0
17050107,0,0,0,0,0,0,0,0,0,0
17050108,813326.90625,813326.90625,813326.90625,813326.90625,813326.90625,2644860.140323045,2644860.140323045,2644860.140323045,2644860.140323045,2644860.140323045
17050109,627.3628966800001,627.3628966800001,627.3628966800001,627.3628966800001,627.3628966800001,7817.255626824378,7817.255626824378,7817.255626824378,7817.255626824378,7817.255626824378
17050111,0,0,0,0,0,0,0,0,0,0
17050116,627.3628966800001,627.3628966800001,627.3628966800001,627.3628966800001,627.3628966800001,2251.473924491877,2251.473924491877,2251.473924491877,2251.473924491877,2251.473924491877
17050119,1882.08874512,1882.08874512,1882.08874512,1882.08874512,1882.08874512,56710.12084383128,56710.12084383128,56710.12084383128,56710.12084383128,56710.12084383128
17050120,6281.80224606,6281.80224606,6281.80224606,6281.80224606,6281.80224606,2241.4679312423323,2241.4679312423323,2241.4679312423323,2241.4679312423323,2241.4679312423323
17050121,428.54205329999996,428.54205329999996,428.54205329999996,428.54205329999996,428.54205329999996,204.0338129156167,204.0338129156167,204.0338129156167,204.0338129156167,204.0338129156167
17060102,1254.72579354,1254.72579354,1254.72579354,1254.72579354,1254.72579354,760.4070671760917,760.4070671760917,760.4070671760917,760.4070671760917,760.4070671760917
17060103,2001.58879392,2001.58879392,2001.58879392,2001.58879392,2001.58879392,200.15887939200002,200.15887939200002,200.15887939200002,200.15887939200002,200.15887939200002
17060104,3764.17749024,3764.17749024,3764.17749024,3764.17749024,3764.17749024,2551.2181072110616,2551.2181072110616,2551.2181072110616,2551.2181072110616,2551.2181072110616
17060106,627.3628966800001,627.3628966800001,627.3628966800001,627.3628966800001,627.3628966800001,151.14881840273185,151.14881840273185,151.14881840273185,151.14881840273185,151.14881840273185
17060201,1285.62615972,1285.62615972,1285.62615972,1285.62615972,1285.62615972,843.5321316128293,843.5321316128293,843.5321316128293,843.5321316128293,843.5321316128293
17060202,428.54205329999996,428.54205329999996,428.54205329999996,428.54205329999996,428.54205329999996,682.4064536056545,682.4064536056545,682.4064536056545,682.4064536056545,682.4064536056545
17060203,2142.71037594,2142.71037594,2142.71037594,2142.71037594,2142.71037594,589.3652259576902,589.3652259576902,589.3652259576902,589.3652259576902,589.3652259576902
17060205,0,0,0,0,0,0,0,0,0,0
17060206,428.54205329999996,428.54205329999996,428.54205329999996,428.54205329999996,428.54205329999996,82.452842088648,82.452842088648,82.452842088648,82.452842088648,82.452842088648
17060207,0,0,0,0,0,0,0,0,0,0
17060208,428.54205329999996,428.54205329999996,428.54205329999996,428.54205329999996,428.54205329999996,127.11348352821129,127.11348352821129,127.11348352821129,127.11348352821129,127.11348352821129
17060209,1714.16821284,1714.16821284,1714.16821284,1714.16821284,1714.16821284,171.416821284,171.416821284,171.416821284,171.416821284,171.416821284
17060301,0,0,0,0,0,0,0,0,0,0
17060302,428.54205329999996,428.54205329999996,428.54205329999996,428.54205329999996,428.54205329999996,62.973840874932165,62.973840874932165,62.973840874932165,62.973840874932165,62.973840874932165
17060303,428.54205329999996,428.54205329999996,428.54205329999996,428.54205329999996,428.54205329999996,95.88581280237287,95.88581280237287,95.88581280237287,95.88581280237287,95.88581280237287
17060304,0,0,0,0,0,0,0,0,0,0
17060305,1285.62615972,1285.62615972,1285.62615972,1285.62615972,1285.62615972,633.3437743573689,633.3437743573689,633.3437743573689,633.3437743573689,633.3437743573689
17060307,428.54205329999996,428.54205329999996,428.54205329999996,428.54205329999996,428.54205329999996,85.76159894308779,85.76159894308779,85.76159894308779,85.76159894308779,85.76159894308779
17070201,4391.54033202,4391.54033202,4391.54033202,4391.54033202,4391.54033202,9307.564472444195,9307.564472444195,9307.564472444195,9307.564472444195,9307.564472444195
17070202,1882.08874512,1882.08874512,1882.08874512,1882.08874512,1882.08874512,1501.329786447013,1501.329786447013,1501.329786447013,1501.329786447013,1501.329786447013
17070203,1254.72579354,1254.72579354,1254.72579354,1254.72579354,1254.72579354,1661.8490586850896,1661.8490586850896,1661.8490586850896,1661.8490586850896,1661.8490586850896
17070302,5064.891503940001,5064.891503940001,5064.891503940001,5064.891503940001,5064.891503940001,2991.2551182543616,2991.2551182543616,2991.2551182543616,2991.2551182543616,2991.2551182543616
17070303,4437.528662160001,4437.528662160001,4437.528662160001,4437.528662160001,4437.528662160001,25341.747459555612,25341.747459555612,25341.747459555612,25341.747459555612,25341.747459555612
17070304,1254.72579354,1254.72579354,1254.72579354,1254.72579354,1254.72579354,2011.041905020386,2011.041905020386,2011.041905020386,2011.041905020386,2011.041905020386
17070307,1882.08874512,1882.08874512,1882.08874512,1882.08874512,1882.08874512,10691.986085988523,10691.986085988523,10691.986085988523,10691.986085988523,10691.986085988523
17080006,3756.1051758599997,3756.1051758599997,3756.1051758599997,3756.1051758599997,3756.1051758599997,375.610517586,375.610517586,375.610517586,375.610517586,375.610517586
17100101,1874.0164307400003,1874.0164307400003,1874.0164307400003,1874.0164307400003,1874.0164307400003,187.40164307400005,187.40164307400005,187.40164307400005,187.40164307400005,187.40164307400005
17100102,3279.52880856,3279.52880856,3279.52880856,3279.52880856,3279.52880856,327.95288085600004,327.95288085600004,327.95288085600004,327.95288085600004,327.95288085600004
17100105,2342.5204834799997,2342.5204834799997,2342.5204834799997,2342.5204834799997,2342.5204834799997,234.252048348,234.252048348,234.252048348,234.252048348,234.252048348
17100201,2509.4515869,2509.4515869,2509.4515869,2509.4515869,2509.4515869,250.94515869000003,250.94515869000003,250.94515869000003,250.94515869000003,250.94515869000003
17100202,15434.90332038,15434.90332038,15434.90332038,15434.90332038,15434.90332038,1672.3200410729762,1672.3200410729762,1672.3200410729762,1672.3200410729762,1672.3200410729762
17100203,5646.2660155799995,5646.2660155799995,5646.2660155799995,5646.2660155799995,5646.2660155799995,573.8996491411799,573.8996491411799,573.8996491411799,573.8996491411799,573.8996491411799
17100205,7701.98730462,7701.98730462,7701.98730462,7701.98730462,7701.98730462,930.3050418412846,930.3050418412846,930.3050418412846,930.3050418412846,930.3050418412846
17100206,14574.94101558,14574.94101558,14574.94101558,14574.94101558,14574.94101558,2268.889215655091,2268.889215655091,2268.889215655091,2268.889215655091,2268.889215655091
17100207,2709.4972411800004,2709.4972411800004,2709.4972411800004,2709.4972411800004,2709.4972411800004,402.7946207946958,402.7946207946958,402.7946207946958,402.7946207946958,402.7946207946958
17100303,5018.9031738,5018.9031738,5018.9031738,5018.9031738,5018.9031738,501.89031738000006,501.89031738000006,501.89031738000006,501.89031738000006,501.89031738000006
17100304,2839.35849606,2839.35849606,2839.35849606,2839.35849606,2839.35849606,467.15060733584966,467.15060733584966,467.15060733584966,467.15060733584966,467.15060733584966
17100305,3136.81442868,3136.81442868,3136.81442868,3136.81442868,3136.81442868,498.6735742535655,498.6735742535655,498.6735742535655,498.6735742535655,498.6735742535655
17100306,2509.4515869,2509.4515869,2509.4515869,2509.4515869,2509.4515869,291.97816797206826,291.97816797206826,291.97816797206826,291.97816797206826,291.97816797206826
17100309,3771.9364746600004,3771.9364746600004,3771.9364746600004,3771.9364746600004,3771.9364746600004,1473.1900616571097,1473.1900616571097,1473.1900616571097,1473.1900616571097,1473.1900616571097
17100310,3136.81442868,3136.81442868,3136.81442868,3136.81442868,3136.81442868,313.68144286800003,313.68144286800003,313.68144286800003,313.68144286800003,313.68144286800003
17100311,34930.55039058,34930.55039058,34930.55039058,34930.55039058,34930.55039058,3935.2790013842186,3935.2790013842186,3935.2790013842186,3935.2790013842186,3935.2790013842186
17100312,627.3628966800001,627.3628966800001,627.3628966800001,627.3628966800001,627.3628966800001,63.94239265806801,63.94239265806801,63.94239265806801,63.94239265806801,63.94239265806801
17110003,2342.5204834799997,2342.5204834799997,2342.5204834799997,2342.5204834799997,2342.5204834799997,234.252048348,234.252048348,234.252048348,234.252048348,234.252048348
17110007,4674.638671920001,4674.638671920001,4674.638671920001,4674.638671920001,4674.638671920001,467.4638671920001,467.4638671920001,467.4638671920001,467.4638671920001,467.4638671920001
17110008,15891.0328125,15891.0328125,15891.0328125,15891.0328125,15891.0328125,1865.7206385396512,1865.7206385396512,1865.7206385396512,1865.7206385396512,1865.7206385396512
17110011,33429.121875000004,33429.121875000004,33429.121875000004,33429.121875000004,33429.121875000004,3342.9121875000005,3342.9121875000005,3342.9121875000005,3342.9121875000005,3342.9121875000005
17110013,1428682.5,1428682.5,1428682.5,1428682.5,1428682.5,221991.1160492074,221991.1160492074,221991.1160492074,221991.1160492074,221991.1160492074
17110016,8274.45673836,8274.45673836,8274.45673836,8274.45673836,8274.45673836,1869.5415463784755,1869.5415463784755,1869.5415463784755,1869.5415463784755,1869.5415463784755
17110020,937.0082152800001,937.0082152800001,937.0082152800001,937.0082152800001,937.0082152800001,153.4585190481282,153.4585190481282,153.4585190481282,153.4585190481282,153.4585190481282
17110021,468.50410764000003,468.50410764000003,468.50410764000003,468.50410764000003,468.50410764000003,57.67273581310182,57.67273581310182,57.67273581310182,57.67273581310182,57.67273581310182
17120001,627.3628966800001,627.3628966800001,627.3628966800001,627.3628966800001,627.3628966800001,1126.9659371759412,1126.9659371759412,1126.9659371759412,1126.9659371759412,1126.9659371759412
17120002,0,0,0,0,0,0,0,0,0,0
17120003,1254.72579354,1254.72579354,1254.72579354,1254.72579354,1254.72579354,1652.2082805692755,1652.2082805692755,1652.2082805692755,1652.2082805692755,1652.2082805692755
17120004,1853.65898442,1853.65898442,1853.65898442,1853.65898442,1853.65898442,31433.15268240168,31433.15268240168,31433.15268240168,31433.15268240168,31433.15268240168
17120006,0,0,0,0,0,0,0,0,0,0
17120007,1254.72579354,1254.72579354,1254.72579354,1254.72579354,1254.72579354,7988.0056073015885,7988.0056073015885,7988.0056073015885,7988.0056073015885,7988.0056073015885
17120008,627.3628966800001,627.3628966800001,627.3628966800001,627.3628966800001,627.3628966800001,4175.5945204878,4175.5945204878,4175.5945204878,4175.5945204878,4175.5945204878
17120009,0,0,0,0,0,0,0,0,0,0
18010101,2233.47766122,2233.47766122,2233.47766122,2233.47766122,2233.47766122,230.30872394698602,230.30872394698602,230.30872394698602,230.30872394698602,230.30872394698602
18010103,833.2404786000001,833.2404786000001,833.2404786000001,833.2404786000001,833.2404786000001,174.54534665152528,174.54534665152528,174.54534665152528,174.54534665152528,174.54534665152528
18010104,833.2404786000001,833.2404786000001,833.2404786000001,833.2404786000001,833.2404786000001,148.28643731978852,148.28643731978852,148.28643731978852,148.28643731978852,148.28643731978852
18010106,2499.72143562,2499.72143562,2499.72143562,2499.72143562,2499.72143562,402.78346736674246,402.78346736674246,402.78346736674246,402.78346736674246,402.78346736674246
18010107,1249.8607177200001,1249.8607177200001,1249.8607177200001,1249.8607177200001,1249.8607177200001,202.27972450682805,202.27972450682805,202.27972450682805,202.27972450682805,202.27972450682805
18010108,5416.0628905799995,5416.0628905799995,5416.0628905799995,5416.0628905799995,5416.0628905799995,1840.9606381493613,1840.9606381493613,1840.9606381493613,1840.9606381493613,1840.9606381493613
18010205,833.2404786000001,833.2404786000001,833.2404786000001,833.2404786000001,833.2404786000001,882.4376491624016,882.4376491624016,882.4376491624016,882.4376491624016,882.4376491624016
18010208,2083.10119632,2083.10119632,2083.10119632,2083.10119632,2083.10119632,1049.7274483158872,1049.7274483158872,1049.7274483158872,1049.7274483158872,1049.7274483158872
18010209,2499.72143562,2499.72143562,2499.72143562,2499.72143562,2499.72143562,249.97214356200004,249.97214356200004,249.97214356200004,249.97214356200004,249.97214356200004
18010210,1993.7948731200001,1993.7948731200001,1993.7948731200001,1993.7948731200001,1993.7948731200001,368.20044923858853,368.20044923858853,368.20044923858853,368.20044923858853,368.20044923858853
18020004,416.62023930000004,416.62023930000004,416.62023930000004,416.62023930000004,416.62023930000004,76.88741204732351,76.88741204732351,76.88741204732351,76.88741204732351,76.88741204732351
18020153,2962.57104486,2962.57104486,2962.57104486,2962.57104486,2962.57104486,1028.2295910147604,1028.2295910147604,1028.2295910147604,1028.2295910147604,1028.2295910147604
18020157,4255.33623048,4255.33623048,4255.33623048,4255.33623048,4255.33623048,425.53362304800004,425.53362304800004,425.53362304800004,425.53362304800004,425.53362304800004
18030002,7396.221093840001,7396.221093840001,7396.221093840001,7396.221093840001,7396.221093840001,14089.928188426455,14089.928188426455,14089.928188426455,14089.928188426455,14089.928188426455
18040014,0,0,0,0,0,0,0,0,0,0
18050005,93967.72031250001,93967.72031250001,93967.72031250001,93967.72031250001,93967.72031250001,44403.81040647856,44403.81040647856,44403.81040647856,44403.81040647856,44403.81040647856
18060008,1504.71661374,1504.71661374,1504.71661374,1504.71661374,1504.71661374,880.1030852368131,880.1030852368131,880.1030852368131,880.1030852368131,880.1030852368131
18060009,10412.63964846,10412.63964846,10412.63964846,10412.63964846,10412.63964846,35248.433938170914,35248.433938170914,35248.433938170914,35248.433938170914,35248.433938170914
18060012,15262.20175788,15262.20175788,15262.20175788,15262.20175788,15262.20175788,1526.2201757880002,1526.2201757880002,1526.2201757880002,1526.2201757880002,1526.2201757880002
18060014,0,0,0,0,0,0,0,0,0,0
18070101,16122.28710942,16122.28710942,16122.28710942,16122.28710942,16122.28710942,14771.120187538063,14771.120187538063,14771.120187538063,14771.120187538063,14771.120187538063
18080002,833.2404786000001,833.2404786000001,833.2404786000001,833.2404786000001,833.2404786000001,2755.849409200403,2755.849409200403,2755.849409200403,2755.849409200403,2755.849409200403
18090201,833.2404786000001,833.2404786000001,833.2404786000001,833.2404786000001,833.2404786000001,73720.1154266482,73720.1154266482,73720.1154266482,73720.1154266482,73720.1154266482
18090202,1918.1408203800002,1918.1408203800002,1918.1408203800002,1918.1408203800002,1918.1408203800002,191814.08203800002,191814.08203800002,191814.08203800002,191814.08203800002,191814.08203800002
18090203,4272.6410155799995,4272.6410155799995,4272.6410155799995,4272.6410155799995,4272.6410155799995,427264.10155799997,427264.10155799997,427264.10155799997,427264.10155799997,427264.10155799997
18090204,0,0,0,0,0,0,0,0,0,0
18080001,1249.8607177200001,1249.8607177200001,1249.8607177200001,1249.8607177200001,1249.8607177200001,4886.098443444068,4886.098443444068,4886.098443444068,4886.098443444068,4886.098443444068
16040204,3127.9796631000004,3127.9796631000004,3127.9796631000004,3127.9796631000004,3127.9796631000004,14163.40807732307,14163.40807732307,14163.40807732307,14163.40807732307,14163.40807732307
18020002,2499.72143562,2499.72143562,2499.72143562,2499.72143562,2499.72143562,5075.193944702834,5075.193944702834,5075.193944702834,5075.193944702834,5075.193944702834
2060001,0,0,0,0,0,0,0,0,0,0
2080101,0,0,0,0,0,0,0,0,0,0
2080202,3739.5461426399997,3739.5461426399997,3739.5461426399997,3739.5461426399997,3739.5461426399997,1489.7587624386756,1489.7587624386756,1489.7587624386756,1489.7587624386756,1489.7587624386756
2040204,0,0,0,0,0,0,0,0,0,0
2070006,11670.85283202,11670.85283202,11670.85283202,11670.85283202,11670.85283202,5675.303738193716,5675.303738193716,5675.303738193716,5675.303738193716,5675.303738193716
5070203,29182.03769538,29182.03769538,29182.03769538,29182.03769538,29182.03769538,4302.258898007849,4302.258898007849,4302.258898007849,4302.258898007849,4302.258898007849
2070003,11215.47744144,11215.47744144,11215.47744144,11215.47744144,11215.47744144,1654.6896449946132,1654.6896449946132,1654.6896449946132,1654.6896449946132,1654.6896449946132
5070101,5728.265771400001,5728.265771400001,5728.265771400001,5728.265771400001,5728.265771400001,1595.8881177294331,1595.8881177294331,1595.8881177294331,1595.8881177294331,1595.8881177294331
6010206,6309.84111336,6309.84111336,6309.84111336,6309.84111336,6309.84111336,1892.05398701754,1892.05398701754,1892.05398701754,1892.05398701754,1892.05398701754
5130102,3956.8864746600007,3956.8864746600007,3956.8864746600007,3956.8864746600007,3956.8864746600007,1024.0736642835045,1024.0736642835045,1024.0736642835045,1024.0736642835045,1024.0736642835045
5100202,7419.162304619999,7419.162304619999,7419.162304619999,7419.162304619999,7419.162304619999,2016.8260481488126,2016.8260481488126,2016.8260481488126,2016.8260481488126,2016.8260481488126
6010101,7446.39960942,7446.39960942,7446.39960942,7446.39960942,7446.39960942,2869.9200017414705,2869.9200017414705,2869.9200017414705,2869.9200017414705,2869.9200017414705
5100201,26214.372070380003,26214.372070380003,26214.372070380003,26214.372070380003,26214.372070380003,5314.691637990668,5314.691637990668,5314.691637990668,5314.691637990668,5314.691637990668
5100203,5440.7188476,5440.7188476,5440.7188476,5440.7188476,5440.7188476,1459.5905598754096,1459.5905598754096,1459.5905598754096,1459.5905598754096,1459.5905598754096
8050001,17930.48203134,17930.48203134,17930.48203134,17930.48203134,17930.48203134,5420.364024603809,5420.364024603809,5420.364024603809,5420.364024603809,5420.364024603809
8050003,4960.53940428,4960.53940428,4960.53940428,4960.53940428,4960.53940428,815.6547463970799,815.6547463970799,815.6547463970799,815.6547463970799,815.6547463970799
8020301,11284.910156340002,11284.910156340002,11284.910156340002,11284.910156340002,11284.910156340002,1128.4910156340002,1128.4910156340002,1128.4910156340002,1128.4910156340002,1128.4910156340002
8030202,7282.4264649,7282.4264649,7282.4264649,7282.4264649,7282.4264649,728.24264649,728.24264649,728.24264649,728.24264649,728.24264649
5040005,6171.42260736,6171.42260736,6171.42260736,6171.42260736,6171.42260736,2300.3289127471826,2300.3289127471826,2300.3289127471826,2300.3289127471826,2300.3289127471826
8010100,14794.43378904,14794.43378904,14794.43378904,14794.43378904,14794.43378904,1479.4433789040002,1479.4433789040002,1479.4433789040002,1479.4433789040002,1479.4433789040002
5030102,22917.81796884,22917.81796884,22917.81796884,22917.81796884,22917.81796884,7034.1257552800735,7034.1257552800735,7034.1257552800735,7034.1257552800735,7034.1257552800735
5120104,7983.2583984600005,7983.2583984600005,7983.2583984600005,7983.2583984600005,7983.2583984600005,3313.60391466191,3313.60391466191,3313.60391466191,3313.60391466191,3313.60391466191
8020304,21162.29589846,21162.29589846,21162.29589846,21162.29589846,21162.29589846,6209.451081004981,6209.451081004981,6209.451081004981,6209.451081004981,6209.451081004981
5120207,6176.64287106,6176.64287106,6176.64287106,6176.64287106,6176.64287106,1658.7479482304304,1658.7479482304304,1658.7479482304304,1658.7479482304304,1658.7479482304304
5050007,7926.0855469200005,7926.0855469200005,7926.0855469200005,7926.0855469200005,7926.0855469200005,1917.0322715156578,1917.0322715156578,1917.0322715156578,1917.0322715156578,1917.0322715156578
5070201,16942.48945308,16942.48945308,16942.48945308,16942.48945308,16942.48945308,5020.783353882675,5020.783353882675,5020.783353882675,5020.783353882675,5020.783353882675
8020100,4468.1791991400005,4468.1791991400005,4468.1791991400005,4468.1791991400005,4468.1791991400005,446.8179199140001,446.8179199140001,446.8179199140001,446.8179199140001,446.8179199140001
5030203,12825.72949212,12825.72949212,12825.72949212,12825.72949212,12825.72949212,3721.1507391823484,3721.1507391823484,3721.1507391823484,3721.1507391823484,3721.1507391823484
8030204,46177.0453125,46177.0453125,46177.0453125,46177.0453125,46177.0453125,13201.401412884668,13201.401412884668,13201.401412884668,13201.401412884668,13201.401412884668
8020205,5586.36987312,5586.36987312,5586.36987312,5586.36987312,5586.36987312,1794.7638397808105,1794.7638397808105,1794.7638397808105,1794.7638397808105,1794.7638397808105
5010004,15101.33730462,15101.33730462,15101.33730462,15101.33730462,15101.33730462,3969.12262855644,3969.12262855644,3969.12262855644,3969.12262855644,3969.12262855644
5050009,13226.02998048,13226.02998048,13226.02998048,13226.02998048,13226.02998048,3800.0192674622485,3800.0192674622485,3800.0192674622485,3800.0192674622485,3800.0192674622485
5030204,24508.99511712,24508.99511712,24508.99511712,24508.99511712,24508.99511712,8425.84503265379,8425.84503265379,8425.84503265379,8425.84503265379,8425.84503265379
8030203,14885.40058596,14885.40058596,14885.40058596,14885.40058596,14885.40058596,4139.688039115628,4139.688039115628,4139.688039115628,4139.688039115628,4139.688039115628
5070102,8797.24599606,8797.24599606,8797.24599606,8797.24599606,8797.24599606,1118.5406863765027,1118.5406863765027,1118.5406863765027,1118.5406863765027,1118.5406863765027
5120205,11465.64404298,11465.64404298,11465.64404298,11465.64404298,11465.64404298,1318.0953460390037,1318.0953460390037,1318.0953460390037,1318.0953460390037,1318.0953460390037
5050003,3617.85190428,3617.85190428,3617.85190428,3617.85190428,3617.85190428,1068.2933229947855,1068.2933229947855,1068.2933229947855,1068.2933229947855,1068.2933229947855
8060202,28621.75957038,28621.75957038,28621.75957038,28621.75957038,28621.75957038,4907.534720173332,4907.534720173332,4907.534720173332,4907.534720173332,4907.534720173332
8030205,13108.368164040001,13108.368164040001,13108.368164040001,13108.368164040001,13108.368164040001,3668.393035561414,3668.393035561414,3668.393035561414,3668.393035561414,3668.393035561414
8030209,5097.6984375,5097.6984375,5097.6984375,5097.6984375,5097.6984375,1374.4401709078222,1374.4401709078222,1374.4401709078222,1374.4401709078222,1374.4401709078222
