Table 5,Characterization factors of the subbasins,Unnamed: 2,Unnamed: 3
,,,
HUC8 ID,Subbasin,Scaled Power Consumption (MWh),Characterization factor
1010001,Upper St. John,887.7325336906181,0.240073692837333
1010002,Allagash,0,0.3347061894256325
1010003,Fish,1242.8255471470345,0.3111713905544553
1010004,Aroostook,1953.0115741590216,0.30920527965277944
1010005,Meduxnekeag,1597.9185607026052,0.2774457113587591
1020001,West Branch Penobscot,579.0194375412972,0.1840669155773984
1020002,East Branch Penobscot,579.0194375412972,0.2852165930008933
1020003,Mattawamkeag,2223.3180365196786,0.2754273980593448
1020004,Piscataquis,1532.3352356755129,0.251691052468721
1020005,Lower Penobscot,9349.097914563401,0.1
1030001,Upper Kennebec,887.7325336906181,0.26886577905736697
1030002,Dead,355.0930134564163,0.25720790442230107
1030003,Lower Kennebec,11923.738618549265,0.15195660911913036
1040001,Upper Androscoggin,1245.5889749251662,0.24310464888919947
1040002,Lower Androscoggin,9242.709035260184,0.14810734393707004
1050001,St. Croix,1597.9185607026052,0.2671182713572531
1050002,Maine Coastal,12907.07006348739,0.1
1050003,St. George-Sheepscot,8385.930498562708,0.1
1060001,Presumpscot,19861.217976191034,0.25096036053445714
1060002,Saco,14487.546869882137,0.22365557253084534
1060003,Piscataqua-Salmon Falls,62240.53586706818,0.25721719656808484
1070001,Pemigewasset,5936.639581238497,0.23225993682762466
1070002,Merrimack,3265.1516970305574,0.2777774750213755
1070003,Contoocook,8398.780903252216,0.25783812989518096
1070004,Nashua,20013.521077588972,0.25329217335352017
1070005,Concord,117015.26061876384,0.23690445322287457
1070006,Merrimack River,109671.87451821472,0.1
1080101,Upper Connecticut,3073.925551503741,0.1781722120371617
1080102,Passumpsic,1992.2035656751661,0.26026150580467333
1080103,Waits,5020.934226320954,0.1
1080104,Upper Connecticut-Mascoma,3808.397207028617,0.1
1080105,White,3154.3224030124725,0.25747919684997206
1080106,Black-Ottauquechee,8235.6676204278,0.1
1080107,West,5528.977896636919,0.24038069510740911
1080201,Middle Connecticut,21702.337902238844,0.1
1080202,Miller,7453.01445161433,0.2745747284635644
1080203,Deerfield,7722.061509436738,0.2055449762467125
1080204,Chicopee,17451.546800000764,0.2594640737101247
1080205,Lower Connecticut,79015.40055302453,0.1
1080206,Westfield,9246.121349849502,0.22332649589113734
1080207,Farmington,24567.802892739328,0.22857345000967672
1090001,Charles,467458.8638528964,0.20963841846858275
1090002,Cape Cod,63990.03456678929,0.23412384297450187
1090003,Blackstone,28044.40915665611,0.2525625906499535
1090004,Narragansett,89284.77858989572,0.2255812438067623
1090005,Pawcatuck-Wood,17771.076553268016,0.2336603081838728
1100001,Quinebaug,14158.5373892931,0.24334683764534837
1100002,Shetucket,16655.57698662888,0.10129656541924725
1100003,Thames,14607.871626272727,0.1
1100004,Quinnipiac,52818.399509336894,0.22452201036786384
1100005,Housatonic,64752.36732499827,0.24455937648217854
1100006,Saugatuck,89361.49175876525,0.2207093074602438
1110000,St. Francois,2656.27142086717,0.2490364234519069
2010001,Lake George,3548.662601432927,0.31146079672632204
2010002,Otter,3818.390137235795,0.26465438013858517
2010003,Winooski,8225.089832627911,0.254343834373978
2010004,Ausable,1830.500501125485,0.2880870718425878
2010005,Lamoille,5823.6400687325395,0.24242344847067457
2010006,Great Chazy-Saranac,1830.500501125485,0.3015950028574488
2010007,Missiquoi,6328.214294322547,0.24423124648303696
2010008,Lake Champlain,16258.294102594164,0.11274042946265021
2020001,Upper Hudson,4324.874348827468,0.24778800962829425
2020002,Sacandaga,3372.963019683551,0.22133931237533105
2020003,Hudson-Hoosic,27928.841693530212,0.1
2020004,Mohawk,31810.359165554186,0.18904651951715906
2020005,Schoharie,16284.881881409367,0.31886435223280124
2020006,Middle Hudson,62746.28658595676,0.1
2020007,Rondout,35470.982527976026,0.279809776261969
2020008,Hudson-Wappinger,34548.00373361474,0.1
2030101,Lower Hudson,920018.8729905766,0.1
2030102,Bronx,148356.54466853174,0.1
2030103,Hackensack-Passaic,1218078.0177730045,0.2424354359284789
2030104,0,273542.62924837164,0.1
2030105,Raritan,602669.623622852,0.2280444279306486
2030201,Northern Long Island,88571.06647229247,0.3034913210854786
2030202,Southern Long Island,413337.0299074972,0.2909749220535196
2030203,0,0,0.2911346107653179
2040101,Upper Delaware,6227.942695702259,0.16157090068321597
2040102,East Branch Delaware,2562.7007500424747,0.26004929074404126
2040103,Lackawaxen,13032.124032246535,0.26653823469763205
2040104,Middle Delaware-Mongaup-Brodhead,34681.36674636419,0.1
2040105,Middle Delaware-Musconetcong,108580.91766560421,0.1
2040106,Lehigh,62277.459356811254,0.22711179136105433
2040201,Crosswicks-Neshaminy,84274.66422814752,0.1
2040202,Lower Delaware,262308.56161654653,0.1
2040203,Schuylkill,319103.4501671633,0.2576940364214682
2040204,0,0,0.1
2040205,Brandywine-Christina,61551.070161518015,0.33377863719596274
2040206,Cohansey-Maurice,30679.33569793591,0.3842225546303046
2040207,Broadkill-Smyrna,6303.634784595898,0.353200249484391
2040301,Mullica-Toms,127971.30014356118,0.32054330874866327
2040302,Great Egg Harbor,33166.19451349432,0.3554449811396367
2040303,Chincoteague,7451.686902443598,0.38579269271139266
2040304,0,1324.262118517184,0.4889927419912512
2050101,Upper Susquehanna,17341.336012203785,0.29385169238512865
2050102,Chenango,14524.335764913318,0.289209947220012
2050103,Owego-Wappasening,13592.46210072381,0.1
2050104,Tioga,5686.86135238678,0.39408799991575433
2050105,Chemung,8202.933995861351,0.1824306100610306
2050106,Upper Susquehanna-Tunkhannock,14624.280559900153,0.1
2050107,Upper Susquehanna-Lackawanna,36452.334753066105,0.1
2050201,Upper West Branch Susquehanna,10897.177098999238,0.2953556044581241
2050202,Sinnemahoning,1764.6665055914634,0.30415746912750075
2050203,Middle West Branch Susquehanna,1176.4443370940273,0.1
2050204,Bald Eagle,6643.078259398005,0.3070981492255881
2050205,Pine,3059.380609205862,0.3485601707531994
2050206,Lower West Branch Susquehanna,11035.143444108093,0.1
2050301,Lower Susquehanna-Penns,24130.592830031455,0.1
2050302,Upper Juniata,11456.252494899945,0.3211777507201726
2050303,Raystown,4901.851323796979,0.34730427073598363
2050304,Lower Juniata,11640.334469999169,0.14414833631751264
2050305,Lower Susquehanna-Swatara,55633.179428251664,0.1
2050306,Lower Susquehanna,86465.88917531354,0.1
2060002,Chester-Sassafras,31418.70408286177,0.38420198584531545
2060003,Gunpowder-Patapsco,154408.23221616895,0.38891611266967446
2060004,Severn,36658.61904377619,0.3737057768076266
2060005,Choptank,12403.26757871591,0.3942870521584971
2060006,Patuxent,73256.86219750381,0.37413435105096493
2070001,South Branch Potomac,2208.6092082328855,0.5075029045000755
2070002,North Branch Potomac,6210.848684706485,0.46346428713243726
2070003,Cacapon-Town,6178.148950904102,0.14753626438413672
2070004,Conococheague-Opequon,23877.27785909784,0.16794128334010058
2070005,South Fork Shenandoah,18756.859752062363,0.4312683590959588
2070006,North Fork Shenandoah,6428.99667506645,0.48628012193102343
2070007,Shenandoah,17779.52406514939,0.1
2070008,Middle Potomac-Catoctin,5107858.419138026,0.1
2070009,Monocacy,34817.99489091082,0.3663815912150755
2070010,Middle Potomac-Anacostia-Occoquan,2146653.689717295,0.1
2070011,Lower Potomac,43497.989631922326,0.1
2080102,Great Wicomico-Plankatank,19564.00189387396,0.4938436584245906
2080103,Rapidan-Upper Rappahannock,290560.6358699418,0.42486286132434986
2080104,Lower Rappahannock,12623.01618084957,0.19294391445508635
2080105,Mattaponi,16434.857172370637,0.4822550844642303
2080106,Pamunkey,15289.71384937313,0.4719872058403845
2080107,0,3894.3201875874447,0.1
2080108,0,14998.40637745884,0.1
2080109,Western Lower Delmarva,6539.589944216117,0.3709077068466751
2080110,Eastern Lower Delmarva,1324.262118517184,0.21569582201665946
2080111,0,6539.589944216117,0.43313284862954887
2080201,Upper James,5842.039357771688,0.4270174951680146
2080202,Maury,2059.9634031310975,0.3983795641539948
2080203,Middle James-Buffalo,14172.779251403132,0.1655486769737602
2080204,Rivanna,6138.142855139135,0.4058784826149585
2080205,Middle James-Willis,19520.397084466047,0.1
2080206,Lower James,834953.8454476164,0.1
2080207,Appomattox,16146.249340953367,0.475446132416055
2080208,Hampton Roads,135607.19248025224,0.1
3010101,Upper Roanoke,26349.480377019056,0.40749738124658486
3010102,Middle Roanoke,6257.157007790604,0.1
3010103,Upper Dan,21322.960954822618,0.38516384368479684
3010104,Lower Dan,9419.756258582387,0.13301160151827435
3010105,Banister,2033.0764173072334,0.4154035062550636
3010106,Roanoke Rapids,170329.72777508316,0.1
3010107,Lower Roanoke,16114.612808421496,0.1
3010201,Nottoway,10291.079737676899,0.44761341772377006
3010202,Blackwater,9297.139519108787,0.39400119652652504
3010203,Chowan,6975.686937802176,0.1
3010204,Meheriin,4547.913258720482,0.42454821312430113
3010205,Albemarle,38844.70808960317,0.3897085144202611
3020101,Upper Tar,10175.686569696578,0.4116284505923604
3020102,Fishing,2487.949613552869,0.43371666077085735
3020103,Lower Tar,7889.554929868903,0.11944896833251692
3020104,Pamlico,4265.056687892877,0.11029367511307483
3020105,0,3554.2139066435,0.3237983590196633
3020201,Upper Neuse,121849.98743568979,0.3754763037676584
3020202,Middle Neuse,6037.437939069637,0.1
3020203,Contentnea,10327.557806161862,0.3449021043204736
3020204,Lower Neuse,5331.320738847838,0.1
3020301,White Oak River,5293.801740120565,0.3057178555705112
3020302,New River,6400.4354861719785,0.2973982525225042
3030002,Haw,179203.97655816935,0.4132000826647273
3030003,Deep,29467.39273511121,0.4537872907630745
3030004,Upper Cape Fear,23591.02107758897,0.14134794910137924
3030005,Lower Cape Fear,9302.311247801485,0.1
3030006,Black,8966.890605216602,0.3607104911728897
3030007,Northeast Cape Fear,12925.908479843682,0.33442854369913905
3040101,Upper Yadkin,37481.58719831125,0.34025317890743445
3040102,South Yadkin,11946.344718196646,0.35018935659268013
3040103,Lower Yadkin,17068.602608943875,0.1
3040104,Upper Pee Dee,6590.766431732053,0.1
3040105,Rocky,72779.84308957525,0.3982773471517985
3040201,Lower Pee Dee,11541.174972057164,0.10687846425844456
3040202,Lynches,7865.306581226233,0.40293865045617067
3040203,Lumber,8477.070476277648,0.3557596345818126
3040204,Little Pee Dee,10102.464148236833,0.15688169555029624
3040205,Black,8966.890605216602,0.3819495145960813
3040206,Waccamaw,10905.434822720828,0.3554515350737983
3040207,Carolina Coastal-Sampit,907.1358363053631,0.1
3040208,0,9315.539292320122,0.3245669668833907
3050101,Upper Catawba,320316.7623163803,0.2727781225777842
3050102,South Fork Catawba,410301.9368633938,0.34076833373705906
3050103,Lower Catawba,93044.53724254262,0.11281169509963263
3050104,Wateree,11101.837538463898,0.1
3050105,Upper Broad,629522.1299023004,0.3142180738615633
3050106,Lower Broad,10190.45325442787,0.1
3050107,Tyger,11526.898250838693,0.3402820134769555
3050108,Enoree,8400.417342478728,0.37535056245740084
3050109,Saluda,41652.10563439752,0.3679413912163019
3050110,Congaree,19887.14536952702,0.1
3050111,Lake Marion,1993.99977547658,0.1
3050112,Santee,2485.1565314925165,0.1
3050201,Copper,813936.3428059174,0.4305655106638452
3050202,South Carolina Coastal,2182.7779193576775,0.45151298678708796
3050203,North Fork Edisto,5652.098155948795,0.3562615204007904
3050204,South Fork Edisto,8205.116560194636,0.3600398151055996
3050205,Edisto,5693.196017953437,0.4020989316901306
3050206,Four Hole Swamp,7455.46959447755,0.1152077026088616
3050207,Salkehatchie,5745.193629967018,0.42511447470412994
3050208,Broad-St. Helena,3628.5433452214525,0.42551889155287204
3050209,0,4365.55583881451,0.38092524391274685
3050210,0,0,0.4322285169812967
3060101,Seneca,15505.704451262818,0.24037582364329652
3060102,Tugaloo,3597.1859272961474,0.2171733108796414
3060103,Upper Savannah,7781.836564805364,0.1
3060104,Broad,8180.643564283744,0.3446848706137483
3060105,Little,2468.0654254307096,0.4595878777911467
3060106,Middle Savannah,16218.57026840625,0.1
3060107,Stevens,3603.680121500346,0.5279855089205651
3060108,Brier,5239.3315557391215,0.4291473384232638
3060109,Lower Savannah,7616.807970283537,0.1
3060110,Calibogue Sound-Wright River,1814.2716726107262,0.45515834340287675
3060201,Upper Ogeechee,3856.482857892946,0.437639007567154
3060202,Lower Ogeechee,14184.549993661863,0.1193371830685752
3060203,Canoochee,2830.7683651105876,0.4183297880282219
3060204,Ogeechee Coastal,15287.319225653548,0.393372365750974
3070101,Upper Oconee,39475.66092818909,0.3849256047404589
3070102,Lower Oconee,5839.531926295385,0.18723176331301133
3070103,Upper Ocmulgee,472015.45411238907,0.35865374822534507
3070104,Lower Ocmulgee,11128.499877019542,0.15150736141692406
3070105,Little Ocmulgee,2334.7261362260256,0.45663872941443384
3070106,Altamaha,1764.0638554889133,0.1
3070107,Ohoopee,2853.5540857976025,0.4292535375759674
3070201,Satilla,5833.805357594859,0.3100132204317566
3070202,Little Satilla,2334.7261362260256,0.40607674452302583
3070203,Cumberland-St. Simons,3106.9486999325804,0.36601692510381445
3070204,St Marys,9937.862577223254,0.4495795018252483
3070205,Nassau,3226.149493773351,0.42861111038196537
3080101,Upper St. Johns,129285.95145011952,0.44842346352864154
3080102,Oklawaha,81686.69671238393,0.397494407359434
3080103,"Lower St, Johns",132990.03631253465,0.12050690448876232
3080201,Daytona-St. Augustine,20585.424607150984,0.3802787058667539
3080202,Cape Canaveral,22939.464598576287,0.4448495421324886
3080203,Vero Beach,10577.044090389414,0.4096342521694627
3090101,Kissimmee,76016.10388914392,0.4486658750810631
3090102,Northern Okeechobee Inflow,0,0.49940773290855955
3090103,Western Okeechobee Inflow,293.98069562777164,0.48036171560172
3090201,Lake Okeechobee,2348.946695652231,0.1
3090202,Everglades,12623.776301932234,0.3824652806129989
3090203,0,2351.8455652204825,0.7007479063722428
3090204,Big Cypress Swamp,27369.766297629507,0.37676058240931676
3090205,Caloosahatchee,18023.401914228034,0.44422111760330013
3090206,Florida Southeast Coast,607575.4861592295,0.1359805185058168
3100101,Peace,37578.99890168743,0.3934256361884372
3100102,Myakka,9043.9146007315,0.3651847535019426
3100103,Charlotte Harbor,11329.073091844997,0.4361012737265351
3100201,Sarasota Bay,21890.15851138865,0.2883834672031516
3100202,Manatee,9505.822306618487,0.3567689367423594
3100203,Little Manatee,4361.434239239052,0.35888471176426656
3100204,Alafia,10337.697919062015,0.3482214016149351
3100205,Hillsborough,69336.41877641699,0.2972473766147327
3100206,Tampa Bay,140059.94922308065,0.34741108950285654
3100207,Crystal-Pithlachascotee,70093.01528287832,0.28699487751722447
3100208,Withlacoochee,22646.009421338,0.3664214137709133
3110101,Waccasassa,2672.3891360791295,0.3854510309004279
3110102,Econfina-Steinhatchee,2351.8455652204825,0.3575469690891897
3110103,Aucilla,3052.984456052037,0.34386285855533133
3110201,Upper Suwannee,2991.820848196854,0.2623035286782822
3110202,Alapaha,5894.292602883592,0.3995648378474261
3110203,Withlacoochee,22646.009421338,0.21762263576912344
3110204,Little,2468.0654254307096,0.36132334560526846
3110205,Lower Suwannee,4309.007667127633,0.1
3110206,Santa Fe,8811.293322780974,0.37546860573357266
3120001,Apalachee Bay-St. Marks,12240.567762975126,0.30007946192357904
3120002,Upper Ochlockonee,2853.5540857976025,0.3306188474336036
3120003,Lower Ochlockonee,11460.293240793999,0.20470624409007387
3130001,Upper Chattahoochee,344120.16995652026,0.22727233566972857
3130002,Middle Chattahoochee-Lake Harding,1243281.3962028825,0.18831910067932095
3130003,Middle Chattahoochee-Walter F,19921.657774390245,0.12068751811513342
3130004,Lower Chattahoochee,5139.046884965564,0.1
3130005,Upper Flint,92633.25457317072,0.37526913147688956
3130006,Middle Flint,5091.970210069913,0.1420643885074073
3130007,Kinchafoonee-Muckalee,3722.6102734999304,0.36278774234124045
3130008,Lower Flint,4163.050366959188,0.1
3130009,Ichawaynochaway,2389.094164143085,0.3483205520044946
3130010,Spring,29010.185192352274,0.3144123585556837
3130011,Apalachicola,2296.010793933758,0.1
3130012,Chipola,6150.391457002634,0.2815570099312288
3130013,New,881.9421172246397,0.324776657410906
3130014,0,293.98069562777164,0.3391387972796665
3140101,St. Andrews-St. Joseph Bays,9517.60660510352,0.28919082011575137
3140102,Choctawhatchee Bay,4859.317946388443,0.22469562777713187
3140103,Yellow,3627.395174954684,0.24838930887389968
3140104,Blackwater,9297.139519108787,0.2444611755406454
3140105,0,15045.799204596451,0.20568165906405958
3140106,Perdido,5859.627689631652,0.24056229667138493
3140107,Perdido Bay,5346.764270218611,0.2076564357968365
3140201,Upper Choctawhatchee,7892.684982881167,0.2928215927647815
3140202,Pea,3748.636676230668,0.3042769109113404
3140203,Lower Choctawhatchee,4421.846924886502,0.1
3140301,Upper Conecuh,1893.9777579510119,0.18223442060891692
3140302,Patsaliga,3312.564858606777,0.3198091375702723
3140303,Sepulga,2287.608308280973,0.3057994492988826
3140304,Lower Conecuh,2209.6406974645924,0.1
3140305,Escambia,50200.16658402335,0.1
3150101,Conasauga,8196.714558714039,0.2706011545762731
3150102,Coosawattee,5055.10917615923,0.26558422821163924
3150103,Oostanaula,4039.026919087375,0.1
3150104,Etowah,49566.96339947685,0.290752645500998
3150105,Upper Coosa,6193.552781642877,0.1
3150106,Middle Coosa,28917.128934694705,0.1
3150107,Lower Coosa,16598.66376319311,0.1
3150108,Upper Tallapoosa,18011.108286135946,0.2898548516003712
3150109,Middle Tallapoosa,3787.9557580376945,0.15600312460258942
3150110,Lower Tallapoosa,15609.882685336612,0.11008771307832807
3150201,Upper Alabama,32856.80874640556,0.1
3150202,Cahaba,31828.09855328631,0.29532860133954847
3150203,Middle Alabama,4734.944697547117,0.1
3150204,Lower Alabama,3472.2926975554324,0.1
3160101,Upper Tombigbee,7049.872824928977,0.10466396127396285
3160102,Town,4011.5916294314716,0.2386113509695867
3160103,Buttahatchee,3413.1182347310837,0.2583415302648463
3160104,Tibbee,8775.189989191173,0.26775066535403874
3160105,Luxapallila,1749.3072170082457,0.2664000836173737
3160106,Middle Tombigbee-Lubbub,5377.135225239953,0.1
3160107,Sipsey,4196.897544819638,0.2848174894073192
3160108,Noxubee,2722.6178928795734,0.29673774432946964
3160109,Mulberry,16103.506324920316,0.14826509020040918
3160110,Sipsey Fork,2840.966818528271,0.23962356805776416
3160111,Locust,36312.13936477966,0.2883360618544619
3160112,Upper Black Warrior,23083.155575796078,0.1
3160113,Lower Black Warrior,11538.478236593266,0.1
3160201,Middle Tombigbee-Chickasaw,6506.11072313768,0.1
3160202,Sucarnoochee,3038.2809534609896,0.30097778437626915
3160203,Lower Tombigbee,3787.9557580376945,0.1
3160204,Mobile-Tensaw,19055.406288484133,0.1
3160205,0,9796.026876630265,0.24159384116521213
3170001,Chunky-Okatibbee,4011.5916294314716,0.2788069412401854
3170002,Upper Chickasawhay,4011.5916294314716,0.1772726993983821
3170003,Lower Chickasawhay,1203.477537266491,0.1
3170004,Upper Leaf,6811.785937071993,0.2858335027326176
3170005,Lower Leaf,12196.962953567212,0.14724621431745274
3170006,Pascagoula,4693.76017199314,0.1
3170007,Black,8966.890605216602,0.2835250057885848
3170008,Escatawpa,10578.779296875,0.2527633454308646
3170009,Mississippi Coastal,31382.919322374863,0.2558442270006903
3180001,Upper Pearl,6819.705721596452,0.2948310457773071
3180002,Middle Pearl-Strong,50192.66413996002,0.13077948149215726
3180003,Middle Pearl-Silver,5955.208324097976,0.1
3180004,Lower Pearl,16209.050840353313,0.1
3180005,Bogue Chitto,3090.0948291200802,0.262482651845074
4010101,Baptism-Brule,1157.475320272866,0.45484260371665997
4010102,Beaver-Lester,9643.8331938829,0.4957472850731673
4010201,St. Louis,10275.303108533399,0.43642590807561216
4010202,Cloquet,1018.1298635888996,0.5268580366428779
4010301,Beartrap-Nemadji,4948.399787064371,0.45652274274111276
4010302,Bad-Montreal,2694.9005837822892,0.42007410508635745
4020101,Black-Presque Isle,1104.3668178627356,0.39885837443329225
4020102,Ontonagan,1641.1888199203852,0.4623489613799041
4020103,Keweenaw Peninsula,2147.288250465424,0.2900265383043085
4020104,Sturgeon,715.7627501220898,0.47783373991122485
4020105,Dead-Kelsey,894.7034377021897,0.46124250789822757
4020201,Betsy-Chocolay,1431.5255003433344,0.44483821069340335
4020202,Tahquamenon,536.8220626411446,0.4375418111113384
4020203,Waiska,178.94068758009976,0.403379518846467
4030101,Manitowoc-Sheboygan,18434.475429246744,0.562190116898432
4030102,Door-Kewaunee,5397.077511843127,0.5896635114557485
4030103,Duck-Pensaukee,5016.624291003118,0.44169000704080874
4030104,Oconto,7229.878226780488,0.4775776026109543
4030105,Peshtigo,2096.6334385011087,0.49171195306303206
4030106,Brule,715.7627501220898,0.5175024309167774
4030107,Michigamme,536.8220626411446,0.4768377471584353
4030108,Menominee,4034.2582483216465,0.2944369848815502
4030109,Cedar-Ford,1968.347502400984,0.5443287116095092
4030110,Escanaba,1252.584873247575,0.47119322306660366
4030111,Tacoosh-Whitefish,894.7034377021897,0.49754471478993995
4030112,Fishdam-Sturgeon,357.8813750610449,0.5256195524593237
4030201,Upper Fox,9037.930462243903,0.14597778064114542
4030202,Wolf,21340.4969980695,0.45408303005652373
4030203,Lake Winnebago,8198.411032912001,0.1
4030204,Lower Fox,71179.68834447754,0.1
4040001,Little Calumet-Galien,83449.62002299578,0.5736458504193196
4040002,Pike-Root,518057.0511710089,0.41193057210701556
4040003,Milwaukee,97307.46704372228,0.49974355655889574
4050001,St. Joseph,57539.28438647623,0.4170542729444758
4050002,Black-Macatawa,8766.377425461753,0.37031525896371653
4050003,Kalamazoo,20670.165042605946,0.32946599066704346
4050004,Upper Grand,36935.489055354425,0.48818488554658357
4050005,Maple,10437.606886596037,0.5236427714993995
4050006,Lower Grand,96602.02039629816,0.16246032679716188
4050007,Thornapple,63818.79524992204,0.35377019219848965
4060101,Pere Marquette-White,11006.158136639342,0.39663615164064464
4060102,Muskegon,10489.310617395857,0.42132013670440027
4060103,Manistee,2684.110252523074,0.42081682095866785
4060104,Betsie-Platte,2863.051000587514,0.4031022580199299
4060105,Boardman-Charlevoix,3220.9324967163943,0.4161149730530589
4060106,Manistique,1252.584873247575,0.4615519429670212
4060107,0,715.7627501220898,0.48092996567480456
4070001,St. Marys,894.7034377021897,0.40385967158671504
4070002,Carp-Pine,1073.6441252822892,0.4685558060632971
4070003,Lone Lake-Ocqueoc,1073.6441252822892,0.5563332857339145
4070004,Cheboygan,1968.347502400984,0.27955416642694575
4070005,Black,8966.890605216602,0.518979622414919
4070006,Thunder Bay,2505.169504557788,0.563811090067197
4070007,Au Sable,2505.169504557788,0.5110506286432863
4080101,Au Gres-Rifle,2505.169504557788,0.4952095832522676
4080102,Kawkawlin-Pine,2659.3148103301,0.5758044933765618
4080103,Pigeon-Wiscoggin,3676.2600711577047,0.5603669449187391
4080104,Birch-Willow,4305.973476539634,0.1
4080201,Tittabawassee,4164.970035908814,0.2538249675254721
4080202,Pine,3059.380609205862,0.40686542722367447
4080203,Shiawassee,17070.120914618765,0.17622847250269022
4080204,Flint,35781.01125103936,0.40431945775470496
4080205,Cass,2700.555013603312,0.5822983274947401
4080206,Saginaw,5881.469310745842,0.1
4090001,St. Clair,27122.617506885737,0.23838311103882956
4090002,Lake St. Clair,41679.49710820572,0.1
4090003,Clinton,97782.63474830239,0.42607148200719724
4090004,Detroit,133771.15810351993,0.7741157554544438
4090005,Huron,51548.789980106914,0.38758761824400223
4100001,Ottawa-Stony,22302.69804356832,0.5599336158398476
4100002,Raisin,16628.338505282427,0.4821282928514998
4100003,St. Joseph,57539.28438647623,0.45076650544448543
4100004,St. Marys,894.7034377021897,0.43126507237042266
4100005,Upper Maumee,6711.878906028409,0.1
4100006,Tiffin,3429.085620279587,0.46416328542344987
4100007,Auglaize,10685.205940220621,0.3052812743468284
4100008,Blanchard,3871.211536545316,0.4639190018279228
4100009,Lower Maumee,13492.669329953505,0.1
4100010,Cedar-Portage,17822.609861903133,0.48761150211354537
4100011,Sandusky,8749.68961936343,0.4397620793589869
4100012,Huron-Vermilion,5414.085343560907,0.41007702747225105
4110001,Black-Rocky,64820.88086862722,0.3368720169121242
4110002,Cuyahoga,76916.79225202675,0.31609585949956015
4110003,Ashtabula-Chagrin,110708.77659021619,0.33741630988314547
4110004,Grand,12331.186791446302,0.3080469889537116
4120101,Chautauqua-Conneaut,19633.15452019914,0.27282271950404857
4120102,Cattaraugus,10194.731235571231,0.2686287513739198
4120103,Buffalo-Eighteenmile,50445.020486750145,0.2833213796559688
4120104,Niagara,49168.57858188401,0.46075419394838835
4130001,Oak Orchard-Twelvemile,179744.4623925998,0.5796153235806936
4130002,Upper Genesee,10949.500546301899,0.3414277870246728
4130003,Lower Genesee,41946.50587945385,0.15487375376658455
4140101,Irondequoit-Ninemile,28209.24602632941,0.3685364461786048
4140102,Salmon-Sandy,7909.268696024668,0.23549855620921709
4140201,Seneca,15505.704451262818,0.3743702361952242
4140202,Oneida,27029.131320885117,0.2564976079684054
4140203,Oswego,736.4353824578714,0.1
4150101,Black,8966.890605216602,0.2157099142026347
4150102,Chaumont-Perch,1098.3002523076498,0.3285342683290534
4150301,Upper St. Lawrence,1281.3503749716601,0.1
4150302,Oswegatchie,2379.6505062114743,0.19157017420163036
4150303,Indian,2013.5505028208152,0.3178584653410047
4150304,Grass,1281.3503749716601,0.2975644213630091
4150305,Raquette,1647.4503783623197,0.26557208530878945
4150306,St. Regis,1830.500501125485,0.2939543407548668
4150307,Salmon,1098.3002523076498,0.2936382245601234
4150308,0,1281.3503749716601,0.339746054673545
5010001,Upper Allegheny,8379.802082316102,0.19762248299446689
5010002,Conewango,3870.0989515956903,0.24872430187882452
5010003,Middle Allegheny-Tionesta,6797.254551000415,0.1
5010004,French,8318.710613340423,0.2628325259208768
5010005,Clarion,4509.703372856084,0.26915224548206956
5010006,Middle Allegheny-Redbank,18890.763080248962,0.1
5010007,Conemaugh,13858.766912582387,0.2610069096018331
5010008,Kiskiminetas,11659.860384485588,0.1
5010009,Lower Allegheny,39035.166367490645,0.1
5020001,Tygart Valley,3265.6990327165327,0.22280220079174068
5020002,West Fork,1577.7339551908951,0.2787585997232485
5020003,Upper Monongahela,3625.046061735033,0.1
5020004,Cheat,6773.377548146756,0.21305233643187785
5020005,Lower Monongahela,64339.08219640577,0.1
5020006,Youghiogheny,32211.799960591045,0.2553303472540839
5030101,Upper Ohio,125194.97751307857,0.1
5030102,Shenango,12624.490912713276,0.30692824966338234
5030103,Mahoning,28197.82193816886,0.33954814769420294
5030104,Beaver,870.4144200831486,0.1
5030105,Connoquenessing,95305.55777200838,0.32494807559607036
5030106,Upper Ohio-Wheeling,10675.018380230944,0.1
5030201,Little Musringum-Middle Island,5956.404183490785,0.1
5030202,Upper Ohio-Shade,6357.153123046147,0.1
5030203,Little Kanawha,7065.171110196369,0.29013170295448587
5030204,Hocking,13501.005486495565,0.3437858219967646
5040001,Tuscarawas,55203.944343516145,0.32785416753880203
5040002,Mohican,8366.140236176067,0.30516063404385346
5040003,Walhonding,7435.576691553491,0.17215195001823108
5040004,Muskingum,9461.284049128395,0.1
5040005,Wills,3399.584931299335,0.37273884144699876
5040006,Licking,29074.779028374447,0.30151141948739035
5050001,Upper New,13799.885120590909,0.2901805566604283
5050002,Middle New,6802.840231048087,0.11400916435408061
5050003,Greenbrier,1992.927012127633,0.2952838732096719
5050004,Lower New,1826.8498619738082,0.1
5050005,Gauley,2530.4975157303907,0.21667826293732242
5050006,Upper Kanawha,4117.041250784576,0.1
5050007,Elk,4366.157157567489,0.24186368670479438
5050008,Lower Kanawha,3990.3029116363637,0.1
5050009,Coal,7285.680317684036,0.2873136741010425
5060001,Upper Scioto,1214772.2015313194,0.3971140940125418
5060002,Lower Scioto,14229.488162009284,0.119817545327544
5060003,Paint,5795.414882445608,0.30648129181680384
5070101,Upper Guyandotte,3155.4679103817903,0.2785988257907584
5070102,Lower Guyandotte,4846.043907197685,0.12714668736982693
5070201,Tug,9332.926216185282,0.29634271680009455
5070202,Upper Levisa,13622.135874567904,0.29635755503918426
5070203,Lower Levisa,16075.193991011018,0.14742832364612318
5070204,Big Sandy,3080.022981920247,0.1
5080001,"Upper Great Miami, Indiana, Ohio",35635.23841333495,0.3855888343227711
5080002,"Lower Great Miami, Indiana, Ohio",57757.86230527841,0.1
5080003,Whitewater,14211.005114354766,0.28719278043375107
5090101,Raccoon-Symmes,7582.225363130405,0.1
5090102,Twelvepole,3282.5473356976167,0.30618921294385604
5090103,Little Scioto-Tygarts,6033.525009675166,0.1
5090104,Little Sandy,4965.466201336197,0.3218083430316515
5090201,Ohio Brush-Whiteoak,26048.057968265937,0.1
5090202,Little Miami,73883.40342857887,0.2773263841626329
5090203,Midle Ohio-Laughery,135324.88058221314,0.1
5100101,Licking,29074.779028374447,0.21233512924730114
5100102,South Fork Licking,5384.447397070469,0.27054146845363203
5100201,North Fork Kentucky,14440.428073691866,0.2027396125957873
5100202,Middle Fork Kentucky,4086.913824953506,0.2718401303733322
5100203,South Fork Kentucky,2997.0700414648004,0.26827163850219193
5100204,Upper Kentucky,2724.6092166356707,0.1
5100205,Lower Kentucky,84204.783434815,0.12691245836452697
5110001,Upper Green,18185.5894954278,0.24149106270044046
5110002,Barren,21678.780924905488,0.24709721829955086
5110003,Middle Green,5176.757608442212,0.1
5110004,Rough,7100.76608252349,0.2551109075687561
5110005,Lower Green,9650.524196594859,0.1
5110006,Pond,5238.346787388235,0.2625409993448418
5120101,Upper Wabash,15716.981333798158,0.21843702199898263
5120102,Salamonie,1360.984200463761,0.4033053043242574
5120103,Mississinewa,4662.646041122436,0.39300806181733294
5120104,Eel,4397.651348929948,0.41506910452768464
5120105,Middle Wabash-Deer,4446.027007828852,0.1
5120106,Tippecanoe,8362.790861591326,0.39768817256050565
5120107,Wildcat,6818.575222969998,0.3795822142965041
5120108,Middle Wabash-Little Vermilion,19034.47148697339,0.1
5120109,Vermilion,8749.262595855183,0.4205617434342063
5120110,Sugar,4927.416570318043,0.3791157648452793
5120111,Middle Wabash-Busseron,6047.407629904241,0.1
5120112,Embarras,7042.647800819984,0.3831651184060544
5120113,Lower Wabash,6465.706168932788,0.1
5120114,Little Wabash,4344.452067754782,0.24923789708195182
5120115,Skillet,2317.0412157330934,0.377083638792738
5120201,Upper White,116947.35517210019,0.33800768150677496
5120202,Lower White,10141.37847766297,0.1
5120203,Eel,4397.651348929948,0.2737233155037691
5120204,Driftwood,28014.93969564163,0.33952204118613344
5120205,Flatrock-Haw,6315.9555253389,0.11496042796183141
5120206,Upper East Fork White,14488.155935092642,0.1
5120207,Muscatatuck,3402.4605615941655,0.2685517007956404
5120208,Lower East Fork White,8207.979844644056,0.10367422846999617
5120209,Patoka,4745.321077451358,0.26529312799924387
5130101,Upper Cumberland,17935.59000831486,0.24385653102775465
5130102,Rockcastle,2179.6873249408955,0.2588079468141676
5130103,Upper Cumberland-Lake Cumberland,4904.29629954005,0.1
5130104,South Fork Cumberland,6611.277598741546,0.21556031632937636
5130105,Obey,4682.210203823448,0.22435954564887092
5130106,Upper Cumberland-Cordell Hull Reservoir,8113.832788892878,0.1
5130107,Collins,2405.317909097769,0.20369175817262217
5130108,Caney,19129.97562520884,0.14407579013623467
5130201,Lower Cumberland-Old Hickory Lake,24629.8152218161,0.1
5130202,Lower Cumberland-Sycamore,69346.81452241547,0.1
5130203,Stones,34892.240813108234,0.22749642275668783
5130204,Harpeth,56164.81106173109,0.24395053745432782
5130205,Lower Cumberland,23534.692711646756,0.1
5130206,Red,24426.734091342154,0.23878481879040003
5140101,Silver-Little Kentucky,55560.916599180644,0.1
5140102,Salt,35781.36371490632,0.12952819895824202
5140103,Rolling Fork,11480.423378967364,0.2533887455822619
5140104,Blue-Sinking,29065.49102580204,0.1
5140201,Lower Ohio-Little Pigeon,8760.664412987528,0.1
5140202,Highland-Pigeon,11092.551472580239,0.1
5140203,Lower Ohio-Bay,2248.364270287417,0.1
5140204,Saline,2896.3014591820265,0.2831014245043303
5140205,Tradewater,4744.3280783716045,0.27693452025051013
5140206,Lower Ohio,2810.455458927106,0.1
6010101,North Fork Holston,4101.917744934105,0.38541042010569837
6010102,South Fork Holston,12281.253126240506,0.19931617376952696
6010103,"Watauga, North Carolina, Tennessee",12899.22290201462,0.30941447125238714
6010104,Holston,20703.395408798366,0.1
6010105,Upper French Broad,24205.237694741823,0.28226666694181035
6010106,Pigeon,5819.921284948378,0.25332757232635195
6010107,Lower French Broad,3670.5020324548923,0.1
6010108,Nolichucky,15457.995955956278,0.3294555399471672
6010201,Watts Bar Lake,46013.9383320765,0.1
6010202,Upper Little Tennessee,2651.3562935180153,0.10057634388777638
6010203,Tuckasegee,2843.3711252949693,0.187869226600205
6010204,Lower Little Tennessee,11480.785525881445,0.1
6010205,"Upper Clinch, Tennessee, Virginia",12207.022696958149,0.2194312686706568
6010206,Powell,3475.834039025222,0.2998576276368421
6010207,Powell,3475.834039025222,0.1
6010208,Emory,3607.9769846649115,0.23440582220749231
6020001,Middle Tennessee-Chickamauga,46993.25323883751,0.1
6020002,Hiwassee,10929.904913697754,0.1806071712972323
6020003,Ocoee,3903.535325071646,0.2260143162516646
6020004,Sequatchie,3725.6103312873483,0.23720665364232346
6030001,Guntersville Lake,12294.522807980738,0.1
6030002,Wheeler Lake,819203.0043479766,0.1
6030003,Upper Elk,8017.726363659231,0.25870406100915877
6030004,Lower Elk,9790.860957706347,0.11322706742035417
6030005,Pickwick Lake,17226.221716793516,0.1
6030006,Bear,2209.5908296132898,0.2597124546023231
6040001,Lower Tennessee-Beech,10443.978347959881,0.1
6040002,Upper Duck,4008.8631818296153,0.2609825214409537
6040003,Lower Duck,20027.853960599707,0.12581348119971786
6040004,Buffalo,1603.545272731846,0.2848591829021337
6040005,Kentucky Lake,7904.911313617309,0.1
6040006,Lower Tennessee,2452.148149770025,0.1
7010101,Mississippi Headwaters,992.1216771550027,0.5773691486852518
7010102,Leech Lake,1653.5361891421146,1.0045909627310776
7010103,Prairie-Willow,2488.973598462722,0.3563245624994645
7010104,Elk-Nokasippi,1984.2433543100053,0.12653647002494875
7010105,Pine,3059.380609205862,0.872579211624781
7010106,Crow Wing,1818.8897716764832,0.4420493903896437
7010107,Redeye,1488.1824854407566,0.7881125413055212
7010108,Long Prairie,1488.1824854407566,0.8331573330753753
7010201,Platte-Spunk,4775.034067656111,0.1
7010202,Sauk,5339.0720378963415,0.7570412735789539
7010203,Clearwater-Elk,19514.825444916023,0.1
7010204,Crow,267332.3562222838,0.37250427486086174
7010205,South Fork Crow,10180.90768206839,0.7031041559013148
7010206,Twin Cities,226562.47139602966,0.1
7010207,Rum,15183.91466908703,0.6691630902500786
7020001,Upper Minnesota,2438.091234296217,0.6160294195394601
7020002,Pomme De Terre,1157.475320272866,1.0753918279408998
7020003,Lac Qui Parle,1301.9722921796008,1.0243210847712503
7020004,Hawk-Yellow Medicine,3472.425839750762,0.23493025300630258
7020005,Chippewa,3637.7795433529664,0.944762865274227
7020006,Redwood,1818.8897716764832,0.8501549761034546
7020007,Middle Minnesota,4634.274640486904,0.1
7020008,Cottonwood,2314.950640545732,0.7900853100636315
7020009,Blue Earth,3397.0194014411727,0.26721950759846935
7020010,Watonwan,2756.353473364191,0.695973481270476
7020011,Le Sueur,4796.63458034181,0.565600297914213
7020012,Lower Minnesota,158480.2970503915,0.1
7030001,Upper St. Croix,3401.75151864454,0.3212468717003945
7030002,Namekagon,838.6533390900082,0.651995670954918
7030003,Kettle,1679.5443150916713,0.6782085877276529
7030004,Snake,2862.9495704309866,0.6684903617735657
7030005,Lower St. Croix,44738.1510029208,0.21226073420694466
7040001,Rush-Vermillion,24688.17896939863,0.1
7040002,Cannon,6221.960009731222,0.5489528756827547
7040003,Buffalo-Whitewater,7335.917063077674,0.1
7040004,Zumbro,15705.079870105876,0.5231511500702715
7040005,Trempealeau,2096.6334385011087,0.5587342094279513
7040006,La Crosse-Pine,7105.863251574903,0.1
7040007,Black,8966.890605216602,0.5539477516775045
7040008,Root,6453.209680527647,0.5080942247064303
7050001,Upper Chippewa,3387.678384046979,0.2492020624470025
7050002,Flambeau,1048.3167192505543,0.38173634620811814
7050003,South Fork Flambeau,628.9900194138028,0.6403265246143395
7050004,Jump,1886.9699977570679,0.6080967767749462
7050005,Lower Chippewa,15392.277915248613,0.12565544193056763
7050006,Eau Claire,5859.299917653825,0.558226149388839
7050007,Red Cedar,4855.32174255079,0.5487139271062411
7060001,Coon-Yellow,5549.939810699418,0.1
7060002,Upper Iowa,1292.051016778894,0.4992229472418094
7060003,Grant-Little Maquoketa,5993.3218634650775,0.1
7060004,Turkey,3847.2858762212445,0.48740593798207515
7060005,Apple-Plum,3579.655693917198,0.1
7060006,Maquoketa,9114.93412332019,0.4736821990217172
7070001,Upper Wisconsin,3564.2767970049194,0.6342384565718857
7070002,Lake Dubay,10967.613700683967,0.32819075099366646
7070003,Castle Rock,8890.985004618418,0.23186646283607643
7070004,Baraboo,1886.9699977570679,0.5549705857248781
7070005,Lower Wisconsin,18168.783555777853,0.11512065621808604
7070006,Kickapoo,2096.6334385011087,0.579614774556871
7080101,Copperas-Duck,17129.92743989052,0.1
7080102,Upper Wapsipinicon,5965.097645423365,0.4642594932965525
7080103,Lower Wapsipinicon,6794.43726132227,0.18173752852343855
7080104,Flint-Henderson,20734.53035818071,0.1
7080105,South Skunk,8989.315631506099,0.5078415887072375
7080106,North Skunk,1724.6454011827882,0.49743855409089244
7080107,Skunk,6005.851274289911,0.18497393313088648
7080201,Upper Cedar,5078.549956629712,0.4956460592499614
7080202,Shell Rock,2153.4183612651054,0.3002826824616633
7080203,Winnebago,1922.6875820550167,0.48942830694404016
7080204,West Fork Cedar,1724.6454011827882,0.1618713796798192
7080205,Middle Cedar,24927.441866382,0.17481589501476769
7080206,Lower Cedar,6433.299348098947,0.1
7080207,Upper Iowa,1292.051016778894,0.5147713441554863
7080208,Middle Iowa,7484.026910192836,0.26602636649729156
7080209,Lower Iowa,12985.264742333773,0.1
7090001,Upper Rock,21394.42008890064,0.5187750070536733
7090002,Crawfish,79203.895103979,0.23844837185586312
7090003,Pecatonica,13496.705234324003,0.33065114868310985
7090004,Sugar,4927.416570318043,0.45813695865964343
7090005,Lower Rock,16228.35694919422,0.1
7090006,Kishwaukee,38045.79268568307,0.43360061450366
7090007,Green,5241.890791656319,0.4712227412465555
7100001,Des Moines Headwaters,2645.6578057136226,0.737590553731116
7100002,Upper Des Moines,1724.6454011827882,0.3191026559631002
7100003,East Fork Des Moines,2884.03131249903,0.6051025814730169
7100004,Middle Des Moines,14717.023086077535,0.16690186836416004
7100005,Boone,1459.315311523628,0.551260192223303
7100006,North Raccoon,533265.7022155627,0.39483364286420586
7100007,South Raccoon,7191.754036021895,0.5671230762159559
7100008,Lake Red Rock,411659.89086751663,0.11488384523658657
7100009,Lower Des Moines,4123.2035576960925,0.1
7110001,Bear-Wyaconda,3691.942532330862,0.1
7110002,North Fabius,1289.2740327744596,0.44646175697238566
7110003,South Fabius,1289.2740327744596,0.17979025396686635
7110004,The Sny,8827.100937655418,0.1
7110005,North Fork Salt,1432.5266088858093,0.42585357732788837
7110006,South Fork Salt,2931.930564309728,0.4352632750925074
7110007,Salt,35781.36371490632,0.1193226130968898
7110008,Cuivre,7588.065707932025,0.4359464651387194
7110009,Peruque-Piasa,18921.90383949924,0.1
7120001,Kankakee,46928.00482710491,0.2444068338016995
7120002,Iroquois,18602.560001212583,0.42822121167110405
7120003,Chicago,633908.3600679046,0.3879983560449917
7120004,Des Plaines,1665913.3695087305,0.22357737703806732
7120005,Upper Illinois,24139.139109271066,0.1
7120006,Upper Fox,9037.930462243903,0.4181399983567577
7120007,Lower Fox,71179.68834447754,0.1724739151833322
7130001,Lower Illinois-Senachwine Lake,11405.197529942629,0.1
7130002,Vermilion,8749.262595855183,0.4876360253774586
7130003,Lower Illinois-Lake Chautauqua,12001.732857745219,0.1
7130004,Mackinaw,11349.268106612528,0.4610081127265848
7130005,Spoon,7234.780766049404,0.46993006771345597
7130006,Upper Sangamon,14168.567115099155,0.4409039994726124
7130007,South Fork Sangamon,8888.35992376268,0.46650157713549223
7130008,Lower Sangamon,10148.448088449279,0.1
7130009,Salt,35781.36371490632,0.45484149368647925
7130010,La Moine,3185.9315808569154,0.44955117749861717
7130011,Lower Illinois,11027.989590633386,0.1
7130012,Macoupin,9621.55341379594,0.4525171073016037
7140101,Cahokia-Joachim,130776.02128733024,0.1
7140102,Meramec,25624.925155470482,0.26521201887753587
7140103,Bourbeuse,4928.895175360934,0.4396259165891095
7140104,Big,11657.445426327396,0.4969938928901214
7140105,Upper Mississippi-Cape Girardeau,4440.059814772866,0.1
7140106,Big Muddy,6661.49352552439,0.3814783183926995
7140107,Whitewater,14211.005114354766,0.3758954838784064
7140108,Cache,1403.2033622199278,0.3480101035875231
7140201,Upper Kaskaskia,6554.911468955239,0.42680159710043547
7140202,Middle Kaskaskia,5710.359747066935,0.21828492753543388
7140203,Shoal,7531.569824858231,0.4278084064195196
7140204,Lower Kaskaskia,26216.27229342011,0.11705687172343678
8010100,Lower Mississippi-Memphis,8149.649987726441,0.1
8010201,Bayou De Chien-Mayfield,3814.4527580878603,0.2968226121515634
8010202,Obion,6558.216785556611,0.1
8010203,South Fork Obion,6013.294651726164,0.27885094720137193
8010204,North Fork Forked Deer,6055.161833886711,0.2799523948117231
8010205,South Fork Forked Deer,9746.873666945745,0.28356147236360985
8010206,Forked Deer,0,0.1
8010207,Upper Hatchie,5213.704821829198,0.260669713236285
8010208,Lower Hatchie,12778.542776823102,0.15548400469302082
8010209,Loosahatchie,16499.363860770438,0.27626471711962
8010210,Wolf,21340.4969980695,0.24646120910419925
8010211,Horn Lake-Nonconnah,41928.15064829892,0.18020173156899044
8020100,Lower Mississippi-Helena,2461.3376270207177,0.1
8020201,New Madrid-St. Johns,1002.7686989004295,0.2922958942072172
8020202,Upper St. Francis,1719.0320033433343,0.42017396797691875
8020203,Lower St. Francis,22714.158881463274,0.1362136312952275
8020204,Little River Ditches,6678.303338353519,0.3035655910299317
8020205,L'Anguille,3077.303249120288,0.32127551174452235
8020301,Lower White-Bayou Des Arc,6216.396600810906,0.1
8020302,Cache,1403.2033622199278,0.32488693104769845
8020303,Lower White,10141.37847766297,0.1
8020304,Big,11657.445426327396,0.2934204828624879
8020401,Lower Arkansas,3874.4042874264833,0.1
8020402,Bayou Meto,12389.890414815549,0.38960168595298134
8030100,Lower Mississippi-Greenville,209.35834831159923,0.1
8030201,Little Tallahatchie,7678.116824242101,0.26754384679656207
8030202,Tallahatchie,4011.5916294314716,0.1
8030203,Yocona,8199.759884865714,0.27810390558250797
8030204,Coldwater,25437.050321118,0.28588666346114366
8030205,Yalobusha,7220.865223400637,0.27985123622213054
8030206,Upper Yazoo,3209.27335193265,0.1
8030207,Big Sunflower,12435.9343900986,0.2686050756120737
8030208,Lower Yazoo,1203.477537266491,0.1
8030209,Deer-Steele,2808.114092164981,0.26961974855104837
8040101,Ouachita Headwaters,7642.516526219236,0.2676317884642708
8040102,Upper Ouachita,3140.375148324903,0.1
8040103,Little Missouri,3140.375148324903,0.312349512467581
8040201,Lower Ouachita-Smackover,2302.941936828991,0.1
8040202,Lower Ouachita-Bayou De Loutre,3290.833382451012,0.1
8040203,Upper Saline,19457.474546580517,0.31999202791090686
8040204,Lower Saline,3019.372092679116,0.15384154248476936
8040205,Bayou Bartholomew,3360.941970022242,0.32182303133753976
8040206,Bayou D'Arbonne,9960.547109790257,0.3413009205023364
8040207,Lower Ouachita,5931.509489767393,0.1
8040301,Lower Red,3007.476438854767,0.1
8040302,Castor,3276.1189863328023,0.32415729845463037
8040303,Dugdemona,2390.9888992662136,0.31379613647703847
8040304,Little,2468.0654254307096,0.11053806282579609
8040305,Black,8966.890605216602,0.1
8040306,Bayou Cocodrie,1366.2793883046702,0.25630047855723315
8050001,Boeuf,9877.171019204061,0.3022988459055235
8050002,Bayou Macon,837.4333930480876,0.3152054340996672
8050003,Tensas,2732.5587766093404,0.1644286396945714
8060100,Lower Mississippi-Natchez,1143.8881548419486,0.1
8060201,Upper Big Black,6227.3442818832455,0.29620361394090294
8060202,Lower Big Black,15766.559630302176,0.1714616709048184
8060203,Bayou Pierre,5924.118400944221,0.3264927914672457
8060204,Coles Creek,802.3183379831625,0.3343249337803678
8060205,Homochitto,2406.955074433828,0.3145603341333027
8060206,Buffalo,1603.545272731846,0.2891484205141764
8070100,Lower Mississippi-Baton Rouge,1571.171132182026,0.1
8070201,Bayou Sara-Thompson,5319.564037086751,0.2860366856457828
8070202,Amite,46698.725177281594,0.2613225788304795
8070203,Tickpaw,10981.279420003188,0.2575999029023794
8070204,Lake Maurepas,16322.676847673574,0.1
8070205,Tangipahoa,3594.4664365327053,0.2600840726822634
8070300,Lower Grand,96602.02039629816,0.2709162606856075
8080100,No Name Assigned,11695.631588647035,0.1
8080102,Bayou Teche,12420.657407515037,0.2601274486536779
8080103,Vermillion,47804.83797399009,0.25893627065247443
8080201,Mermentau Headwaters,4440.407921189301,0.2603151672345445
8080202,Mermentau,9158.574760081763,0.1724562339629063
8080203,Upper Calcasieu,7576.483301514828,0.19466026359177288
8080204,Whiskey Chitto,2049.4190219230877,0.31441289621569213
8080205,West Fork Calcasieu,2862.726133543653,0.33561225147219853
8080206,Lower Calcasieu,9808.13846292094,0.1
8090100,Lower Mississippi-New Orleans,1894.697694328645,0.1
8090201,Liberty Bayou-Tchefuncta,18946.977185818738,0.2733700741592711
8090202,Lake Pontchartrain,0,0.1
8090203,Eastern Louisiana Coastal,71613.04067133799,0.2945502147397669
8090301,East Central Louisiana Coastal,44555.063479318735,0.2835230445322291
8090302,West Central Louisiana Coastal,13945.880668973947,0.20699778152996612
9010001,Upper Souris,1042.9913928560836,2.64251595265287
9010002,Des Lacs,608.4116155327051,3.1832703698401423
9010003,Lower Souris,1129.9073724946645,1.0114139756562976
9010004,Willow,521.4956963784646,3.082586812044191
9010005,Deep,29467.39273511121,4.235107026111698
9020101,Bois De Sioux,1207.1670296744735,0.6849072767034953
9020102,Mustinka,1322.8289029063885,1.1585731003065116
9020103,Otter Tail,2811.011509315826,0.9780130435052727
9020104,Upper Red,7847.484887395302,0.1
9020105,Western Wild Rice,1580.8546882603937,1.6410451622607003
9020106,Buffalo,1603.545272731846,1.1150475105464501
9020107,Elm-Marsh,4498.290904332248,0.1
9020108,Eastern Wild Rice,3958.0180974341747,1.0909285309441379
9020109,Goose,876.7990746680986,1.7738943041431732
9020201,Devils Lake,2172.8987652515934,2.8713431765649777
9020202,Upper Sheyenne,782.2435749090216,4.4026069940609664
9020203,Middle Sheyenne,1129.9073724946645,1.5249883626760514
9020204,Lower Sheyenne,10220.812589713345,0.5564911190336757
9020205,Maple,10437.606886596037,1.8074504751105511
9020301,Sandhill-Wilson,2857.706429067489,0.1
9020302,Red Lakes,1653.5361891421146,1.1703097248507577
9020303,Red Lake,1301.22318559278,0.2702314402508548
9020304,Thief,496.0608385279241,1.1140824491635468
9020305,Clearwater,2231.0250355482954,1.0611232231879637
9020306,Grand Marais-Red,867.4821439230183,0.1
9020307,Turtle,2502.4030508770097,1.7100462663402192
9020308,Forest,1319.0184929814995,1.967451751595296
9020309,Snake,2862.9495704309866,1.4844200856347298
9020310,Park,869.1594939641076,2.084510820381173
9020311,Lower Red,3007.476438854767,0.1
9020312,Two Rivers,992.1216771550027,1.439779872634298
9020313,Pembina,1303.7392107039911,2.2739317741264293
9020314,Roseau,661.414451403617,1.2238711948415155
9030001,Rainy Headwaters,504.7302441527162,0.7183103608690671
9030002,Vermilion,8749.262595855183,0.7885119045686051
9030003,Rainy Lake,496.0608385279241,0.1572181894036304
9030004,Upper Rainy,165.3536128756929,0.1
9030005,Little Fork,1862.2367693599638,0.8736612669932275
9030006,Big Fork,1653.5361891421146,0.9442171252150744
9030007,Rapid,0,1.0718979930947397
9030008,Lower Rainy,165.3536128756929,0.1
9030009,Lake of the Woods,826.7680340371397,0.1
10010001,Belly,0,0.14753637142420117
10010002,St. Marys,894.7034377021897,0.23433835423514507
10020001,Red Rock,416.65501926718406,1.4333269302034761
10020002,Beaverhead,208.32750963359203,0.7546037003860232
10020003,Ruby,416.65501926718406,1.2811610091778705
10020004,Big Hole,1041.6375783109756,0.8234270309917856
10020005,Jefferson,1041.6375783109756,0.21730581872660154
10020006,Boulder,208.32750963359203,1.5906025817206386
10020007,Madison,1041.6375783109756,0.5021288551643824
10020008,Gallatin,1458.2925369946647,0.6356785448310528
10030101,Upper Missouri,2291.6025754298785,0.23001839711020086
10030102,Upper Missouri-Dearborn,3179.992952869249,0.14331714463257625
10030103,Smith,1230.3317216393432,1.851961425712937
10030104,Sun,1741.333812421979,1.5865601213672262
10030105,Belt,1741.333812421979,1.1336235661905147
10030201,Two Medicine,416.65501926718406,0.7758286428076347
10030202,Cut Bank,416.65501926718406,2.3541795591657455
10030203,Marias,1874.947616746189,1.571156592779204
10030204,Willow,521.4956963784646,15.358691056969976
10030205,Teton,1249.9651181867378,13.81168175828173
10040101,Bullwhacker-Dog,833.3100384352134,0.1
10040102,Arrow,624.9824985594512,3.2227132325524885
10040103,Judith,1458.2925369946647,1.808699313476046
10040104,Fort Peck Reservoir,416.65501926718406,0.20826769502685039
10040105,Big Dry,208.32750963359203,9.570784657077485
10040106,Little Dry,208.32750963359203,22.378208943107918
10040201,Upper Musselshell,1458.2925369946647,3.810307739086023
10040202,Middle Musselshell,624.9824985594512,1.6083200497956993
10040203,Flatwillow,208.32750963359203,1.409779629163639
10040204,Box Elder,416.65501926718406,4.063368967553706
10040205,Lower Musselshell,624.9824985594512,0.8983682010587739
10050001,Milk Headwaters,0,0.19752395302906353
10050002,Upper Milk,624.9824985594512,0.39128844885128516
10050003,Wild Horse Lake,0,23.297267466281163
10050004,Middle Milk,1249.9651181867378,1.251317777644832
10050005,Big Sandy,3080.022981920247,9.532061864036315
10050006,Sage,833.3100384352134,23.71573192344275
10050007,Lodge,208.32750963359203,100
10050008,Battle,0,20.303453057000986
10050009,Peoples,208.32750963359203,7.667034002424572
10050010,Cottonwood,2314.950640545732,22.24150423273849
10050011,Whitewater,14211.005114354766,10.243492340990912
10050012,Lower Milk,624.9824985594512,0.48298443236696775
10050013,Frenchman,1655.483696951358,9.435879267252174
10050014,Beaver,870.4144200831486,21.00109159810363
10050015,Rock,208.32750963359203,8.416790466042661
10050016,Porcupine,416.65501926718406,17.590787327797262
10060001,Prairie Elk-Wolf,416.65501926718406,0.1
10060002,Redwater,833.3100384352134,27.331687022134545
10060003,Poplar,624.9824985594512,17.088674580369975
10060004,West Fork Poplar,416.65501926718406,58.4006759873415
10060005,Charlie-Little Muddy,624.9824985594512,0.1
10060006,Big Muddy,6661.49352552439,15.475985259965865
10060007,Brush Lake Closed Basin,295.2434590300028,11.828868577869033
10070001,Yellowstone Headwaters,897.898851381652,0.38115619441155757
10070002,Upper Yellowstone,1458.2925369946647,0.27127876273279716
10070003,Shields,208.32750963359203,1.0040924395604796
10070004,Upper Yellowstone-Lake Basin,3236.5174010113633,0.10494099219119306
10070005,Stillwater,1634.3791996829268,0.5753425810094829
10070006,Clarks Fork Yellowstone,5079.331380495358,1.3021996420042865
10070007,Upper Yellowstone-Pompeys Pillar,6408.553289485934,0.1351751579924536
10070008,Pryor,1602.138322396272,4.618237877710939
10080001,Upper Wind,1091.6652903201218,0.8987321969272591
10080002,Little Wind,545.8326451600609,1.3515611080800107
10080003,Popo Agie,272.91632258003045,1.4076147681695415
10080004,Muskrat,0,56.38718904708057
10080005,Lower Wind,545.8326451600609,0.8482002455107884
10080006,Badwater,272.91632258003045,22.352362685171716
10080007,Upper Bighorn,1091.6652903201218,1.4278947099788915
10080008,Nowood,818.7489979822616,2.724469084760663
10080009,Greybull,818.7489979822616,0.40911986717577037
10080010,Big Horn Lake,545.8326451600609,0.3275611556059113
10080011,Dry,0,100
10080012,North Fork Shoshone,272.91632258003045,0.2880283301617203
10080013,South Fork Shoshone,0,0.6448294200358622
10080014,Shoshone,1346.9018668921146,0.7048959556212923
10080015,Lower Bighorn,624.9824985594512,0.31957568340168224
10080016,Little Bighorn,1170.8152043030072,2.3903815667768407
10090101,Upper Tongue,1781.2366624095068,2.747982493022336
10090102,Lower Tongue,624.9824985594512,2.3788367488401647
10090201,Middle Fork Powder,272.91632258003045,1.865767985358147
10090202,Upper Powder,272.91632258003045,2.4090988896294556
10090203,South Fork Powder,0,14.17268909009907
10090204,Salt,35781.36371490632,7.381889480715921
10090205,Crazy Woman,0,7.3405537093599715
10090206,Clear,12365.979037025636,3.2598645920832454
10090207,Middle Powder,481.2438322136225,0.708874523660326
10090208,Little Powder,545.8326451600609,7.689571900191341
10090209,Lower Powder,416.65501926718406,0.9598828217545137
10090210,Mizpah,208.32750963359203,11.282556213941662
10100001,Lower Yellowstone-Sunday,1874.947616746189,0.21646972703516953
10100002,Big Porcupine,0,8.95167740147064
10100003,Rosebud,416.65501926718406,5.317892166544551
10100004,Lower Yellowstone,1545.2085166332458,0.22104390030914503
10100005,O Fallon,833.3100384352134,8.409641832055769
10110101,Lake Sakakawea,2346.73072462791,0.12326724838160387
10110102,Little Muddy,173.8318987928215,8.737774581116339
10110201,Upper Little Missouri,1152.6871622459118,4.758987913099265
10110202,Box Elder,416.65501926718406,6.736319876474582
10110203,Middle Little Missouri,434.5797469820538,2.2156873431391113
10110204,Beaver,870.4144200831486,12.990377181608158
10110205,Lower Little Missouri,347.663797585643,1.4181757733898437
10120101,Antelope,0,11.119949354796448
10120102,Dry Fork Cheyenne,0,11.014082407059453
10120103,Upper Cheyenne,0,5.697914234428694
10120104,Lance,545.8326451600609,3.8531040580589364
10120105,Lightning,818.7489979822616,8.259035640631621
10120106,Angostura Reservoir,309.8505847824279,1.0325933901402726
10120107,Beaver,870.4144200831486,4.057955449612667
10120108,Hat,0,5.601006884613054
10120109,Middle Cheyenne-Spring,868.3480526127356,1.1718137686012537
10120110,Rapid,0,2.1704811583316697
10120111,Middle Cheyenne-Elk,3848.2781489931403,0.3622045980892122
10120112,Lower Cheyenne,1013.7112963135393,0.3122362882920216
10120113,Cherry,1116.9948750771202,4.721647878903196
10120201,Upper Belle Fourche,1637.4978749958425,5.077371490800109
10120202,Lower Belle Fourche,2051.6921230840494,1.7881020141936463
10120203,Redwater,833.3100384352134,1.4183988819714537
10130101,Painted Woods-Square Butte,2144.646224277231,0.1
10130102,Upper Lake Oahe,10650.156124854215,0.1
10130103,Apple,5724.484928241061,3.6820790659362337
10130104,Beaver,870.4144200831486,3.25239867925179
10130105,Lower Lake Oahe,826.2682665085227,0.1
10130106,West Missouri Coteau,690.2495501775916,3.5964152874936546
10130201,Knife,956.0754737018431,5.249684867536511
10130202,Upper Heart,347.663797585643,4.100591212020874
10130203,Lower Heart,2811.7212785733095,1.985964771401677
10130204,Upper Cannonball,608.4116155327051,5.028465654084949
10130205,Cedar,173.8318987928215,5.40837768717839
10130206,Lower Cannonball,855.0332234769263,1.0678996214346628
10130301,North Fork Grand,380.39896539516354,6.517787019136723
10130302,South Fork Grand,309.8505847824279,4.180104958700522
10130303,Grand,12331.186791446302,2.8041176412487605
10130304,South Fork Moreau,0,6.2417487346152365
10130305,Upper Moreau,206.56706660234204,4.175342990071525
10130306,Lower Moreau,826.2682665085227,2.912999849631782
10140101,Fort Randall Reservoir,1859.1035692780624,0.1
10140102,Bad,1633.4124659775498,3.2313785248108804
10140103,Medicine Knoll,206.56706660234204,4.043152242907216
10140104,Medicine,516.4176513847699,2.176063028345283
10140105,Crow,267332.3562222838,2.2225386304725117
10140201,Upper White,116947.35517210019,6.3166777281122375
10140202,Middle White,619.7011695648558,2.2335471331336763
10140203,Little White,516.4176513847699,3.680353290319747
10140204,Lower White,10141.37847766297,0.8528116551766137
10150001,Ponca,879.767904489745,1.4527607585521374
10150002,Niobrara Headwaters,779.1495308025915,14.710614866921862
10150003,Upper Niobrara,933.2676029553077,6.266631530297587
10150004,Middle Niobrara,933.2676029553077,1.4396570009082221
10150005,Snake,2862.9495704309866,2.3975014232359597
10150006,Keya Paha,453.2588768364745,2.1618077943129284
10150007,Lower Niobrara,816.6091601836197,0.33093262799884077
10160001,James Headwaters,782.2435749090216,3.057963374828745
10160002,Pipestem,434.5797469820538,3.4478474441432643
10160003,Upper James,5842.039357771688,1.2848493789145408
10160004,Elm,624.7792145585505,1.5332057383566566
10160005,Mud,722.9847483284368,2.038473340669813
10160006,Middle James,1962.3870874581487,0.4908791365910152
10160007,North Fork Snake,309.8505847824279,2.6926652727491227
10160008,Snake,2862.9495704309866,1.583985996965862
10160009,Turtle,2502.4030508770097,2.2219795115140144
10160010,Lower James,834953.8454476164,0.3723088015957261
10170101,Lewis and Clark Lake,4796.375558137333,0.1
10170102,Vermillion,47804.83797399009,1.173660345555926
10170103,Lake Thompson,413.1341332046841,1.393835485999629
10170201,Middle Big Sioux Coteau,1342.6859783776329,1.511858462292471
10170202,Upper Big Sioux,2065.6706056382345,0.7558537450698132
10170203,Lower Big Sioux,20202.747668729975,0.4099775438332039
10170204,Rock,208.32750963359203,0.8259977714760722
10180001,North Platte Headwaters,237.76997906499443,0.6653723507401039
10180002,Upper North Platte,818.7489979822616,0.6215266236755447
10180003,Pathfinder-Seminoe Reservoirs,0,0.16977171998052443
10180004,Medicine Bow,545.8326451600609,1.5435267518096947
10180005,Little Medicine Bow,272.91632258003045,2.049447083576445
10180006,Sweetwater,764.6631710587584,9.65995725292587
10180007,Middle North Platte-Casper,2566.9058660976298,0.5584200582076105
10180008,Glendo Reservoir,818.7489979822616,0.3430655640147959
10180009,Middle North Platte-Scotts Bluff,3270.7163164309177,1.0293607658819905
10180010,Upper Laramie,3556.326268786031,2.2189974080517527
10180011,Lower Laramie,818.7489979822616,2.0791527192011077
10180012,Horse,2492.690687693806,19.189497945904254
10180013,Pumpkin,116.65845040659644,100
10180014,Lower North Platte,933.2676029553077,0.40342961739506905
10190001,South Platte Headwater,18326.427839688815,1.5153491592624513
10190002,Upper South Platte,146997.351231205,0.7658935700333236
10190003,Middle South Platte-Cherry Creek,491211.2998025222,1.1177021026913545
10190004,Clear,12365.979037025636,0.8525849891326094
10190005,St. Vrain,110440.62521653272,3.6923564717652355
10190006,Big Thompson,12053.262293201149,3.8323228766723627
10190007,Cache La Poudre,24105.087618581,6.976250697001256
10190008,Lone Tree-Owl,3104.1764364830237,100
10190009,Crow,267332.3562222838,96.1531447156064
10190010,Kiowa,10119.502481612528,22.421232247806
10190011,Bijou,8444.695125346938,46.282781541803836
10190012,Middle South Platte-Sterling,2615.4698607389137,1.6590996210531306
10190013,Beaver,870.4144200831486,100
10190014,Pawnee,1332.3083881916575,36.51511137347814
10190015,Upper Lodgepole,2861.9577818312778,10.222547183145567
10190016,Lower Lodgepole,349.9753586563886,4.139309815243669
10190017,Sidney Draw,233.31690071403827,11.004091461326926
10190018,Lower South Platte,466.6338015272311,0.6899513903225262
10200101,Middle Platte-Buffalo,1866.53520600977,0.40162612409948373
10200102,Wood,1283.2429313695259,2.3020136872160837
10200103,Middle Platte-Prairie,1049.9260458261501,0.1
10200201,Lower Platte-Shell,933.2676029553077,0.1
10200202,Lower Platte,25849.36133275111,0.1
10200203,Salt,35781.36371490632,0.8186274177299144
10210001,Upper Middle Loup,466.6338015272311,2.6430826478880918
10210002,Dismal,233.31690071403827,2.4206374785038323
10210003,Lower Middle Loup,1399.901434724709,0.47210145712885365
10210004,South Loup,699.9507174119318,1.2645179304111522
10210005,Mud,722.9847483284368,1.6057318810720849
10210006,Upper North Loup,466.6338015272311,1.833046115282085
10210007,Lower North Loup,699.9507174119318,0.4208072851083391
10210008,Calamus,233.31690071403827,1.479867629393486
10210009,Loup,1166.5845490821785,0.18442427661582111
10210010,Cedar,173.8318987928215,1.2342404490340444
10220001,Upper Elkhorn,1633.2183203672394,1.3026475277824983
10220002,North Fork Elkhorn,933.2676029553077,1.0945033665818436
10220003,Lower Elkhorn,4887.8205526297115,0.33218371899408966
10220004,Logan,2075.580745574418,0.878042341926445
10230001,Blackbird-Soldier,6660.922708429323,0.1
10230002,Floyd,1987.540561349501,0.8294586846633109
10230003,Little Sioux,7155.6744259768575,0.5824591235081393
10230004,Monona-Harrison Ditch,2512.113477470621,0.863263260685166
10230005,Maple,10437.606886596037,0.6920647107830576
10230006,Big Papillion-Mosquito,627927.0413404241,0.1
10230007,Boyer,5375.937429257552,0.655441950287516
10240001,Keg-Weeping Water,8878.55775005966,0.1
10240002,West Nishnabotna,10387.54734148025,0.5987923716116751
10240003,East Nishnabotna,2520.635548993279,0.5651607988719788
10240004,Nishnabotna,132.665029708495,0.1
10240005,Tarkio-Wolf,3311.5360322725196,0.1
10240006,Little Nemaha,3555.1870553576778,0.6553681335132759
10240007,South Fork Big Nemaha,1273.6359926890245,0.5942489184835222
10240008,Big Nemaha,2171.8687285364467,0.3901941230492636
10240009,West Nowaway,1061.3202375688054,0.5458863802040959
10240010,Nowaway,1767.115838685906,0.30306301597581053
10240011,Independence-Sugar,13601.7936771074,0.1
10240012,Platte,39234.41687476809,0.34183147769848576
10240013,One Hundred and two,2080.769419698725,0.5106946098851508
10250001,Arikaree,1426.6198140047811,26.960386685274216
10250002,North Fork Republican,1422.1668113088274,25.378694141258475
10250003,South Fork Republican,1802.4585670208562,19.195261667349445
10250004,Upper Republican,1049.9260458261501,1.9831792860450221
10250005,Frenchman,1655.483696951358,7.1166406997135
10250006,Stinking Water,942.1737898993904,11.496788042272822
10250007,Red Willow,349.9753586563886,4.89633498509512
10250008,Medicine,516.4176513847699,3.226425629263245
10250009,Harlan County Reservoir,1399.901434724709,0.47387280338283966
10250010,Upper Sappa,552.2749744390245,6.3665900013688494
10250011,Lower Sappa,509.4543728620426,0.8891748272915522
10250012,South Fork Beaver,375.8387226747505,12.645512769541897
10250013,Little Beaver,276.13748721951225,8.232570482135332
10250014,Beaver,870.4144200831486,2.125821056780414
10250015,Prairie Dog,966.4812053674473,3.2415422674726107
10250016,Middle Republican,2068.8347915502354,0.5561413884125301
10250017,Lower Republican,2649.4976278842155,0.3400889303846304
10260001,Smoky Hill Headwaters,651.9762402355876,11.101194098804422
10260002,North Fork Smoky Hill,0,18.760447692539046
10260003,Upper Smoky Hill,552.2749744390245,3.265408460050251
10260004,Ladder,237.76997906499443,18.557870680158334
10260005,Hackberry,552.2749744390245,7.259066015922872
10260006,Middle Smoky Hill,1242.6186925869595,0.984863819568631
10260007,Big,11657.445426327396,2.7198117348893818
10260008,Lower Smoky Hill,2071.031154245496,0.21972120901848544
10260009,Upper Saline,19457.474546580517,2.919280169693709
10260010,Lower Saline,3019.372092679116,0.7867010092864837
10260011,Upper North Fork Solomon,828.4124617576913,3.9919942831063744
10260012,Lower North Fork Solomon,1380.6874361967157,1.2658770711316827
10260013,Upper South Fork Solomon,966.4812053674473,4.330118448978977
10260014,Lower South Fork Solomon,690.3437180487805,1.2671353599285455
10260015,Solomon,1932.96241063574,0.5733545556839439
10270101,Upper Kansas,2918.524351268016,0.1
10270102,Middle Kansas,14489.498977178424,0.1
10270103,Delaware,4372.078840123545,0.5236500577588168
10270104,"Lower Kansas, Kansas",79007.87874276782,0.1
10270201,Upper Big Blue,3587.3416321993486,1.0395287030389604
10270202,Middle Big Blue,2974.8534434189305,0.2760240776692895
10270203,West Fork Big Blue,10566.492446896065,1.0970175727510345
10270204,Turkey,3847.2858762212445,0.967154393486604
10270205,Lower Big Blue,4049.3100993656462,0.16236776663433705
10270206,Upper Little Blue,3849.7289152755684,1.2909468287430372
10270207,Lower Little Blue,2240.1171979573173,0.3967440451027954
10280101,Upper Grand,36935.489055354425,0.28417027275085904
10280102,Thompson,3935.467191333841,0.4739020215340902
10280103,Lower Grand,96602.02039629816,0.13876343272309252
10280201,Upper Chariton,2440.9087661100334,0.4534428977666702
10280202,Lower Chariton,1289.2740327744596,0.19253720151810044
10280203,Little Chariton,1785.9093497822894,0.44264054962530625
10290101,Upper Marais Des Cygnes,12495.396198060074,0.4986178095660543
10290102,Lower Marais Des Cygnes,13093.704496291504,0.19570672558528313
10290103,Little Osage,3150.5973252873478,0.13151254937045237
10290104,Marmaton,1820.8133139044487,0.38462224661511274
10290105,Harry S,2929.5347302092573,0.1
10290106,Sac,9719.597421755198,0.4201413965401814
10290107,Pomme De Terre,1157.475320272866,0.4242214739533912
10290108,South Grand,12459.760556756582,0.41287365255160885
10290109,Lake of the Ozarks,23059.530816934588,0.1
10290110,Niangua,4396.026529439302,0.43552260568706086
10290111,Lower Osage,4748.865081719443,0.1
10290201,Upper Casconade,2684.188927479213,0.43299064658178255
10290202,Big Piney,1719.0320033433343,0.4271956117323294
10290203,Lower Gasconade,1575.7793060649947,0.1272843157947656
10300101,Lower Missouri-Crooked,131118.27527369736,0.1
10300102,Lower Missouri-Moreau,25776.399385913246,0.1
10300103,Lamine,1575.7793060649947,0.17861502209422608
10300104,Blackwater,9297.139519108787,0.42563638144024946
10300200,Lower Missouri,25410.735604905763,0.1
11010001,Beaver Reservoir,17235.45162088491,0.2505644604029614
11010002,James,12396.592068919,0.3936286598039817
11010003,Bull Shoals Lake,9867.979847301136,0.15879995390095916
11010004,Middle White,619.7011695648558,0.1
11010005,Buffalo,1603.545272731846,0.3838819308853167
11010006,North Fork White,3614.298336041782,0.4303664564130144
11010007,Upper Black,2986.2233063768017,0.40026735353610843
11010008,Current,2644.653671169346,0.4211673530675411
11010009,Lower Black,2864.9111187378744,0.1
11010010,Spring,29010.185192352274,0.18725447318998067
11010011,Eleven Point,1355.3796383948863,0.384633464412892
11010012,Strawberry,2512.3001186599226,0.36156242656474147
11010013,Upper White-Village,1674.8667860961752,0.1
11010014,Little Red,4815.242055488914,0.31502651290000366
11020001,Arkansas Headwaters,2139.9298420254295,1.6612949351673088
11020002,Upper Arkansas,13220.771575761917,1.0049806951315003
11020003,Fountain,99001.01308074071,3.6129025365453806
11020004,Chico,5305.934145121189,27.779352748666316
11020005,Upper Arkansas-Lake Meredith,2183.6723931157153,1.062604108184467
11020006,Huerfano,1708.1324954700665,5.678724468738011
11020007,Apishapa,475.53995812998886,36.765656940943984
11020008,Horse,2492.690687693806,100
11020009,Upper Arkansas-John Martin Reservoir,2139.9298420254295,2.6994424170380658
11020010,Purgatorie,1426.6198140047811,34.570652773758816
11020011,Big Sandy,3080.022981920247,21.417414691315976
11020012,Rush,4727.4756600756655,47.82682597251883
11020013,Two Butte,237.76997906499443,57.09318590349371
11030001,Middle Arkansas-Lake McKinney,966.4812053674473,1.6748400465318116
11030002,Whitewoman,790.0449838453437,17.428490259414435
11030003,Arkansas-Dodge City,414.20623082926835,0.6925617981690296
11030004,Coon-Pickerel,1104.5499489772035,0.5815384877192541
11030005,Pawnee,1332.3083881916575,3.114377764033899
11030006,Buckner,414.20623082926835,3.858135955925254
11030007,Upper Walnut Creek,552.2749744390245,4.69494086675609
11030008,Lower Walnut Creek,1656.8249234162279,1.7321006067424385
11030009,Rattlesnake,1242.6186925869595,2.2607180575404033
11030010,Gar-Peace,2717.3561116305427,0.1259135787370533
11030011,Cow,1242.6186925869595,1.4115870705045763
11030012,Little Arkansas,7815.234932202398,0.7920050378689943
11030013,Middle Arkansas-Slate,19361.230621701012,0.1
11030014,North Fork Ninnescah,1872.2666162338555,1.251456051871734
11030015,South Fork Ninnescah,552.2749744390245,1.190423900641471
11030016,Ninnescah,3777.8872998448583,0.20200546960781074
11030017,Upper Walnut River,6926.126555074141,0.6407648109061249
11030018,Lower Walnut River,6848.753484798433,0.3209835838094453
11040001,Cimarron Headwaters,379.3695640630543,14.100062441816604
11040002,Upper Cimarron,523.1344957832594,8.631732001583268
11040003,North Fork Cimarron,414.20623082926835,14.136330242371715
11040004,Sand Arroyo,475.53995812998886,31.462171103667835
11040005,Bear,2209.5908296132898,100
11040006,Upper Cimarron-Liberal,1113.7770692024667,4.708962523634947
11040007,Crooked,828.4124617576913,7.165245410496726
11040008,Upper Cimarron-Bluff,1123.0040684590494,1.7512548020784304
11050001,Lower Cimarron-Eagle Chief,2853.6453487348253,1.0600103215187693
11050002,Lower Cimarron-Skeleton,26642.75157586634,0.5907693702377994
11050003,Lower Cimarron,15793.89978384167,0.18419156423951175
11060001,Kaw Lake,1408.368675903825,0.1
11060002,Upper Salt Fork Arkansas,699.5707777897035,1.978772111603325
11060003,Medicine Lodge,1113.7770692024667,1.7745706178492675
11060004,Lower Salt Fork Arkansas,4832.743239627355,0.40142298919217007
11060005,Chikaskia,5237.72465002446,0.927192289904477
11060006,Black Bear-Red Rock,12856.632878542474,0.1
11070101,Upper Verdigris,71575.11401529588,0.4878389110247514
11070102,Fall,828.4124617576913,0.5116990555156596
11070103,Middle Verdigris,3460.711017247783,0.1700282905336513
11070104,Elk,4366.157157567489,0.4753566073933285
11070105,Lower Verdigris,13361.731926654587,0.1
11070106,Caney,19129.97562520884,0.5326218660878967
11070107,Bird,44261.031191044414,0.5216967322483506
11070201,Neosho Headwaters,966.4812053674473,0.23180080108133883
11070202,Upper Cottonwood,1242.6186925869595,0.6965170531041366
11070203,Lower Cottonwood,966.4812053674473,0.3303534799632282
11070204,Upper Neosho,1794.893667025984,0.17428706548622955
11070205,Middle Neosho,2347.1686415641625,0.12603986659908298
11070206,Lake O Cherokees,3608.1319138154104,0.1
11070207,Spring,29010.185192352274,0.38901718004420915
11070208,Elk,4366.157157567489,0.4313900694655289
11070209,Lower Neosho,1099780.1916747505,0.1
11080001,Canadian Headwaters,569.0543461937361,3.532013309976258
11080002,Cimarron,569.0543461937361,2.1949500484438897
11080003,Upper Canadian,758.7391282252634,1.075592750658369
11080004,Mora,1138.1086922883176,2.1773997450986284
11080005,Conchas,189.68478203152716,24.151155667190913
11080006,Upper Canadian-Ute Reservoir,948.4239102567905,1.0198223864185971
11080007,Ute,569.0543461937361,17.22917955489337
11080008,Revuelto,189.68478203152716,13.624757867601142
11090101,Middle Canadian-Trujillo,862.1881058795038,0.7903943032320103
11090102,Punta de Agua,482.81854181644957,5.7112017383940525
11090103,Rita Blanca,879.4012791564579,11.944241491051606
11090104,Carrizo,569.0543461937361,11.76080288653839
11090105,Lake Meredith,6502.161482217364,0.718880168417895
11090106,Middle Canadian-Spring,3714.7727950742797,0.8548601398830864
11090201,Lower Canadian-Deer,3139.010077247436,0.47634732375777233
11090202,Lower Canadian-Walnut,25166.05212434368,0.21191399650954723
11090203,Little,2468.0654254307096,0.6048824961915623
11090204,Lower Canadian,4280.468265188332,0.1
11100101,Upper Beaver,1331.1429093889274,10.839181455405734
11100102,Middle Beaver,1426.8226743178354,1.3320079397697129
11100103,Coldwater,25437.050321118,7.8789016330967225
11100104,Palo Duro,1457.8995253183205,5.784279420759977
11100201,Lower Beaver,856.0936408813054,1.261992447219434
11100202,Upper Wolf,879.4012791564579,6.7180601105179685
11100203,Lower Wolf,1442.3610998676552,2.504390201650427
11100301,Middle North Canadian,16103.025076209397,0.6035703958535747
11100302,Lower North Canadian,37119.47516802938,0.17472089217953068
11100303,Deep Fork,49253.32095402772,0.6068234269318121
11110101,Polecat-Snake,34538.32840816609,0.1
11110102,Dirty-Greenleaf,2568.280862258731,0.1
11110103,Illinois,19241.81510567565,0.4087992622834391
11110104,Robert S,9225.66198718175,0.1
11110105,Poteau,8834.580142445331,0.35213102245725864
11110201,Frog-Mulberry,6251.093468138165,0.1
11110202,Dardanelle Reservoir,4958.96837598933,0.1
11110203,Lake Conway-Point Remove,11176.643142192697,0.1
11110204,Petit Jean,3118.923755020926,0.3703250707811237
11110205,Cadron,6613.661571069637,0.3056162676839548
11110206,Fourche La Fave,6007.037934807789,0.31476615928743923
11110207,Lower Arkansas-Maumelle,32432.419070901466,0.1
11120101,Tierra Blanca,2383.3228112504853,3.750491993029575
11120102,Palo Duro,1457.8995253183205,3.1924397938815234
11120103,Upper Prairie Dog Town Fork Red,9830.788136379504,1.1585590528901168
11120104,Tule,879.4012791564579,2.46070381253549
11120105,Lower Prairie Dog Town Fork Red,1172.5350388422255,0.6596176814754592
11120201,Upper Salt Fork Red,586.2675194706902,4.329510505021011
11120202,Lower Salt Fork Red,2013.0901937885258,1.916010655686523
11120301,Upper North Fork Red,5084.475512464108,3.92917427885205
11120302,Middle North Fork Red,2028.6286193383453,1.8565938869145688
11120303,Lower North Fork Red,3709.7390501996265,0.653257437844077
11120304,Elm Fork Red,570.7290939208702,1.9891179315061729
11130101,Groesbeck-Sandy,2028.6286193383453,0.3877496244636777
11130102,Blue-China,1864.2052167486836,0.10805880679634812
11130103,North Pease,1172.5350388422255,3.593734816248619
11130104,Middle Pease,1465.6687380436529,3.8832677772176827
11130105,Pease,586.2675194706902,0.653282876785916
11130201,Farmers-Mud,6019.096264240161,0.14786939473719918
11130202,Cache,1403.2033622199278,0.4561016151980789
11130203,West Cache,4800.613354575665,1.0956125533960288
11130204,North Witchita,293.13375968576776,2.0137761504188227
11130205,South Witchita,0,2.1428174980795585
11130206,Witchita,6012.956228356847,0.52218800934457
11130207,Southern Beaver,1008.1115758673782,1.33390807351282
11130208,Norhtern Beaver,1699.5411899027163,0.9377730083389116
11130209,Little Witchita,4289.867138927869,1.2703513873449654
11130210,Lake Texoma,4192.5096607543655,0.1
11130301,Washita Headwaters,1712.1872818617655,2.7596154896406424
11130302,Upper Washita,13715.488434201012,1.0827419462021237
11130303,Middle Washita,10744.099351848809,0.3810278888333808
11130304,Lower Washita,1426.8226743178354,0.1
11140101,Bois D Arc-Island,9160.245089973183,0.1
11140102,Blue,1997.5517683378605,0.45164191477957577
11140103,Muddy Boggy,3139.010077247436,0.26463508471011976
11140104,Clear Boggy,1712.1872818617655,0.4633955226114161
11140105,Kiamichi,3834.805122767669,0.3537490241899288
11140106,Pecan-Waterhole,2086.3279870954825,0.1
11140107,Upper Little,2773.496141830377,0.32530329193695257
11140108,Mountain Fork,1274.810307163179,0.2682245286419422
11140109,"Lower Little Arkansas, Oklahoma",3559.091996158952,0.1479064863985074
11140201,McKinney-Posten Bayous,3858.093636885948,0.1
11140202,Middle Red-Coushatta,0,0.1
11140203,Loggy Bayou,5268.5570033911445,0.20477821884483108
11140204,Red Chute,6517.039038115784,0.1332493028643868
11140205,Bodcau Bayou,892.4980575850194,0.3670609122409818
11140206,Bayou Pierre,5924.118400944221,0.3592260789389394
11140207,Lower Red-Lake Latt,4956.917017162625,0.1
11140208,Saline Bayou,1366.2793883046702,0.12352947015834533
11140209,Black Lake Bayou,2732.5587766093404,0.35895149099615836
11140301,Sulfur Headwater,23674.667325943323,0.401517985838769
11140302,Lower Sulfer,9784.175764862319,0.18585859870005383
11140303,White Oak Bayou,2051.9363785821783,0.38818054330023394
11140304,Cross Bayou,12385.100199131168,0.1
11140305,Lake O the Fines,3379.528142386364,0.47345764752552844
11140306,Caddo Lake,4224.2827245877215,0.18591918767106716
11140307,Little Cypress,4724.099657012195,0.4189186192919841
12010001,Upper Sabine,24260.934724346174,0.4625074974169584
12010002,Middle Sabine,20385.411073856918,0.24784106091919403
12010003,Lake Fork,5224.650566311946,0.46442022853684733
12010004,Toledo Bend Reservoir,7359.874919513581,0.13552276610001607
12010005,Lower Sabine,7349.314561317489,0.10343735768340266
12020001,Upper Neches,10818.263936192627,0.4861015201559651
12020002,Middle Neches,3517.6051166258317,0.21544552766375083
12020003,Lower Neches,5715.906694826982,0.1
12020004,Upper Angelina,15200.352651954961,0.4235405885721248
12020005,Lower Angelina,12659.968719833148,0.22195497870674533
12020006,Village,3444.2207458659227,0.3750489719741469
12020007,Pine Island Bayou,8747.53126254878,0.33405860971357626
12030101,Upper West Fork Trinity,33907.79000500817,0.8490636233731236
12030102,Lower West Fork Trinity,1037599.1292353796,0.33283317315778366
12030103,Elm Fork Trinity,633000.4752459811,0.4482260513078511
12030104,Denton,391948.78180865437,0.6630062566348953
12030105,Upper Trinity,1139015.8131236143,0.1
12030106,East Fork Trinity,769803.8447114052,0.5539386149026314
12030107,Cedar,173.8318987928215,0.5022877826369994
12030108,Richland,7276.586944894124,0.26596795251353395
12030109,Chambers,28847.561872842365,0.5751385329421717
12030201,Lower Trinity-Tehuacana,2638.2037769850335,0.1
12030202,Lower Trinity-Kickapoo,13895.09102016207,0.10910695759195724
12030203,Lower Trinity,18409.901729388028,0.1
12040101,West Fork San Jacinto,58559.179111031255,0.15510272679393533
12040102,Spring,29010.185192352274,0.3867290847787053
12040103,East Fork San Jacinto,24839.668692756444,0.4138731225320354
12040104,Buffalo-San Jacinto,641395.156336613,0.1
12040201,Sabine Lake,15562.58862545808,0.1
12040202,East Galveston Bay,9204.950864694014,0.1
12040203,North Galveston Bay,3068.316874219166,0.3513646620524833
12040204,West Galveston Bay,95117.82237389135,0.33974446494104954
12040205,Austin-Oyster,24546.534993555015,0.3494153000425385
12050001,Yellow House Draw,6427.237745036101,14.400095763012885
12050002,Blackwater Draw,3368.792278564648,11.497814794678895
12050003,North Fork Double Mountain Fork Brazos,25552.598418149668,2.1432435226146236
12050004,Double Mountain Fork Brazos,1465.6687380436529,2.5941040730377702
12050005,Running Water Draw,1362.2197603894126,3.600869832349071
12050006,White,3154.3224030124725,1.997970654756356
12050007,Salt Fork Brazos,1758.8025583129158,1.7675089913216446
12060101,Middle Brazos-Millers,2638.2037769850335,0.6849945240791903
12060102,Upper Clear Fork Brazos,11523.885847205862,2.629030304071783
12060103,Paint,5795.414882445608,1.709245767592134
12060104,Lower Clear Fork Brazos,586.2675194706902,0.19595592651623475
12060105,Hubbard,1843.0829268712585,1.2385556279403278
12060201,Middle Brazos-Palo Pinto,17380.9978747315,0.30266258752954145
12060202,Middle Brazos-Lake Whitney,48931.750009252224,0.15721579924860707
12060203,Bosque,3362.2949372908124,0.19859280585246578
12060204,North Bosque,2345.070077783606,0.8131172324383854
12070101,Lower Brazos-Little Brazos,23328.29803404088,0.1
12070102,Yegua,8508.18799615535,0.6336708844897159
12070103,Navasota,14403.344813175583,0.5340634678195769
12070104,Lower Brazos,52747.65498603992,0.1
12070201,Leon,15824.711318597561,0.825616882472191
12070202,Cowhouse,3561.0961499326495,1.0720545823260532
12070203,Lampasas,11234.606978917891,1.051490976357144
12070204,Little,2468.0654254307096,0.11628473554907179
12070205,San Gabriel,48654.57013927384,0.7021603162973601
12080001,Lost Draw,1551.9046030044344,12.522035439541703
12080002,Colorado Headwaters,2638.2037769850335,4.988562706760075
12080003,Monument-Seminole Draws,672.5033238479767,11.778402555880842
12080004,Mustang Draw,1465.6687380436529,6.1870875221626225
12080005,Johnson Draw,30768.758867014272,27.805419101456735
12080006,Sulphur Springs Draw,1948.487400927938,11.848591948476972
12080007,Beals,293.13375968576776,0.7959835409622493
12080008,Upper Colorado,1758.8025583129158,0.817831287518671
12090101,Middle Colorado-Elm,1172.5350388422255,0.5360658037964032
12090102,South Concho,1871.6897472343403,1.8656215899091622
12090103,Middle Concho,1871.6897472343403,11.774065362619272
12090104,North Concho,2164.823567503603,5.007749446431377
12090105,Concho,5908.203304008801,0.8697756191507167
12090106,Middle Colorado,3517.6051166258317,0.30438809096706815
12090107,Pecan Bayou,3099.898213203991,0.8914467348154557
12090108,Jim Ned,2513.6305727646204,1.4406000878670948
12090109,San Saba,1758.8025583129158,1.0683049351392337
12090110,Brady,879.4012791564579,1.3172478917976465
12090201,Buchanan-Lyndon B,2554.989635699002,0.1
12090202,North Llano,293.13375968576776,1.705258158102813
12090203,South Llano,293.13375968576776,1.3805159260250048
12090204,Llano,2931.337476186461,0.8031908050048565
12090205,Austin-Travis Lakes,277560.0350782982,0.1
12090206,Pedernales,1758.8025583129158,0.8499555571893929
12090301,Lower Colorado-Cummins,35305.97136305799,0.11386698493070538
12090302,Lower Colorado,1758.8025583129158,0.1
12090401,San Bernard,16220.98522656444,0.44028566225696475
12090402,East Matagorda Bay,4533.985612262819,0.4489572041686799
12100101,Lavaca,1465.6687380436529,0.22296757352317334
12100102,Navidad,1465.6687380436529,0.5678768110991494
12100201,Upper Guadalupe,13978.089471018293,0.7873043508124503
12100202,Middle Guadalupe,14296.045725063608,0.33090016794029126
12100203,San Marcos,28648.694815261988,0.7056460810235713
12100204,Lower Guadalupe,2276.0588242834674,0.1
12100301,Upper San Antonio,101645.49875060629,0.20019872418112103
12100302,Medina,519617.15673070267,0.7673555427019971
12100303,Lower San Antonio,9006.475971513442,0.29229359698545243
12100304,Cibolo,29195.648941725747,0.7908279510728775
12100401,East Matagorda Bay,4533.985612262819,0.21640431966544796
12100402,West Matagorda Bay,2793.3149691861836,0.6245658368779744
12100403,East San Antonio Bay,1396.657484642669,0.8222001573452432
12100404,West San Antonio Bay,0,0.8732982909000934
12100405,0,3844.5484717809727,0.9888702156360105
12100406,Mission,586.2675194706902,0.8822002580218123
12100407,Aransas,3540.1448872616406,0.8684649702895467
12110101,Nueces Headwaters,586.2675194706902,1.097470197097558
12110102,West Nueces,293.13375968576776,1.805209393208868
12110103,Upper Nueces,1172.5350388422255,0.7502821917626374
12110104,Turkey,3847.2858762212445,2.879128423444278
12110105,Middle Nueces,4199.157573728174,0.8221453194994764
12110106,Upper Frio,4723.607272836752,0.8869951265834676
12110107,Hondo,8341.613983406874,1.1526418491236925
12110108,Lower Frio,586.2675194706902,0.25792528980510204
12110109,San Miguel,6549.344186756583,1.6740809406821862
12110110,Atascosa,11013.284877562292,1.3266823902402103
12110111,Lower Nueces,2953.87724682227,0.13453576962006536
12110201,North Corpus Christi Bay,4735.219696838831,0.1
12110202,South Corpus Christi Bay,18940.878787157013,1.1051579659573685
12110203,North Laguna Madre,1183.8049241601302,1.47421721902583
12110204,San Fernando,879.4012791564579,2.143106134190368
12110205,Baffin Bay,4126.412527800167,1.312937934372427
12110206,Palo Blanco,3026.622534885948,3.6295059250049757
12110207,Central Laguna Madre,4353.336770363706,5.658616263971019
12110208,South Laguna Madre,71015.49443077882,0.3071413350044068
13010001,Rio Grande Headwaters,713.3099675363082,0.5082424961216692
13010002,Alamosa-Trinchera,2139.9298420254295,0.8206061300883022
13010003,San Luis,1188.8499256662972,13.88868879337312
13010004,Saguache,475.53995812998886,7.313530553051742
13010005,Conejos,237.76997906499443,0.8577748814734761
13020101,Upper Rio Grande,7499.94152295607,0.584430447410776
13020102,Rio Chama,1896.847820513581,2.2046537813509994
13020201,Rio Grande-Santa Fe,18800.02107680176,0.3322055856250732
13020202,Jemez,7104.720164967364,4.82950730365088
13020203,Rio Grande-Albuquerque,379999.2513598254,0.5698754660363893
13020204,Rio Puerco,7104.720164967364,12.321139850000248
13020205,Arroyo Chico,1965.864762813817,64.82139246321297
13020206,North Plains,379.3695640630543,14.494376404640908
13020207,Rio San Jose,1138.1086922883176,20.127473609596404
13020208,Plains of San Agustin,189.68478203152716,11.137233322001208
13020209,Rio Saldo,189.68478203152716,23.268514610048282
13020210,Jornada Del Muerto,189.68478203152716,59.44787875759593
13020211,Elephant Butte Reservoir,0,0.38421075047737224
13030101,Caballo,758.7391282252634,0.21367437909234113
13030102,El Paso-Las Cruces,27887.85518676573,0.5224185361776343
13030103,Jornada Draw,1052.419557872644,53.57271288640156
13030201,Playas Lake,189.68478203152716,23.04653014439252
13030202,Mimbres,1811.1588070665882,30.60345909850873
13040100,Rio Grande-Fort Quitman,52903.571809823654,0.39918311671224327
13040201,Cibolo-Red Light,879.4012791564579,0.4820060575391464
13040202,Alamito,0,12.50091149125135
13040203,Black Hills-Fresno,0,0.1303832030914511
13040204,Terlingua,293.13375968576776,28.263078603099114
13040205,Big Bend,293.13375968576776,0.22249394261539274
13040206,Maravillas,0,17.325995286801952
13040207,Santiago Draw,293.13375968576776,23.597671246582397
13040208,Reagan-Sanderson,0,0.1470314007036945
13040209,San Francisco,293.13375968576776,23.401537955027777
13040210,Lozier Canyon,293.13375968576776,9.36425236889629
13040211,Big Canyon,0,19.477888447258238
13040212,0,0,0.1
13040301,Upper Devils,293.13375968576776,2.906978849127757
13040302,Lower Devils,0,0.7230687917204893
13040303,Dry Devils,293.13375968576776,3.155395089128594
13050001,Western Estancia,7799.370671363497,15.853866280156263
13050002,Eastern Estancia,1776.1800412666298,18.31648388539477
13050003,Tularosa Valley,2484.2088008761775,56.70120591329942
13050004,Salt Basin,1258.7709038030073,34.19458287561625
13060001,Pecos Headwaters,2942.578312263858,6.918486283938648
13060002,Pintada Arroyo,189.68478203152716,17.86469167097005
13060003,Upper Pecos,758.7391282252634,6.469949649108055
13060004,Taiban,569.0543461937361,14.38936867507343
13060005,Arroyo Del Macho,189.68478203152716,13.977751366567379
13060006,Gallo Arroyo,189.68478203152716,23.36520843384606
13060007,Upper Pecos-Long Arroyo,758.7391282252634,2.3836339021701556
13060008,Rio Hondo,1896.847820513581,4.8981184121826
13060009,Rio Felix,379.3695640630543,7.223989651246179
13060010,Rio Penasco,569.0543461937361,2.640736537208118
13060011,Upper Pecos-Black,758.7391282252634,2.3461343476280536
13070001,Lower Pecos-Red Bluff Reservoir,1172.5350388422255,1.0878947752789265
13070002,Delaware,4372.078840123545,15.698938328632664
13070003,Toyah,586.2675194706902,3.6099809351623646
13070004,Salt Draw,0,23.29781400740566
13070005,Barrilla Draw,0,7.237809832838042
13070006,Coyanosa-Hackberry Draws,0,11.83614195028629
13070007,Landreth-Monumnet Draws,4682.855580559798,2.4456590931475697
13070008,Lower Pecos,879.4012791564579,0.6971517891374636
13070009,Tunas,293.13375968576776,21.745149587277364
13070010,Independence,0,14.550575978886524
13070011,Howard Draw,293.13375968576776,8.192591942341764
13070012,No Name Assigned,11695.631588647035,0.3280259066152948
13080001,Elm-Sycamore,879.4012791564579,0.16295415892671228
13080002,San Ambrosia-Santa Isabel,8493.600448291505,0.16965872144424735
13080003,International Falcon Reservoir,6053.245069771896,0.171795220288672
13090001,Los Olmos,5482.202365339524,0.10818800869075464
14010001,Colorado Headwaters,2638.2037769850335,0.484947278612321
14010002,Blue,1997.5517683378605,0.6346938594623255
14010003,Eagle,1426.6198140047811,0.8137738438567804
14010004,Roaring Fork,1426.6198140047811,0.5782108025066649
14010005,Colorado Headwaters-Plateau,9988.749056704615,0.27053422984700926
14020001,East-Taylor,713.3099675363082,0.578031284782733
14020002,Upper Gunnison,951.0799163591324,0.6387894838767306
14020003,Tomichi,951.0799163591324,1.7506451493288884
14020004,North Fork Gunnison,713.3099675363082,0.9022710258743829
14020005,Lower Gunnison,1851.3811984022313,0.32681837303553274
14020006,Uncompahange,951.0799163591324,21.643135188136025
14030001,Westwater Canyon,821.4998376801553,0.10250410756364707
14030002,Upper Dolores,1188.8499256662972,1.6219871036909683
14030003,San Miguel,6549.344186756583,1.5833755113031387
14030004,Lower Dolores,662.5313332202743,0.35990640839738725
14030005,Upper Colorado-Kane Springs,317.93697867759147,0.13524271046764735
14040101,Upper Green,18185.5894954278,0.7412064203937211
14040102,New Fork,545.8326451600609,0.9654719691870768
14040103,Upper Green-Slate,272.91632258003045,0.3746876942290248
14040104,Big Sandy,3080.022981920247,33.37400717110644
14040105,Bitter,545.8326451600609,100
14040106,Upper Green-Flaming Gorge Reservoir,590.853301257622,0.48252602045686716
14040107,Blacks Fork,1364.5815826579824,4.060948922790019
14040108,Muddy,272.91632258003045,9.455951104761803
14040109,Vermilion,8749.262595855183,20.527859177265928
14040200,Great Divide Closed Basin,545.8326451600609,74.23635288716441
14050001,Upper Yampa,1426.6198140047811,0.7018561293527195
14050002,Lower Yampa,237.76997906499443,0.33077091083991184
14050003,Little Snake,1294.288895727065,4.120607886122796
14050004,Muddy,272.91632258003045,7.138152662086255
14050005,Upper White,116947.35517210019,0.8839190565322029
14050006,Piceance-Yellow,237.76997906499443,2.113378888146112
14050007,Lower White,10141.37847766297,1.315125802462087
14060001,Lower Green-Diamond,158.96848928921838,0.1
14060002,Ashley-Brush,0,2.3313724753009804
14060003,Duchesne,2066.590255457594,1.2794575319312753
14060004,Strawberry,2512.3001186599226,1.3762741770099278
14060005,Lower Green-Desolation Canyon,317.93697867759147,0.1360707741339459
14060006,Willow,521.4956963784646,15.07618267335196
14060007,Price,635.8739573551829,74.00756754810004
14060008,Lower Green,9650.524196594859,0.1303597132658581
14060009,San Rafael,635.8739573551829,100
14070001,Upper Lake Powell,0,0.1
14070002,Muddy,272.91632258003045,100
14070003,Fremont,476.90548313747223,60.36673110689076
14070004,Dirty Devil,158.96848928921838,18.00745986269128
14070005,Escalante,317.93697867759147,55.147561991946375
14070006,Lower Lake Powell,770.6476120672119,0.1
14070007,Paria,770.6476120672119,37.99394585990497
14080101,Upper San Juan,1779.424112416505,1.4522073889639702
14080102,Piedra,0,0.7038379056974406
14080103,Blanco Canyon,722.741884763373,19.333983420815038
14080104,Animas,2312.4812151483507,0.7953214518908271
14080105,Middle San Juan,2369.9984201353936,0.5227213692582204
14080106,Chaco,1824.8533335898005,100
14080107,Mancos,475.53995812998886,14.761565709179031
14080201,Lower San Juan-Four Corners,158.96848928921838,0.5277627554575562
14080202,Mcelmo,951.0799163591324,100
14080203,Montezuma,237.76997906499443,100
14080204,Chinle,1786.93393983301,62.947603785285004
14080205,Lower San Juan,476.90548313747223,0.6335440269859165
15010001,Lower Colorado-Marble Canyon,0,0.1
15010002,Grand Canyon,953.4370786563194,0.1
15010003,Kanab,953.4370786563194,9.989109777219802
15010004,Havasu Canyon,40198.66879482227,5.119026060374027
15010005,Lake Mead,3056.074324359271,0.1
15010006,Grand Wash,341.7579407076635,36.75229525545284
15010007,Hualapai Wash,1025.273791979975,16.472238149435036
15010008,Upper Virgin,12056.411228234618,5.273018853499688
15010009,Fort Pierce Wash,563.8936318977273,20.50313370422455
15010010,Lower Virgin,3278.210045791505,3.6456819505536115
15010011,White,3154.3224030124725,34.51202207966181
15010012,Muddy,272.91632258003045,7.110525846489132
15010013,Meadow Valley Wash,896.4410044652162,14.432575376768119
15010014,Detrital Wash,683.5158815144817,57.92040630315598
15010015,Las Vegas Wash,1203626.3505577883,100
15020001,Little Colorado Headwaters,255.2762771048365,2.533094641514071
15020002,Upper Little Colorado,510.552554209673,1.5431234626535317
15020003,Carrizo Wash,634.6458412670454,14.017007908389806
15020004,Zuni,948.4239102567905,14.36795400838774
15020005,Silver,1021.1051085185005,3.4185421825865716
15020006,Upper Peurco,1014.0154053300997,13.217112291665561
15020007,Lower Peurco,510.552554209673,6.742553928246338
15020008,Middle Little Colorado,866.9553848113221,1.1479831312772544
15020009,Leroux Wash,255.2762771048365,94.88885638332178
15020010,Chevelon Canyon,510.552554209673,3.1353953703232484
15020011,Cottonwood Wash,255.2762771048365,70.19152699956386
15020012,Corn-Oraibi,255.2762771048365,100
15020013,Polacca Wash,765.828831413664,41.17269522730691
15020014,Jadito Wash,255.2762771048365,100
15020015,Canyon Diablo,1835.0372624368072,2.292062518190532
15020016,Lower Little Colorado,611.6791076073309,1.0416867722760021
15020017,Dinnebito Wash,0,100
15020018,Moenkopi Wash,2345.58981664648,100
15030101,Havasu-Mohave Lakes,6888.988585182996,0.1
15030102,Piute Wash,2714.316353310283,100
15030103,Sacramento Wash,1025.273791979975,24.93670768306233
15030104,Imperial Reservoir,8751.775353027231,0.1
15030105,Bouse Wash,510.552554209673,100
15030106,Tyson Wash,255.2762771048365,100
15030107,Lower Colorado,1758.8025583129158,0.1
15030108,Yuma Desert,3155.261418926067,100
15030201,Big Sandy,3080.022981920247,5.122096895546572
15030202,Burro,414.4434964199002,3.6894247745746207
15030203,Santa Maria,828.8869927406457,8.81455459508592
15030204,Bill Williams,0,1.808929854763161
15040001,Upper Gila,0,1.9145679643918718
15040002,Upper Gila-Mangas,1079.6069608877494,1.583966587074293
15040003,Animas Valley,569.0543461937361,18.30061913144499
15040004,San Francisco,293.13375968576776,2.8574725430874235
15040005,Upper Gila-San Carlos Reservoir,1021.1051085185005,0.9977551562980389
15040006,San Simon,765.828831413664,14.483701689498568
15040007,San Carlos,510.552554209673,3.182320281712255
15050100,Middle Gila,1988831.578176968,1.6189961604624783
15050201,Willcox Playa,1021.1051085185005,11.157203671369883
15050202,Upper San Pedro,2042.210217037001,9.741477844251401
15050203,Lower San Pedro,6130.151415907359,4.244246213857456
15050301,Upper Santa Cruz,58932.318223550305,3.9705157569935157
15050302,Rillito,23823.360578134634,4.413904516376989
15050303,Lower Santa Cruz,22394.629128196022,100
15050304,Brawley Wash,12827.964207587029,29.322018146449604
15050305,Aguirre Valley,0,71.8973694455882
15050306,Santa Rosa Wash,2937.437569401261,100
15060101,Black,8966.890605216602,1.1902618613310723
15060102,White,3154.3224030124725,0.8728887678155545
15060103,Upper Salt,1021.1051085185005,0.6864505692734083
15060104,Carrizo,569.0543461937361,1.7276504013497593
15060105,Tonto,255.2762771048365,2.2324831714939073
15060106,Lower Salt,732406.5505907012,0.19668183443186968
15060201,Big Chino-Williamson Valley,828.8869927406457,6.594949072647963
15060202,Upper Verde,5170.557537587445,1.9960856688767041
15060203,Lower Verde,10763.431604897105,1.0857479426087622
15070101,Lower Gila-Painted Rock Reservoir,14687.187604870636,0.2942366754379787
15070102,Aqua Fria,662830.4719113775,34.975324960895875
15070103,Hassayampa,9641.199398324417,28.582554534738637
15070104,Centennial Wash,3192.7138465060975,100
15070201,Lower Gila,4207.015386592433,0.7003198548031578
15070202,Tenmile Wash,1832.5662634550306,100
15070203,San Cristobal Wash,1051.7538466976857,100
15080101,San Simon Wash,1832.5662634550306,81.86467399582342
15080102,Rio Sonoyta,1832.5662634550306,100
15080103,Tule Desert,0,100
15080200,Rio De La Concepcion,0,4.861156356272064
15080301,Whitewater Draw,765.828831413664,6.734999742362283
15080302,San Bernadino Valley,255.2762771048365,5.036053784090578
15080303,Cloverdale,0,4.58565866099062
16010101,Upper Bear,4179.7008931872915,1.4357720721667164
16010102,Central Bear,236.06633340735863,0.4451954322497328
16010201,Bear Lake,1339.3001712983648,0.48904651476940725
16010202,Middle Bear,7028.577329020717,0.3443797968754277
16010203,Little Bear-Logan,3657.5058974898143,0.6295764973190114
16010204,Lower Bear-Malad,1825.7511964539913,0.3374013297322223
16020101,Upper Weber,14933.754442955655,1.025439137067148
16020102,Lower Weber,50430.81348364939,0.4993798098070181
16020201,Utah Lake,52418.22913333412,0.8331730125968617
16020202,Spanish Fork,11607.290018787347,1.6751867681534753
16020203,Provo,10547.32480614454,0.7479887674914371
16020204,Jordan,448028.6103580585,0.4007667738817196
16020301,Hamlin-Snake Valleys,298.81366818812364,22.38826528989518
16020302,Pine Valley,0,19.02719240821672
16020303,Tule Valley,158.96848928921838,100
16020304,Rush-Tooele Valleys,12627.85190693473,6.047769434659754
16020305,Skull Valley,3156.962976684105,32.663493551428985
16020306,Southern Great Salt Lake Desert,6313.925953467365,100
16020307,"Pilot-Thousand Springs, Nevada, Utah",0,14.877986449724231
16020308,Northern Great Salt Lake Desert,317.93697867759147,35.71913319746809
16020309,Curlew Valley,554.0033423271203,33.03954396498458
16020310,Great Salt Lake,3156.962976684105,0.19832165504938543
16030001,Upper Sevier,476.90548313747223,1.0824566550002148
16030002,East Fork Sevier,476.90548313747223,2.36391442801879
16030003,Middle Sevier,2384.527385445191,1.1758859278107625
16030004,San Pitch,953.8109057906042,5.571690174742685
16030005,Lower Sevier,6280.55082534375,2.9479420017654974
16030006,Escalante Desert,1835.6414861237527,17.006573327529765
16030007,Beaver Bottoms-Upper Beaver,317.93697867759147,12.405242775190052
16030008,Lower Beaver,856.0936408813054,6.186442156969001
16030009,Sevier Lake,158.96848928921838,0.9933563566393975
16040101,Upper Humboldt,298.81366818812364,2.308510879218877
16040102,North Fork Humboldt,298.81366818812364,3.6812838693047434
16040103,South Fork Humboldt,298.81366818812364,3.527971673070587
16040104,Pine,3059.380609205862,11.224202139808495
16040105,Middle Humboldt,896.4410044652162,1.9049337224963707
16040106,Rock,208.32750963359203,9.056881580276068
16040107,Reese,298.81366818812364,16.11996162806582
16040108,Lower Humboldt,298.81366818812364,1.527554620470401
16040109,Little Humboldt,298.81366818812364,4.959737707365538
16040201,Upper Quinn,597.6273362770926,22.151121274186288
16040202,Lower Quinn,298.81366818812364,8.443217003531345
16040203,Smoke Creek Desert,0,12.698030364401816
16040204,Massacre Lake,1723.0763803800583,4.527973197653834
16040205,Thousand-Virgin,345.5886244876663,10.853493531679435
16050101,Lake Tahoe,15768.662793470621,0.41520777055296787
16050102,Truckee,816678.5887697478,0.46288052542485575
16050103,Pyramid-Winnemucca Lakes,6892.305521520233,0.5131366099047695
16050104,Granite Springs Valley,597.6273362770926,63.520526357902924
16050201,Upper Carson,3190.482140530211,0.8575791017166535
16050202,Middle Carson,4129.084571474086,0.7132853196106201
16050203,Carson Desert,298.81366818812364,2.8041236530115223
16050301,East Walker,528.3127605525915,2.4400391158359986
16050302,West Walker,1056.6255212043377,1.8271095800090627
16050303,Walker,298.81366818812364,1.1166392827815963
16050304,Walker Lake,298.81366818812364,0.9945389713520771
16060001,Dixie Valley,0,67.20649775921616
16060002,Gabbs Valley,0,100
16060003,Southern Big Smoky Valley,298.81366818812364,65.75845259567262
16060004,Northern Big Smoky Valley,298.81366818812364,11.290747271371814
16060005,Diamond-Monitor Valleys,103984.30920653755,14.773874537174546
16060006,Little Smoky-Newark Valleys,0,24.951397384768377
16060007,Long-Ruby Valleys,896.4410044652162,9.498068718958987
16060008,Spring-Steptoe Valleys,298.81366818812364,19.598770025119226
16060009,Dry Lake Valley,0,17.17941008490878
16060010,Fish Lake-Soda Spring Valleys,597.6273362770926,100
16060011,Ralston-Stone Cabin Valleys,0,100
16060012,Hot Creek-Railroad Valleys,298.81366818812364,91.08642029086634
16060013,Cactus-Sarcobatus Flats,298.81366818812364,100
16060014,Sand Spring-Tikaboo Valleys,298.81366818812364,78.21565727181179
16060015,Ivanpah-Pahrump Valleys,13877.830944551275,78.79216118136583
17010101,Upper Kootenai,416.65501926718406,0.38979003511887783
17010102,Fisher,208.32750963359203,0.8119689163648458
17010103,Yaak,208.32750963359203,0.3873809463710593
17010104,Lower Kootenai,472.13266671556266,0.1
17010105,Moyie,236.06633340735863,0.44641591264804265
17010201,Upper Clark Fork,1666.6200768704268,1.7526379979392845
17010202,Flint-Rock,1718.3950992732125,0.5607636655321957
17010203,Blackfoot,2811.8076999869736,0.7111513686727396
17010204,Middle Clark Fork,6300.373041904864,0.11857649887022084
17010205,Bitterroot,4946.857757943875,0.537868603089273
17010206,North Fork Flathead,208.32750963359203,0.2434513592955967
17010207,Middle Fork Flathead,208.32750963359203,0.12593909949008908
17010208,Flathead Lake,2291.6025754298785,0.1
17010209,South Fork Flathead,208.32750963359203,0.22675318336510966
17010210,Stillwater,1634.3791996829268,0.630985956510728
17010211,Swan,1301.7401405895234,0.2994967420721721
17010212,Lower Flathead,1666.6200768704268,0.1
17010213,Lower Clark Fork,1722.0977849023004,0.1
17010214,Pend Oreille Lake,3616.7358073638443,0.1
17010215,Priest,708.1990001229213,0.33530645882269283
17010216,Pend Oreille,1290.3989636686529,0.1
17010301,Upper Coeur D Alene,1454.268373328714,0.29094024295244286
17010302,South Fork Coeur D Alene,1180.3317273228242,0.2962648620532856
17010303,Coeur D Alene Lake,3928.5428265517608,0.1
17010304,St. Joe,1180.3317273228242,0.3185128775165755
17010305,Upper Spokane,29002.361270252077,0.1
17010306,Hangman,13599.370972491686,1.3826929622072286
17010307,Lower Spokane,8719.788293317144,0.1
17010308,Little Spokane,12145.102357027301,1.032682067884056
17020001,Franklin D,2838.877695758315,0.1
17020002,Kettle,1679.5443150916713,1.7199923939308526
17020003,Colville,1290.3989636686529,1.1718690075041969
17020004,Sanpoil,516.1595975246674,4.451753111941443
17020005,Chief Joseph,1538.5252604779657,0.1
17020006,Okanogan,1548.4788531574973,0.9952281859570011
17020007,Similkameen,258.0797987623337,0.4123680547698349
17020008,Methow,1548.4788531574973,0.4697620761507912
17020009,Lake Chelan,1533.5485245729628,0.25175588227738904
17020010,Upper Columbia-Entiat,135792.02295679742,0.1
17020011,Wenatchee,1533.5485245729628,0.20182336634289127
17020012,Moses Coulee,1533.5485245729628,42.02884136891757
17020013,Upper Crab,2064.6383901978243,100
17020014,Banks Lake,774.239366044831,39.86965508777726
17020015,Lower Crab,1285454.3504018846,100
17020016,Upper Columbia-Priest Rapids,9759.17600983973,0.1
17030001,Upper Yakima,3584.990098217919,0.4154238751015938
17030002,Naches,3054.7668674914776,0.2600802191326646
17030003,Lower Yakima,18628.285986652925,0.374434080869022
17040101,Snake Headwaters,545.8326451600609,0.2637101620023568
17040102,Gros Ventre,272.91632258003045,0.46122114278302434
17040103,Greys-Hobock,1364.5815826579824,0.14143363911565573
17040104,Palisades,1346.871123098531,0.1
17040105,Salt,35781.36371490632,0.6189516800207263
17040201,Idaho Falls,3367.1778683298226,0.1
17040202,Upper Henrys,236.06633340735863,0.3874364493814792
17040203,Lower Henrys,472.13266671556266,0.2146924927196846
17040204,Teton,1249.9651181867378,1.1296197095790945
17040205,Willow,521.4956963784646,1.486933945760396
17040206,American Falls,2819.4643469921007,0.12165090494119339
17040207,Blackfoot,2811.8076999869736,2.3232117566127553
17040208,Portneuf,5043.120080672395,4.927010981444709
17040209,Lake Walcott,2854.227785466602,0.20389579881505454
17040210,Raft,236.06633340735863,15.108182495103812
17040211,Goose,876.7990746680986,17.627138411301896
17040212,Upper Snake-Rock,2596.7297275686665,0.1762234679153726
17040213,Salmon Falls,1007.0126682118903,7.947288878032178
17040214,Beaver-Camas,909.5018949566243,7.673125027379231
17040215,Medicine Lodge,1113.7770692024667,47.13186397376613
17040216,Birch,0,1.7968019049232462
17040217,Little Lost,472.13266671556266,2.096316017081849
17040218,Big Lost,708.1990001229213,2.0891837590914895
17040219,Big Wood,1180.3317273228242,1.1778343779849703
17040220,Camas,472.13266671556266,2.0532018020160283
17040221,Little Wood,708.1990001229213,28.271293927818842
17050101,C.J. Strike Reservoir,708.1990001229213,0.1476686762729797
17050102,Bruneau,2029.0079536213968,17.22047947283375
17050103,Middle Snake-Succor,7156.8436568909365,0.17970854478269496
17050104,Upper Owyhee,1730.194285532428,3.52183402707771
17050105,South Fork Owyhee,298.81366818812364,3.1629572703393762
17050106,East Little Owyhee,0,3.9188950689603406
17050107,Middle Owyhee,0,0.8064835082669152
17050108,Jordan,448028.6103580585,3.2519029187386423
17050109,Crooked-Rattlesnake,345.5886244876663,12.46050040286609
17050110,Lower Owyhee,691.1772490744872,0.9890372759441569
17050111,North and Middle Forks Boise,0,0.35110216468923305
17050112,Boise-Mores,5190.583098534646,0.10876684432760493
17050113,South Fork Boise,236.06633340735863,0.5261325287993188
17050114,Lower Boise,56631.32209997748,0.3038998120394373
17050115,Middle Snake-Payette,345.5886244876663,0.1
17050116,Upper Malheur,345.5886244876663,3.588790373811809
17050117,Lower Malheur,691.1772490744872,1.4756329666585064
17050118,Bully,691.1772490744872,12.295889040961562
17050119,Wiilow,1036.7659038043237,30.131480776808694
17050120,South Fork Payette,3460.388570965701,0.3568192444530071
17050121,Middle Fork Payette,236.06633340735863,0.4761115305824683
17050122,Payette,7628.976202538664,0.20909966800432367
17050123,North Fork Payette,1966.260679424127,0.3657675816149411
17050124,Weiser,1180.3317273228242,0.8054757950395549
17050201,Brownlee Reservoir,927.2435823826912,0.1
17050202,Burnt,1382.35449804982,2.0774145200389644
17050203,Powder,1382.35449804982,1.445493460722526
17060101,Hells Canyon,0,0.1
17060102,Imnaha,691.1772490744872,0.6060344587567055
17060103,Lower Snake-Asotin,1102.593605298226,0.1
17060104,Upper Grande Ronde,2073.5318076086473,0.6777624365020042
17060105,Wallowa,691.1772490744872,0.47868506902879854
17060106,Lower Grande Ronde,345.5886244876663,0.24092725151998998
17060107,Lower Snake-Tucannon,1032.3191951484896,0.1
17060108,Palouse,6968.9513930338135,1.6980713484876884
17060109,Rock,208.32750963359203,3.817586524918623
17060110,Lower Snake,1796.9873892829823,0.1
17060201,Upper Salmon,708.1990001229213,0.6561255192540143
17060202,Pashimeroi,236.06633340735863,1.5923908712126726
17060203,Middle Salmon-Panther,1180.3317273228242,0.2750559443663204
17060204,Lemhi,472.13266671556266,2.062424156114965
17060205,Upper Middle Fork Salmon,0,0.35152044642968044
17060206,Lower Middle Fork Salmon,236.06633340735863,0.19240315262812038
17060207,Middle Salmon-Chamberlain,0,0.1
17060208,South Fork Salmon,236.06633340735863,0.2966184591439052
17060209,Lower Salmon,944.2653334311253,0.1
17060210,Little Salmon,472.13266671556266,0.37682673231601066
17060301,Upper Selway,0,0.30538250990175786
17060302,Lower Selway,236.06633340735863,0.1469490342662998
17060303,Lochsa,236.06633340735863,0.22374889946972884
17060304,Middle Fork Clearwater,0,0.1
17060305,South Fork Clearwater,708.1990001229213,0.4926344797583355
17060306,Clearwater,2231.0250355482954,0.1
17060307,Upper North Fork Clearwater,236.06633340735863,0.2001241145009649
17060308,Lower North Fork Clearwater,236.06633340735863,0.11723635940733182
17070101,Middle Columbia-Lake Wallula,8911.400793375833,0.1
17070102,Walla Walla,2239.6560416484895,1.43129698979307
17070103,Umatilla,2764.70899609964,3.228220509988817
17070104,Willow,521.4956963784646,26.68017594036127
17070105,Middle Columbia-Hood,279910.9300079684,0.1
17070106,Klickitat,1806.558621677661,0.43448721142753943
17070201,Upper John Day,2419.1204018541434,2.119430488792288
17070202,North Fork John Day,1036.7659038043237,0.7976934086342935
17070203,Middle Fork John Day,691.1772490744872,1.3244719023400795
17070204,Lower John Day,1727.943092295316,0.8207895343128633
17070301,Upper Deschutes,16885.724239694984,0.2982889098951605
17070302,Little Deschutes,2790.042090931472,0.590586218071493
17070303,Beaver-South Fork,2444.453496685976,5.71077944254231
17070304,Upper Crooked,691.1772490744872,1.6027740207257284
17070305,Lower Crooked,1032937.4970118487,2.9295009027134062
17070306,Lower Deschutes,1727.943092295316,0.24324650279880916
17070307,Trout,1036.7659038043237,5.680914948198584
17080001,Lower Columbia-Sandy,29862.77192718438,0.1
17080002,Lewis,12696.691770024945,0.10041366956090704
17080003,Lower Columbia-Clatskanie,10724.286818433968,0.1
17080004,Upper Cowlitz,516.1595975246674,0.12811448110743529
17080005,Lower Cowlitz,6237.377396795455,0.1
17080006,0,2069.085098952813,0.1
17090001,Middle Fork Willamette,5734.814345227966,0.13225031087567565
17090002,Coast Fork Willamette,4587.851572957316,0.22003936561657686
17090003,Upper Willamette,25291.420792927383,0.1
17090004,Mckenzie,5734.814345227966,0.14255557689917978
17090005,North Santiam,5709.953058096452,0.1
17090006,South Santiam,1727.943092295316,0.15149600118021697
17090007,Middle Willamette,23755.89086968196,0.1
17090008,Yamhill,22417.901423190546,0.18947418029496693
17090009,Molalla-Pudding,24989.760180580586,0.18745100128795017
17090010,Tualatin,289501.0754096799,0.24286415642401715
17090011,Clackamas,16186.079688957041,0.14868581910562084
17090012,Lower Willamette,153319.23521731223,0.1
17100101,Hoh-Quillayute,1032.3191951484896,0.1
17100102,Queets-Quinault,1806.558621677661,0.1
17100103,Upper Chehalis,8385.569319993001,0.20595776842470254
17100104,Lower Chehalis,1032.3191951484896,0.1
17100105,Grays Harbor,1290.3989636686529,0.1
17100106,Willapa Bay,2580.7979272381513,0.11690049307538344
17100201,Necanicum,1382.35449804982,0.1
17100202,Nehalem,8502.458522520858,0.10834664826600315
17100203,Wilson-Trusk-Nestuccu,3110.2975903451356,0.1016423327483318
17100204,Siletz-Yaquina,4823.691019886849,0.10983140787432866
17100205,Alsea,4242.7105786951915,0.12078766233271322
17100206,Siuslaw,8028.74037374314,0.15567055902522992
17100207,Siltcoos,1492.5514874848257,0.14866028083471183
17100301,North Umpqua,1036.7659038043237,0.2120566028323902
17100302,South Umpqua,4708.771838332109,0.28121073396575125
17100303,Umpqua,2764.70899609964,0.1
17100304,Coos,1564.086754689371,0.16452681406172742
17100305,Coquille,1727.943092295316,0.15897452195264603
17100306,Sixes,1382.35449804982,0.11635138509795183
17100307,Upper Rogue,8319.772846365715,0.3222773989736618
17100308,Middle Rogue,11438.618652639205,0.139510310096304
17100309,Applegate,2077.8059155728242,0.3905659789219812
17100310,Lower Rogue,1727.943092295316,0.1
17100311,Illinois,19241.81510567565,0.11266009144950309
17100312,Chetco,345.5886244876663,0.10192249652705107
17110001,Fraser,4231.154800756722,0.12001862650397277
17110002,Straight of Georgia,11589.406353296217,0.3256221568505825
17110004,Nooksack,5641.539734342296,0.12916874831661632
17110005,Upper Skagit,2575.067727394956,0.1
17110006,Sauk,5339.0720378963415,0.1
17110007,Lower Skagit,2575.067727394956,0.1
17110008,Stillaguamish,8753.721650455585,0.11740713524120736
17110009,Skykomish,14589.535761311183,0.1
17110010,Snoqualmie,14589.535761311183,0.10652645928042646
17110011,Snohomish,18414.739392062776,0.1
17110012,Lake Washington,856390.6483422256,0.18770339107307768
17110013,Duwamish,787002.9015382484,0.1553817003072463
17110014,Puyallup,82481.46001507067,0.15046695326803042
17110015,Nisqually,22323.582493055572,0.18438861559305203
17110016,Deschutes,4558.060634005128,0.22594130412349211
17110017,Skokomish,0,0.1
17110018,Hood Canal,5891.983190196785,0.1
17110019,Puget Sound,278628.4884717988,0.1245045835903903
17110020,Dungeness-Elwha,516.1595975246674,0.16377499849590027
17110021,Crescent-Hoko,258.0797987623337,0.1230997442127396
17120001,Harney-Malheur Lakes,345.5886244876663,1.7963541407052233
17120002,Silvies,0,9.600198563438239
17120003,Donner and Blitzen,691.1772490744872,1.3167883286338162
17120004,Silver,1021.1051085185005,16.95735458711514
17120005,Summer Lake,1727.943092295316,10.15887632026613
17120006,Lake Abert,0,2.903915497849529
17120007,Warner Lakes,691.1772490744872,6.366335695359191
17120008,Guano,345.5886244876663,6.655788129302858
17120009,Alvord Lake,0,6.125716324243526
18010101,Smith,1230.3317216393432,0.10311664537588602
18010102,Mad-Redwood,2524.490137870219,0.1839725181073988
18010103,Upper Eel,458.998184927245,0.20947775718336933
18010104,Middle Fork Eel,458.998184927245,0.1779635544938209
18010105,Lower Eel,2983.488080661793,0.1
18010106,South Fork Eel,1376.9945546825804,0.16113134112755287
18010107,Mattole,688.4972772917129,0.16184181296282946
18010108,Big-Navarro-Garcia,2983.488080661793,0.33990754452857086
18010109,Gualala-Salmon,9834.601330170524,0.3281158847923372
18010110,Russian,26759.490690767252,0.30486709601196454
18010201,Willamson,691.1772490744872,0.3651863049417385
18010202,Sprague,1036.7659038043237,1.0712779682707323
18010203,Upper Klamath Lake,691.1772490744872,0.12827638949436523
18010204,Lost,2186.9413981912417,0.5187926279537634
18010205,Butte,458.998184927245,1.059043183601764
18010206,Upper Klamath,458.998184927245,0.1318676685509172
18010207,Shasta,917.9963697553353,0.8834087054699297
18010208,Scott,1147.4954622189578,0.5039253254572233
18010209,Lower Klamath,1376.9945546825804,0.1
18010210,Salmon,1098.3002523076498,0.1846731848910857
18010211,Trinity,1835.9927395106706,0.13595340532735845
18010212,South Fork Trinity,688.4972772917129,0.19539612825652078
18020001,Goose Lake,691.1772490744872,2.1096336964593068
18020002,Upper Pit,1376.9945546825804,2.0303038060095067
18020003,Lower Pit,3807.9055489627217,0.22209292380339735
18020004,McCloud,229.4990924636225,0.18455035256210486
18020005,Sacramento Headwaters,1546.9711988740992,0.1
18020104,Sacramento-Stone Corral,8024.346195736904,0.1
18020111,Lower American,134132.70076912417,0.1
18020115,Upper Stony,458.998184927245,0.42712496676405937
18020116,Upper Cache,15625.404649527854,0.43963076808589563
18020121,North Fork Feather,2204.7914150539773,0.1493788098277207
18020122,East Branch North Fork Feather,1835.9927395106706,0.4359625466970662
18020123,Middle Fork Feather,2909.6096310742105,0.10547183220508143
18020125,Upper Yuba,6097.543671250901,0.17593887443648393
18020126,Upper Bear,4179.7008931872915,0.405855977408718
18020128,North Fork American,13559.91245444921,0.1303102362399648
18020129,South Fork American,24756.483358674406,0.29127510123486366
18020151,Clear Creek-Sacramento River,3807.9055489627217,0.1
18020152,Cow Creek,2719.932535015868,0.2705299461383703
18020153,Cottonwood Creek,1631.9595209698587,0.34707339518446917
18020154,Battle Creek-Sacramento River,1002.9846918510947,0.1
18020155,Paynes Creek-Sacramento River,229.4990924636225,0.1
18020156,Thomes Creek-Sacramento River,917.9963697553353,0.1
18020157,Big Chico Creek-Sacramento River,2344.091119201497,0.1
18020158,Butte Creek,8687.868046691658,0.5926457578149353
18020159,Honcut Creek-Lower Feather River,6023.802721309174,0.1
18020161,Auburn Ravine-Coon Creek,223891.95762888028,0.1
18020162,Putah Creek,4058.3497312242243,0.40519851578108745
18020163,Cache Slough-Sacramento River,70992.26280466151,0.1
18030001,Upper Kern,1358.0921089095068,0.4761350425357603
18030002,South Fork Kern,4074.2764478955105,1.9050171715609419
18030003,Middle Kern-Upper Tehachapi-Grapevine,29108.04425357615,1.4682250200668852
18030004,Upper Poso,6420.590800307511,80.18436085267638
18030005,Upper Deer-Upper White,9015.388270846313,46.8132938262657
18030006,Upper Tule,5929.333703448101,4.527939425864954
18030007,Upper Kaweah,17848.165425277926,2.4113399296869154
18030009,Upper Dry,53962.43896218667,26.881112268758343
18030010,Upper King,4071.790319103035,0.35156157666716664
18030012,Tulare-Buena Vista Lakes,25214.26413929019,0.8019456304968623
18040001,Middle San Joaquin-Lower Chowchilla,19098.04472729102,0.7371527304949814
18040002,Middle San Joaquin-Lower Merced- Lower Stanislaus,21538.57779016152,0.10949608131530458
18040003,San Joaquin Delta,66546.05181844166,0.1
18040006,Upper San Joaquin,7259.879772602411,0.34818795288103294
18040007,Upper Chowchilla-Upper Fresno,3341.0495512703715,7.26868898921181
18040008,Upper Merced,2032.7191120158675,0.47477467659822004
18040009,Upper Tuolumne,11669.265552166089,0.4075804100658464
18040010,Upper Stanislaus,12128.263494957664,0.4330040387369514
18040011,Upper Calaveras California,2647.118013006652,0.6352107131437739
18040012,Upper Mokelumne,11061.547244631445,0.3301546436069225
18040013,Upper Consumnes,21406.791181567973,0.5634302541889238
18040014,Panoche-San Luis Reservoir,0,3.3846557227421137
18040051,Rock Creek-French Camp Slough,7145.986028374931,6.244796406290379
18050001,Suisun Bay,68960.29727775084,0.1
18050002,San Pablo Bay,225806.97488653686,0.1
18050003,Coyote,1839821.0930570953,1.0257389367815608
18050004,San Francisco Bay,586522.4737562361,0.7676962946863867
18050005,Tomales-Drake Bays,51762.98340385082,0.4725432335573194
18050006,San Francisco Coastal South,36953.27104865251,0.8380199997564051
18060001,San Lorenzo-Soquel,16766.688300088346,0.44483591689599766
18060002,Pajaro,30666.670239882624,0.7823621007680904
18060003,Carrizo Plain,0,22.561810720577206
18060004,Estrella,3926.7935796676834,2.996646008636843
18060005,Salinas,18447.233844790328,0.8672825748206053
18060006,Central Coastal,21725.4165358944,0.2158828875933649
18060007,Cuyama,4578.98962554878,1.9707184127412982
18060008,Santa Maria,828.8869927406457,0.5848962370723755
18060009,San Antonio,5735.898365109271,3.3851583391137576
18060010,Santa Ynez,13383.76285185553,1.0398429702112537
18060011,Alisal-Elkhorn Sloughs,7206.27815970898,0.10506622281347207
18060012,Carmel,8407.324277657013,0.1
18060013,Santa Barbara Coastal,17207.694126983442,2.017646178370126
18070101,Ventura,8881.110207863705,0.9161926026554588
18070102,Santa Clara,62775.25446382172,0.6563651371600859
18070103,Calleguas,41445.182260991205,0.14349837485426392
18070104,0,944942.573317974,2.1801613399355317
18070105,Los Angeles,864840.112380474,0.9786705760934495
18070106,San Gabriel,48654.57013927384,0.36595894458798917
18070201,Seal Beach,81495.42892963553,1.5618310676487477
18070202,San Jacinto,40358.36976315653,3.9844729392036156
18070203,Santa Ana,222498.3234413976,1.1806565565391132
18070204,Newport Bay,186008.9451284472,1.5711878783428375
18070301,Aliso-San Onofre,62608.260205777304,4.214771586330874
18070302,Santa Margarita,25833.295179844376,2.322780488753443
18070303,San Luis Rey-Escondido,77235.98503434208,1.3793095345931685
18070304,San Diego,316069.28669796285,1.5248639893744345
18070305,Cottonwood-Tijuana,26864.691457135188,0.38933659407501814
18080001,Suprise Valley,688.4972772917129,3.9093143533283485
18080002,Madeline Plains,458.998184927245,3.3073878189772365
18080003,Honey-Eagle Lakes,5052.646286838484,2.32063115432336
18090101,Mono Lake,688.4972772917129,1.685660534208378
18090102,Crowley Lake,458.998184927245,3.0791996415797254
18090103,Owens Lake,229.4990924636225,2.0190259367854138
18090201,Eureka-Saline Valleys,458.998184927245,88.47399678723218
18090202,Upper Amargosa,1056.6255212043377,100
18090203,Death Valley-Lower Amargosa,2353.62361930855,100
18090204,Panamint Valley,0,100
18090205,Indian Wells-Searles Valleys,4840.309107867448,2.9207198308401066
18090206,Antelope-Fremont Valleys,53793.182738445816,4.5172089134317295
18090207,Coyote-Cuddeback Lakes,3482.216635853589,100
18090208,Mojave,50978.99155040209,100
18100100,Southern Mojave,19117.122315585366,100
18100201,Whitewater River,42482.49489524148,20.279639708484964
18100202,Carrizo Creek,10074.25929638851,46.577097231817206
18100203,San Felipe Creek,5482.211080042267,31.673298147971256
18100204,Salton Sea,11074.329867792821,100
