Table 1,"Sensitivity Analysis 1 (Geographical Attribution Boundary): water, carbon, and water scarcity footprints for six geographical attribution method for each subbasin (8-digit Hydrologic Unit Code) in the CONUS. ",Unnamed: 2,Unnamed: 3,Unnamed: 4,Unnamed: 5,Unnamed: 6,Unnamed: 7,Unnamed: 8,Unnamed: 9,Unnamed: 10,Unnamed: 11,Unnamed: 12,Unnamed: 13,Unnamed: 14,Unnamed: 15,Unnamed: 16,Unnamed: 17,Unnamed: 18,Unnamed: 19,Unnamed: 20,Unnamed: 21,Unnamed: 22
,Water Footprint (m3 water),,,,,,Carbon Footprint (Tons of CO2_eq),,,,,,Water Scarcity Footprint (m3 eq_water),,,,,,,,,
HUC8 Subbasin,PCA,PCA_NT,HUC4,Inter-connection,eGRID,State,PCA,PCA_NT,HUC4,Inter-connection,eGRID,State,PCA,PCA_NT,HUC4,Inter-connection,eGRID,State,WF_Coefficient of Variation,CF_Coefficient of  Variation,Characterization Factor,Region
1010001,15416.97312536044,1780.994535848285,3014.1740777787736,3983.811837925613,4196.472960608198,3184.575293607048,0,0,0,0,421.6601257324219,0,3701.2096705792005,427.5699351442097,723.6239017069128,956.4084194998846,1007.462760545226,764.5327508547781,0.9590544250486157,2.4494897427831783,0.240073692837333,Northeast
1010004,74312.04262540977,4414.0073060360455,10735.286458181608,15705.6502616178,16795.75131793347,11648.62430197328,1195.299194645631,14.67153900638563,121.4424511205678,205.3954397576969,1795.9284529685974,137.37560272216797,22977.675921559094,1364.834363452287,3319.40725145474,4856.26998127228,5193.334983240158,3601.8161348618105,1.1617010718141572,1.2760287207497918,0.30920527965277944,Northeast
1010005,2943.7164898057827,2901.3020072326285,2905.1377915034404,2908.1538334845895,2908.8153123379625,2881.188678406402,0,0,0,0,555.6901245117188,0,816.7215155526748,804.9537992632523,806.0180211588864,806.8548090718342,807.0383335428571,799.3734424392673,0.006959906433642418,2.449489742783178,0.2774457113587591,Northeast
1020001,9169.748113915273,9484.307434564667,3800.347159697888,6227.995326626538,6692.073993722407,4504.708675685291,0,0,0,0,2702.455810546875,0,1687.8472519500508,1745.7472158681067,699.5181798089169,1146.3678900025989,1231.7894188402056,829.1678315081386,0.3514650053968618,2.449489742783178,0.1840669155773984,Northeast
1020003,4078.9535156565944,4080.614228218052,4050.605820875959,4063.422563350147,4065.8726616984004,4020.252558455905,0,0,0,0,2058.2599487304688,0,1123.4555536223127,1123.9129593620396,1115.647821807902,1119.1779038391642,1119.852728052213,1107.2877017169337,0.005505946155174638,2.4494897427831783,0.2754273980593448,Northeast
1020005,163444.22774364412,169119.35601203892,66572.07314743931,110370.53605552041,118743.2206002275,79296.6644705314,5070.609240057584,5267.071928976779,1717.070240885479,3233.293907823484,2990.55184173584,2162.539307284749,16344.422774364413,16911.93560120389,6657.207314743931,11037.053605552042,11874.32206002275,7929.66644705314,0.35736737104684446,0.4321036294033121,0.1,Northeast
1030001,233125.91005515892,242096.02255874372,53528.37488922311,149237.58843354092,162471.4606512505,100335.3473513013,0,0,0,0,814.8197784423828,0,62679.579425437965,65091.33571194652,14391.948216265771,40124.88047882668,43683.01584258681,26976.741332599147,0.46903409731604406,2.449489742783178,0.26886577905736697,Northeast
1030002,11066.30939266626,11470.10185276595,2981.669370201486,7290.049981461577,7885.7769377621,5083.864105491071,154.639909305792,160.6314915709817,34.67782341869014,98.60674585508289,2125.3598022460938,65.95161437988281,2846.3422485765163,2950.200861060283,766.9089303896864,1875.058478865567,2028.2841609035002,1307.6100329411147,0.4340126758734927,1.8799194697122226,0.25720790442230107,Northeast
1030003,534546.8779708166,554419.4293365541,136663.21248517898,348699.15535364026,378017.71800365555,240207.4358455588,757.1852322332838,786.5226628440414,169.7979253641624,482.8221388335543,7865.15896987915,322.92820930480957,81227.93099166286,84247.69651174608,20766.878360575,52987.14125024403,57442.29061478713,36501.107436292164,0.4459306420401003,1.7419396777404736,0.15195660911913036,Northeast
1040001,1016145.7027384699,1055429.0454634891,127277.73104490049,648768.6283069468,706724.5054154699,407873.2561145923,2791.348817200335,2899.500691733731,344.1859567410933,1779.914542411403,3773.4284706115723,1034.400146484375,247029.7442845046,256579.70752486447,30941.808117084496,157718.66959488788,171808.01275042095,99155.88471903249,0.538748625241402,0.6101401426921657,0.24310464888919947,Northeast
1040002,492219.34880331886,510640.4775277971,75402.69854394828,319945.3031372602,347122.5390468766,219084.1215530243,7054.894829069249,7328.239419934491,869.9004980991308,4498.581411275532,11880.456499099731,3008.807472229004,72901.30038569379,75629.60483339913,11167.693407031758,47386.249052800325,51411.39727892478,32447.967342004627,0.5045164636187428,0.6693381284402931,0.14810734393707004,Northeast
1050001,66022.12664753408,3675.549458611755,23535.821173338452,13747.295909041699,14719.62752524197,10130.78346185246,1635.21037485649,20.07116954970096,534.5677934349334,280.9880200242005,1601.9957275390625,187.93455505371094,17635.716341418938,981.8064176724595,6286.847866795603,3672.1539190598555,3931.8814595652757,2706.117365824677,1.0254166667397497,1.0184004750767934,0.2671182713572531,Northeast
1050002,24363.239628523585,24399.36747863936,24561.95209620777,24025.372660991296,24078.673146547262,23630.39905614289,11.20120789248271,11.63520296437964,13.5882924110204,7.142494229868396,1874.3787607178092,4.777148425579071,2436.3239628523584,2439.936747863936,2456.195209620777,2402.5372660991297,2407.867314654726,2363.039905614289,0.013888812480363279,2.3756039716312443,0.1,Northeast
1050003,15227.7825621398,15227.953735890302,15228.724061793277,15226.181748478937,15226.434286174563,15096.55907177459,1.178071313831814,1.22371613619863,1.429129576652609,0.7512018027148855,0.3908500671386719,0.5024298429489136,1522.77825621398,1522.7953735890303,1522.8724061793278,1522.618174847894,1522.6434286174563,1509.655907177459,0.0035138667791178584,0.4650636195838766,0.1,Northeast
1060001,76932.71658261065,78516.54004383538,49547.41866431263,62120.829679967195,64457.49126507911,53183.93760361162,18918.88422342891,19651.90360826392,6244.520744767293,12063.70087033877,7328.509937047958,8068.622336387634,19307.062290467176,19704.539197319067,12434.438051547588,15589.865813184173,16176.275247030875,13347.060155644445,0.18549786381061642,0.49366752441521483,0.25096036053445714,Northeast
1060002,132718.33617515748,136841.5587242898,61425.24028673433,94158.03727356836,100241.14942166995,71244.78662875673,101.7148213282656,105.6558008743171,33.57282090917808,64.85885552725031,1254.2970992326736,37.69282531738281,29683.19546259605,30605.377162494326,13738.097284174313,21058.96973480061,22419.491665053607,15934.2935432925,0.31077534165457743,1.8211932666291812,0.22365557253084534,Northeast
1060003,680216.0328278171,702193.4953332273,300211.9648659313,474683.2212444512,507107.2215398618,322284.5150472601,15017.36520993046,15599.21875256136,4956.753658285304,9575.881939637899,45296.50218105316,5565.038833618164,174963.2610246355,180616.2423179573,77219.67997901123,122096.68742640571,130436.69788391398,82897.119457761,0.3427177182780399,0.9401082858877766,0.25721719656808484,Northeast
1070001,90969.31662151811,94076.39640655991,230038.87588046052,61911.96553395373,66495.9322154239,40403.08514546223,62.61493061135386,65.04096997901287,171.2018511112547,39.92665656132899,1052.1289253234863,23.203439712524414,21128.527731765982,21850.177886358182,53428.81477989355,14379.669203790168,15444.341015648368,9384.018003526198,0.6985818757219187,1.7112021771682693,0.23225993682762466,Northeast
1070002,40988.298483623905,42346.747150713665,101791.00407154256,28284.11237160561,30288.271858724544,18869.92330119435,0,0,0,0,75.47749137878418,0,11385.626058203523,11762.972498893869,28275.248090883644,7856.689317805455,8413.399679677488,5241.639648452785,0.6792444148927838,2.449489742783178,0.2777774750213755,Northeast
1070003,84149.68924340181,86819.36212856887,203641.3847232262,59182.959168845104,63121.60651705456,40651.43594252573,0,0,0,0,288.83425426483154,0,21696.998505779346,22385.341969922694,52506.513806301715,15259.623513757875,16275.156980336815,10481.490220974576,0.6520621822373894,2.4494897427831783,0.25783812989518096,Northeast
1070004,53456.777401441315,54120.304213428186,83155.52596391592,47251.48726865023,48230.40799448829,57581.14333355505,324.579449435702,337.1554039975892,887.4656896287916,206.9693614279055,1156.118720576167,485.13714662412895,13540.183328486413,13708.2494767729,21062.643897755337,11968.431904462605,12216.384862650933,14584.852939136717,0.23109520353371518,0.6596947128974647,0.25329217335352017,Northeast
1070005,213110.28555983573,213136.9079205382,214301.8738760255,212861.31374860782,212900.5905045604,211654.5680400421,490.4354950872015,509.4376053947891,1340.949575281787,312.7281206997197,323.3474943637848,733.0361396074295,50486.77567672355,50493.082632529266,50769.068255237245,50427.79314591669,50437.09798431,50141.909713649875,0.003964332088559129,0.6238415676582999,0.23690445322287457,Northeast
1070006,445542.39062001964,455091.1899255602,872936.407750404,356242.2010267062,370329.8269947837,318953.7137952657,49306.53035231296,51216.93067615673,134814.0002036285,31440.502838321,15110.393807694316,30870.53087475896,44554.239062001965,45509.118992556025,87293.6407750404,35624.220102670624,37032.98269947837,31895.371379526572,0.43500314798334305,0.8182385335623856,0.1,Northeast
1080101,6260.815601919559,6287.184833563819,6298.058128620899,6014.211048832341,6053.114356000434,6353.104694248581,28.03725781414628,29.12357206147039,29.57151136797789,17.87806762280227,15.977477312088013,10.389866828918457,1115.5033649507818,1120.20162928256,1122.1389483150126,1071.5652862287964,1078.4967745224967,1131.9467166779455,0.022736424500089843,0.3735094750767475,0.1781722120371617,Northeast
1080102,13238.113174125381,13610.904750685368,13764.624542805788,9751.773436491534,10301.763872627282,15353.95345718453,0,0,0,0,374.7265188694,0,3445.3712687105553,3542.3945657773556,3582.4019103465976,2538.011238847301,2681.152577934159,3996.043046821716,0.1719576540158242,2.449489742783178,0.26026150580467333,Northeast
1080103,422455.4983505856,438470.5439732577,445074.3130461357,272683.0961156425,296310.566478643,224596.5540452719,244.0720320294757,253.5286959987028,257.4281307255183,155.6334903499762,4253.301683425903,184.7775592803955,42245.54983505856,43847.05439732577,44507.43130461357,27268.309611564255,29631.0566478643,22459.65540452719,0.27618577798707106,1.8480712177442777,0.1,Northeast
1080104,272252.6181341327,282533.28120679007,286772.490163634,176108.0525026629,191275.41872716698,330903.9069981719,129.6860045103125,134.7107382168668,136.782676182739,82.69479040124187,679.1804208755493,48.05820846557617,27225.26181341327,28253.32812067901,28677.249016363403,17610.80525026629,19127.541872716698,33090.39069981719,0.23440729502636903,1.171612080471934,0.1,Northeast
1080105,5726.605245237983,5726.621478233817,5726.628171874183,5726.453434569512,5726.477383588267,5678.292755682661,0,0,0,0,10.059454917907715,0,1474.481719220713,1474.4858988794429,1474.4876223525885,1474.442631131722,1474.4487975058364,1462.0422582121862,0.0034456507217165305,2.449489742783178,0.25747919684997206,Northeast
1080106,63916.95951668848,65814.18035175608,66596.49521805295,46174.18633120383,48973.21232892981,69630.46193003743,106.3125469316721,110.4316671097845,112.1301773157858,67.79061332587914,889.4405561089516,57.11306190490723,6391.6959516688485,6581.418035175608,6659.649521805295,4617.418633120384,4897.321232892981,6963.046193003744,0.16581484243525071,1.4602356507730856,0.1,Northeast
1080107,513125.3981075098,532617.7496808285,540655.3782652465,330833.2967218553,359590.9393758219,625271.1617604755,0,0,0,0,1633.4572114944458,0,123345.43987434923,128031.02489482159,129963.11564095916,79525.9378306753,86438.71996148628,150303.11649460034,0.23630117903586584,2.4494897427831783,0.24038069510740911,Northeast
1080201,567023.1676119153,587466.2350093905,595895.889186778,375839.9899108012,406000.2517322774,827764.0837991312,1459.616381343729,1516.169774731628,1539.489442937419,930.7301213974916,2821.6966247558594,2181.6357040405273,56702.31676119153,58746.62350093905,59589.5889186778,37583.998991080116,40600.02517322774,82776.40837991313,0.28950772164377303,0.3799212933548711,0.1,Northeast
1080202,14255.240126091143,14283.347606941741,14294.937665261332,13992.379499468449,14033.8472970897,14499.82133473177,276.6143508598374,287.3318793836768,291.7512288548531,176.3842278332422,246.1017816066742,413.4454345703125,3914.128686804383,3921.846290726731,3925.0286278427093,3841.9538016256943,3853.3398108975316,3981.284505754174,0.013164239800807635,0.274161326172258,0.2745747284635644,Northeast
1080203,230712.6896901103,239108.59984402798,242570.6350526329,152194.2975276284,164581.0320400342,294428.3006159838,0,0,0,0,2277.037272453308,0,47421.83432216888,49147.571475325414,49859.17542004339,31282.773270201473,33828.80432132826,60518.25805647232,0.241539536941771,2.4494897427831783,0.2055449762467125,Northeast
1080204,68947.34762556216,70391.26220275115,70986.65722399416,55443.8859469082,57574.13581837533,87119.45610230029,7020.893156576684,7292.92033967308,7405.090154298582,4476.90011119476,3619.484825670719,10493.874423980713,17889.35968643645,18264.00364472334,18418.487262401777,14385.696510104337,14938.419819775669,22604.368979713214,0.16620891021038253,0.36323508549978606,0.2594640737101247,Northeast
1080205,210219.69058104954,212807.0841439419,213873.9902266697,186022.435164367,189839.69339547143,179360.2112093102,44183.27646284407,45895.17436074873,46601.07171879955,28173.63986292347,16988.207639992237,23361.83046002643,21021.969058104954,21280.70841439419,21387.39902266697,18602.2435164367,18983.969339547144,17936.02112093102,0.07716206529447708,0.37904301993913336,0.1,Northeast
1080206,17118.797973840457,17131.73464521285,17137.069053389252,16997.814469077624,17016.900322883397,17142.11922039731,290.2087196168933,301.452967143071,306.0895080440871,185.0527304927758,305.54606533050537,433.76446533203125,3823.081165366091,3825.970266852183,3827.161581537872,3796.062343186779,3800.3247200383125,3828.2894176394466,0.0038226655162872554,0.26007530551252467,0.22332649589113734,Northeast
1080207,51591.083591009774,51861.9921905869,51973.70075974211,49057.55151743701,49457.23098500774,46827.22416036845,122.7521057898606,127.5081829459254,129.4693409701635,78.27336263410282,429.0586384162307,45.735923767089844,11792.351966134725,11854.274479377358,11879.80809242481,11213.253799368029,11304.609914168701,10703.460180711903,0.04092668515029196,0.8883978201148761,0.22857345000967672,Northeast
1090001,1089170.5949190443,1098491.6122917305,1096239.520766855,1002000.6176319045,1015752.1901790585,1201033.693790424,129665.6406938103,134689.5853965275,133475.7282783564,82681.80533362583,53718.33819901943,193806.5320391655,228332.00096131384,230286.04430184196,229813.91939632056,210057.82478489558,212940.68270513692,251782.80409370456,0.06584814193772102,0.398889795761765,0.20963841846858275,Northeast
1090002,2855193.44356982,2961318.182171008,2935676.9227647423,1862716.905485298,2019285.870392334,4209507.365894204,15486.10286895402,16086.11783095875,15941.14560778824,9874.774349905965,21545.2045044899,23146.517132282257,668468.8614441678,693315.1930801424,687311.9628892414,436106.44028578995,472762.96804036514,985546.0415326236,0.2989622613870063,0.2799865530608296,0.23412384297450187,Northeast
1090003,129978.25519763665,133041.77314180648,132301.58325453236,101328.29361784473,105847.99222737737,139815.5944003515,42247.53731666646,43884.43426306812,43488.93647643293,26939.30818951683,16504.7376601696,45875.539936065674,32827.644860875895,33601.37488935805,33414.4306138552,25591.736342262015,26733.24313204257,35312.18873501591,0.12930369569538352,0.32783332947929666,0.2525625906499535,Northeast
1090004,288338.6927684678,293230.5271219221,292048.5897595058,242590.35088331858,249807.4187537543,224172.5276329543,67732.21032856112,70356.52065057648,69722.44962607944,43189.71008230728,28725.472155690193,33157.228125593516,65043.80095232687,66147.30703027574,65880.6841299602,54723.83308777791,56351.868234628615,50569.11761074763,0.1128561682887626,0.3711320837386821,0.2255812438067623,Northeast
1090005,32262.6164313901,32262.69257611781,32264.69539152421,32263.15637179682,32263.380949341004,31989.5714747934,0,0,1.251907229563291,0.7754964230998354,47.35997447371483,0.49862438440322876,7538.492898176689,7538.510690177232,7538.978668642327,7538.619060818524,7538.671535676709,7474.693129470252,0.003468750832771733,2.301368283414137,0.2336603081838728,Northeast
1100001,156502.7146861019,161570.61335149079,67325.83602637076,109107.82270252713,116584.64345848255,94140.02955015689,60174.71545693497,62506.20775774625,19148.79530081664,38370.64377883512,26642.872331500053,33933.18443644047,38084.44070177512,39317.69781550458,16383.52928884659,26551.043617029325,28370.504303632177,22908.678486870325,0.30905429648649435,0.441023070296316,0.24334683764534837,Northeast
1100002,3902784.155446448,4052827.524902495,1262557.853555239,2499581.416451815,2720944.836108188,1472843.978320293,3037.104995107964,3154.778786484964,966.4674176985691,1936.621934998748,1076.6261389255524,1131.5879378318787,395338.6305193828,410537.50850921153,127892.77420824267,253199.012472346,275622.36659299606,149194.03640226592,0.44219435311237015,0.5312026729810608,0.10129656541924725,Northeast
1100003,914928.4358617256,949350.2238609719,309228.1615796571,593016.5288128499,643800.0104810081,357304.8415460945,7079.810936751998,7354.120911712327,2252.937124287188,4514.469265251909,69036.95121593773,2637.8504644930363,91492.84358617256,94935.02238609719,30922.816157965714,59301.652881284994,64380.001048100814,35730.484154609454,0.4284772063821379,1.7006596435696029,0.1,Northeast
1100004,104752.27534758327,105095.89301374243,98705.83422008237,101538.76946545429,102045.7187689196,98377.45399916446,5337.522541125957,5544.326887694873,1698.506187813415,3403.492223135121,1322.1905480623245,1988.6952557563782,23519.19145164742,23596.34118085139,22161.632334129983,22797.688650662865,22911.509927431485,22087.903746764452,0.028136119131912506,0.5793098809011729,0.22452201036786384,Northeast
1100005,725346.1116544154,748895.4788488859,310961.5083819679,505112.9494784441,539856.0077132983,345333.392022669,64386.84376516416,66881.53658376922,20489.17858543356,41056.52394691796,30260.371668815613,25532.987726211548,177390.19279997647,183149.41135760606,76048.5525998518,123530.10797752245,132026.8486365224,84454.51903153966,0.34723794871873653,0.4815929890762922,0.24455937648217854,Northeast
1100006,259169.56508177886,262925.83473986894,193072.66267123722,224041.00264184803,229582.73833920492,196972.1482951537,50908.85887374216,52881.34202727138,16200.21482725771,32462.23391665786,18058.766140133142,18968.014321237803,57201.135223972,58030.17889884298,42612.933667674035,49447.93453578093,50671.047183672286,43473.58643917982,0.13019356225874318,0.5311074441857424,0.2207093074602438,Northeast
1110000,8289.506148987464,8423.854003197888,7158.1671563132895,7033.087570215557,7231.29493212252,9022.274423310973,0,0,0,0,725.5796127319336,0,2064.388963526428,2097.8464726374305,1782.6443470791687,1751.4949743105446,1800.8558268216923,2246.874953782981,0.1053013319312619,2.449489742783178,0.2490364234519069,Northeast
2010001,7425.560847493584,7463.65304208876,7873.981603431772,7069.549137006711,7125.686594466614,7335.963840460478,0,0,0,0,33.572909355163574,0,2312.7710977001348,2324.6353229778024,2452.4365836132624,2201.887406707993,2219.372023934644,2284.86514250531,0.03907426627868268,2.4494897427831783,0.31146079672632204,Northeast
2010002,117894.5329004588,122193.83022365309,168394.2384240115,77687.586058828,84030.46652753513,142589.889742314,36.77868932396996,38.20369366909452,53.51684311722912,23.45207577611999,577.0702910423279,44.983402252197266,31201.30452649896,32339.132394600423,44566.272789015886,20560.359932862117,22239.031031600938,37737.038883781315,0.29006088745212166,1.7033442860829713,0.26465438013858517,Northeast
2010003,83292.1225313433,85940.78544917096,114403.41522092899,58521.87727196883,62429.52799410952,98416.03932428377,1167.41129482189,1212.643090686472,1698.705643584381,744.4043997026827,1584.1627195477486,1427.841284751892,21184.83781776906,21858.508900253517,29097.803292769397,14884.678660115907,15878.565528179415,25031.51280563854,0.25307834743743635,0.2629975192766632,0.254343834373978,Northeast
2010004,3773.0843552889824,3773.0843552889824,4978.26239495702,4048.362042247418,3973.883575090703,4391.190163115145,0,0,0,0,4.127219200134277,0,1086.9768237302812,1086.9768237302812,1434.1730362272363,1166.2807665097373,1144.824482991235,1265.0451159958177,0.11127131097813635,2.4494897427831783,0.2880870718425878,Northeast
2010005,117178.40661670791,121308.91555386179,165695.51750907509,78549.96555284638,84643.8275246507,140871.1625245019,0,0,0,0,493.33964443206787,0,28406.793418321242,29408.125638805028,40168.47875068302,19042.353526573715,20519.648560282825,34150.47300926261,0.28042199397260836,2.4494897427831783,0.24242344847067457,Northeast
2010006,22526.256360374322,22526.256360374322,73945.33117219713,34271.013992732216,31093.380689974852,50068.22208440833,8.560377733216944e-06,8.560377733216944e-06,3.148182929937568e-05,1.379592298975015e-05,359.8560028076172,1.9652319679153152e-05,6793.806351374717,6793.806351374717,22301.542366173788,10335.96656306574,9377.608238040708,15100.32558261451,0.508192513040918,2.4494890725730554,0.3015950028574488,Northeast
2010007,45696.81618222333,47022.253766329515,61265.45511447577,33301.34909076335,35256.80635103749,53231.14182005404,0,0,0,0,392.4489994049072,0,11160.590376490618,11484.303649792337,14962.93846895897,8133.229998003883,8610.81376212494,13000.708118427116,0.23089534610575502,2.449489742783178,0.24423124648303696,Northeast
2010008,33878.12924166913,33879.13821563305,45504.59339237619,36521.61565583109,35805.33595966311,39862.00323197112,550.1903471399226,550.8656366817801,1984.655823192684,869.7130855248117,864.0155657529831,1244.3937225341797,3819.434840096946,3819.548592254955,5130.207401579767,4117.462633708246,4036.7089531468923,4494.059363613975,0.118825769629959,0.5361652803668636,0.11274042946265021,Northeast
2020001,7854.3564860282895,7854.3564860282895,7855.895364589612,7856.321879985924,7855.790127736256,7792.600979858682,1.37977024341764,1.37977024341764,2.040510087873099,2.223640663410919,17.479710787534714,3.1675806045532227,1946.2153605840333,1946.2153605840333,1946.596676239803,1946.702361640931,1946.5705998093704,1930.9130866266783,0.0032668497341188985,1.374375614004577,0.24778800962829425,Northeast
2020002,17190.50226951061,17190.50226951061,22490.42610671596,23959.352357733733,22127.988600813722,33028.17742679479,0,0,0,0,283.2476146221161,0,3804.933951720046,3804.933951720046,4978.015449488705,5303.146575819052,4897.793781153273,7310.43408065719,0.25676501245783945,2.4494897427831783,0.22133931237533105,Northeast
2020003,228301.9754093691,228303.9531170467,313305.5631099044,336873.6969106024,307496.7074367149,482806.9384854524,3589.719624286617,3590.525063311052,5290.173756372257,5764.95335705011,3594.9977927207947,8224.376415252686,22830.19754093691,22830.395311704673,31330.556310990443,33687.36969106024,30749.670743671493,48280.69384854524,0.29574982085037815,0.36827238923188665,0.1,Northeast
2020004,254383.8093024925,254383.8179732568,348548.4921414866,374647.2017554341,342109.0191592242,536206.3424436878,1.712075546643389e-05,1.712075546643389e-05,2.531948663766944e-05,2.75918459795003e-05,1580.0371143110096,3.9304639358306304e-05,48090.37377015292,48090.37540933073,65891.87932230192,70825.7495387077,64674.51936748042,101367.9427820051,0.29441320791461784,2.4494895075307683,0.18904651951715906,Northeast
2020005,29562.844621521323,29562.844621521323,29562.91687038015,29562.936894865143,29562.911929611753,29313.15486374517,0,0,0,0,3.625386953353882,0,9426.537300400349,9426.537300400349,9426.560337985919,9426.566723080354,9426.558762551003,9346.920137527892,0.003453589864673706,2.4494897427831783,0.31886435223280124,Northeast
2020006,188434.20926479355,188434.2230004054,224123.61372306768,234015.344134493,221683.0077121929,294470.5231384679,41748.5234084968,41748.5234084968,61740.91924017415,67282.00925579495,18152.99988885224,95843.359916789,18843.420926479357,18843.422300040544,22412.36137230677,23401.534413449303,22168.300771219292,29447.052313846794,0.17304873027384796,0.49110859069268464,0.1,Northeast
2020007,106135.9559675577,106135.91095122216,126120.33184604037,131660.28291993937,124753.80056204808,165516.1021823016,4629.522319134337,4629.522319134337,6846.49276884565,7460.948031098782,2596.6932425051928,10628.135977745056,29697.878092632516,29697.86549662174,35289.70183592584,36839.834306415774,34907.33302309698,46313.023519383016,0.1722123597209438,0.4584031564446081,0.279809776261969,Northeast
2020008,72539.94198622607,72539.94198622607,77244.12259658785,78547.93272676002,76922.42524015334,86113.1397672197,3662.38472776817,3662.38472776817,5416.215502787369,5902.307028703901,912.6892290115356,8407.848266601562,7253.994198622608,7253.994198622608,7724.412259658786,7854.793272676002,7692.242524015335,8611.31397672197,0.06458752293898748,0.5444519069792763,0.1,Northeast
2030101,2080747.7085232043,2080747.7085232043,3854324.061500507,2331868.6126858154,2957812.96711996,2656119.207169211,49472.84191180057,49472.84191180057,263172.0295982424,79730.53740968455,214263.76076889038,113576.31264190376,208074.77085232045,208074.77085232045,385432.4061500507,233186.86126858156,295781.296711996,265611.9207169211,0.2546080555332895,0.70230513076207,0.1,Northeast
2030102,328940.93992329895,328940.93992329895,586481.8015333307,365406.18367655546,457177.0396030161,412264.0669293766,33717.29815709798,33717.29815709798,179360.017449412,54338.86953291758,70442.59706312418,77405.82838994265,32894.093992329894,32894.093992329894,58648.18015333307,36540.618367655545,45717.70396030162,41226.406692937664,0.23821913453843582,0.7258964756541574,0.1,Northeast
2030103,2374416.5663208542,2372814.9627581453,2508715.3247217876,2301358.1416576616,2301900.469673767,2400716.385233652,64887.94935596758,64251.70118150739,118507.3991780202,35902.97433170177,24684.370251569897,82796.12923106551,575642.7153317983,575254.4298738884,608201.4933693821,557930.7643003294,558062.2438293301,582018.7233947625,0.03220749282424928,0.5158952408030543,0.2424354359284789,Northeast
2030104,773512.9760984569,771292.6368810418,1178751.960327268,703246.8217402309,784004.4605976363,960810.2068418339,157380.617478177,156105.4564645937,382909.4993608496,116006.1736420856,123369.66973422468,257751.35455614328,77351.29760984569,77129.26368810418,117875.19603272682,70324.6821740231,78400.44605976364,96081.0206841834,0.20587126497648675,0.5197893397233118,0.1,0
2030105,1285264.61198397,1283378.4020118206,1439235.3373695621,1198629.9451148382,1199429.2736512765,1327609.955647813,103624.3113889327,102602.10325225,187066.8393280373,56673.72651236768,51834.17710343003,131584.9676606618,293097.4331793915,292667.2935053356,328209.5991680158,273340.880134258,273523.1625530787,302754.0528507393,0.0696500643045263,0.47571460982767044,0.2280444279306486,Northeast
2030201,217061.93139287533,217062.22186954285,460118.28146313946,251472.4220586375,396434.1818849957,296485.2264244003,20841.19945309589,20841.31973023319,110855.3062083449,33584.69800988875,78524.68502289057,47841.471978724,65876.41231578925,65876.50047293682,139641.90509682827,76319.69758714094,120314.33358371827,89980.6930498685,0.32897258533725093,0.6904574957613446,0.3034913210854786,Northeast
2030202,809526.0928288759,809526.0928288759,1065140.0672904481,845718.508382699,993487.3254098364,888142.4061457687,36146.98172858449,36146.98172858449,192284.7804523051,58254.55275231828,152938.8461687863,82983.72910311818,235551.79176117244,235551.79176117244,309929.04805591877,246082.8770558747,289079.8970722868,258427.1674006904,0.11675745239380454,0.6995821894777555,0.2909749220535196,Northeast
2040101,11306.042718507548,11306.042718507548,11306.096081649568,11306.148162389014,11306.11963374672,11210.71678094109,0,0,0,0,4.142852783203125,0,1826.7275051921802,1826.7275051921802,1826.7361271230995,1826.7445418550801,1826.7399324566495,1811.3256076010955,0.0034486492444287774,2.449489742783178,0.16157090068321597,Northeast
2040103,1217531.409296219,1205754.372731543,554215.7666107453,676605.6085893174,681596.4216694196,340293.8341540205,0,0,0,0,1366.0562133789062,0,324518.6725227343,321379.6419868161,147719.6920740229,180341.26449991364,181671.50700798995,90701.31783390138,0.4581367553223256,2.449489742783178,0.26653823469763205,Northeast
2040104,110149.57863398423,110149.47803798548,124747.29361404158,139000.77701042482,131193.6588895047,177347.0322262735,9.657026403654127,9.561764096636958,4.291586799575396,5.281575973703988,136.3651084303856,2.562828779220581,11014.957863398424,11014.947803798548,12474.72936140416,13900.077701042483,13119.365888950471,17734.70322262735,0.18890325393239,1.9027348609175119,0.1,Northeast
2040105,338638.5628591412,337242.4649856028,260006.42538106485,274515.01565253304,275106.64695893973,239974.2958116463,61448.90910548712,60842.74271426113,27307.922350262,33607.35161903,25030.40520310402,19754.754167079926,33863.856285914124,33724.246498560286,26000.642538106487,27451.501565253304,27510.664695893975,23997.42958116463,0.14274860570717018,0.4861625367093933,0.1,Northeast
2040106,214122.5079980822,213125.52289410098,157969.51812126918,168330.43095881894,168752.92827130423,138921.18132467,61237.27420998895,60633.1955036825,27213.87170921728,33491.60524612607,23209.994334220886,16251.447649002075,48629.74636216613,48403.31928924067,35876.740240963976,38229.82571563565,38325.779837119415,31550.63834863965,0.17220366927893255,0.5232485019289408,0.22711179136105433,Northeast
2040201,275793.0709967537,274581.6498416228,207562.44288707728,220151.8275707153,220665.19751003222,187558.2566513093,81032.07792994888,80232.7322138513,36010.69122631225,44317.68724709965,38230.81685858965,22304.10402314626,27579.30709967537,27458.164984162282,20756.24428870773,22015.182757071532,22066.519751003223,18755.82566513093,0.1568485980580989,0.4872426521669571,0.1,Northeast
2040203,2059034.3724759081,2044437.279129804,1236885.243445266,1388581.8046442512,1394767.6871456027,967089.8247506832,160033.7818493603,158455.119161446,71119.08334546596,87524.93178197583,156429.02949261665,42470.54732765628,530600.8785738616,526839.2946694831,318737.950973561,357829.2501401837,359423.31517078594,249213.28052213386,0.29283364994494787,0.46187753071728693,0.2576940364214682,Northeast
2050101,43591.49313021917,43591.49313021917,36625.081209310796,50998.58799248116,48994.54226861197,60713.04905677343,0.2967283733664989,0.2967283733664989,0.1260457500968825,0.4782080785937093,8.49050172790885,0.6812083721160889,12809.434029909611,12809.434029909611,10762.342097098752,14986.021390842488,14397.129163266349,17840.63221519421,0.17334650122927261,1.9199960765877575,0.29385169238512865,Northeast
2050102,26740.905357625306,26740.905357625306,26525.653100246775,26969.774093471024,26907.85192021309,27055.2706859336,17.71184098853479,17.71184098853479,7.523723659008302,28.54444066601955,159.41853415966034,40.66161346435547,7733.73582709415,7733.73582709415,7671.482733098716,7799.926942108401,7782.0184336487255,7824.653407101993,0.007163083743819255,1.2604796075902065,0.289209947220012,Northeast
2050104,10430.388332084334,10429.3897907775,10340.567125727224,10387.914699101466,10387.420686957807,10276.7143658993,55.41721465507273,54.87054826980631,7.988699860285985,30.3085253387189,1600.940237045288,14.706891059875488,4110.4908761357365,4110.097362989292,4075.0934165724425,4093.752527064362,4093.557842806733,4049.929810162755,0.0056516111999757685,2.178463445516589,0.39408799991575433,Northeast
2050105,15174.726732674826,15174.726732674826,15011.61643351033,15348.155101918575,15301.232740555108,15455.957072862,8.560377733216944e-06,8.560377733216944e-06,3.63631970968706e-06,1.379592298975015e-05,413.94757413864136,1.9652319679153152e-05,2768.334655351298,2768.334655351298,2738.5783439674815,2799.9732985543246,2791.4132235452835,2819.6396778793155,0.010273904495209516,2.449489357878343,0.1824306100610306,Northeast
2050106,151452.5698353729,150220.4425950319,44553.79825809525,94860.28446765212,95382.42912719137,59471.45636292892,61981.85633211993,61370.43265151673,8935.029486822965,33898.82863791553,32761.35694503784,16449.048385620117,15145.256983537292,15022.044259503191,4455.379825809526,9486.028446765213,9538.242912719137,5947.145636292892,0.4487102329140433,0.6163974026703202,0.1,Northeast
2050107,1444778.408172248,1431179.0796315852,264907.1516367926,820153.7294989644,825916.767530681,431475.0863207175,69474.23729753782,68788.90458262285,10015.09789416152,37996.5267945463,138129.8164048195,18437.412653025174,144477.8408172248,143117.90796315853,26490.71516367926,82015.37294989644,82591.67675306811,43147.50863207175,0.5651847993161191,0.8183291166197333,0.1,Northeast
2050201,87177.08265084864,86512.26131890327,29497.50104882042,56641.471307990505,56923.20593462452,37500.51653577971,9596.77232633234,9502.104399217735,1383.428131849456,5248.622093927907,3188.614227294922,2546.83837890625,25748.23994123724,25551.881234883862,8712.252252278504,16729.37599556903,16812.587896515302,11075.987728917093,0.40743219446128476,0.6794269091315933,0.2953556044581241,Northeast
2050204,13354.603011713256,13341.827243250238,12246.183434629307,12767.804902736327,12702.514144115836,12301.24562606561,493.9288655158639,489.0564750651543,71.20259441939682,270.1372782661481,473.1431834548712,131.0812595486641,4101.173868539606,4097.250453689679,3760.780267851716,3920.9692553037157,3900.918584169828,3777.68976493411,0.037768450213556334,0.5941372578755549,0.3070981492255881,Northeast
2050206,283100.77771318535,280505.72617015516,57955.34382692269,163908.6255889695,165008.3434265909,89677.57646595014,123349.482413155,122132.6941625187,17781.51426508259,67461.7253231935,41028.09756630659,32735.088887650498,28310.077771318538,28050.572617015518,5795.534382692269,16390.86255889695,16500.83434265909,8967.757646595015,0.5411407758489717,0.6792773353182349,0.1,Northeast
2050301,155546.2482792981,154443.9738194576,59913.44199107833,104918.17291300191,105385.28921699096,73089.40677878876,84505.80198983724,83672.18951769551,12181.98158733646,46217.52025646593,26266.290728211403,22426.56228160858,15554.62482792981,15444.39738194576,5991.344199107833,10491.81729130019,10538.528921699097,7308.940677878876,0.3664575871373354,0.6886279928178786,0.1,Northeast
2050302,25440.919340932815,25395.10972751058,21466.49913420805,23336.85846921731,23356.27143585001,21853.66428233929,126.9071996682129,125.6553161057006,18.29437900423124,69.40749550027785,2017.2588939666748,33.67925262451172,8171.057250174136,8156.344221573822,6894.561907761474,7495.279712018225,7501.514724976121,7018.910739195508,0.07190896336235741,1.9930485426515676,0.3211777507201726,Northeast
2050303,8898.55576164,8898.55576164,8898.55576164,8898.55576164,8898.55576164,8823.332382834562,0,0,0,0,707.995849609375,0,3090.5064193998655,3090.5064193998655,3090.5064193998655,3090.5064193998655,3090.5064193998655,3064.3810186815463,0.0034559702627448684,2.449489742783178,0.34730427073598363,Northeast
2050305,756768.6472452387,750299.7142477557,195527.1064322219,459646.97812532086,462388.3498822007,274172.5464591855,11883.66011063676,11766.43304397793,1713.095731288976,6499.356126462913,39365.29972162703,3153.743828929919,75676.86472452387,75029.97142477558,19552.710643222188,45964.69781253209,46238.83498822007,27417.25464591855,0.4841945388708069,1.119076251549686,0.1,Northeast
3020103,14368.217205883106,14367.82432314337,14392.629800498557,14375.325989623992,14468.740917947189,14266.33217004371,1.434956121198271,1.434956121198271,9.726730966113452,7.334561069731697,5576.029351182282,9.004369735717773,1716.2687220202558,1716.2217925823188,1719.1847812613914,1717.1178589042038,1728.2761757192654,1704.0986596007185,0.004507254900524309,2.4343182977973474,0.11944896833251692,Southeast
3020104,8758.663820436974,8758.663623080805,14627.167067736318,12933.980935013582,22074.67614791774,14050.42609027455,0,0,0,0,4237.839050292969,0,966.0252218359184,966.0252000687813,1613.2840123935769,1426.5362911650918,2434.6971592847817,1549.6731304010116,0.3625390764744155,2.4494897427831783,0.11029367511307483,Southeast
3020105,6468.464847317083,6468.303688421132,6463.976898304891,6461.062730124505,6476.794918465319,6408.554256071869,15.05602751452068,14.90750644234006,10.92001631109389,8.23437255489217,4.44694447517395,10.109034657478333,2094.4783029376486,2094.426119951598,2093.025112412137,2092.0815095374205,2097.1755663059644,2075.0793518045502,0.0038300247269261608,0.3820903937193855,0.3237983590196633,0
3020202,13722.661244344796,13722.66070346606,29678.00630244574,25074.55219463494,49926.38042123704,28195.25568829397,25.35101203326969,25.35101203326969,171.839730932266,129.5778617831535,9609.818481445312,159.07794904708862,1372.2661244344797,1372.266070346606,2967.800630244574,2507.4552194634944,4992.6380421237045,2819.5255688293973,0.49932409277490064,2.3013409225721593,0.1,Southeast
3020203,18757.669834655666,18757.668798248877,18797.233242606024,18785.147027870207,18850.394671376573,18635.09778718188,0.5706172394366353,0.5706172394366353,3.867881596262138,2.916623671109059,3787.6637535095215,3.5806312561035156,6469.559798121409,6469.559440662526,6483.205300777577,6479.036739881924,6501.540789429222,6427.284441016831,0.0038216988437757443,2.4405884240704796,0.3449021043204736,Southeast
3020204,9679.08580844445,9679.08569194012,9682.479195568581,9681.424642476,9687.117665953345,9600.346774548429,0,0,0,0,436.7352752685547,0,967.908580844445,967.908569194012,968.2479195568582,968.1424642476001,968.7117665953346,960.034677454843,0.0034545747096488113,2.4494897427831783,0.1,Southeast
3020301,9610.394722007291,9610.394641130233,9610.973046782374,9610.753744331412,9611.937652482402,9529.668608848542,0,0,0,0,90.82247161865234,0,2938.069265598228,2938.0692408726673,2938.2460698082896,2938.17902513326,2938.5409669943733,2913.389851394793,0.0034555015985920593,2.449489742783178,0.3057178555705112,Southeast
3020302,11716.780132428938,11716.754898032017,11897.222856272405,11828.79844614526,12198.188831530253,11778.3402833413,0,0,0,0,390.02818298339844,0,3484.549936574761,3484.5424319092135,3538.213287326209,3517.863987324513,3627.720042436624,3502.8578178811194,0.015291184044296429,2.4494897427831783,0.2973982525225042,Southeast
3030003,53504.675414473815,53504.672982690616,53514.02129801915,53522.63252546106,53573.907738064176,53077.05842110561,2.719673315543612,2.718971410169086,4.109954837642338,5.835509873588435,2429.547052681446,7.164039969444275,24279.74169949175,24279.74059597944,24283.98274266558,24287.890408236584,24311.158448047056,24085.694542586945,0.003447681554048958,2.4224645133505933,0.4537872907630745,Southeast
3030004,88872.27138036258,88872.26878934738,208586.4302575208,278180.6208830172,692576.471455984,331400.1803094532,140.778888684317,140.778888684317,506.7937866663659,719.5699862389124,110755.05128860474,883.3895225524902,12561.913291595452,12561.912925360768,29483.264127278442,39320.26024156279,97894.26383617327,46842.73581856849,0.7961878970116324,2.3874198702305343,0.14134794910137924,Southeast
3030005,124227.171767603,124227.1696097632,403286.59465076117,565515.6077239462,1531501.838124136,690275.3449948855,4711.771168284424,4711.771168284424,16962.03439732286,24083.50532107184,274758.785695076,29566.429138183594,12422.7171767603,12422.71696097632,40328.65946507612,56551.56077239462,153150.1838124136,69027.53449948855,0.9112929065770491,1.794483278000123,0.1,Southeast
3030006,16614.215733510817,16614.214474209726,17478.139127208728,17982.01132087812,20982.2983333288,18232.34477808797,0.3357354728978659,0.3357354728978659,1.208623346996825,1.716061064772031,4427.584705352783,2.1067447662353516,5992.921917687039,5992.921463443924,6304.5481493635625,6486.30013583041,7568.535137751137,6576.598040137583,0.08986761667169704,2.4457087602866645,0.3607104911728897,Southeast
3030007,23470.432697109238,23470.4316286316,23475.922590279835,23480.510464620547,23507.828780598575,23285.68288277051,0,0,0,0,2095.700485229492,0,7849.182626882899,7849.182269553477,7851.018603861005,7852.552919995444,7861.688944624289,7787.397015524912,0.003452435858543957,2.4494897427831783,0.33442854369913905,Southeast
3040102,43102.971204716785,43097.44401067823,42894.15068148963,67638.804486212,148547.9041763351,77917.06289910042,13158.86245637229,13155.46635867629,13030.55596073262,28234.52042952594,67730.27744674683,34662.47657943674,15094.20175341259,15092.266188888465,15021.075028740324,23686.389423724668,52019.8949867019,27285.726124227363,0.5817456695992694,0.7549548492593058,0.35018935659268013,Southeast
3040103,331259.7883102546,331253.1550447538,1315055.697066497,2813300.204642876,7712201.404890916,3446468.58077645,13845.62830037753,13842.05495910077,13710.62544180669,29708.09037656013,89209.60001988709,36471.52416417003,33125.97883102546,33125.31550447538,131505.56970664972,281330.0204642876,771220.1404890916,344646.85807764507,1.0482274271427479,0.8929026894278206,0.1,Southeast
3040104,173052.5459765901,173052.5454500776,391959.7148543124,835335.5343225842,2285068.420490596,1022685.5607438,0.8066359356756946,0.8064277575787845,0.7987818528936207,1.730795110525085,5049.760409116745,2.124833134072105,17305.25459765901,17305.25454500776,39195.97148543124,83533.55343225843,228506.8420490596,102268.55607438,0.9845703400248523,2.445846156969934,0.1,Southeast
3040105,133229.53423129013,133229.24803019647,133218.72139177175,134500.01293530985,138689.5298324284,133924.8464453114,28.05467619131317,28.04743571581682,27.78112692363542,60.19595772002167,3664.0839899927378,73.90035569667816,53062.30545590797,53062.19146849563,53057.998946869404,53568.30834375779,55236.89801938981,53339.23255995061,0.015862083175901452,2.2846433742053747,0.3982773471517985,Southeast
3040201,140000.0264870671,140000.0245277689,301770.55358891434,629428.6450665974,1700792.237253285,691917.6893318932,17382.26379538167,17382.26379538167,41003.82529809752,88846.81103067496,266416.3539352417,107316.05533027649,14962.987827079294,14962.98761767251,32252.77332600381,67272.36694499152,181778.0623403152,73951.1000290443,0.980203689782104,1.049909481789658,0.10687846425844456,Southeast
3040202,14278.261769049599,14278.261769049599,14278.27484291337,14278.301322647905,14278.387905046597,14157.59264971103,0,0,0,0,6.642092288471758,0,5753.263528080782,5753.263528080782,5753.268796045805,5753.279465754304,5753.314353149186,5704.641275982764,0.0034560918958139323,2.4494897427831783,0.40293865045617067,Southeast
3040203,16145.074426908717,16145.068194355785,17139.736951222294,19182.700555394098,25862.70291944754,19915.95592765891,16.73453841021023,16.73453841021023,39.47587595574722,85.53606074098091,12094.032161924988,105.00946426391602,5743.7657784132125,5743.763561122459,6097.626554595234,6824.430539879338,9200.905739920634,7085.293203171418,0.19301229514165189,2.386880267964742,0.3557596345818126,Southeast
3040204,18349.285570892647,18349.283383479058,18351.028001523584,18364.517309019375,18408.624118253436,18215.18881562569,0,0,0,0,3383.6148986816406,0,2878.667032498224,2878.666689333071,2878.940387969984,2881.056613401723,2887.976164419676,2857.629706164151,0.003548969277958003,2.4494897427831783,0.15688169555029624,Southeast
3040205,16321.515938260805,16339.400550252756,16576.51799315961,16924.817195099582,18063.67228170312,16677.10891602307,0,0,0,0,344.77982807159424,0,6233.995090090919,6240.826108959984,6331.3930011805205,6464.425712295695,6899.410859819194,6369.81365534099,0.03869049584984999,2.449489742783178,0.3819495145960813,Southeast
3040206,19814.95562892059,19821.68456893741,19912.37480505618,20046.834051776965,20486.483629542105,19839.49935743179,1.505027977119721,2.123739101807303,10.32658114623022,22.3755661093068,985.1398496627808,18.566680911621006,7043.256395719024,7045.648207777422,7077.884191422045,7125.677937073813,7281.952054384979,7051.980501694764,0.012995339723682916,2.2948528023288097,0.3554515350737983,Southeast
3040207,3247.124137582655,3905.0253936033478,12627.448296036571,25439.63483136882,67332.42047372914,21375.5689420515,1820.019999992715,2568.223115329096,12487.86368320889,27058.61847700263,29607.70068359375,22452.55987548828,324.7124137582655,390.5025393603348,1262.7448296036573,2543.963483136882,6733.242047372914,2137.55689420515,1.0665092554228421,0.7618825688910292,0.1,Southeast
3040208,16910.941708284157,16910.948095222797,16911.032772945106,16911.15715429943,16911.56385157943,16768.16238954272,0,0,0,0,31.19942283630371,0,5488.733057399615,5488.735130388916,5488.762613980409,5488.802984059319,5488.934984561928,5442.391606982029,0.0034562193184975057,2.4494897427831783,0.3245669668833907,0
3050101,5428630.6123404205,5427379.639648926,20794871.962831642,10981838.475872569,29294036.94395402,13103959.97187809,56899.02949520616,56884.34474083519,237278.2506972754,122086.2985709398,685384.5563087203,149880.83565670252,1480811.666602507,1480470.4286203252,5672386.1332666185,2995605.2819009945,7990772.40029603,3574473.59946334,0.6595039254069786,1.0939989477465737,0.2727781225777842,Southeast
3050102,748719.5016671108,748718.5004135643,761018.3342114468,753164.1782825337,767820.8960406717,748762.8416259522,6204.177556464096,6202.57635475119,25872.43421677563,13312.0912652722,14863.430201560259,16342.762916713953,255139.89701954258,255139.55582403985,259330.94969258705,256654.50206378027,261649.04735227535,255154.66590510117,0.010620623524018597,0.5315226396409689,0.34076833373705906,Southeast
3050103,1254871.417977378,1254591.147718078,4697552.84264469,2499022.484138227,6601721.646081942,2100951.486853402,0.6930348559829104,0.6928559944676804,2.890068596226543,1.487021151296199,11044.893010169268,1.2345185138983652,141564.17179410762,141532.55403106997,529938.8989988453,281918.9625277282,744751.4094704408,237011.89855402583,0.6987046803988398,2.4476287100897762,0.11281169509963263,Southeast
3050104,1049151.8993471311,1047781.89091865,4344468.436711764,2245134.6060656672,6162722.150084342,1866216.499090622,22502.60789517721,22002.94548974455,108163.0789249887,55652.93030095628,67234.16164016724,46179.39985847473,104915.18993471313,104778.189091865,434446.8436711764,224513.46060656675,616272.2150084343,186621.6499090622,0.7357602500700133,0.6006976991102876,0.1,Southeast
3050105,1257699.4548827624,1257669.801289621,1621949.473947193,1389336.016348325,1823418.2812828077,1383376.74849998,51162.79474189893,51149.59042048286,213357.2144348146,109778.2561495085,154297.99677944183,125557.79179185629,395191.90020999976,395182.5825150798,509645.83960446285,436554.4870034681,572950.9801886461,434681.977338536,0.15390044269438932,0.5308547988810991,0.3142180738615633,Southeast
3050106,297768.4634825387,292012.15997371165,1347821.3355740039,702472.6294810356,1906764.207900602,585886.7595134345,37.76868557383999,36.92996737913734,181.52439154373,93.39937815114077,106808.01686096191,77.50045013427734,29776.846348253872,29201.215997371168,134782.1335574004,70247.26294810357,190676.4207900602,58588.67595134345,0.7525528700547147,2.4377838119000983,0.1,Southeast
3050107,21046.89113219647,21046.859753382625,21432.330742591785,21186.185200703054,21645.519821449026,20964.88650619059,0.3329733278297659,0.3328873925937058,1.388553187237644,0.7144494638701909,138.1668496876955,0.5928321778774261,7161.878491894095,7161.867814248139,7293.036658593186,7209.2777579909125,7365.581067598026,7133.973792642389,0.01250920361472185,2.379727885010977,0.3402820134769555,Southeast
3050108,16284.658932255252,16284.391815978515,19565.764271237364,17470.417996812073,21380.564322881677,16963.47760094725,0,0,0,0,1176.5991821289062,0,6112.455889648945,6112.355627404231,7344.020624117862,6557.5312214693095,8025.206844250275,6367.250858749071,0.1142333525893327,2.4494897427831783,0.37535056245740084,Southeast
3050109,7961529.646334455,7807562.650428898,37364015.58512857,19261539.37767558,53042748.57411211,15994972.76078683,11854.42837914356,11809.34826330959,50652.623519553,26062.1919633891,65432.24318432808,21625.751366615295,2929376.294282132,2872725.463607246,13747767.875819793,7087117.595589536,19516622.704295326,5885212.530070759,0.7652498533893671,0.7040276782813047,0.3679413912163019,Southeast
3050110,49948.661577713916,49641.17386595364,102651.83811585177,70343.77697198185,130634.16817177742,64209.78674012711,4157.34349391424,4065.022578399252,19981.08318320117,10280.82632987438,27181.158597946167,8530.770891189575,4994.866157771392,4964.117386595364,10265.183811585179,7034.377697198185,13063.416817177742,6420.978674012711,0.414665795402435,0.7523848283877903,0.1,Southeast
3050111,3620.738993827617,3620.7181322383217,3624.3166713981636,3622.1236337983596,3626.2160828691735,3591.128235671059,0,0,0,0,313.9486313611269,0,362.07389938276174,362.0718132238322,362.4316671398164,362.212363379836,362.62160828691736,359.1128235671059,0.003625616319025265,2.449489742783178,0.1,Southeast
3050112,4511.41875,4511.41875,4511.41875,4511.41875,4511.41875,4473.28175668653,0,0,0,0,4930.754913330078,0,451.141875,451.141875,451.141875,451.141875,451.141875,447.328175668653,0.003455970262744864,2.449489742783178,0.1,Southeast
3050201,1503217.969860928,1511038.2681655185,2067227.2192475107,1780968.0556735473,2315159.1010459857,1716832.500555112,26506.1230372303,30248.45278583271,368164.5892929175,189430.9817253667,186715.07455062866,157185.06355285645,647233.8128322391,650600.9635652987,890076.7433135051,766823.4203670764,996827.6606099136,739208.8623257981,0.1766097462308693,0.7899106704692884,0.4305655106638452,Southeast
3050203,10264.328630338006,10264.243903994604,10278.850665733107,10269.948378654854,10286.56102427697,10181.6056870547,1.117874423368094,1.093050111798169,5.372743886664205,2.764427048686135,1142.0291490107775,2.2938519716262817,3656.7853237375807,3656.755139001662,3661.9589661467535,3658.7874238172103,3664.7058702044255,3627.3143221914415,0.003726920048199802,2.4173214620335486,0.3562615204007904,Southeast
3050204,33344.72698527577,32935.02204588387,103567.86411718675,60519.730072925115,140852.2771234068,52627.35925812965,8317.719669898355,8133.010492981382,39976.74208592014,20569.15227524114,24465.67184829712,17067.765625,12005.429338525386,11857.919247898875,37288.554647633784,21789.512425696757,50712.427812714064,18947.944696792965,0.6089895494275478,0.6010268948980109,0.3600398151055996,Southeast
3050205,10597.840906231622,10705.239534742293,17892.772107227465,14223.743514536643,21070.55391864957,13474.43468233051,4.897389026164508,6.910686531909038,141.5093276474778,72.81050823231354,2524.717399597168,60.41632843017578,4261.380506617701,4304.565380406827,7194.664549291131,5719.352071829609,8472.447220808288,5418.0557908935425,0.28170207566515304,2.1525595946952705,0.4020989316901306,Southeast
3050207,10431.605106956731,10431.570543170434,10440.225516097067,10435.025262827883,10444.729506686435,10345.92183240786,0,0,0,0,744.4525061547756,0,4434.62632536483,4434.6116317989745,4438.2909860682585,4436.080283131401,4440.2056976617305,4398.201125114057,0.0035874409188361577,2.449489742783178,0.42511447470412994,Southeast
3050208,6875.021531343113,6988.952160027895,14660.312400529197,10740.974878827998,18054.88924141232,9978.19096544237,5.412711967008279,7.637856721544116,156.3995073923436,80.47192230951838,5616.788505554199,66.77357482910156,2925.45154141925,2973.9311762511206,6238.239882492008,4570.487724636134,7682.696457115644,4245.908759317919,0.3928976412202738,2.293289798388427,0.42551889155287204,Southeast
3060101,2416680.81283302,2416064.369726956,605340.5018948526,5153140.790970665,14176861.755693419,4280500.151175108,10.55206601877838,10.54934269469067,2.549921698730464,22.64120660647444,302992.1059244275,18.78710389137268,580911.6408676885,580763.4628483391,145509.22172762168,1238690.4619794423,3407774.8212019564,1028928.7494439718,1.0003031326239644,2.448858531568651,0.24037582364329652,Southeast
3060102,8264.34714621194,8242.365771063069,6792.048916541922,8855.70114829785,8439.604045349446,9773.430929565387,0,0,0,0,3211.7768783569336,0,1794.7956320015628,1790.021863982795,1475.0517508618905,1923.2219385364863,1832.8567530417545,2122.5283536272063,0.115791473240998,2.4494897427831783,0.2171733108796414,Southeast
3060103,5555111.051211802,5422693.879363518,1320119.0750527568,11610264.22005164,32023996.32039849,16283796.98198322,3709.85904314616,4642.363087235462,4081.485120169857,36240.22961686437,87241.65339660645,31174.742065370083,555511.1051211803,542269.3879363518,132011.90750527568,1161026.4220051642,3202399.632039849,1628379.6981983222,0.9239257542835607,1.1685628307879183,0.1,Southeast
3060104,14851.014120298416,14851.010111544741,14850.74561658118,14851.121965804552,14851.046081981138,14725.75996401757,0,0,0,0,23.636672973632812,0,5118.919880538008,5118.918498781267,5118.827331368974,5118.957053252338,5118.930897246482,5075.746667886511,0.0034473174501007424,2.4494897427831783,0.3446848706137483,Southeast
3060106,4031354.504566401,3940167.315700968,917040.4652258301,7910583.570468018,20156843.01245068,7069516.834675388,6046.172753116759,5915.584693286986,1634.727952137208,14515.03915910231,160333.89655649662,12348.745384216309,403135.4504566401,394016.7315700968,91704.04652258301,791058.3570468018,2015684.3012450682,706951.6834675389,0.9211683335756546,1.862480251874245,0.1,Southeast
3060108,9515.331758290571,9515.279376497427,9511.82325980987,9516.740959616813,9515.749396885773,9438.657143354074,2.238520684234589,2.210147100760139,0.3380764929178181,3.001841087416745,2.9450886249542236,4.257702827453613,4083.4792982847534,4083.4568187776435,4081.973635499898,4084.0840532832126,4083.658526776307,4050.574591360127,0.003283973283579616,0.5176989542074354,0.4291473384232638,Southeast
3060109,156523.5802950701,154509.66542597598,38122.83846477497,229552.942299617,294226.8589859229,288349.8670117625,61994.07644391302,61094.83246290727,10880.26183197458,96607.77277707061,143764.9887690544,119698.8003540039,15652.358029507011,15450.966542597598,3812.2838464774973,22955.2942299617,29422.685898592288,28834.986701176254,0.5034366499440034,0.5784798759486565,0.1,Southeast
3060110,3295.1766876656397,3295.853361550886,3296.286750262175,3318.0024419822744,3361.090601132275,3285.995076279321,1.911220180777859,2.696915334324236,3.200128798720609,28.41451066330209,12.179529190063477,23.577646255493164,1499.8271623776711,1500.135156142304,1500.3324166301836,1510.2164948993518,1529.8284300383455,1495.6480753493054,0.008385269657034858,0.964402313160358,0.45515834340287675,Southeast
3060201,7016.998605818238,7016.792812364472,7003.296964403735,7022.573953091257,7019.061918691863,6972.481058210896,0,0,0,0,1226.0259342193604,0,3070.912305950397,3070.822242707527,3064.915933199713,3073.352295397803,3071.815292148711,3051.4296905961965,0.002688399674933686,2.4494897427831783,0.437639007567154,Southeast
3060203,5151.08179340559,5150.926421248669,5140.675067255538,5155.261693261087,5152.320571336907,5118.697998830811,0,0,0,0,916.1153945922852,0,2154.8509547513936,2154.785957949923,2150.4975112069747,2156.599531371923,2155.3691724608157,2141.303848831377,0.0026669447038146824,2.449489742783178,0.4183297880282219,Southeast
3070101,1545197.099105967,1526519.821738013,2205265.749595653,2047662.6020513491,1694110.517564547,2873743.880318697,6078.497649923669,6001.451785802774,8801.354871252246,8151.224209726719,6408.571119308472,11561.401166915894,594785.9278165671,587596.5655308022,848863.252276528,788197.7653990372,652106.5154707051,1106177.6010008673,0.2602564212317341,0.27616578088221094,0.3849256047404589,Southeast
3070102,16254.596369083429,16182.933281971025,18787.222311736594,18182.512756422337,16825.964190472274,21264.82611865121,1754.633156618452,1732.392919712456,2540.61940460871,2352.951187798377,2330.166893005371,3337.3406982421875,3043.376740124762,3029.9591339602525,3517.5647611799914,3404.3439248462764,3150.354944823709,3981.450890739645,0.10879381116114693,0.2524636209499828,0.18723176331301133,Southeast
3070103,1547408.9886477212,1538656.3207338592,1856734.6798257646,1782877.6619214835,1617193.7903739573,2163041.65572748,191523.2836806285,189095.6975005744,277315.955826995,256831.4272003545,97592.99614393339,364280.40403514355,554984.0338160957,551844.8566618173,665924.8523794964,639435.7560753797,580012.6145243727,775782.9973942172,0.1366885932282154,0.3979008877086156,0.35865374822534507,Southeast
3070104,22646.27226860526,22615.267468329082,23742.769959491197,23481.22918002085,22902.686443180108,24682.3307678351,1113.834967714192,1099.716943406543,1612.776278524266,1493.645153352344,1975.0896606445312,2118.5321044921875,3431.0769573456414,3426.3795018645396,3597.2044292915202,3557.5790758910425,3469.9255923653755,3739.5548082544574,0.034169802445090464,0.27069966522336447,0.15150736141692406,Southeast
3070202,4250.479876305236,4250.325945119351,4255.91991706353,4254.6210104336815,4251.707165414135,4225.605756619036,0,0,0,0,907.6190185546875,0,1726.0210308306637,1725.958522955819,1728.2301048718643,1727.7026490961762,1726.519404396594,1715.9202292856155,0.002649246697786387,2.449489742783178,0.40607674452302583,Southeast
3070204,34246.59672267211,38319.00470799678,82549.94834394388,77784.83341705821,48405.747968025324,48375.54978074611,7518.855690670481,9411.233007424642,29957.88533268248,27744.98287685051,17816.125089645386,14144.603378295898,15396.56789378911,17227.439047060536,37112.76465217027,34970.46665720096,21762.23205694335,21748.655570950334,0.3707010207911612,0.5257149942823452,0.4495795018252483,Southeast
3070205,5856.862535093234,5856.934647231487,5857.716883136462,5857.632705042193,5857.113019665746,5807.605662415877,0,0,0,0,32.99400329589844,0,2510.3163545208436,2510.3472625844925,2510.682537584304,2510.64645791785,2510.4237149916016,2489.2043116286586,0.0034657573557921612,2.449489742783178,0.42861111038196537,Southeast
3080101,347278.4875495832,342445.52659958054,423587.61268433847,495809.6746941252,367238.2952553169,365464.2840142177,52925.23367951505,46418.17102249809,106750.0494714393,147566.1542366015,60564.90453672409,75023.06372070312,155727.82219597232,153560.60910767346,189946.62438773978,222332.69157734868,164678.2682987431,163882.76003367064,0.1517056984573194,0.4759140109901172,0.44842346352864154,Southeast
3080102,150522.25889610237,150770.8168747649,158599.08652682812,162540.93608859793,155523.56464289853,154281.4694761785,1414.279545364806,1571.729565062349,6163.090789179613,8519.561447262673,3735.539806842804,4331.370063781738,59831.7560943095,59930.55650073242,63042.249906729136,64609.113062184864,61819.74715815557,61326.02127597617,0.02987232804308953,0.6373355725889844,0.397494407359434,Southeast
3080103,315296.03134685097,323178.06475629285,416092.97346975177,482878.4343484884,363985.4175515966,362138.7557831389,56265.99422058659,60673.86663797381,129629.5535585073,179193.6845814239,43643.70983886719,91102.59228773993,37995.34873520078,38945.18818244962,50142.07621236449,58190.18536771638,43862.75594819252,43640.220454837945,0.1669403088930183,0.5583637639226418,0.12050690448876232,Southeast
3080201,37369.72597432875,37369.723562272506,37369.788522054696,37369.835213253704,37369.75209250504,37053.85011480049,0,0,0,0,5.277204990386963,0,14210.911032112956,14210.910114859329,14210.934817681233,14210.952573349967,14210.920964299235,14090.790169037,0.0034561020278821636,2.449489742783178,0.3802787058667539,Southeast
3080202,70420.70403253633,69254.3276830576,100635.52702441008,123191.41896464191,83036.9002410513,82750.45884688731,13932.57478504106,13353.04765878625,28529.26631984819,39437.49098812514,24366.123507499695,20050.13623046875,31326.617945521284,30807.75596050151,44767.66811907051,54801.64632107253,36938.92705233281,36811.503729291166,0.23289455626173844,0.4235965004459919,0.4448495421324886,Southeast
3080203,19207.160183796354,19206.910489532384,19213.635077766936,19218.468515887675,19209.86391793904,19047.56358479431,0,0,0,0,546.2922973632812,0,7867.910698188499,7867.808414865407,7870.563036538015,7872.542978348011,7869.018240302104,7802.534464707506,0.0034898916772340537,2.4494897427831783,0.4096342521694627,Southeast
3090101,153947.05292423148,151065.88221902505,168049.41029134407,194347.1025180179,166599.51008243082,165478.2946410466,7400.205583636991,6063.325049651855,16025.62405718899,30048.33370688714,15137.694513559341,15276.660935536027,69070.78921640106,67778.10624069169,75398.0357252225,87196.91282071557,74747.51497921022,74244.46387204717,0.09201230419131677,0.5700772272287389,0.4486658750810631,Southeast
3090202,100233.64122264917,97102.87842878886,139771.580264813,242021.8617817621,134134.1006238242,134116.5936608772,38612.55989401441,37049.04116647351,58358.00603960694,109422.3122724516,65239.83334350586,55630.62430381775,38335.88771708317,37138.47964659665,53457.776667704005,92564.95928084207,51301.636434863154,51294.940629366945,0.37319735744137517,0.43404733072160856,0.3824652806129989,Southeast
3090203,4290.911657608061,4290.041132820784,4301.905386050718,4330.33660566952,4300.337855679245,4264.295638596602,3.598362189005334,3.452655541053793,5.438469838183896,10.19722888602784,7.017702102661133,5.184300899505615,3006.847360497099,3006.237342074969,3014.551192686516,3034.474310310001,3013.452749060531,2988.1962408988547,0.0049906974467860445,0.4329144997397714,0.7007479063722428,0
3090204,49856.55742124595,49849.63466053971,49943.98393958303,50170.080350488024,49931.51831215915,49511.89393918261,0,0,0,0,59.40952682495117,0,18783.985610952168,18781.377387596604,18816.924476918863,18902.108692372087,18812.227919870544,18654.12999671476,0.004279686054403231,2.449489742783178,0.37676058240931676,Southeast
3090205,72044.65955165437,70452.25385881786,95791.48610330044,150981.3019371136,92748.643985536,92567.17163696911,20409.69480371023,19583.25542396991,30874.94894223192,57891.08528245481,33474.38830566406,29431.99633026123,32003.759183385177,31296.378946835484,42552.60101368911,67069.08268370591,41200.9062874454,41120.29243795093,0.3052140826573447,0.43576904257631005,0.44422111760330013,Southeast
3090206,1576224.069273801,1555823.919324167,1816291.199059375,2440469.1287403153,1781877.6960476735,1773629.593765708,86222.89254181393,82081.38815607924,129290.8859604449,242422.7395285594,224520.61744976044,123248.4285917156,214335.76622119997,211561.74325345233,246980.21900564554,331856.25752354704,242300.65302251285,241179.0717975222,0.17641016019578523,0.4672126712171481,0.1359805185058168,Southeast
3100101,166411.62710659864,156123.0044456412,356717.3190495146,829866.0599337474,454829.9772366863,454865.8511904655,46990.33302718703,42613.62448077642,85085.6819917934,224629.5343529663,116287.48621213436,114202.31315422058,65470.60026356654,61422.7923476766,140341.738186489,326490.5825806263,178941.7731519157,178955.88688500389,0.614312091119526,0.6344676665743095,0.3934256361884372,Southeast
3100103,20684.38518049398,20679.599022457576,20693.06251884661,20901.144122636462,20736.21055561306,20562.62498853896,4.868256680671981e-06,4.671128841657954e-06,5.225650846271508e-06,1.379592298975015e-05,41.07369613647461,7.013887625362258e-06,9020.486723463691,9018.39947384776,9024.270921771831,9115.015574223644,9043.087835564478,8967.38694866292,0.005325083065159583,2.4494871969160052,0.4361012737265351,0
3100201,40055.91521989489,40043.0505346985,40079.23898509447,40638.54026757537,40195.21633177227,39860.01598130349,0,0,0,0,110.40174102783203,0,11551.463713108778,11547.753750587368,11558.189901385265,11719.483144438278,11591.635850737233,11494.969611461334,0.006590181499366785,2.449489742783178,0.2883834672031516,Southeast
3100202,51747.53108356362,50350.89747907466,54279.63768109538,114999.27086464723,66870.52951070268,66803.26415125598,20663.83297192912,19827.10290474193,22180.83049845872,58558.26162281239,29621.786163330078,29771.192443847656,18461.911643725183,17963.63615763301,19365.288622244905,41028.16759252678,23857.327712931958,23833.329522162567,0.3612701957521268,0.4853738401219423,0.3567689367423594,Southeast
3100203,7917.514121783074,7917.513981966466,7917.514239051732,7917.518212229898,7917.515062934452,7850.584882268586,0,0,0,0,0.19994378089904785,0,2841.4747734856287,2841.474723307586,2841.474815571557,2841.476241484458,2841.4751112504696,2817.45489265387,0.003455971693570362,2.449489742783178,0.35888471176426656,Southeast
3100204,29755.81417455963,29089.29735645141,30314.79136245526,49254.44553488158,34242.139478250334,34108.01813716668,0,0,0,0,4627.6137228012085,0,10361.611318058707,10129.515897457137,10556.259137898498,17151.452059922947,11923.845803410433,11877.141882031807,0.21993034268746348,2.449489742783178,0.3482214016149351,Southeast
3100205,125904.40454549174,125902.23733152512,125906.11379246051,125966.02346842035,125918.5367306439,124854.583714743,24.22727105864289,22.75791280614063,25.45966878513302,67.21452317367313,63.342844009399414,34.172061920166016,37424.753955387445,37424.10975672131,37425.2620245649,37443.070018577804,37428.95471034976,37112.697467531885,0.0034626063202032238,0.5154362177221126,0.2972473766147327,Southeast
3100206,328391.44115529617,323895.28159529215,366074.31296793174,549458.6672898835,404101.10014449747,402189.1694785992,43077.58709652512,40464.97720146291,64607.49343210517,170566.3141627739,63472.05196901597,86716.41548538208,114086.82835517464,112524.81266385496,127178.27590719885,190888.034239966,140389.2034705028,139724.97755480916,0.20937714871510762,0.6180036676507962,0.34741108950285654,Southeast
3100207,238524.3835370142,267934.9747859382,303840.8471849231,593468.1234123252,363898.2868413743,363197.6090713607,86323.50686661171,109157.8109462517,67283.68700999103,177631.5700691305,44585.02833175659,90308.41092681885,68455.27623807685,76895.96527127096,87200.76672256672,170322.3113890973,104436.94426076804,104235.85332998395,0.3578949213177338,0.47636577364060523,0.28699487751722447,Southeast
3100208,41454.25420281972,41433.3962096725,41471.748468285616,42064.47149224259,41594.65618508621,41247.89988227742,222.5485662056092,209.0512320838571,233.8692117030552,617.4238825448863,284.4216613769531,313.9001159667969,15189.726431816027,15182.083616478598,15196.136705300923,15413.32311371381,15241.172724654354,15114.113789945182,0.006693528678006107,0.4914995459237908,0.3664214137709133,Southeast
3110102,4269.413232360001,4269.413232360001,15168.356127801051,12493.732823039516,8444.066925725105,8414.590154554504,0,0,301.729461425984,227.6844226543201,1023.6675128936768,115.75542449951172,1526.5157610195986,1526.5157610195986,5423.399759560703,4467.096303487905,3019.150536079283,3008.6112058886993,0.4942431838109009,1.3831522463257453,0.3575469690891897,Southeast
3110201,5431.18974606,5431.18974606,8202.122610211882,7522.12990949865,6492.548193973062,6448.317622131621,0,0,0.05565187593948787,0.04199478958079945,308.5624084472656,0.021350273862481117,1424.6202353128415,1424.6202353128415,2151.445703310499,1973.0812184379436,1703.0183013929425,1691.4164663234742,0.1687981538671887,2.4483566447141794,0.2623035286782822,Southeast
3110202,10700.620880239878,10700.615291769676,10700.963501851884,10700.771224074018,10700.665436959005,10610.56528368298,0,0,0,0,32.95109939575195,0,4275.591846879828,4275.589613923638,4275.728746428673,4275.651918989538,4275.609650178081,4239.608797044319,0.0034446696686168577,2.4494897427831783,0.3995648378474261,Southeast
3110203,47701.553111217785,47618.360852142665,52821.41520161097,49947.49308944851,48366.29584636932,53297.03588800356,62.86119859551542,62.06442352963586,111.7104091314469,84.29644187665991,1950.2829644680023,119.56301879882812,10380.937718344045,10362.83319964853,11495.135601229826,10869.705096185862,10525.600784476099,11598.641428628898,0.050991042652977284,1.9088636484736445,0.21762263576912344,Southeast
3110205,7845.314102204808,7851.391359064281,8453.987100123364,8298.97945090569,8064.281282478698,7998.538969961303,0,0,762.4965173070489,575.3782825797156,190.02524948120117,292.52398681640625,784.5314102204808,785.1391359064281,845.3987100123364,829.897945090569,806.4281282478698,799.8538969961304,0.030389171768692852,1.0231392951977483,0.1,Southeast
3110206,24127.29253835384,25032.590055441146,51359.17081250983,42680.86340136177,29540.97730720743,29427.22175557697,4287.71474152194,4765.060802788729,18646.56317500477,14070.65770416894,4370.6038818359375,7153.5635986328125,9059.040889501746,9398.951686016584,19283.756256605466,16025.324272814374,11091.709561544283,11048.997923179142,0.32370188352059087,0.6823396649435539,0.37546860573357266,Southeast
3120001,24405.320342493902,24156.571050768773,25974.942362512782,27937.41763425717,25122.579346235223,24939.33423303143,2443.376867207031,2165.143590700081,4199.0444893279,6394.129834634812,4058.2425231933594,3250.794403076172,7323.535396448147,7248.8908428334,7794.546727638814,8383.4452512222,7538.770092350685,7483.781997380366,0.05447749256526249,0.40870685973474136,0.30007946192357904,Southeast
3120003,30462.294231316686,29362.52588597757,38955.81647838342,48444.621878403705,34834.53815804923,34680.89927515847,4452.946565836923,3945.878691964727,7689.501465108874,11709.25215402767,5638.483436584473,5953.0180015563965,6235.821838459563,6010.6923911160375,7974.498876752079,9916.916591091842,7130.847470946618,7099.396632283855,0.19232492961258288,0.43235694679239556,0.20470624409007387,Southeast
3130001,756206.5219190829,754539.620940489,965495.961075129,801050.32982903,769496.6775485252,869549.2756365786,1.047857592856393,1.034575841613424,2.715461310382575,1.405169940198012,1914.2590597048402,1.9930421162207494,171864.82248523177,171485.98200649658,219430.5221532339,182056.57944925007,174885.30719654929,197624.49485384583,0.10194173782945723,2.4369589135255207,0.22727233566972857,Southeast
3130002,6026859.673949787,5979075.960444708,12026392.176898466,7312361.150740102,6407837.90672452,8604436.082607582,226156.5606493463,223289.992519299,586071.4229864384,303274.4172199572,281316.4491250515,375865.69751155376,1134972.7937186894,1125974.2077642947,2264799.35917034,1377057.2757497805,1206718.271893224,1620379.6649293592,0.30139496658301423,0.4097248534340039,0.18831910067932095,Southeast
3130003,273785.9861185377,270774.1008835815,651946.2846133469,354813.236481732,297799.6642101739,480976.9991874656,5448.700710627996,5379.637616626184,14119.98736510763,7306.67077655016,10198.912139892578,8498.126342773438,33042.55115935069,32679.054205496206,78681.77903436724,42821.52890537815,35940.70236904601,58047.92030239977,0.38938891759470534,0.3903500106207044,0.12068751811513342,Southeast
3130004,4117103.938258607,4065037.280249381,10654385.8724696,5517827.340705813,4532229.969698859,7659252.590685301,813.5896014462334,803.2772319277576,2108.369591744326,1091.018149225365,88707.77002716064,1547.4605712890625,411710.3938258607,406503.72802493814,1065438.58724696,551782.7340705813,453222.99696988595,765925.2590685302,0.42839281012690983,2.2529574421481993,0.1,Southeast
3130005,172209.01194890583,172157.70786388518,178650.54825986506,173589.2202295455,172618.05800689408,174438.4817909442,2414.306958836801,2383.705258119025,6256.534459265241,3237.569291949854,7125.454838752747,4592.05078125,64624.72634655919,64605.47350713227,67042.0360833497,65142.67590929205,64778.22870547448,65461.37755783485,0.014194543440427792,0.46419618103479565,0.37526913147688956,Southeast
3130006,81165.49607161124,80253.87642071606,195624.8238358934,105690.34609969186,88433.8144605504,145961.9928720066,322.3420403668753,318.2563069385058,835.3304354459043,432.2584945449762,3238.7744919657707,613.0997605323792,11530.726567313819,11401.21787905806,27791.320975115468,15014.834389788964,12563.295774715607,20736.00126268416,0.396189898648427,1.1808578787788586,0.1420643885074073,Southeast
3130008,10487.627275363036,10450.485909389832,15150.949064626391,11486.822970010944,10783.754364142083,13066.87521632665,1121.828155964607,1107.608816803962,2907.151673268645,1504.363964698845,2834.361452102661,2133.735333442688,1048.7627275363036,1045.0485909389834,1515.0949064626393,1148.6822970010944,1078.3754364142085,1306.6875216326653,0.1568969004255755,0.42144961071558146,0.1,Southeast
3130010,52663.727274486715,52663.72466111627,52664.05539885713,52663.797580691826,52663.74811081733,52218.72550516738,0,0,0,0,15.409124374389648,0,16558.126702704656,16558.125881028693,16558.22986906186,16558.148807844427,16558.13325390451,16418.212646851513,0.0034551540893254327,2.4494897427831783,0.3144123585556837,Southeast
3130011,4168.05380856,4168.05380856,4168.05380856,4168.05380856,4168.05380856,4132.819429080765,0,0,0,0,691.9005737304688,0,416.80538085600006,416.80538085600006,416.80538085600006,416.80538085600006,416.80538085600006,413.28194290807653,0.003455970262744856,2.449489742783178,0.1,Southeast
3130012,11575.641259538785,11555.907211678374,12988.071807356453,12108.427543273523,11643.925892650605,11550.3012117196,1.801247901523139e-05,1.714667389827149e-05,7.998099172489765e-05,4.138776896925045e-05,115.67566680908203,2.1041661966592073e-05,3259.2029410723035,3253.646681562886,3656.8826628513734,3409.2126540530276,3278.428958195518,3252.068272976819,0.04809350562500041,2.4494852306415877,0.2815570099312288,Southeast
3140101,53348.43399570385,52891.2326750201,47596.34814788244,65648.29371395207,55338.68843379474,41723.41869750648,18009.4515159599,17781.17903247742,15137.53741098101,24150.55259627111,24473.99575805664,12278.211380004883,15427.877379108626,15295.65895422209,13764.426955400946,18984.883898337524,16003.440692299146,12066.029671164773,0.1520129320403474,0.2609476884335942,0.28919082011575137,Southeast
3140102,8825.766196578208,8825.710131507047,8825.060837499414,8827.27448730086,8826.21320184767,8749.787904835199,0,0,0,0,330.5744934082031,0,1983.1110761543298,1983.098478577969,1982.9525850533119,1983.4499824851266,1983.2115162839712,1966.0390861937003,0.003531494969357757,2.449489742783178,0.22469562777713187,Southeast
3140105,37898.50842386241,37764.339709898224,36210.5212595654,41507.98260007284,38967.911321308384,34299.04143174881,6516.398010803052,6433.801694309566,5477.247243535267,8738.445629988832,7990.078791886568,4442.651380717754,7795.028088673258,7767.432044990614,7447.840088241812,8537.4307255851,8014.984650827859,7054.683745989013,0.0647402526866975,0.23913941968168675,0.20568165906405958,Southeast
3140106,11101.655394635689,11095.769001862145,11027.598223241714,11260.01409152843,11148.587442226442,10863.94433133235,0,0,0,0,136.14022827148438,0,2670.6397185878313,2669.223674423118,2652.8243553523102,2708.734850410237,2681.929799743754,2613.4553992553833,0.011915778485785436,2.4494897427831783,0.24056229667138493,Southeast
3140107,19121.83933648451,19002.495041782215,17620.35935924238,22332.4995349639,20073.36811380724,16043.40974954403,355.7389492626247,351.2299050339504,299.0103084613033,477.0435233463755,3302.83544921875,242.5303192138672,3970.773002494119,3945.9903916235526,3658.9810219997025,4637.487255865112,4168.3640769510785,3331.5172866185308,0.11247238816782876,1.443784609306184,0.2076564357968365,Southeast
3140201,14345.40213021327,14345.18096518381,14342.619635547508,14351.352022993224,14347.16547290671,14221.73399598487,7.719469995701711,7.621624562400995,6.488468888090496,10.35175701943604,82.67868375778198,6.592350482940674,4200.643500620339,4200.578738724149,4199.828726100451,4202.385757700945,4201.159845436422,4164.43080058133,0.0035568601768416357,1.512658811492065,0.2928215927647815,Southeast
3140301,15653.9327783144,15066.76082474295,21031.44456565565,31506.59338142339,26484.51488874159,21284.0509028023,10360.36763530993,9862.376253632148,14921.13473032881,23805.30196671535,23209.59434223175,15160.025390625,2852.6853701070577,2745.682429350159,3832.653114990812,5741.585790224428,4826.390225858057,3878.6866844828724,0.289701938938435,0.3739616559556939,0.18223442060891692,Southeast
3140304,13086.979820830304,12971.943746730312,11639.701906519102,16181.738103356449,14004.159273852507,11727.92588070863,768.6404674157221,758.8978348737688,646.0676395829295,1030.741664702852,2660.549072265625,656.4113159179688,1308.6979820830304,1297.1943746730312,1163.9701906519101,1618.173810335645,1400.4159273852508,1172.792588070863,0.1268974482224408,0.7207140566040442,0.1,Southeast
3140305,158117.7390558811,157268.66793102957,147435.50831834026,180959.87719946873,164887.35976800093,136029.7329840142,37976.75210626912,37495.39111033794,31920.71148012194,50926.56755066744,22771.121826171875,25891.215698242188,15811.77390558811,15726.866793102958,14743.550831834027,18095.987719946872,16488.735976800093,13602.97329840142,0.09705649217790484,0.2925418872881213,0.1,Southeast
3150101,49393.219197053164,48955.75737816555,30056.518853068017,61162.0369169152,52881.09024015453,80399.03170659528,24417.67374950624,24108.17609363787,10737.24914945599,32743.93524108432,31275.275234222412,46442.8125,13365.862142961523,13247.484469687499,8133.328704183725,16550.517805953892,14309.684074237903,21756.07080661907,0.3075393506502318,0.4179399076481575,0.2706011545762731,Southeast
3150102,107872.23252238048,106621.2528402542,52576.39136485713,141526.71667286608,117846.2591011836,196819.5632104512,0,0,0,0,940.1669311523438,0,28649.16361992291,28316.92314653696,13963.460322788675,37587.263818890475,31298.107771016716,52272.171792199624,0.39331847958016736,2.4494897427831783,0.26558422821163924,Southeast
3150104,436711.0818768727,432316.2287226699,242449.65189714578,554943.6302828006,471751.1251295735,748706.4214263379,152106.0675413033,150178.1004535973,66886.00892490751,203973.2071303125,80365.42279052734,289308.21875,126974.90237530367,125697.0871941308,70492.87768989119,161351.32860865202,137162.88764949582,217688.37273329284,0.34585681222291104,0.5230474672232838,0.290752645500998,Southeast
3150105,2603788.4390807073,2570927.544633653,1151270.204292159,3487828.737368703,2865787.4461797443,2241537.231937136,7082.736377821402,6992.961638075209,3114.510658498813,9497.901547224406,8155.6744384765625,13471.479858398438,260378.84390807073,257092.7544633653,115127.02042921592,348782.8737368703,286578.74461797444,224153.7231937136,0.3120077267776576,0.42263559861780087,0.1,Southeast
3150106,987996.1820858542,976149.4410993004,463770.9235781392,1306708.3467899528,1082230.491459103,850776.7716831551,3078.21723158741,3039.200369162126,1353.592716929926,4127.868474412972,7457.61124420166,2628.766845703125,98799.61820858542,97614.94410993005,46377.092357813926,130670.83467899529,108223.0491459103,85077.67716831551,0.29677625527645507,0.5768745921039969,0.1,Southeast
3150107,2428615.963192699,2398214.825314688,1084823.9615087612,3246482.6539875506,2671003.398858917,2078158.78706849,58838.86338054574,58093.072013315,25873.37116012115,78902.51757625175,45496.52372741699,50247.80285644531,242861.5963192699,239821.48253146882,108482.39615087613,324648.2653987551,267100.3398858917,207815.878706849,0.31012501620436606,0.330694007537709,0.1,Southeast
3150109,36036.31682977481,35666.71116947182,19698.99642797743,45979.634066913684,38983.17258787334,31720.5567742403,19074.64088780071,18832.86697019217,8387.742982799833,25578.96433478703,26550.21221923828,16289.5537109375,5621.77802461375,5564.118386735679,3073.1049942997265,7172.966582522201,6081.496730630253,4948.505970915321,0.2520986763892178,0.34710593695608166,0.15600312460258942,Southeast
3150110,186052.1383523077,184053.0797236252,97689.68932490324,239831.818307249,201990.577784973,162784.6616689339,0,0,0,0,4094.0179443359375,0,20482.054424538248,20261.982631797095,10754.434489110958,26402.536400862136,22236.680771717816,17920.591127362306,0.26454222248443393,2.449489742783178,0.11008771307832807,Southeast
3150201,250704.94421028392,248283.24960314832,143661.12707922613,315854.5896742541,270013.0486682707,222304.2905720068,56873.47551123602,56152.59572832177,25009.1258825167,76266.94574510664,85167.6298828125,48569.38264465332,25070.494421028394,24828.324960314832,14366.112707922613,31585.458967425413,27001.30486682707,22230.429057200683,0.23694223847213683,0.36601059412269366,0.1,Southeast
3150203,18071.378045803875,17951.270670754406,12762.388277645665,21302.56701530671,19028.990841734718,16615.15273761718,217.3339608720971,214.5792205098272,95.56884535608205,291.4433706293665,4457.8531494140625,185.60104370117188,1807.1378045803876,1795.1270670754407,1276.2388277645666,2130.2567015306713,1902.899084173472,1661.5152737617182,0.161438324708026,1.9102017838240906,0.1,Southeast
3150204,20678.11737557918,20495.91584591087,12624.439936092283,25579.79450113745,22130.80515746349,18525.98205300959,240.9636567814905,237.9094064999766,105.9595948970849,323.1306329198351,4213.9486083984375,205.78057098388672,2067.811737557918,2049.591584591087,1262.4439936092285,2557.9794501137453,2213.0805157463487,1852.598205300959,0.21551953549068056,1.8367135259421035,0.1,Southeast
3160104,16181.450058388886,16178.270649547927,16018.776600177993,16266.987777648514,16206.644294187226,15909.74614741787,0,0,0,0,96.7246265411377,0,4332.594019526773,4331.742730694174,4289.038092855364,4355.496800771405,4339.339792924866,4259.845116584989,0.008339765038180721,2.4494897427831774,0.26775066535403874,South
3160105,18583.296834960158,18622.459628287488,6986.333267253098,17641.43098710254,13542.961678388541,8059.843578961254,24250.1262113844,24311.76440103078,5997.703976488028,22767.72669849837,20799.18359375,7729.54931640625,4950.591830719863,4961.024802136953,1861.159766575065,4699.678690094244,3607.846123549595,2147.143003378231,0.38088013396762205,0.47977515329812903,0.2664000836173737,Southeast
3160106,37024.978130312695,37094.27591550482,16504.38136187461,35358.36521383607,28106.20514961611,18368.92068888188,164.9788805012118,165.398218505284,40.80368403007056,154.8937943470347,2797.63134765625,52.5858039855957,3702.4978130312697,3709.4275915504822,1650.4381361874612,3535.8365213836073,2810.620514961611,1836.892068888188,0.32633709938608596,1.9483097063795713,0.1,Southeast
3160109,133717.4352320033,132393.0849407867,66143.23823735538,169345.7723842789,144276.4436579348,118214.609496397,64484.46190723874,63667.11173682672,22779.64876577729,86473.22699155529,32126.521484375,55069.08984375,19825.627596040344,19629.272680656173,9806.733183408649,25108.066217613075,21391.15993273796,17527.099739989448,0.27078733708279473,0.43049973307214195,0.14826509020040918,Southeast
3160110,5157.337500000001,5157.337500000001,5157.337500000001,5157.337500000001,5157.337500000001,5113.740273350888,0,0,0,0,1390.0643310546875,0,1235.8196134281095,1235.8196134281095,1235.8196134281095,1235.8196134281095,1235.8196134281095,1225.372690421026,0.0034559702627448173,2.449489742783178,0.23962356805776416,Southeast
3160111,336807.7998153081,333374.2450717845,161612.68250414456,429179.0152289221,364183.4372944653,296698.1130746349,208891.741014056,206244.0070473663,73792.668026245,280122.4109360507,107112.83361816406,178391.47223091125,97113.83460061191,96123.8169477026,46598.76441898054,123747.78708168353,105007.21810210751,85548.76548359008,0.279107929361033,0.42603840117760494,0.2883360618544619,Southeast
3160112,41903.91210942,41903.91210942,41903.91210942,41903.91210942,41903.91210942,41549.68003643294,0,0,0,0,986.4702758789062,0,4190.391210942001,4190.391210942001,4190.391210942001,4190.391210942001,4190.391210942001,4154.968003643294,0.0034559702627448875,2.449489742783178,0.1,Southeast
3160113,31319.151174359362,31187.6741102974,24610.611080304385,34856.21323207763,32367.41418789448,29627.54759845015,7899.68254118502,7799.552886997526,2790.625653482225,10593.42082326402,7075.867660522461,6746.250513076782,3131.9151174359363,3118.7674110297403,2461.061108030439,3485.621323207763,3236.7414187894483,2962.754759845015,0.11193624402979137,0.3538526819819838,0.1,Southeast
3160201,23473.981762974523,23326.149721017282,15930.938512564939,27451.0336560377,24652.642565182032,21671.20514573793,631.892129801577,623.8828028304024,223.2209178615017,847.3630694648821,3419.0528564453125,539.6296081542969,2347.398176297452,2332.614972101728,1593.093851256494,2745.1033656037703,2465.264256518203,2167.120514573793,0.16936804258517243,1.1258260997829193,0.1,Southeast
3160202,18472.111877570853,18505.0444977146,8720.039475481943,17680.08180109985,14233.613317951835,9598.720448435672,4395.195365342078,4406.366931341377,1087.04921740896,4126.519012409806,2187.6846889406443,1400.9360837042332,5559.69530566184,5569.607292706411,2624.5381610041595,5321.31184808623,4284.001400105701,2889.001613417357,0.3067961544069576,0.528978964727474,0.30097778437626915,South
3160203,34123.82980945036,33135.47945530455,21080.64132604612,60796.608005858296,51149.04816044513,41156.50928577087,13950.26342563393,13400.79628081238,7581.728858842045,28780.80199305051,15318.168212890625,18328.592987060547,3412.3829809450363,3313.5479455304553,2108.064132604612,6079.66080058583,5114.904816044513,4115.650928577087,0.3509816955131737,0.43642192563224347,0.1,Southeast
3160204,237027.58908771022,234461.68976019562,106104.0805750067,306056.7024165578,257485.4338127854,207177.5806602788,89035.90109705609,87907.35777387305,31452.63982279963,119396.5407827822,69732.30432128906,76035.77465820312,23702.758908771022,23446.168976019562,10610.40805750067,30605.670241655782,25748.54338127854,20717.75806602788,0.2972728803701262,0.36578009462158323,0.1,Southeast
3160205,29369.64079552107,29222.78064353086,21876.18766075143,33320.54641621967,30540.55274576773,27527.57299074843,5303.01023445844,5235.793788967023,1873.330519777897,7111.300834029114,8256.993896484375,4528.718170166016,7095.524333432452,7060.04382519903,5285.1522070119545,8050.0387984182535,7378.409449158792,6650.49209679066,0.13374634264060473,0.40958567646679894,0.24159384116521213,0
3170001,35136.50809622473,34783.45345802702,19071.10277554324,44634.56141814943,37951.40301055961,19901.76031231711,16377.08685107882,16169.50483313724,6931.27055323697,21961.56262838847,20759.77174758911,7455.859477996826,9796.302348169427,9697.868264402863,5317.155830926421,12444.425542591434,10581.114589147688,5548.748917972451,0.321429681814897,0.43049966099115383,0.2788069412401854,South
3170004,25772.45237920776,26275.048531302302,16336.218101439856,24946.08674533245,21444.031566442944,16532.18775925023,10606.46176853892,11003.05788978129,3143.755167480213,9960.911995664837,7793.072082519531,3381.6885528564453,7366.6303375585385,7510.289156171656,4669.438441338546,7130.427353890098,6129.422655345207,4725.453135059798,0.20778929010790487,0.46730854967424695,0.2858335027326176,South
3170005,29793.8395303806,29696.847607414766,25380.31712706959,32403.164990111924,30567.153462982722,25438.2559324146,58.99609848942458,58.24831414374234,24.96890466137326,79.11336879310274,2768.7819213867188,26.858661651611328,4387.030080830217,4372.748387354129,3737.155615137405,4771.243376697802,4500.897629884822,3745.686884886534,0.09897852083486518,2.2080729115599733,0.14724621431745274,South
3170006,120839.7198009316,119416.06072273801,56057.50862136868,159139.71185301972,132190.5144524658,59583.26669369255,66182.99016715835,65344.1108977722,28010.61110820074,88750.94189259429,62730.328125,30130.578125,12083.971980093162,11941.606072273802,5605.750862136869,15913.971185301973,13219.051445246581,5958.326669369256,0.38307269769052255,0.4130007832761426,0.1,South
3170007,36912.45760968534,37716.02903794662,22312.97257194338,35399.646426391,31978.34433967067,22632.12020528958,2324.795306810835,2415.330268432397,679.9336665127107,2154.353330399882,697.2964477539062,731.39404296875,10465.604757456927,10693.437351306247,6326.285677620781,10036.684957956364,9066.660264014485,6416.772012212675,0.22498294610469072,0.5850913869222938,0.2835250057885848,South
3170009,167626.8015501449,166224.2209180132,103803.74440193259,205359.730652257,178809.5383313037,106925.2237833786,12703.33802676545,12542.32132299091,5376.430716488175,17035.0903186436,14199.510730743408,5856.538833618164,42886.349467194945,42527.507309561064,26557.58874628968,52540.101545796664,45747.3881147227,27356.201225734327,0.26353588538069694,0.41472376898003377,0.2558442270006903,South
3180003,26941.994235497594,27570.195948032604,19489.82138268825,25759.335740354283,22429.9719467438,15794.35359271427,2313.897082696071,2404.007632628964,1244.942031217766,2144.254107750773,3240.7478637695312,727.9654083251953,2694.1994235497596,2757.0195948032606,1948.982138268825,2575.9335740354286,2242.9971946743804,1579.435359271427,0.2026572902147324,0.44491915799252163,0.1,South
3180004,44168.02227221625,44742.161361898674,37357.17847396799,43087.14258300509,34499.08595162665,33915.85382595766,229.7534635823644,238.7007979764556,123.6138572326968,212.9091270915275,1123.9190673828125,73.86093139648438,4416.802227221625,4474.216136189868,3735.7178473967997,4308.714258300509,3449.9085951626653,3391.585382595766,0.1250691696880272,1.1760602233342496,0.1,South
4010101,2106.438219732027,2106.641508239843,2107.3595212712485,2106.0555068614053,2105.559685462825,2087.143576914712,1.904275757970362,1.978434343958399,2.240361748030806,1.764664101464921,1.3146038055419922,1.3453632593154907,958.097844431201,958.1903087054018,958.5168916221087,957.9237703126516,957.698249616743,949.3218188543906,0.0037508358906644546,0.20816503312161072,0.45484260371665997,East North Central
4010102,85633.17186429855,88286.2269567096,97656.79172622116,80638.50521421645,74167.69434270223,65489.84630194295,5167.44812774804,5368.685078182554,6079.452028880105,4788.597538487917,2754.227294921875,3650.78173828125,42452.41246392994,43767.65732314226,48413.089367229884,39976.32003230625,36768.43311053114,32466.41350404722,0.1373196793129625,0.2631483892685869,0.4957472850731673,East North Central
4010201,72056.14322369598,74135.82341360494,81481.23360699147,68140.91759679992,63068.57016585906,56224.49300925617,2902.795938911686,3015.840093016209,3415.110945280503,2689.977943496637,9074.708267211914,2050.813919067383,31447.167738827888,32354.794054215767,35560.521368052345,29738.461839288862,27524.758005665502,24537.82541765553,0.127725009989349,0.6725113187585577,0.43642590807561216,East North Central
4010301,13797.706615927442,13985.204451791204,14647.4449835202,13444.721413912572,12987.41352077341,11410.1010180106,390.5921146703957,405.8030203392821,459.5277911444359,361.9559195611233,1290.74755859375,202.9634552001953,6298.966867840393,6384.563894126941,6686.891758026195,6137.821095269539,5929.04964161649,5208.970611695362,0.08313865664861486,0.7482969797989744,0.45652274274111276,East North Central
4010302,13470.649491630473,13804.72264527389,14984.66577307595,12841.72020781595,12026.914589696516,9286.744124590336,0,0,0,0,223.20558547973633,0,5658.671030128667,5799.006511178803,6294.670064643051,5394.474124067678,5052.19538321682,3901.1207273032733,0.15366200061421645,2.449489742783178,0.42007410508635745,East North Central
4020102,14362.50951308706,14805.80709392528,6476.509367355565,13527.95328792303,9092.422573760145,8543.536919406271,0,0,0,0,431.5948486328125,0,6640.491356184794,6845.449532267569,2994.407379364065,6254.635152267072,4203.872133405197,3950.0954211983553,0.3167767675826576,2.449489742783178,0.4623489613799041,East North Central
4020103,3923.8032634002043,3924.8053620569603,3905.9765246702736,3921.916702975844,3911.889940902708,3877.75399145555,31.24560829320878,32.46241217240647,9.599391432437052,28.95484178311864,5.659950256347656,14.319467544555664,1138.00707747111,1138.2977126755684,1132.836850148013,1137.459924881931,1134.5518977874585,1124.6515665375684,0.004581027774433946,0.5837403329854549,0.2900265383043085,East North Central
4020104,26814.53586029587,27808.17849787075,9138.2246792066,24943.894817751712,15001.741671931592,13816.89433376561,0,0,0,0,56.97098159790039,0,12812.889954108829,13287.685931756489,4366.552074614343,11919.03454871852,7168.338328281144,6602.178293461432,0.4033023616296928,2.4494897427831783,0.47783373991122485,East North Central
4020105,100804.47062845506,104666.8675931046,32094.72723552986,93533.08551327388,67731.28957764966,50310.19095154421,31687.83250952288,32921.85801349537,9735.253193023244,29364.64440548659,13064.106900572777,14522.132881045341,46495.30684002183,48276.80850249529,14803.452480425341,43141.43493360182,31240.549867976213,23205.19864732897,0.3959553115776643,0.48080598717395867,0.46124250789822757,East North Central
4020201,3556.7933471602937,3594.104021286841,2893.0586589561885,3486.551918595539,3113.230140611784,3047.184226181233,315.3332198151429,327.6133035155573,96.87783896702666,292.2146179081855,235.29994201660156,144.5132293701172,1582.197588356986,1598.794801875204,1286.943037281128,1550.951516957692,1384.8837252265184,1355.5039788276226,0.09137800641191375,0.40570751670551125,0.44483821069340335,East North Central
4020202,975.9916642761452,976.0490637218783,974.9705622963879,975.8836035358478,975.7574991758291,967.0034439588978,0.7307326232426765,0.7591896877451223,0.2244983812487536,0.6771590840288962,0.3527688682079315,0.33488553762435913,427.03716041695395,427.0622750743967,426.5903856074015,426.9898793249341,426.93470339486254,423.10443822067776,0.00367902136689242,0.4574678632683063,0.4375418111113384,East North Central
4030101,494080.0850786811,512017.91104118584,168457.8153468199,460310.16399178875,390672.975902098,272641.058363131,62150.00571920673,64570.32563558126,18214.35452633187,57593.48851629431,102895.90392017365,32295.0184751153,277766.94078757096,287851.4092623352,94705.31890228315,258781.82490408013,219632.4859914588,153276.10847248085,0.3564957988996541,0.5211434371538465,0.562190116898432,East North Central
4030102,9983.728083277885,9990.97796246154,9852.122273298563,9970.079392046668,9897.538816182781,9811.520973085999,3.18392131723253,3.307913392327154,0.9331145023225123,2.950492662048895,183.74576020240784,1.6544616222381592,5887.040159005007,5891.315148222071,5809.437014964622,5878.992023806832,5836.217493119911,5785.4959097116125,0.007606349849834268,2.269056224046412,0.5896635114557485,East North Central
4030104,23929.68496932189,24350.46446384679,16291.34717129523,23137.52150677125,21302.8678381444,18630.92963549748,0,0,0,0,155.6945457458496,0,11428.281578884134,11629.236441107187,7780.382525369928,11049.962051563207,10173.772550879004,8897.714709734266,0.15130364497096774,2.4494897427831783,0.4775776026109543,East North Central
4030105,115672.9185090081,120029.3694782808,36591.013290653216,107471.422644416,63881.80493791797,61929.89543811389,2825.771801628437,2935.816389580858,828.1513221078565,2618.600817867035,2079.7008476257324,1468.3563232421875,56877.756676565325,59019.87569108974,17992.238609702457,52844.98312694836,31411.44707121529,30451.66983886434,0.41080648110476453,0.3939288347293994,0.49171195306303206,East North Central
4030106,14333.70599040687,14841.305211615028,5119.344625243488,13378.09488793555,12262.919050974899,8064.512014133556,0,0,0,0,170.7327651977539,0,7417.727694081929,7680.4115249886145,2649.2732882642435,6923.196625541959,6346.0904190151705,4173.404571471671,0.3432169064954948,2.449489742783178,0.5175024309167774,East North Central
4030107,71569.98956096666,74319.20292763475,21663.992128341422,66394.29443283487,60354.37910384704,35630.22945659297,0,0,0,0,824.1635894775391,0,34127.27258640407,35438.20129462394,10330.2092009364,31659.305781526822,28779.246163024563,16989.838344819913,0.38942348692782164,2.4494897427831783,0.4768377471584353,East North Central
4030108,235198.0936661601,244072.2559686452,74106.95157657217,218491.5116481598,178413.82394268888,121923.8594272795,110.4756845066382,114.7779608522684,32.37720191425885,102.3761783017264,5720.177333831787,50.62961196899414,69251.0175489526,71863.89914064582,21819.827380968953,64331.98191189627,52531.62838287304,35898.89355489014,0.38128210354597736,2.2528564247279403,0.2944369848815502,East North Central
4030110,24580.47705692207,25449.167461919897,8811.289533252448,22945.072271133773,14253.16160205067,13207.69152354304,1140.378110201446,1184.788079603349,334.211573320232,1056.771481097761,3674.375503540039,522.620849609375,11582.154208965814,11991.475240743774,4151.81991454625,10811.562556931678,6715.9931541594115,6223.374738247706,0.38399886582355097,0.9143223839762878,0.47119322306660366,East North Central
4030112,653.9458363087278,654.1120203707499,650.9291256113472,653.6329766192588,653.2678766689206,646.2818366572956,0,0,0,0,554.3762817382812,0,343.7267178132317,343.81406740553757,342.1410756865752,343.5622726432704,343.3703689707707,339.6983697463974,0.0046700566355737825,2.4494897427831783,0.5256195524593237,East North Central
4030201,16782.908141523083,16797.548370067812,16517.146590591994,16755.34630857393,16608.859645484747,16463.71292650739,0,0,0,0,88.02640533447266,0,2449.9316832037503,2452.068831274789,2411.136401819081,2445.908267999431,2424.5244700281446,2403.336274124486,0.00867931046409909,2.449489742783178,0.14597778064114542,East North Central
4030203,16296.065651595127,16351.096816742082,15297.094374998012,16192.463458764345,15641.834640118563,15491.77224696949,939.5216650165017,976.1096423045237,275.3464057444434,870.6407923662575,582.4886054992676,488.2038166942075,1629.6065651595127,1635.1096816742083,1529.7094374998014,1619.2463458764346,1564.1834640118564,1549.1772246969492,0.02872108631810076,0.4111717400777285,0.1,East North Central
4030204,204682.64018336422,207621.56191147916,151332.89949163026,199149.79829681388,185350.44125596154,167356.246115912,39882.70786050074,41435.86800967003,11688.45878668659,36958.71385016805,41297.66299533844,20724.25887966156,20468.264018336424,20762.15619114792,15133.289949163027,19914.97982968139,18535.044125596156,16735.624611591204,0.12121319956714739,0.39578148795836166,0.1,East North Central
4040001,1365091.4675844288,1360415.041928046,971285.5221527494,871990.8342597636,805470.208590644,509703.3506053275,73125.29450459732,75901.42170499203,76468.9894745198,67206.96796061112,183062.55984210968,24789.618286132812,783079.0558226267,780396.4436500482,557173.9093552867,500213.92367679405,462054.6427944067,292389.2120195697,0.340162500842878,0.6306381891522342,0.5736458504193196,Central
4040002,1367658.3967935387,1380532.4491684134,1357584.0383673115,1307060.5648189941,1273213.3052854985,1169780.85581656,265070.0072366715,272939.1199720727,257766.4573575225,226545.4553537637,105880.97784900665,147653.82154083252,563380.3058381261,568683.521598244,559230.3696079992,538418.2062444071,524475.4852605197,481868.49717634986,0.06070263497983533,0.32740793882761393,0.41193057210701556,East North Central
4040003,253500.20274986385,256493.12336092594,257680.63395050366,247865.7020547312,241287.5585984841,215107.0998264426,38724.89015613875,40232.96118235513,40831.32329956204,35885.78135581873,47670.04443836212,20122.622359367087,126685.09291061813,128180.78570128871,128774.23646677563,123869.28749379895,120581.90268741941,107498.38710833585,0.06522285306736778,0.24832098188577575,0.49974355655889574,East North Central
4050002,678965.6733436906,698914.6704725147,424700.79204800853,584661.7623862517,351597.7696898552,317141.6146514111,227597.3792239262,232959.9374094099,132013.7057169063,183671.5411915514,127881.82128149271,90833.81366164982,251431.34915174294,258818.7671895699,157273.1837893538,216509.1719442477,130202.0191337639,117442.3791578085,0.3277949629821572,0.35005435805633134,0.37031525896371653,East North Central
4050005,29778.869484956143,30200.66334875962,26161.898253763404,28984.79636119223,24871.818661061527,24105.95596697716,8956.114021668558,9304.893734383315,5965.254516181126,8299.49803042712,4866.30419921875,4104.47412109375,15593.489749221331,15814.359057064823,13699.48890928597,15177.67909792041,13023.948055908742,12622.909592190406,0.09642304998620484,0.32197125625006556,0.5236427714993995,East North Central
4050006,186909.9621178498,187359.51768380086,183054.92844285726,186063.62455062868,181679.9381663528,179551.9386844122,5440.888695189831,5652.774295510464,3623.925039642723,5041.990856776558,2775.423096448183,2493.4905225593984,30365.453527311023,30438.488471468918,29739.163496657675,30227.957249559568,29515.78212699384,29170.066635733576,0.017178335716734973,0.3326568318143996,0.16246032679716188,East North Central
4050007,126569.96263374409,126987.30805815074,122991.13770742404,125784.26418412995,121714.6639098219,120136.0060751003,0,0,0,0,147.00140571594238,0,44776.6800074953,44924.3243785008,43510.59842546631,44498.72331596525,43059.020044752266,42500.53795914716,0.022769395492237773,2.449489742783178,0.35377019219848965,East North Central
4060101,32260.13803670162,32738.36648756807,28076.84964834059,31359.82062471284,26696.54047112061,25840.9138283252,5427.090660697897,5638.438921443075,3578.328372561918,5029.204422859736,6807.272945404053,2487.167037963867,12795.537002273311,12985.219694630048,11136.293594710798,12438.438568727017,10588.813074584,10249.440615744425,0.10152721961418704,0.3210815434217674,0.39663615164064464,East North Central
4060102,121697.9243792044,125695.6848913978,86727.63957116626,114171.70256708148,75188.91678436761,69287.23943863867,1389.917539619107,1444.045372180493,916.4360204185214,1288.015969271432,3491.7453260421753,636.981638866011,51273.786136088165,52958.123141596945,36540.100960173724,48102.837333336895,31678.604698245537,29192.10919215776,0.2503308317639627,0.6615377760417293,0.42132013670440027,East North Central
4060103,104506.4123208294,108386.4719470208,70565.71232486154,97201.77531170622,59366.709211413865,53753.82605367813,8158.844801732323,8476.57630215178,5379.498458132217,7560.680469086137,3713.071075439453,3739.0955200195312,43978.05620264719,45610.850559671126,29695.23872923212,40904.14207821094,24982.509841124847,22620.514194274045,0.29133376728943733,0.35338567297088674,0.42081682095866785,East North Central
4060105,13925.665489584439,14240.27039833035,11173.668908674917,13333.387308041914,10265.625813468738,9764.43090339786,7004.58479637423,7277.365722013942,4618.442197105023,6491.044841637354,3641.230229616165,3210.112696290016,5794.677919944341,5925.589733069506,4649.530936837065,5548.2221003918585,4271.680608744329,4063.125902245856,0.16134572326852162,0.33064221904045743,0.4161149730530589,East North Central
4060106,2282.442032126345,2282.7756664046683,2279.523576731355,2281.8139290733657,2281.0809474807575,2258.859459473753,5.994660443388044,6.228111685992687,3.952553014047414,5.555162922513722,2.050468921661377,2.747277021408081,1053.4655546375106,1053.6195441869113,1052.1185358794905,1053.1756524530247,1052.8373433747972,1042.580972409546,0.004094439463032896,0.4003804954426409,0.4615519429670212,East North Central
4070001,1624.9331917480727,1624.9618914709392,1624.7927586159237,1624.879161377924,1624.8161091979148,1610.82805346636,5.257838877864661,5.46259593308809,4.255924165016508,4.872361305982018,0.17638443410396576,2.4096012115478516,656.2449851697293,656.2565758303808,656.1882698910997,656.2231644821853,656.197700249474,650.5484886555915,0.0035350070989981506,0.5518518657365447,0.40385967158671504,East North Central
4070003,7310.650272640627,7519.448694001763,6288.960396543736,6917.564386582184,4881.538439839293,4565.231764587844,1753.653131263424,1821.945990626713,1419.48334891387,1625.084347269351,1078.5203094482422,803.6770858764648,4067.158087029698,4183.319598841593,3498.7580012596386,3848.471324463177,2715.7623196722,2539.7903877299914,0.2011387848547165,0.2842706933133276,0.5563332857339145,East North Central
4070004,3573.23159178,3573.23159178,3573.23159178,3573.23159178,3573.23159178,3543.025504321771,0,0,0,0,23.67034912109375,0,998.9117790904864,998.9117790904864,998.9117790904864,998.9117790904864,998.9117790904864,990.4675414900819,0.003455970262744854,2.449489742783178,0.27955416642694575,East North Central
4070005,17985.906640747202,18052.417666064026,17660.455706913323,17860.692354408806,17212.132981178165,16979.01927936852,0.7453669270615899,0.7743938981406371,0.60333250797024,0.6907204763278206,28.415081426501274,0.3415922522544861,9334.319037204967,9368.836904010323,9165.416634449279,9269.335374160113,8932.746275527219,8811.765014582305,0.02482859631665698,2.155907869639893,0.518979622414919,East North Central
4070006,55204.67976208097,57177.422587723486,45551.67874817154,51490.77543019955,32254.2526965719,29382.98679281912,205.0291571339619,213.0136479913047,165.9595443392087,189.997479006685,842.8030776977539,93.96227264404297,31125.010673469398,32237.264956417148,25682.541649397364,29031.070223706054,18185.305372157032,16566.4538130894,0.2620970786828164,0.9699340575720125,0.563811090067197,East North Central
4070007,342793.2467802453,355965.6078266881,278338.4111655319,317994.83508886996,189549.08968720082,170595.3815319408,1121.494677463523,1165.169265624246,907.7867180085279,1039.272484050948,2657.0980291366577,513.9668416976929,175184.70426171753,181916.44765521848,142245.02000171857,162511.46037748517,96869.18144340663,87182.87697553962,0.28638072489182453,0.5960300154362297,0.5110506286432863,East North Central
4080102,5472.3794032811975,5497.490098746518,5055.851862893667,5425.10577011777,5180.247465275874,5103.3793654128,0,0,0,0,119.17274475097656,0,3151.0206498706616,3165.4795011514034,2911.182220500434,3123.8002794769245,2982.809767308393,2938.548770009917,0.0374586644535707,2.4494897427831783,0.5758044933765618,East North Central
4080103,11007.106128793359,11175.863452462427,8207.817951078938,10689.401992570161,9043.82302960075,8745.07510643381,44946.23922602006,46696.58947468063,15912.03406439144,41651.01326634991,29279.567404016852,20598.29332175851,6168.018433788263,6262.584459685361,4599.389869695289,5989.987537584823,5067.859481483107,4900.4510204772305,0.131790355984144,0.39631186682464403,0.5603669449187391,East North Central
4080104,7866.120451051395,7868.039926317136,7834.280858540792,7862.506828732403,7843.789726276826,7774.954305874583,0,0,0,0,4644.8370361328125,0,786.6120451051396,786.8039926317136,783.4280858540792,786.2506828732403,784.3789726276826,777.4954305874584,0.004504144243368045,2.4494897427831783,0.1,East North Central
4080201,203918.1722596258,211564.95370194022,77076.003732392,189522.2690762941,114957.31152474221,103912.7611600481,47334.4797035578,49177.83567162236,16757.52780284285,43864.16029546937,42343.11695098877,21692.79296875,51759.52345165315,53700.46750292299,19563.814144367567,48105.48379364414,29179.035864583275,26375.65322693135,0.38751018819089195,0.37877401539966665,0.2538249675254721,East North Central
4080202,21956.79694213784,22595.58075620957,11360.871740379705,20754.21648239441,14525.335960544311,13561.10536794808,151.7469372447896,157.656448116305,53.72201270197288,140.6216360956784,1453.0757780075073,69.54370433837175,8933.461568326382,9193.360617742244,4622.345934282959,8444.17315580203,5909.857021154263,5517.5449291554605,0.27879327689549355,1.6231103530964224,0.40686542722367447,East North Central
4080203,31560.259376988513,31582.53820200399,31190.70592518401,31518.31704996104,31301.072755206522,31007.12420673263,0,0,0,0,3505.082977294922,0,5561.816301795391,5565.742465097023,5496.690461475788,5554.424869570131,5516.140239345618,5464.338135653682,0.007428485584382354,2.4494897427831783,0.17622847250269022,East North Central
4080204,71391.47004456435,71642.13017303454,67233.60643902999,70919.57491213511,68475.34893546201,67566.31343200024,20.59006351369645,21.39190641338607,7.289370538219608,19.0805064746659,1543.7013313770294,9.436166250577571,28864.96045672952,28966.307223953314,27183.855298321843,28674.164072668646,27685.915951150215,27318.375209310776,0.02883193758642676,2.3085832882621946,0.40431945775470496,East North Central
4080205,4912.274273388897,4912.657192866617,4905.92253739491,4911.553385552642,4907.819478049565,4865.827133388875,0.4547204230365151,0.4724286900514834,0.1609818081719006,0.4213826717989286,844.5219285935163,0.20839263126254082,2860.4090935897943,2860.632066961236,2856.710488343808,2859.9893218084317,2857.81507371437,2833.363001650868,0.00372254752425603,2.4435228272698506,0.5822983274947401,East North Central
4080206,10701.736051376243,10702.703197178562,10685.69337096571,10699.915293526761,10690.48450408415,10598.83919062713,17.44041296695338,18.11959840491495,6.174319587267274,16.16177202733941,11.158117294311523,7.99272084236145,1070.1736051376245,1070.2703197178562,1068.569337096571,1069.9915293526763,1069.048450408415,1059.883919062713,0.0037719139078134117,0.39834707260325075,0.1,East North Central
4090001,184500.2834433823,189767.87075409922,202184.35365410039,174583.4736709462,123218.40888052153,115238.0307440659,217795.4240485036,226277.0741532745,246269.5787436446,201827.7892122943,72354.54865860939,99812.88897705078,43981.75155477933,45237.45540557669,48197.3352274394,41617.75158964575,29373.187646193266,27470.800278758714,0.22180501748284376,0.40974213973541745,0.23838311103882956,East North Central
4090003,178318.81079006704,178350.3354848446,178424.64385612428,178259.46210103692,177952.05988931618,176406.2273142989,97.47921683689842,101.2753691817408,110.2234620932033,90.33254447051932,170.18663024902344,44.673492431640625,75976.55998308487,75989.99175650856,76021.65243438524,75951.2731991946,75820.29788327447,75161.66270710186,0.004353248341151572,0.39465138379670567,0.42607148200719724,East North Central
4120103,92446.92205503173,92446.92205503173,92321.17899633595,92980.09253362779,92835.83921466902,92924.38031336444,4.431921561929743,4.431921561929743,3.792659427647191,7.142494229868396,1047.9932007789612,10.174497604370117,26192.1895015794,26192.1895015794,26156.56380470755,26343.24809716707,26302.37804781972,26327.46363405836,0.003086186706928669,2.3677956676452654,0.2833213796559688,Northeast
4120104,91175.65620382677,91175.65620382677,90899.04955264681,92348.51220178122,92031.18711129398,93174.32287468157,1251.515188705224,1251.515188705224,1070.996138573304,2016.944544033748,26663.739992380142,2873.141571044922,42009.56598190958,42009.56598190958,41882.118307304394,42549.96430186462,42403.755435577565,42930.46003281079,0.009539317498819798,1.7450460790704507,0.46075419394838835,Northeast
4130001,343908.4954398483,343908.4954398483,544149.3531352777,354678.8826130762,351764.87263206573,366432.937744258,7272.755924159472,7272.755924159472,89969.68517217755,11720.78893944416,1800.927429676056,16696.28800756536,199334.63386651714,199334.63386651714,315397.3033937291,205577.315313017,203888.31047495623,212390.14578126222,0.20520788018805794,1.489570363146127,0.5796153235806936,Northeast
4130002,21272.471523319207,21272.471523319207,37138.58516994906,22125.86472626162,21894.972719214544,23107.72661918586,543.2367000950171,543.2367000950171,6720.263321248457,875.4814230493632,952.3340339660645,1247.1250915527344,7263.012876752247,7263.012876752247,12680.144947803039,7554.385029494773,7475.552082487005,7889.6199627597525,0.2551736923190392,1.3335264704723198,0.3414277870246728,Northeast
4130003,85058.33322488265,85058.33322488265,186382.4167151737,90508.26797707393,89033.74677293215,97207.99402305708,814.8622365796327,814.8622365796327,10080.4838837265,1313.233716251395,839.3232015371323,1870.7040906278744,13173.303355666572,13173.303355666572,28865.744512766763,14017.355208521398,13788.990574627536,15054.966930470564,0.3776291487546392,1.4023796754443265,0.15487375376658455,Northeast
4140101,148032.5308947935,148032.54851026976,92351.66661653851,207249.2359053946,191227.6884147369,286607.3769444032,494.2321500517535,494.2321500517535,210.0102399771022,796.5055858125452,7450.369399547577,1134.6238479614258,54555.38285479172,54555.38934673674,34034.9550135304,76378.89687380542,70474.37269931671,105625.26414766216,0.3703464353411574,1.590060445232557,0.3685364461786048,Northeast
4140102,406518.3742442161,406518.3742442161,180995.7044665489,646364.4586566992,581472.2804422003,969420.1188268622,17787.6884691229,17787.6884691229,7558.384705744578,28666.67662730195,42869.237345576286,40835.739685058594,95734.49020703106,95734.49020703106,42624.22708194241,152217.89679860484,136935.88251981913,228297.0383438937,0.5055792498215119,0.5420224353415779,0.23549855620921709,Northeast
4140201,37207.667450485926,37207.667450485926,31997.779227507046,42748.44652932571,41249.346703235235,49976.3376211671,3344.492643816749,3344.492643816749,1421.149357960745,5389.99146904963,1598.2469450552016,7678.054022951637,13929.443251711771,13929.443251711771,11979.016167124451,16003.746024162578,15442.527668188866,18709.653319408597,0.15315062464424561,0.6288086710410036,0.3743702361952242,Northeast
4140202,52901.08173734977,52901.08173734977,50696.314929208806,55245.87787911478,54611.475489428885,57990.55185677724,1821.508950196047,1821.508950196047,773.999691665251,2935.547704225175,489.4960091114044,4181.693603515625,13569.00092457131,13569.00092457131,13003.483512155017,14170.435526107582,14007.71283066371,14874.43783603113,0.04618035835901575,0.6872381227254676,0.2564976079684054,Northeast
4140203,32907.47751311845,32907.47751311845,14751.932358026,52216.11916814981,46992.01964437633,78221.95958622098,20.82278498131862,20.82278498131862,8.848064761591093,33.55804463157063,285.9883737564087,47.80350112915039,3290.747751311845,3290.747751311845,1475.1932358026002,5221.611916814982,4699.201964437633,7822.195958622098,0.503442514196392,1.533804239166808,0.1,Northeast
4150101,71676.67199140154,71676.67199140154,46025.614356345744,105558.61277186152,96391.59657993796,151074.7242575616,125.1816308552368,125.1816308552368,67.21919984449335,201.7429829420836,2436.3240904808044,287.38329315185547,15461.368765595615,15461.368765595615,9928.181323930892,22770.039304367387,20792.623028113394,32588.315807785308,0.4024245090595482,1.7240789568163548,0.2157099142026347,Northeast
4150102,1993.8285736150603,1993.8285736150603,1993.8129693877738,1993.8491849096263,1993.8436083674721,1977.022538325354,0,0,0,0,0.8098104596138,0,655.041011606184,655.041011606184,655.0358850827896,655.0477831227636,655.0459510375672,649.5196530987681,0.003446799051769849,2.4494897427831783,0.3285342683290534,Northeast
4150301,7851.358501393006,7851.358501393006,5293.013872652595,11230.621939190896,10316.336572488004,15764.29665087465,0,0,0,0,16.010171234607697,0,785.1358501393006,785.1358501393006,529.3013872652595,1123.0621939190896,1031.6336572488005,1576.429665087465,0.37316700496229616,2.4494897427831783,0.1,Northeast
4150302,26588.79350253315,26588.79350253315,16277.69719690829,40208.50304352888,36523.587273780315,58523.659958666,0,0,0,0,244.17035353183746,0,5093.619803091453,5093.619803091453,3118.3212876131115,7702.749932435612,6996.829976506545,11211.387733198626,0.4287969720434913,2.4494897427831783,0.19157017420163036,Northeast
4150303,12458.231957614378,12458.231957614378,8382.235556474894,17842.12959838997,16385.47523586561,25065.68253899532,0,0,0,0,576.037841796875,0,3959.954490909567,3959.954490909567,2664.3645301079123,5671.271932559552,5208.262012355281,7967.33938456987,0.37440006065994985,2.4494897427831783,0.3178584653410047,Northeast
4150304,2395.643143540568,2395.643143540568,2363.4401130788033,2438.1794469780416,2426.6709272954627,2475.830865644351,8.611020927886658,8.611020927886658,4.623888765965164,13.87753967015751,40.28103423118591,19.768583297729492,712.8581657999092,712.8581657999092,703.2756896744189,725.5154563192025,722.0909303191111,736.7191789281392,0.016324380629058104,0.8153290853856496,0.2975644213630091,Northeast
4150305,110592.9593632459,110592.9593632459,60770.24225936956,176402.73510240042,158597.4008774021,265051.8558800121,0,0,0,0,1318.3026194572449,0,29370.402838567425,29370.402838567425,16138.879961541094,46847.64221531847,42119.04247556571,70390.37408101954,0.4812300381499826,2.449489742783178,0.26557208530878945,Northeast
4150306,10778.818811049001,10778.818811049001,7326.572125119915,15338.81861442295,14105.07606397246,21455.03175114507,0,0,0,0,52.395362854003906,0,3168.4805777180663,3168.4805777180663,2153.677679032608,4508.912313761178,4146.248335682276,6306.799714282585,0.36796747162070914,2.4494897427831783,0.2939543407548668,Northeast
4150307,3300.1395937440952,3300.1395937440952,2695.267175737444,4099.1028075893855,3882.937247135571,5158.799474482637,0,0,0,0,44.21439856663346,0,969.047131107583,969.047131107583,791.4334681987212,1203.6532707099643,1140.1787993272621,1514.8207185487793,0.2281978564564568,2.4494897427831783,0.2936382245601234,Northeast
4150308,2445.7829016801893,2445.7829016801893,2390.3638270415913,2518.9847880011143,2499.1794621630424,2597.956089710357,0,0,0,0,1876.8702087402344,0,830.9450914338591,830.9450914338591,812.1166794717368,855.8151435060548,849.0863621910459,882.6453316942042,0.029110560672464498,2.449489742783178,0.339746054673545,0
5010001,16395.39232139269,16392.542170281562,15538.748672111238,16811.39290378607,16664.630184262533,17338.38025249391,899.9132711744492,896.9112222845968,229.9616137515372,1126.289509533032,288.19906997680664,1448.0699844360352,3240.09814022204,3239.5348862825495,3070.806095209598,3322.309208241764,3293.305595198502,3426.453756600078,0.03600930477042561,0.5837424679183355,0.19762248299446689,Northeast
5010002,8662.090133610003,8662.090133610003,7564.06736170863,9662.990366589389,9392.189213205827,10952.24828427241,618.551314289991,618.551314289991,203.5348940145606,996.8586157174886,280.15689492225647,1420.027099609375,2154.472321293602,2154.472321293602,1881.367373905381,2403.420532991752,2336.0657051684457,2724.0903085092086,0.12520449332757289,0.6619553315325751,0.24872430187882452,Northeast
5010005,20836.05694660883,20711.27633798131,9599.192359264935,15104.81460360845,14466.093406524431,11474.4217923532,853.4848989556998,845.0656467883795,95.30622382765137,466.7839920721261,2520.3878784179688,226.5019989013672,5608.071514172041,5574.4865331673245,2583.644178310482,4065.494768151571,3893.5815237194115,3088.366391020257,0.30215282865616866,1.057399639208611,0.26915224548206956,Northeast
5010006,344932.2114965514,341867.8953163884,68981.43398362977,204186.4751416588,204956.7982903805,116442.2544390642,329706.0119880511,326453.6075701106,36817.32976682288,180321.2788817614,66584.11038208008,87498.98962402344,34493.22114965514,34186.78953163884,6898.143398362978,20418.64751416588,20495.679829038054,11644.22544390642,0.5306668901422855,0.7628869700235542,0.1,Northeast
5010007,1264731.028184848,1252503.191372654,163577.9887336587,703099.7228708827,698674.770662165,353909.6090073648,582946.2565625288,577195.7488031054,65095.94542963742,318822.2558298396,120885.15780639648,154705.12342834473,330103.537144076,326911.98724660976,42694.985318255734,183513.8858084344,182358.94270730118,92372.85332540535,0.6115557393790009,0.75990356158821,0.2610069096018331,Northeast
5010009,143378.37109710544,142663.03232596803,78959.9891565023,110522.46584205917,106860.8228893035,89507.96100615518,77105.72867221867,76345.11466014804,8610.176752067011,42170.30656932171,38199.80310058594,20462.69546508789,14337.837109710545,14266.303232596803,7895.998915650231,11052.246584205917,10686.08228893035,8950.796100615518,0.23797900966229207,0.6443520946644903,0.1,Northeast
5110001,33116.9942576148,33115.96973723233,33030.89272337122,33069.93747001073,33053.84431215901,32757.52215948381,0.7227458246285565,0.7156162557775185,0.1235710038325435,0.3952807855023212,10.8746337890625,0.16326400637626648,7997.4581367157825,7997.210724199861,7976.665385711161,7986.094343070006,7982.2079892781885,7910.6488377269725,0.0040888097333202054,1.9734593090459869,0.24149106270044046,Central
5110002,39636.83539710771,39634.0501480491,39402.76077907232,39508.90736793655,39465.156698332125,39085.58664750397,0,0,0,0,29.56365203857422,0,9794.151768822489,9793.463541527835,9736.312581831415,9762.54110867175,9751.730439913756,9657.9397362043,0.005160993896829587,2.449489742783178,0.24709721829955086,Central
5110003,352036.0226635555,355792.6239463258,109661.9536644564,330124.7097561266,239256.0977257941,141789.0360710551,146876.2153875626,148734.3580731069,42953.62411645456,137400.6988235869,61198.6484375,56751.01953125,35203.602266355556,35579.262394632584,10966.195366445641,33012.47097561266,23925.60977257941,14178.90360710551,0.4278302567078629,0.5070463513259394,0.1,Central
5110005,215961.42611121078,223689.40706070018,75007.082579595,201412.6559664466,149311.79680007818,93325.07238987328,67001.49257284135,69610.7448975077,19410.09050604537,62089.28942827088,18975.83251953125,25644.9248046875,21596.14261112108,22368.940706070018,7500.7082579595,20141.265596644662,14931.17968000782,9332.50723898733,0.40255190451155765,0.5667713818154321,0.1,Central
5120107,12883.824537577892,12900.599958514802,12545.053599009081,12824.02374736291,12782.851078077203,12434.62957313777,288.0136543153305,299.2298267944872,99.93669145922813,266.8979817522319,4923.618007659912,95.40901184082031,4890.470646581449,4896.838298006437,4761.879223580195,4867.771330214965,4852.142917238999,4719.964227328428,0.015146142127697947,1.9352519081973838,0.3795822142965041,Central
5120108,164562.4878152269,169616.9717180497,79640.57907212226,154965.1496844749,143848.1407384973,77785.99504528366,97771.90681377273,101579.4574420449,33925.477970328,90603.77593102962,60957.014556884766,32388.46810913086,16456.24878152269,16961.69717180497,7964.057907212226,15496.514968447489,14384.814073849731,7778.599504528367,0.3188791916663684,0.45428185287232603,0.1,Central
5120109,19591.099199307293,19735.506848058103,17169.617892674883,19319.23599175627,17101.091770590814,20252.83192383434,2079.126137138341,2160.093955888124,721.4275578911376,1926.695354529933,5901.479156494141,2525.4337768554688,8239.266835053159,8299.999167577034,7220.884435042492,8124.931570509886,7192.064969668031,8517.566303367721,0.072706167453277,0.6862268317297645,0.4205617434342063,Central
5120110,8945.40475302811,8945.421857878273,8945.11793252184,8945.372551275153,8945.334972581568,8869.496950052553,0,0,0,0,28.530181884765625,0,3391.3439647948485,3391.350449513201,3391.235226619241,3391.331756602647,3391.3175099274868,3362.5661200120458,0.0034658174728453475,2.449489742783178,0.3791157648452793,Central
5120111,242049.88962137408,251048.49914464858,91156.6040808422,225108.4106596786,205336.4378950667,88289.11098245933,113664.7401569658,118091.2085250358,39440.06784630902,105331.4288741041,65560.42681503296,37654.463284254074,24204.98896213741,25104.84991446486,9115.66040808422,22510.841065967863,20533.64378950667,8828.911098245933,0.4055506576768794,0.4636830624891193,0.1,Central
5120112,12785.892557191315,12785.933473354706,12785.20645970515,12785.815528034505,12785.187043655986,12678.04224060711,0.4862221390902496,0.5051571836393873,0.1687122508494269,0.4505748448452399,1.4390446543693542,0.5905951298773289,4899.1080356033,4899.12371324989,4898.845146978775,4899.07852071731,4898.837707425998,4857.783556279182,0.003439499588949312,0.7123984537056584,0.3831651184060544,Central
5120113,496629.4439721023,515512.6867331169,179988.1874324107,461079.67226414604,419593.9189952112,174058.1908071096,268103.399799209,278544.2033143921,93028.11288095747,248447.4441929671,129583.72999846935,88813.4296875,49662.94439721023,51551.26867331169,17998.81874324107,46107.96722641461,41959.39189952112,17405.81908071096,0.417711685975336,0.48778674353298773,0.1,Central
5120114,98633.55445637502,102167.52773706432,39374.57259943451,91980.46287986374,37697.58743577299,118046.7128181658,51962.98046911492,53986.58505431467,18030.4241435661,48153.32330686379,13514.317869119346,63117.41464781761,24583.219694425086,25464.019763247896,9813.635673183699,22925.01714080177,9395.667417555069,29421.71446023673,0.42097330748271233,0.49558570959339954,0.24923789708195182,Central
5120202,429500.242716356,445509.4067416691,161052.6102159292,399361.238863157,364189.7253047323,155953.6661091386,206965.4330526718,215025.3286845664,71814.09740756673,191791.7971824939,98483.26797199249,68560.52703857422,42950.0242716356,44550.940674166915,16105.26102159292,39936.123886315705,36418.97253047323,15595.366610913861,0.40694194575994347,0.4900221862835178,0.1,Central
5120208,16640.0804091604,16707.83213806357,15503.99415299431,16512.530362496826,16363.682437148767,15357.11481387981,1365.463632825092,1418.639152076739,473.7966958435777,1265.354896535852,1293.9929399490356,452.33111572265625,1725.1474980984028,1732.1716063199474,1607.364632015017,1711.9238454192446,1696.4921515994251,1592.1370298541383,0.036757172161059844,0.4344381852854916,0.10367422846999617,Central
5120209,8928.049482526456,8940.264026534805,8723.231453556973,8905.054266264655,8878.219385972317,8646.638562852671,0,0,0,0,99.71599388122559,0,2368.550174151474,2371.7906087385336,2314.21335857552,2362.449701300362,2355.3305919681225,2293.8937910180716,0.013809867579244683,2.449489742783178,0.26529312799924387,Central
5130103,4996550.070505831,5009212.727022336,5085057.655903798,4691190.327680372,3364601.630254923,1942766.836241311,16022.56048520542,15864.50499148064,9500.11400369626,8762.984272659623,9151.63671875,3619.401611328125,499655.00705058314,500921.27270223363,508505.7655903798,469119.03276803717,336460.16302549234,194276.6836241311,0.30447330242035336,0.4522257367938057,0.1,Central
5130104,12004.04561605198,12004.051436330165,12004.086482815674,12003.905638262368,12003.296533817256,11901.56854269956,0,0,0,0,209.86253356933594,0,2587.5958702284283,2587.5971248494347,2587.6046794809376,2587.5656965718204,2587.4343978249544,2565.505879880072,0.0034845226088861102,2.449489742783178,0.21556031632937636,Central
5130105,8499.8311524,8499.8311524,8499.8311524,8499.8311524,8499.8311524,8427.978366882207,0,0,0,0,738.287841796875,0,1907.018255444583,1907.018255444583,1907.018255444583,1907.018255444583,1907.018255444583,1890.8973971322052,0.0034559702627448012,2.4494897427831783,0.22435954564887092,Central
5130106,14729.41318356,14729.41318356,14729.41318356,14729.41318356,14729.41318356,14604.89902000718,0,0,0,0,2187.69482421875,0,1472.941318356,1472.941318356,1472.941318356,1472.941318356,1472.941318356,1460.489902000718,0.0034559702627448086,2.4494897427831783,0.1,Central
5130107,4396.368126438144,4396.444084863643,4396.901464352254,4394.5413250085985,4386.592114822097,4346.131751553083,13.32248500315112,13.35634766638129,13.56024983377476,12.50808737457996,5.04585075378418,7.382318496704102,895.5039532482624,895.5194253535004,895.6125897856876,895.1318488532461,893.5126602542738,885.2712177237054,0.004557560489963918,0.34000124268538695,0.20369175817262217,Central
5130108,217648.91643197002,218113.8601373167,220913.49313108798,206467.0123838528,157809.6683911435,135795.2244049354,0,0,0,0,2709.5135498046875,0,31357.93960723139,31424.92673894808,31828.28607461715,29746.89794627134,22736.552664591178,19564.804252868365,0.1900052000065287,2.449489742783178,0.14407579013623467,Central
5130201,185574.6812172608,185932.7223721705,188088.6475280248,176963.7853315075,139494.0197714055,122389.3656280661,89789.3748508879,90017.59859154171,91391.83531514625,84300.58999339672,26556.935546875,49754.51171875,18557.46812172608,18593.27223721705,18808.86475280248,17696.37853315075,13949.401977140551,12238.93656280661,0.1698013272879624,0.3794305415109264,0.1,Central
5130202,127687.90427472908,127692.47805375358,127720.0188130239,127577.90481113578,127099.24914426178,125821.3847966974,683.4801088221762,685.2173565461626,695.6780983316631,641.6992714131885,3113.855544090271,378.7332458496094,12768.790427472908,12769.247805375358,12772.00188130239,12757.79048111358,12709.924914426178,12582.13847966974,0.005856912914787199,0.9935571967391899,0.1,Central
5130203,63767.02911205824,63768.110742005534,63774.623717345676,63741.01589336732,63627.821027380734,63041.83702864051,197.9223453520194,198.4254179938573,201.4546422852212,185.8234397305982,591.8308410644531,109.67366790771484,14506.771012814821,14507.017079758578,14508.498758349962,14500.85309861825,14475.101671531878,14341.792408025818,0.004536257570949965,0.6958983736722948,0.22749642275668783,Central
5130205,326137.76390792953,326858.13687941554,331195.8231747681,308812.7816501201,233424.2236944863,199409.2402549532,164987.843916249,165407.2047032409,167932.3626568915,154902.2098324666,57561.082763671875,91423.84375,32613.776390792955,32685.813687941554,33119.582317476816,30881.278165012012,23342.42236944863,19940.924025495322,0.19721422158357801,0.35382797236837094,0.1,Central
5130206,44669.41714193545,44670.246889999326,44675.243172408176,44649.461686839226,44562.62679369672,44149.01276081359,0,0,0,0,58.67696762084961,0,10666.378677709847,10666.57680895092,10667.769845340543,10661.613617980813,10640.878763757097,10542.114011865931,0.0046455835471466,2.4494897427831783,0.23878481879040003,Central
5140103,21072.214620294868,21069.933194682944,20863.794901591555,20967.427480583967,20931.590865590468,20717.0057287109,0,0,0,0,24.215885162353516,0,5339.462029276715,5338.883941702771,5286.650818199875,5312.9101473922165,5303.829552473099,5249.456093818589,0.006431649509329231,2.449489742783178,0.2533887455822619,Central
5140104,52764.133136664466,52764.14142471783,52763.95594862188,52764.11753349669,52764.09932496433,52317.95513425048,0,0,0,0,13.824129104614258,0,5276.413313666447,5276.414142471784,5276.395594862188,5276.411753349669,5276.409932496434,5231.795513425048,0.00345671881851492,2.4494897427831783,0.1,Central
5140201,521670.9401091492,523599.48027819814,84954.76271767139,398053.29936019715,350251.745982056,157282.0189200446,452670.0697477044,452507.2550896034,56617.02548871542,313335.6158496319,149013.0360507965,113969.07148742676,52167.09401091492,52359.94802781982,8495.476271767138,39805.32993601972,35025.1745982056,15728.20189200446,0.5412305317725105,0.6800384926042876,0.1,Central
5140202,109642.19938659413,113127.82508785035,35123.95389542579,103080.12742113332,95422.34270373746,49947.40969980457,49668.34677511003,51602.59098831763,8316.664904125173,46026.92029570637,22187.169982284307,16453.41408033669,10964.219938659415,11312.782508785036,3512.395389542579,10308.012742113333,9542.234270373747,4994.7409699804575,0.3947199899905841,0.5846139189776793,0.1,Central
5140203,4081.5588866400003,4081.5588866400003,4081.5588866400003,4081.5588866400003,4081.5588866400003,4047.055686517351,0,0,0,0,1121.06982421875,0,408.15588866400003,408.15588866400003,408.15588866400003,408.15588866400003,408.15588866400003,404.7055686517351,0.0034559702627447995,2.449489742783178,0.1,Central
5140204,92727.16125358759,96133.49824833304,19904.00749137797,86314.3589581273,33992.014639129055,111458.9911128257,36809.14184834384,38242.60751080424,6163.468648296039,34110.48581258758,6814.332371683791,44710.63457966596,26251.19144113339,27215.530296687622,5634.852874153966,24435.71797622394,9623.187766109484,31554.199157856445,0.506707288540344,0.6069821059175349,0.2831014245043303,Central
5140206,217949.5184075429,206643.1280551608,56335.67986774622,288644.79709706735,163631.776584992,232916.1980531355,144836.0172035662,137766.8948793825,34065.63448653276,188529.4479709761,51360.768206596375,147389.47789764404,21794.951840754293,20664.31280551608,5633.567986774622,28864.479709706735,16363.177658499202,23291.619805313552,0.40565093661682583,0.5175027204057709,0.1,Central
6010105,47715.84316299604,47707.365955714275,56089.61751425241,63192.244143094285,97088.67268634852,67203.61740418387,4877.789105895251,4877.789105895251,15733.60259519743,24932.08088661645,25031.992787361145,30608.1953125,13468.592009937061,13466.199176892664,15832.229385789016,17837.06413084436,27404.89603697998,18969.34109111162,0.2914671616634599,0.6224680999495976,0.28226666694181035,Southeast
6010106,20307.072744394165,20307.072712575544,41988.03271579509,60359.064774224265,148032.5985209806,71605.98335734672,217.2870674177938,217.2870674177938,700.8725251560423,1110.629964286212,11189.758686065674,1363.4793701171875,5144.341439392003,5144.341431331469,10636.726394651812,15290.615347143259,37500.73880848153,18139.769927957805,0.7886917965697446,1.7427170292595318,0.25332757232635195,Southeast
6010107,6663.23085942,6663.23085942,6663.23085942,6663.23085942,6663.23085942,6606.903658418806,0,0,0,0,2933.12158203125,0,666.323085942,666.323085942,666.323085942,666.323085942,666.323085942,660.6903658418806,0.003455970262744835,2.4494897427831783,0.1,Central
6010201,83939.18977896475,83940.22675651294,83772.93273549748,83914.25045123395,83805.72855343176,83051.15799975686,164.6416492724123,165.0601301130102,97.54724840870148,154.57717791442,4851.750152587891,91.23200988769531,8393.918977896476,8394.022675651295,8377.293273549749,8391.425045123395,8380.572855343176,8305.115799975687,0.004102228228019153,2.091708858847863,0.1,Central
6010202,88370.20395998472,88324.66193756228,116972.2604708296,182544.86735075118,490459.5981517082,223460.9412141912,42.53920765426087,42.00001685391863,35.99860168829879,57.04478956216387,4510.142177581787,80.91026306152344,8887.952022912361,8883.371572803857,11764.64229444471,18359.695353617673,49328.63320676682,22474.884469044675,0.7712993199331764,2.29024497840973,0.10057634388777638,Southeast
6010203,488160.6506167429,488035.99610184855,659161.9343819747,1041516.00125152,2866254.648393318,1277411.962274166,0,0,0,0,3059.738555908203,0,91710.36388802038,91686.94514071495,123836.24281663667,195668.8056468612,538481.0440328951,239986.39740229782,0.7955901922821037,2.449489742783178,0.187869226600205,Southeast
6010204,913693.9669148527,915963.3903074971,549840.7433885194,859114.2955927618,621614.3285835513,824238.356909873,0,0,0,0,14067.963806152344,0,91369.39669148528,91596.33903074972,54984.07433885194,85911.42955927619,62161.43285835514,82423.8356909873,0.20058964609949761,2.449489742783178,0.1,Central
6010208,89268.89116289033,89479.14407162339,55559.35999022641,84212.305119775,62208.89268931124,52331.09373747725,57001.62580731112,57146.51070362204,33772.44929759904,53517.14157849087,15595.0595703125,31586.009765625,20925.147830588452,20974.432336531543,13023.437459831073,19739.854621589075,14582.126639455659,12266.713054550706,0.24043064658429555,0.41218846128390785,0.23440582220749231,Central
6020001,1128709.299132491,1131361.380376457,203514.221828944,1064926.6999558627,787380.7779436911,662761.7624284416,0,0,0,0,195055.27303886414,0,112870.9299132491,113136.13803764571,20351.4221828944,106492.66999558627,78738.07779436912,66276.17624284416,0.4370227348256523,2.449489742783178,0.1,Central
6020002,158393.2521742608,158740.2691632217,35805.67322944892,152143.0807885677,122725.3929389374,100274.158506574,1680.620012142774,1684.89175795263,190.3948526518873,1577.88445251598,6326.775974273682,931.2731323242188,28606.957227762432,28669.630984530744,6466.761358363806,27478.1314536695,22165.08606504281,18110.232122082634,0.394913242139131,1.0495132237052989,0.1806071712972323,Southeast
6020003,37796.82422359762,37874.88332895218,10565.418633330984,35919.50140769777,27750.450623007673,24043.84296707774,0,0,0,0,2056.9793243408203,0,8542.62338338077,8560.265858704697,2387.9358683248993,8118.321550761515,6271.999123234659,5434.2527282664705,0.3682742812447254,2.449489742783178,0.2260143162516646,Southeast
6030001,736982.4771873906,738798.9862711597,1146704.406065366,693295.4027229875,503193.8778751247,418142.9539063119,0,0,0,0,2921.750732421875,0,73698.24771873906,73879.89862711598,114670.4406065366,69329.54027229875,50319.387787512474,41814.29539063119,0.35846619762084303,2.4494897427831783,0.1,Southeast
6030002,1977540.3905572116,1978786.8825430095,2258692.3568839217,1947562.2370266828,1817114.209363022,1767779.956281933,43924.50983479776,44036.15573897662,69106.75396460638,41239.42393399557,179220.4459196627,26262.666015625,197754.03905572116,197878.68825430097,225869.2356883922,194756.2237026683,181711.4209363022,176777.9956281933,0.08768553808160925,0.8400459138545048,0.1,Southeast
6030003,429430.9919430975,430485.5105104961,667282.4760522136,404069.802401206,293712.1997698454,244324.9852329883,0,0,0,0,349.87664794921875,0,111095.54153887066,111368.34977466625,172628.6863949544,104534.49881236033,75984.53884839232,63207.865885776824,0.3570833642379234,2.449489742783178,0.25870406100915877,Central
6030005,32084.47239605724,32086.538653038508,32550.52610505752,32034.778880395865,31818.540708852106,31493.24843082503,877.4312662452005,879.6614927734688,1380.469056235726,823.7942801802687,22551.775268554688,524.6201782226562,3208.4472396057245,3208.653865303851,3255.0526105057525,3203.4778880395866,3181.8540708852106,3149.3248430825033,0.01089217084048442,1.962750149151054,0.1,Southeast
6040001,30164.964021738204,30193.445878518054,33839.86184942837,29479.974880123802,26499.288214294767,25008.42269169267,2161.548421062186,2167.042575209917,2870.436724888415,2029.413920048419,2014.1402587890625,1197.7674560546875,3016.4964021738206,3019.3445878518055,3383.9861849428376,2947.9974880123805,2649.928821429477,2500.842269169267,0.10654558541817262,0.2573869058728375,0.1,Central
6040005,19144.471063059205,19156.657117871626,20716.78801923374,18851.396236858465,17576.09977816153,16885.49310957922,7374.326707292354,7393.07053337129,9792.766146564365,6923.537370219929,7451.785614013672,4086.296875,1914.4471063059207,1915.6657117871628,2071.678801923374,1885.1396236858466,1757.609977816153,1688.549310957922,0.07185740089681748,0.25426730599371883,0.1,Central
6040006,10695.89449137437,10691.132012311009,13014.106266028535,10505.306995523417,8790.137637812066,6914.289819138727,4355.996831125922,4349.678968535903,6012.392982662185,4250.793583436471,2817.4820404052734,1755.7178955078125,1069.5894491374372,1069.113201231101,1301.4106266028537,1050.5306995523417,879.0137637812066,691.4289819138727,0.20395883389867966,0.37390807422901495,0.1,Central
7010101,128693.6075655625,133635.2096653374,84883.25781911463,119390.5006393919,107337.9154211704,91434.91346496569,128869.7104100098,133888.3089300478,84376.739919754,119421.649293644,56798.078674316406,91045.94360351562,74303.7186413627,77156.84723885098,49008.974304652955,68932.39171527172,61973.60084837071,52791.698147376905,0.1791750110697236,0.293462380683384,0.5773691486852518,East North Central
7010103,7936.058492643158,8069.155063825429,6756.075317993391,7685.489626875564,7360.866613116423,6894.751394639328,333.2183042172612,346.1948902829378,218.1728670141983,308.7884603593058,941.2928237915039,235.41741943359375,2827.812570361233,2875.2381478579346,2407.3555818974255,2738.528728890608,2622.857575535624,2456.769274237431,0.07284719905866811,0.6837642215482358,0.3563245624994645,East North Central
7010104,185362.5831104717,192440.9178762724,122608.7807097692,172036.84302539402,154772.7591826662,131984.7091689187,0,0,0,0,400.08270263671875,0,23455.126941505274,24350.794436424567,15514.482305077225,21768.934830669583,19584.39860299605,16700.879195504458,0.17804147596217018,2.449489742783178,0.12653647002494875,East North Central
7010106,110394.58449180229,114565.11545185909,73420.2558632786,102543.10339783048,92371.16345074202,78934.54980383573,0,0,0,0,166.59996032714844,0,48799.858776919216,50643.43944541346,32455.379346613965,45329.11634567317,40832.61649298265,34892.96962146655,0.17586300956283743,2.4494897427831783,0.4420493903896437,East North Central
7010108,2704.145394865076,2704.2458450909303,2703.254841672418,2703.95628631829,2703.711287857698,2680.550812298759,0.8380707011006279,0.8707078535148703,0.5487222199549613,0.7766276887849947,0.6495805382728577,0.5920936465263367,2252.9785654338443,2253.062256276124,2252.2365945108877,2252.8210082613423,2252.616885997308,2233.320565947865,0.0035273059133491586,0.18846340815464666,0.8331573330753753,East North Central
7010201,197292.05742987272,204637.66807244852,132168.6895716754,183463.14124720122,165547.17058385012,141856.9729375432,0,0,0,0,1271.871250152588,0,19729.205742987273,20463.766807244854,13216.868957167542,18346.314124720124,16554.717058385013,14185.697293754321,0.17295810288776733,2.449489742783178,0.1,East North Central
7010202,9716.695883213897,9717.647393468957,9708.260158074605,9714.90456099381,9712.583824074172,9627.5916878985,0.94298213447996,0.9797048735120157,0.6174124086788504,0.873847558093764,2605.637401787564,0.6662131324410439,7355.939826407627,7356.660158942941,7349.553634304615,7354.583721552742,7352.826827919458,7288.484272904831,0.0036540483783777814,2.444894183648236,0.7570412735789539,East North Central
7010203,1345178.47490982,1396184.417387433,892979.3431356815,1249154.204408364,1124750.528042929,960461.5189505203,201714.1402194932,209569.5337200721,132071.2329785367,186925.5019990341,142089.59317183495,142510.23895645142,134517.847490982,139618.4417387433,89297.93431356816,124915.4204408364,112475.0528042929,96046.15189505204,0.17660538230445363,0.20182293787835742,0.1,East North Central
7010204,485330.97884323343,485332.15799819044,485320.5249074391,485328.7589549409,485325.8829917779,481219.6330831427,11.43373840028775,11.87900472727508,7.486177847705077,10.59547579497296,553.5055811405182,8.077891111373901,180787.8643415109,180788.3035817731,180783.97020573838,180787.03742363222,180785.96611505965,179256.370470446,0.0034604863027138852,2.208394242981826,0.37250427486086174,East North Central
7010205,19815.42610393067,19867.35907546731,19355.00828791587,19717.656599740694,19590.991896180418,19267.78654988707,405.6179121693968,421.4139704303929,265.5761153883407,375.8801032469092,1547.9551495313644,286.5674533843994,13932.308444629052,13968.82273274477,13608.58676473804,13863.56629991267,13774.507820433431,13547.260798245055,0.01254092366225649,0.8950526898435215,0.7031041559013148,East North Central
7010206,483625.933270832,486442.9547344964,458651.3009401532,478322.5819769305,471451.8565387328,458918.0248327695,37438.12151697586,38896.08165858182,24512.40584208416,34693.35194273738,44997.44446723163,26449.88479076326,48362.5933270832,48644.295473449645,45865.13009401532,47832.25819769305,47145.18565387328,45891.80248327695,0.025524221636591144,0.22556065206562156,0.1,East North Central
7010207,28241.003941757368,28267.36640343895,28007.28446310891,28191.373721656884,28127.075583206224,27809.30644419906,619.7098867236984,643.8433709262274,405.7516678777624,574.2759607409885,437.12381529808044,437.8225965499878,18897.83746943101,18915.478255756458,18741.44102084697,18864.62675797878,18821.600816955808,18608.96143791167,0.006157377884155682,0.20160394758335737,0.6691630902500786,East North Central
7020001,130647.11000686561,135562.5643791795,219894.7063911953,121393.2290401175,109404.4182228135,49502.26647403159,39592.79063013473,41134.66047548774,67587.79723833474,36690.05185272274,18121.037227340043,14151.175308607519,80482.46334203742,83510.52784578664,135461.60833796806,74781.80042160432,67396.34025285214,30494.852481885355,0.42965237968063774,0.5289151306853148,0.6160294195394601,West North Central
7020002,2105.751750389048,2105.928305586005,2108.957380177071,2105.419365902702,2104.9887471450447,2086.658589037971,0.3525631567034687,0.3662930931704829,0.6018511645613748,0.326715048243263,489.8397408425808,0.24908447265625,2264.5082240406277,2264.698090056616,2267.955532118072,2264.150780480277,2263.6876965873344,2243.9755943541227,0.003854213616652786,2.4381536686653127,1.0753918279408998,East North Central
7020004,9956.392735003705,10098.629573278471,12539.151802737466,9688.59549369559,9341.64861297653,8831.013992088127,163.5840196871586,169.9545043921514,279.2499184341986,151.5908848322127,6670.50173754245,115.57146227359772,2339.0578642645332,2372.4736006672406,2945.8261055015478,2276.144190609628,2194.6358721425518,2074.672351463462,0.1280341912735983,2.107377785520794,0.23493025300630258,East North Central
7020005,11378.344143498474,11564.279057593365,14754.277050202352,11028.301312811654,10574.805391463902,9921.17979929293,1.011330139396168,1.050714568248342,1.726414716281705,0.937184640539707,1417.236359525472,0.7145007252693176,10749.83701508784,10925.501417282645,13939.293060998945,10419.129547399458,9990.68344135678,9373.16225408077,0.1459307073630195,2.4382502967976043,0.944762865274227,East North Central
7020006,3331.3429855070053,3332.4890399527844,3352.1513578087533,3329.1854125504974,3326.390181652991,3294.792972292882,8.326174503489819,8.65042235744904,14.21339049752521,7.715742421938494,2351.360715150833,5.882409334182739,2832.1578162361193,2833.132140126084,2849.8481574930634,2830.3235448508376,2827.9471653939645,2801.0846406254855,0.005574950728739008,2.3945577787369663,0.8501549761034546,East North Central
7020007,19529.5489582156,19962.4702541525,27389.89759731197,18714.52722530415,17658.630634135832,16195.62539862737,5283.458898986073,5489.213679739218,9019.251815757416,4896.102999569463,4998.57849381119,3732.7429713085294,1952.95489582156,1996.2470254152502,2738.9897597311974,1871.4527225304153,1765.8630634135834,1619.5625398627371,0.1963350914583116,0.3225884873949158,0.1,East North Central
7020008,4207.891256476015,4208.103694528455,4211.748394417851,4207.491318586009,4206.973181415325,4170.76514175814,2.072652132529784,2.153367832842707,3.538169193166276,1.920695990478995,556.9390856549144,1.4643205553293228,3324.593068086896,3324.7609122714275,3327.64053611363,3324.277083035064,3323.867710467909,3295.260270228566,0.0036825676408546153,2.3918131165997565,0.7900853100636315,East North Central
7020009,37255.592480555235,38466.16951508179,59237.72124874563,34976.34638825848,32023.44617607813,28080.77486019794,1884.259633094332,1957.638727188114,3216.569380412106,1746.115455413356,7557.965465396643,1331.221927165985,9955.421077943207,10278.910877019409,15829.474703345191,9346.362059463932,8557.289518777685,7503.730831125571,0.28437520037988906,0.7951898745945455,0.26721950759846935,East North Central
7020010,5052.083545728364,5053.96639228932,5086.269506414373,5048.538880955994,5043.946611450971,4995.594301563069,1.347844690283982,1.40033407158529,2.300869733752582,1.249027683800019,6349.64272627607,0.9522469639778137,3516.1161729898595,3517.426584265586,3539.9086950590763,3513.649180308296,3510.4530825139536,3476.8011570738013,0.005790721649253653,2.446137275920543,0.695973481270476,East North Central
7020011,8719.086378757414,8719.535604198461,8727.242754101642,8718.240662686469,8717.145000226992,8642.091960674696,2.265622474443066,2.353853056796587,3.867583718757212,2.099518744272137,372.96830932050943,1.6006532609462738,4931.51785336495,4931.7719354082365,4936.131101689545,4931.039516103272,4930.419809089779,4887.969787559633,0.0036876558056154612,2.356510397790451,0.565600297914213,East North Central
7020012,305884.9019589159,306593.21416729415,318745.39405167033,304551.42668538966,302823.8506725466,298114.526815549,8615.070473827667,8950.568860472724,14706.55710577395,7983.458032862634,10313.70766144991,6086.512999586761,30588.490195891594,30659.321416729417,31874.539405167034,30455.142668538967,30282.38506725466,29811.452681554903,0.022494880207980284,0.30979840922052393,0.1,East North Central
7030001,6175.35571284,6175.35571284,6175.35571284,6175.35571284,6175.35571284,6123.152733560172,0,0,0,0,66.1558952331543,0,1983.8137043870097,1983.8137043870097,1983.8137043870097,1983.8137043870097,1983.8137043870097,1967.0436605999246,0.0034559702627448164,2.4494897427831783,0.3212468717003945,East North Central
7030002,13890.71566698788,14372.375632677671,15716.3711333774,12983.93805268506,11809.167671446501,7939.441882231537,0,0,0,0,72.32683563232422,0,9056.686481341754,9370.726693843792,10247.005942082902,8465.471402297486,7699.526199363888,5176.481737013128,0.21220984053754235,2.4494897427831783,0.651995670954918,East North Central
7030003,3052.086063512951,3052.2080397267773,3052.548394944675,3051.856429937288,3051.5589295149443,3025.392623824185,1.159370339981392,1.204519927529116,1.330502668145079,1.074371298749783,0.7887824177742004,0.8190905451774597,2069.95097875837,2070.0337040740856,2070.2645359057415,2069.795239295325,2069.5934719540387,2051.847258725459,0.0035728186995335337,0.20428859193984344,0.6782085877276529,East North Central
7030004,5368.660951852071,5375.336483812833,5393.963493652012,5356.093532143617,5339.811885784895,5274.414767680322,6.227469439441117,6.469987008642802,7.146693700221212,5.770903566227436,45.8954097032547,4.399682521820068,3588.8981019432063,3593.360630718687,3605.81260726484,3580.496902995742,3569.6127793311302,3525.895436190456,0.007824194160124346,1.2892983473210542,0.6684903617735657,East North Central
7030005,108488.42043401027,109550.52606962755,112514.162861598,106488.89030278295,103898.41085389856,95075.58792050813,44454.05659304518,46185.23967646903,51015.83063429777,41194.91492022543,24246.208206027746,31406.605236312374,23027.83177427472,23253.275096296176,23882.33881768254,22603.4100405515,22053.552970783297,20180.814097163973,0.05741895679496259,0.25220422273161436,0.21226073420694466,East North Central
7040001,605656.4006254681,627497.2571176515,241859.20481948118,564538.5972889371,511268.67008800304,440669.1281787009,2100.435440210633,2182.233111347927,737.9539187621572,1946.44236963608,71024.71647500992,1483.9493560791016,60565.640062546816,62749.72571176515,24185.92048194812,56453.85972889371,51126.867008800305,44066.91281787009,0.28626724602785536,2.1373114717282866,0.1,East North Central
7040002,95371.21006012642,98645.40609514496,40833.81879595539,89207.17758725512,81221.40173229056,70599.03118507241,5570.961856294075,5787.912921352212,1957.267076351773,5162.527725979456,7769.3236610889435,3935.862452119589,52354.30001985047,54151.679348822974,22415.842253148232,48970.536668065884,44586.72204792518,38755.54118946198,0.2698126342006552,0.3877758010077704,0.5489528756827547,East North Central
7040003,65339.34168693624,67365.2491456495,31594.353128173232,61525.34911319286,56584.153566209265,40249.90908006374,34218.4675173857,35551.04403900859,12022.10347201061,31709.74633392033,14714.648495197296,17781.159860372543,6533.934168693624,6736.52491456495,3159.4353128173234,6152.534911319286,5658.415356620927,4024.9909080063744,0.2709204949667205,0.4368563667140071,0.1,East North Central
7040004,32125.05975430152,32265.835798128006,29780.191548282924,31860.033440584204,31516.68016554409,30823.06142162504,1493.181340947015,1551.330596066648,524.6050418306993,1383.709002395156,3235.901553001255,1054.9267156906426,16806.261956539034,16879.909105769202,15579.54145779719,16667.613135718933,16487.987475001304,16125.120031409757,0.030073217680761547,0.5927155504537698,0.5231511500702715,East North Central
7040005,3808.2863533270965,3808.370915047987,3806.8778317819992,3808.127156630271,3807.920910290186,3775.069036542692,6.621672624406539,6.879541725898998,2.326417260151964,6.13620581107303,1.4151407480239868,3.4408209323883057,2127.8198649014707,2127.8671124277403,2127.0328757295088,2127.7309162609267,2127.6156793751516,2109.2602136686187,0.0035295493449922655,0.531277023791146,0.5587342094279513,East North Central
7040006,14564.048011984336,14628.86694642271,13484.376681684113,14442.019271963341,14283.925658738515,13655.8469726385,480.2057281708906,498.906474444353,168.7124927201798,444.9995260792381,446.21783447265625,249.52938842773438,1456.4048011984337,1462.886694642271,1348.4376681684114,1444.2019271963343,1428.3925658738517,1365.58469726385,0.03436909072145792,0.36031748368898464,0.1,East North Central
7040007,16278.272507837151,16278.282800709378,16278.101062268886,16278.25313037839,16278.22802602617,16140.54049293713,0,0,0,0,18.06431007385254,0,9017.312456910124,9017.318158623551,9017.217485023048,9017.301722810409,9017.28781631094,8941.016116922245,0.0034579857910766684,2.449489742783178,0.5539477516775045,East North Central
7040008,12941.012967115366,12988.765316015948,12145.61510213706,12851.113942704205,12734.645792724927,12482.0865186758,1032.03342150655,1072.22410235253,362.5882010531604,956.37006500871,13097.058003334329,729.1275121029466,6575.253950442343,6599.516643134895,6171.1168889030405,6529.57677533229,6470.399980965576,6342.076072425166,0.025406988096668373,1.744297349552149,0.5080942247064303,East North Central
7050001,25064.582969724892,25801.18477350435,49557.05396592312,23677.84943590137,21881.27499856409,15931.00453325149,0,0,0,0,326.45672607421875,0,6246.145770429458,6429.708459133481,12349.720057105445,5900.568913736216,5452.858858612203,3970.0391865388174,0.4301681727379457,2.449489742783178,0.2492020624470025,East North Central
7050002,120519.1708039213,125138.461473022,274113.476649294,111822.8504304815,100556.38394593637,63551.67453601003,31.27630609023278,32.49430543978749,71.77554677806668,28.9832889763235,1392.9701652526855,16.252113342285156,46006.54791072103,47769.899052816785,104639.07702250581,42686.846345908896,38386.026595422416,24259.98403278397,0.5484791620929687,2.1130401271005828,0.38173634620811814,East North Central
7050003,1142.340554226514,1142.3602631381013,1142.9958878721013,1142.303450042852,1142.2553799369093,1132.44513685701,0,0,0,0,34.589752197265625,0,731.4709570138822,731.4835771527428,731.8905845296239,731.4471982209093,731.4164176570331,725.1346588000594,0.003588891475796756,2.4494897427831783,0.6403265246143395,East North Central
7050004,3425.670611612255,3425.677128375107,3425.8872980557653,3425.6583430927744,3425.64244868484,3396.632990759971,0,0,0,0,11.43712043762207,0,2083.1392572140708,2083.143220036556,2083.2710235419404,2083.131796766919,2083.1221314286854,2065.4815735685843,0.0034698364783595655,2.449489742783178,0.6080967767749462,East North Central
7050005,357420.43107023614,370251.3624939546,784056.9314659392,333264.79802105675,301970.1103284621,198991.1850427272,420.7964542840458,437.1836135008101,965.6797545519971,389.9458331025699,5274.430598258972,218.65853881835938,44911.82222114451,46524.09857957266,98521.02022207736,41876.535475237244,37944.18766314517,25004.325296831244,0.516835145960808,1.534397848506983,0.12565544193056763,East North Central
7050007,158299.4082221225,164120.844477824,351865.8072146415,147339.9171790973,133141.4133037077,86452.19171005729,1.55924562032322,1.619967629689371,3.578290436125219,1.444929790254472,506.581707239151,0.81023108959198,86861.08994415482,90055.39309341945,193073.66889115347,80847.4645748508,73056.54775435259,47437.52162016716,0.528289431748743,2.398133430265776,0.5487139271062411,East North Central
7060001,80609.86164433796,83356.71229894436,47772.18212049408,75438.61458031606,68739.03599670657,76010.73325004724,46235.30338153538,48035.85390955191,24710.32490979298,42845.56990038889,19922.2663413845,44882.00012104213,8060.986164433796,8335.671229894437,4777.218212049408,7543.861458031606,6873.903599670658,7601.073325004724,0.17882875389296102,0.3226197665723653,0.1,East North Central
7060002,2360.5238046513496,2361.108119022779,2353.538522055801,2359.4237688803273,2357.998624035862,2336.472368446084,0,0,0,0,2050.9796810150146,0,1178.4276507924958,1178.7193539351167,1174.9404374278292,1177.8784876928146,1177.1670226833144,1166.4206219247048,0.003991077646133722,2.4494897427831783,0.4992229472418094,East North Central
7060003,10882.999596652418,10883.118266419006,10881.580939341056,10882.77618782565,10882.486751839962,10792.76377792133,3.548647471107974,3.686843148664611,1.896564434276267,3.288478979374784,0.7674006372690201,5.9211049526929855,1088.2999596652419,1088.3118266419006,1088.1580939341056,1088.277618782565,1088.2486751839963,1079.276377792133,0.0033748397039771215,0.5507938463276592,0.1,East North Central
7060004,7010.022933545474,7011.030325747309,6997.979897196481,7008.126407443,7005.669374255051,6969.824737477557,2.317847436596422,2.408111825939482,1.238766895871645,2.14791484212018,3001.155042670667,4.0061211585998535,3416.72680320059,3417.217812141641,3410.856955772757,3415.802425116706,3414.6048525510805,3397.1339637409196,0.0022439081369343976,2.4376687851291896,0.48740593798207515,East North Central
7060005,6548.162812242761,6550.104110444718,6524.955242472212,6544.508105857315,6533.908073788124,6505.484826978311,12.26868274960611,12.74646447887433,6.556962208211898,11.36920633993011,2405.841805100441,21.20494669675827,654.8162812242762,655.0104110444718,652.4955242472213,654.4508105857316,653.3908073788125,650.5484826978311,0.002618305953410817,2.3731808795989098,0.1,Central
7060006,23782.534485509866,24064.31873912742,20413.89811656809,23252.04478023095,22564.771976531676,28913.05242516497,0.898900574349947,0.933906636501721,0.4804148265339898,0.8329978301211138,1069.9314271360636,1.553641825914383,11265.363233406137,11398.839418309393,9669.700150461264,11014.079703251238,10688.530810267144,13695.598253182336,0.11793767435292471,2.436635204166485,0.4736821990217172,East North Central
7070001,77749.76969982074,80525.61641873795,22621.49781601996,72523.93437043972,44749.46883808908,43471.55372375348,540.8486009214615,561.9109745351934,122.5501944630105,501.1963768266829,1238.1392707824707,281.041259765625,49311.89393323387,51072.44267192006,14347.423860176783,45997.46819962842,28381.834048281315,27571.331138535217,0.41111835929457025,0.7066921463706695,0.6342384565718857,East North Central
7070002,173112.7301076632,179078.93371303228,54624.02097634683,161880.6986807333,102184.27694857483,99386.87278694448,69151.74446356705,71844.73447121702,15669.00555354709,64081.89596374186,34201.499980926514,35933.33399963379,56813.99690059788,58772.04974242508,17927.098466521056,53127.748071409296,33535.93459149757,32617.852418859304,0.3919668662124648,0.4752706511756714,0.32819075099366646,East North Central
7070003,173982.5247022207,180129.40893107408,51905.50124947683,162410.3422218828,100906.26292771306,98060.9169206921,3194.109978591833,3318.498832732956,723.7493049732665,2959.934343416466,8265.914188861847,1659.7559469938278,40340.7125979942,41765.9689016013,12035.144976449737,37657.511578984646,23396.778263055938,22737.037948863235,0.40531543377655915,0.7786789249907279,0.23186646283607643,East North Central
7070004,3426.6888019097237,3426.734970257915,3425.7718992456876,3426.601884940053,3426.4892801734754,3397.162315166193,0.2927754007149066,0.3041770108221737,0.06633960452235288,0.2713106215164264,12.024829268455505,0.1521349400281906,1901.7114914927201,1901.7371135679577,1901.2026374842073,1901.6632551311527,1901.6007627978897,1885.325159850265,0.0034968862130304573,2.206271916231525,0.5549705857248781,East North Central
7070005,1170353.9298363111,1214646.804548475,290698.1394042772,1086967.744304798,643789.7413518502,623986.5902986224,118316.4313514626,122924.0514461105,26809.1692307007,109642.0821120459,48521.989033699036,61480.78954650834,134731.91241017196,139830.93721282174,33465.36056959705,125132.44001226111,74113.49749089687,71833.7457464634,0.44544076965867446,0.5025351799965055,0.11512065621808604,East North Central
7080101,1068296.174070222,1063074.213493628,165549.3097404314,637336.0341314408,580388.5664664069,878194.9564303613,97481.7615890478,101237.0903398139,19963.97744361099,90016.48595882619,165069.08167672157,167624.86579465866,106829.61740702222,106307.4213493628,16554.93097404314,63733.60341314408,58038.85664664069,87819.49564303613,0.47192038195742975,0.5129693046316339,0.1,East North Central
7080102,10884.422840985137,10886.250983899492,10840.180903549552,10880.411940951308,10875.113215441033,10833.59565059478,6.364817039674175,6.32143128839663,1.321973817255026,5.960707874720418,6433.144798338413,11.11744225025177,5053.196632981181,5054.045365684274,5032.656893524879,5051.334534563814,5048.874550943296,5029.5996273248675,0.0021598509169759826,2.435355980521869,0.4642594932965525,East North Central
7080103,12508.968614275565,12515.772563565779,12370.161532431624,12496.159434886154,12479.56457820101,12531.96048524638,0.03772464483939658,0.03919376311519313,0.007753224999419611,0.03495886885602688,46.838836669921875,0.06520252674818039,2273.349040335703,2274.585573263905,2248.1225843398347,2271.021131731058,2268.0052234908994,2277.527526142069,0.004678998330465774,2.43793718220017,0.18173752852343855,East North Central
7080104,75720.1490507588,77200.75296762439,45462.515414728296,72910.08524907913,69281.58475894359,103075.9150396321,22283.77337530123,23151.5747517949,4579.794178323406,20650.04228299687,19768.880249023438,38514.828857421875,7572.014905075881,7720.075296762439,4546.25154147283,7291.008524907913,6928.158475894359,10307.591503963211,0.2491110339702621,0.502377531540187,0.1,Central
7080105,26196.608683782324,26581.28535067389,18348.836264098085,25472.412746546055,24534.18497839303,33253.51835366258,2763.68049009714,2871.30704387251,567.9957162605888,2561.061720384149,2887.437599301338,4776.690305709839,13303.727372713829,13499.082182366647,9318.302159288543,12935.950557412436,12459.479477064358,16887.519590829284,0.18518213818767018,0.48829112864289054,0.5078415887072375,East North Central
7080106,3180.6787862324213,3182.62013605474,3141.0733905746492,3177.0239826659913,3172.2890234969914,3190.522863297265,0,0,0,0,6814.258056640625,0,1582.1922564510305,1583.1579586996293,1562.4910057008306,1580.3742162494593,1578.0188650067525,1587.0890799125254,0.005435329057882794,2.4494897427831783,0.49743855409089244,East North Central
7080107,10904.743774475768,10903.77886929993,10904.546680862235,10911.035150216043,10905.653201020343,10826.08291170718,0.7735068554236584,0.4087551385622821,0.6990018825838226,3.15176138254636,1.161558747291565,5.878416538238525,2017.0933457493313,2016.9148634438582,2017.056888568441,2018.2570862648142,2017.261565954175,2002.5431365795569,0.003002999885381031,1.0612449960004906,0.18497393313088648,East North Central
7080201,9277.0235435291,9279.270513077316,9231.183212762873,9272.793377371478,9267.31301059653,9231.008398172089,17.07041667721639,17.73519327677687,3.508337371915748,15.81890195327515,5126.675858557224,26.60829186439514,4598.120160919311,4599.233862521139,4575.399581620316,4596.023495733313,4593.307173538066,4575.312935457295,0.002438321215938432,2.4039295148344326,0.4956460592499614,East North Central
7080202,3948.662636846763,3950.1994685085574,3917.309799081515,3945.7693830014464,3942.1139892973983,3915.018507258224,0.2927605133254672,0.3041615436701945,0.06016857522240988,0.2712968255934367,5241.2792205661535,0.5060014128684998,1185.7150087284906,1186.1764926623862,1176.3002945015567,1184.8462147027765,1183.7485632758714,1175.6122592465563,0.0040688928153679955,2.448685541511441,0.3002826824616633,East North Central
7080203,32285.00497703241,33406.36116936171,9408.264700803333,30173.92918644253,27438.93741754941,53228.95675554777,18481.43168724346,19201.15772231165,3798.331271046466,17126.46863546451,20658.811770558357,31942.93746495247,15801.195325588884,16350.018788281828,4604.671063795552,14767.975075569926,13429.39268461468,26051.758185265273,0.45201647681721807,0.48490175338768565,0.48942830694404016,East North Central
7080204,3148.1870647359237,3148.863083047083,3134.395643747521,3146.914386259231,3145.265575177356,3134.364820215966,0,0,0,0,2372.8662109375,0,509.60138365896427,509.7108116756805,507.3689473158263,509.39537343805324,509.1284781133987,507.3639578682469,0.00215950160594067,2.449489742783178,0.1618713796798192,East North Central
7080205,208665.2186688597,215029.0545743424,78836.87138175625,196684.6009068575,181163.1823432091,327309.6632185226,10487.96030985935,10896.39501435131,2155.50116942129,9719.03726597026,51486.31536702905,18127.18148241937,36477.99696004892,37590.49662959299,13781.938230765843,34383.59454315468,31670.20386505166,57218.93172252822,0.3946188022361446,1.0247505987746406,0.17481589501476769,East North Central
7080206,11701.760994967935,11702.660478569602,11683.41066803454,11700.067618618388,11697.873774892694,11619.85977884062,11.0566854879565,11.48726816909888,2.272386412142443,10.24606645341156,121.81018779287115,19.11015471071005,1170.1760994967935,1170.2660478569603,1168.341066803454,1170.0067618618389,1169.7873774892694,1161.985977884062,0.0027675080344224173,1.55535703983741,0.1,East North Central
7080207,2475.7589078821065,2480.830845580153,2372.286521312045,2466.210429923925,2453.8399557147604,2550.794969767006,3.509702060334548,3.646381079087127,0.7213191766429256,3.252388844833598,17404.792287528515,6.066099166870117,1274.449740815391,1277.060629001687,1221.185121297744,1269.5344579822186,1263.1664923457263,1313.0761552520148,0.023242011737608797,2.4465885713346376,0.5147713441554863,East North Central
7080208,45702.814166573095,46953.54178467609,20186.77290209785,43348.18250425108,40297.65336459079,68981.14038439102,20452.1026265951,21248.57288827982,4203.346487429752,18952.66016676904,27159.534232763574,35349.00483208895,12158.153591434382,12490.880115156135,5370.213846451077,11531.75948586738,10720.238302949443,18350.802133299127,0.3525418199879427,0.4851064198308801,0.26602636649729156,East North Central
7080209,25160.189798344913,25222.009885627118,23899.00081104272,25043.806716389012,24893.02730211755,26117.18053334689,265.3159086417534,275.6481583396514,54.52811933372399,245.864317480292,898.5844895839691,458.5667259693146,2516.0189798344913,2522.200988562712,2389.900081104272,2504.3806716389013,2489.3027302117553,2611.718053334689,0.02838932276993437,0.792820451937921,0.1,East North Central
7090001,41624.50792724642,41733.01282108374,39957.64741659029,41420.23558621205,41179.600904171595,39958.43011159045,1841.788918276439,1913.514066956268,739.9416768552835,1706.758473900043,3597.796266388148,957.0491485752154,21593.754393562944,21650.044020628757,20729.02882038982,21487.783008401966,21362.94774952907,20729.434862994047,0.019839548580452195,0.5627473887142452,0.5187750070536733,East North Central
7090002,194808.81399729624,196795.94307338283,164282.38454913377,191067.82597404398,173902.3718382707,169093.9686664513,31446.8332608319,32671.47348358538,12633.816125131,29141.31397612784,30725.722429335117,16340.72438820079,46451.84452082697,46925.67221368726,39172.86712033975,45559.81201755018,41466.73742670855,40320.18151916165,0.07826016999273146,0.34051801044610813,0.23844837185586312,East North Central
7090003,30501.373287751878,30442.294205238486,25924.249618774335,27783.63836476907,27480.58446856569,28595.00350058964,211.5977498710208,209.5156114512054,50.188915547731,115.766363196348,2260.425200343132,151.66806453466415,10085.314114007482,10065.779547511283,8571.882915195407,9186.691939907014,9086.486821014472,9454.970754067512,0.0627914343840765,1.7297499995904437,0.33065114868310985,East North Central
7090005,1436522.982485216,1422644.2073532,363089.7522816425,799014.3391056634,727951.3942728288,1037911.400870182,44068.58416923301,43634.37913241569,10450.72518043423,24105.76984379699,176653.63280391693,31596.86152307804,143652.2982485216,142264.42073532002,36308.97522816425,79901.43391056634,72795.13942728289,103791.1400870182,0.43572658440363415,1.1052955082969294,0.1,Central
7090006,69127.41918658777,69126.816018444,69080.77215738349,69099.71534026504,69096.6278711217,68526.26009332684,0,0,0,0,4666.081106185913,0,29973.691438356553,29973.429904278768,29953.465257828804,29961.679033566903,29960.34030504909,29713.02848610415,0.0034413503810380506,2.4494897427831783,0.43360061450366,Central
7090007,9569.496159073287,9569.04531175016,9528.830573777612,9545.797656951721,9542.426265236714,9474.664121430658,3.053463123575216,3.172374739533769,1.226733748614563,2.829598988889715,4131.707168579102,3.708923101425171,4509.364212426898,4509.1517629154105,4490.201663849474,4498.196939293737,4496.608262847975,4464.677199690942,0.0036711469453042218,2.439570062580766,0.4712227412465555,Central
7100001,4863.684120621356,4866.055762822014,5180.497302074361,4859.219244547187,4853.434800726453,4805.209686777764,3.171788094839433,3.295307663464139,19.67201207332594,2.939248984812249,7851.695700570941,2.2408557087183,3587.407463702342,3589.1567645863774,3821.0858736395808,3584.114213286455,3579.8476621656937,3544.2772736645334,0.027930963202157877,2.4378169137437284,0.737590553731116,East North Central
7100002,3139.393268178293,3139.567559542977,3184.180319143993,3138.7994973341674,3137.9824393118483,3119.229569789582,1.566819014416652,1.607574796659013,9.746811081145855,1.456297630798026,788.0323096513748,2.7161713242530823,1001.7887299883707,1001.8443468257528,1016.0803969042803,1001.5992561349767,1001.3385307499788,995.354440278494,0.006865276443507219,2.3872023221970338,0.3191026559631002,East North Central
7100003,5329.050087047655,5332.483841896681,5815.939669171047,5322.237367888917,5313.348515510034,5332.148774981956,1.40182743956739,1.367677358815846,8.821898172848792,1.318103870209699,12335.603861570358,2.458423376083374,3224.6219644715416,3226.6997383948324,3519.2401075067246,3220.4995705217384,3215.1209030009436,3226.4969885397663,0.03702394890803386,2.4458327613204,0.6051025814730169,East North Central
7100004,26872.532115611615,26878.6089842097,27684.30383787891,26861.091745221045,26846.270240947833,26760.34561709299,97.48365327895135,101.2799783930306,604.6115146770335,90.33665565557025,13729.092043566983,168.488793797791,4485.075817771473,4486.0900584942965,4620.562034903077,4483.166398578509,4480.692661823343,4466.351681563481,0.012816855054898359,2.239846686199199,0.16690186836416004,East North Central
7100005,2655.625704938358,2655.877418962182,2689.2506424107683,2655.1518257325515,2654.5378943270057,2637.939152431675,3.6170401381925,3.757899244856876,22.43354699010228,3.351857449589696,33.02768278121948,6.251619815826416,1463.940736577464,1464.0794964986226,1482.4768260720014,1463.6795058353803,1463.3410698907471,1454.1908442428623,0.006316036975271278,1.0457489290844701,0.551260192223303,East North Central
7100006,968121.9890515743,968124.131426814,968435.8532702336,968117.6138930547,968111.8841590884,959982.5268548097,1.663913650382849,1.638978999508833,10.44882893497261,1.561188033289096,7730.550319267437,2.9118047952651978,382247.13167417387,382247.9775559942,382371.05582699185,382245.4042143975,382243.1419226629,379033.39816406986,0.003464924767679153,2.4425779075642793,0.39483364286420586,East North Central
7100007,13089.09327216204,13090.26465032589,13263.936333010772,13086.661149270227,13083.469402068285,13003.23687469968,2.007589044708542,2.026177313831778,12.53706197221394,1.873196627625285,3956.5245540048927,3.493738576769829,7423.126841386108,7423.791156973803,7522.284375909655,7421.747528369968,7419.9374148783,7374.435697144435,0.006552558417868382,2.4332894972606134,0.5671230762159559,East North Central
7100008,753606.1374265609,753851.519968378,786385.2909280955,753144.1779287608,752545.6890305047,751878.3909160913,4615.340759914371,4795.076884357297,28625.19072420731,4276.967829349158,11693.114173714072,7977.0626973211765,86577.17086145481,86605.36135141269,90342.96605931142,86524.09917800396,86455.3424720409,86378.68069873797,0.017989506199210258,0.9101779667058402,0.11488384523658657,East North Central
7100009,131342.7255728754,136166.1397941635,775673.1412180602,122262.12026636979,110497.795707032,221494.9173916048,66700.8362496663,69298.38005590945,413690.8320386384,61810.67567279728,29554.142758071423,115284.39544606209,13134.272557287542,13616.61397941635,77567.31412180602,12226.21202663698,11049.7795707032,22149.491739160483,1.0447951529346688,1.1387821088546781,0.1,East North Central
7110001,6702.518191049984,6702.351950346559,6702.97914566274,6703.604261110582,6702.667326251205,6648.188506084336,0.3845964772448744,0.2196233388874793,0.8346594745033172,1.466051348351779,0.523304826579988,2.693236402235925,670.2518191049985,670.2351950346559,670.297914566274,670.3604261110582,670.2667326251205,664.8188506084336,0.0033328686581809287,0.9115011216227563,0.1,Central
7110004,16024.416239550557,16024.423040513006,16024.333737917535,16024.403435994223,16024.298971198312,15888.99381378691,0,0,0,0,12.237825393676758,0,1602.4416239550558,1602.4423040513007,1602.4333737917536,1602.4403435994225,1602.4298971198314,1588.899381378691,0.0034539336165209963,2.449489742783178,0.1,Central
7110005,2601.006206417541,2600.782272437264,2601.6329541543646,2602.466300990785,2601.217264986813,2579.481378892685,0.2275022154659185,0.1202222048246289,0.5277581381830801,0.9269894534502817,0.2695731036365032,0.44720348343253136,1107.6477976549497,1107.5524345683637,1107.9147004207584,1108.269584152203,1107.7376777017,1098.4813728521242,0.003455444690137778,0.6894001297100194,0.42585357732788837,Central
7110006,5567.14106903169,5456.859271170843,5872.073211687689,6287.830980587811,5664.685371110351,5743.19078992547,110.4060277745558,66.67400888622493,226.8729681645921,398.4947527016284,362.16748690605164,192.24408388137817,2423.1720546087363,2375.170438088734,2555.897817702162,2736.8619058387826,2465.629506998107,2499.800032704085,0.05083368693762766,0.5872506696819934,0.4352632750925074,Central
7110007,67986.81960694892,68104.86684514073,66554.80318318629,67764.58275803561,65951.34224422103,65761.60298090664,1929.684571697797,2004.8326581244,1018.072443996963,1788.210072292909,1202.4783782958984,862.6783752441406,8112.364971648007,8126.450676577925,7941.493029966987,8085.847090109252,7869.48649382775,7846.846309121997,0.01580204305067811,0.33975421252876337,0.1193226130968898,Central
7110009,190140.5896763202,196207.5810592943,116542.66873953721,178718.8142244814,85528.03110171921,103706.740552174,93722.6710216394,97372.53146275255,49446.66612583906,86851.40917908373,22481.757345199585,41899.34765625,19014.05896763202,19620.758105929428,11654.266873953722,17871.881422448143,8552.803110171923,10370.674055217401,0.33539696895804155,0.4810586889366033,0.1,Central
7120001,888809.686908228,891456.9964078752,1305921.410887582,606982.8873021135,558808.1361028705,541893.7643864959,172889.1162271533,177636.2901528114,338673.1770176679,144763.3315477038,199972.31309986115,52314.26193726805,217231.16142951985,217878.18196242178,319176.11722888215,148350.76565732335,136576.52724753175,132442.53921058762,0.3688497579532234,0.5132548282090539,0.2444068338016995,Central
7120002,34255.93636189266,34270.12384326148,34737.2415406858,34183.486725607,34125.3849246441,33697.59364285562,75.22526424250934,78.15477652740387,163.0865579118125,69.71013666290399,14336.821051001549,24.919540639966726,14669.118575817905,14675.193956280224,14875.223662664283,14638.09410478253,14613.213681173926,14430.024380144128,0.009730641889467291,2.367624915149946,0.42822121167110405,Central
7120003,1156962.7181357895,1156906.4338057388,1158784.3081094222,1154191.6198866516,1153875.066134066,1145441.367320947,2743.073209109181,2716.01400151316,3509.778777019076,1500.228843721512,2010.3879164457321,1966.4388163319018,448899.6326420315,448877.7944145007,449606.406557189,447824.4510769268,447701.6287413237,444429.367466455,0.004111658569573333,0.29940277888580535,0.3879983560449917,Central
7120004,3213603.4788255007,3214367.113871575,3314450.55632172,3148270.6096747364,3136816.5585473874,3123792.638881296,189282.1436005394,189146.6949112411,273711.2314230349,116995.8308825738,92022.86671894789,128693.14168865496,718489.0366362138,718659.7681568294,741036.1617047732,703882.0851171146,701321.218409602,698409.3646119027,0.022404738581163132,0.40151804509063577,0.22357737703806732,Central
7120005,1878615.322854217,1860515.884837979,2391451.474979014,1047298.127945959,954651.5633600412,1358767.521246311,6144.330573167377,6083.719461525956,7861.708164798008,3360.428704788075,301544.8578109741,4404.712890625,187861.5322854217,186051.5884837979,239145.14749790143,104729.8127945959,95465.15633600413,135876.7521246311,0.3519783592425829,2.2011096611889776,0.1,Central
7120006,23066.460111377375,23059.407534616395,25995.28498488311,20505.42402010907,20127.032105553102,20805.59782999851,4741.15411740899,4694.384724198731,6066.335421586479,2593.009973945737,2301.294952392578,3398.8118135675777,9645.009593067552,9642.060628632305,10869.668420862472,8574.137966073025,8415.917171542384,8699.65264244694,0.10042306540204043,0.36576858647148736,0.4181399983567577,East North Central
7120007,132920.38944829276,132917.02287406562,134559.81107896357,131500.0327546433,130940.67096081545,131117.5755684508,30.14441866484335,29.84705726748631,38.56996616936949,16.48644527898019,548.7344142794609,21.60975980758667,22925.299975840328,22924.719329602616,23208.057443118367,22680.325495929752,22583.85017734429,22614.36160763713,0.010555168580878117,1.8646126613389429,0.1724739151833322,Central
7130001,68921.97425788871,70793.76033099124,30786.15543434152,65340.525287090764,36564.663470574465,79036.59737478638,31818.32647757701,33057.43383385497,6659.780660001979,29485.57123024872,16448.22847700119,38648.48685503006,6892.197425788871,7079.3760330991245,3078.615543434152,6534.052528709077,3656.466347057447,7903.659737478638,0.33952111800489265,0.4615332712049044,0.1,Central
7130002,17951.675129064635,18029.086347896817,16310.398576153666,17775.48040457123,17600.750438523493,18229.34001469888,1.488738943938302e-05,1.546715197916067e-05,3.116026492976976e-06,1.379592298975015e-05,5233.05387878418,1.808313390938565e-05,8753.883508804454,8791.632007875405,7953.5379339977335,8667.964613660015,8582.759987502157,8889.282910022024,0.03911562680809662,2.4494897060765277,0.4876360253774586,Central
7130003,685952.4933111622,696307.050834169,133543.0840228228,516575.8484845008,293329.7602917412,670151.7881308901,283224.7226217964,287062.181326511,46640.82486466838,206497.9965547883,66252.01330566406,270669.158203125,68595.24933111623,69630.7050834169,13354.30840228228,51657.58484845008,29332.97602917412,67015.17881308902,0.47338285339872904,0.5696786271581484,0.1,Central
7130004,20729.965373346142,20729.862203145683,20620.572720904718,20681.32443210314,20661.9923668815,20531.54700740964,0,0,0,0,9590.811767578125,0,9556.682213653758,9556.634651354356,9506.251313405583,9534.258345130078,9525.346106227142,9465.20973724308,0.003640687459719502,2.4494897427831783,0.4610081127265848,Central
7130006,51207.81981874345,52200.36389015854,31055.437242574306,49339.24694725874,34093.47627440105,56461.45246446798,13638.93205286561,14170.07567069198,2854.71632119831,12638.9960462784,6548.299421668053,16566.680435419083,22577.73256235689,23015.349213096633,13692.46648562173,21753.87131001326,15031.950045308044,24894.080207616717,0.2295363783234053,0.4725633590931987,0.4409039994726124,Central
7130007,295736.2691060505,295711.1600521339,55477.53447661949,190318.9467912861,145532.6615287808,244311.6795612728,177412.2554774108,177849.6388554473,25760.01032529638,114050.0953582821,44821.6281985566,149492.21403914003,137961.4359541389,137949.72254088643,25880.357328931637,88784.08883690079,67891.21612790202,113971.78382795476,0.4592835204442583,0.5763293068812246,0.46650157713549223,Central
7130008,18430.589748471255,18430.887508095995,18424.544106724643,18430.029183380964,18425.455507425242,18276.49385652319,6.447936789648939,6.699040062302193,1.34959469847923,5.975207389782646,0.9871132373809814,7.8320581912994385,1843.0589748471257,1843.0887508095996,1842.4544106724643,1843.0029183380966,1842.5455507425243,1827.649385652319,0.0033709160923503186,0.602803230831157,0.1,Central
7130009,1403071.375423665,1455177.058766196,345023.3330799254,1304930.098020405,504551.4117391017,1689714.554970771,0.5248549146854484,0.5452944430253093,0.1098555140099033,0.4863752650036415,41858.56168238446,0.6375208646059036,638175.0801464426,661874.9069875142,156930.92817476092,593536.3549400448,229490.91775703483,768552.2920866901,0.4952869613280897,2.4493279675233413,0.45484149368647925,Central
7130010,5785.705652458462,5785.7889045006095,5784.015322475235,5785.548921375248,5784.270145370061,5737.273525559525,0.8710164939299826,0.904936660844753,0.1823093620246039,0.8071580663613119,12.344862312078476,1.0579899549484253,2600.970788723107,2601.0082147766834,2600.210898888786,2600.9003300800973,2600.3254548212085,2579.1980690469272,0.003379892650294869,1.7579859363513526,0.44955117749861717,Central
7130011,20277.192681190707,20287.223547624315,20073.52831629018,20258.30847701768,20104.231400038287,20163.24986972898,186.8409952576366,194.1171809439324,39.10702367043805,173.1427791553395,84.49531781673431,226.94849920272827,2027.7192681190709,2028.7223547624317,2007.352831629018,2025.830847701768,2010.4231400038288,2016.3249869728982,0.004606382956272771,0.48142857855154747,0.1,Central
7140101,458641.8833991856,467257.6049510918,341589.6672047859,442421.8443865043,310081.811591499,339331.7869791348,119850.4610539633,124517.8211695221,56440.23568721766,111063.6446852465,33352.6311872378,56039.98277975619,45864.18833991856,46725.760495109185,34158.966720478595,44242.18443865044,31008.181159149903,33933.17869791348,0.17861186773403998,0.47169217676401554,0.1,Central
7140103,8948.12183542377,8948.110333848997,8947.875303388704,8948.093637748334,8947.807078664504,8872.225479215214,0,0,0,0,16.784889221191406,0,3933.8262636491995,3933.821207258848,3933.717881777315,3933.8138672202904,3933.6878884204048,3900.4602584852396,0.0034621695045877437,2.449489742783178,0.4396259165891095,Central
7140105,15445.358649239102,15732.958607019713,11538.05822955596,14903.920244209065,10486.299779663392,16962.51901055638,4742.042731229624,4926.713035501972,2233.132914432011,4394.380666974718,2467.366943359375,5759.97509765625,1544.5358649239104,1573.2958607019714,1153.805822955596,1490.3920244209066,1048.6299779663393,1696.2519010556382,0.1809293701142743,0.347516092393069,0.1,Central
7140106,14070.605141967233,14147.622717253671,13024.253096014456,13925.611125124646,12742.598375955215,14392.91168549381,1393.460172584882,1447.725966599758,656.2112474980831,1291.298874697919,615.320442199707,1692.581886291504,5367.630788325331,5397.011323432284,4968.470169388505,5312.318714603218,4861.025000412939,5490.583746556813,0.04879678383016669,0.37536479143096435,0.3814783183926995,Central
7140107,25802.403972458767,25802.57975945715,25800.015750228686,25802.07303419034,25799.3728938724,25581.82718994921,3.479644421056433,3.615152899241201,1.638641599749129,3.224534876317292,0.5827575922012329,1.555598258972168,9699.007126453504,9699.073203992319,9698.109404502717,9698.882728252958,9697.867757701608,9616.09331005973,0.003477810341815814,0.5350844600503849,0.3758954838784064,Central
7140201,23308.795423213363,23753.112520855662,17272.35370921804,22472.3198460558,15647.47773398054,25657.35148593477,5935.722280940009,6166.878283073525,2795.263043329316,5500.545801520066,3546.8703598976135,7209.891369342804,9948.231113114784,10137.866360007547,7371.86814877789,9591.222000848427,6678.368487456398,10950.59859156419,0.18565583183880413,0.32364946961939356,0.42680159710043547,Central
7140202,10532.756511256172,10539.2397080478,10444.67653467932,10520.551183559171,10420.967362186626,10480.86225467239,162.9593150515032,169.3054717608019,76.74114949623085,151.0119803117168,54.41808670759201,197.94034481048584,2299.1419918079228,2300.5571759497816,2279.915460503522,2296.477752736037,2274.740105504029,2287.8142577700264,0.004687521468292798,0.4186229851893404,0.21828492753543388,Central
7140203,71536.24719037562,73789.65021584422,40921.76916654683,67293.9693075316,32681.03195872716,83841.78754001939,91732.04870266841,95304.38794665808,43198.65274876824,85006.7290001967,21019.86345255375,111423.35604286194,30603.807911747434,31567.832669094078,17506.676855007834,28788.92577109916,13981.220202408458,35868.22151885963,0.32735757236765617,0.4659412966340736,0.4278084064195196,Central
7140204,538677.7208654183,557802.1843085517,278854.9287683066,502673.8248161559,208916.40658910412,643692.5203142945,315468.3649609552,327753.7116454068,148561.0377605528,292339.8549103918,74300.53629595041,383187.16787195206,63055.928871616554,65294.57873565898,32641.885626279767,58841.42543023409,24455.101007022124,75348.63277976609,0.37680043779649003,0.46292237261455377,0.11705687172343678,Central
8010203,17326.868100935124,17343.162505539927,16777.180856560713,16934.98739211643,15229.743421944038,14376.23465771095,5248.626965055198,5261.967756003466,4798.579062601156,4927.780715081222,2801.177734375,2908.39404296875,4831.613581978996,4836.157292137128,4678.33277322068,4722.337275134958,4246.828378842959,4008.826651491889,0.07556111447893465,0.26663284316578517,0.27885094720137193,Central
8010205,17697.40117166178,17697.409950688998,17697.105013600303,17697.190035907326,17696.271292105797,17546.2864952879,0,0,0,0,158.2732696533203,0,5018.301133245888,5018.303622639773,5018.217154229924,5018.241263280487,5017.9807429354005,4975.45083311756,0.003483531737984959,2.449489742783178,0.28356147236360985,Central
8010207,9475.419931778773,9475.447235949987,9474.498833095013,9474.763265995134,9471.905826619395,9390.621196536413,0,0,0,0,492.25502014160156,0,2469.954996410152,2469.9621137806325,2469.714893880394,2469.783823528639,2469.038975625975,2447.8505344117266,0.0036182511358844984,2.4494897427831783,0.260669713236285,South
8010208,75428.85635468161,75561.61639631169,70950.23297342847,72235.97508785343,58342.355409181924,51944.07703211412,30775.0699451748,30853.29302661883,28136.23587125111,28893.80350152456,21571.19067120552,17053.2275390625,11727.98065544051,11748.622718376364,11031.626356611472,11231.538689564737,9071.30306224313,8076.473117035866,0.1465525222522066,0.21490352865011045,0.15548400469302082,Central
8010209,29952.055973015333,29952.05598124709,29952.05569531927,29952.05577504143,29952.054913570584,29698.85674397256,0,0,0,0,0.1484067738056183,0,8274.696270536104,8274.696272810248,8274.696193818481,8274.6962158429,8274.695977848902,8204.746257149696,0.003455985487306471,2.449489742783178,0.27626471711962,Central
8020202,3274.2884243742965,3270.6468307328455,3160.5824993636184,3265.089906945309,3171.8454348478895,3163.945044795187,136.4462923067486,133.1886445456851,35.47353875050083,128.2828522880287,56.27338688634336,61.88693629205227,1375.7707595702414,1374.2406567201533,1327.9944898760189,1371.905782002599,1332.7268821695131,1329.4073439325036,0.017856102975410817,0.4953393001420694,0.42017396797691875,Central
8020204,74778.22829231466,44643.0761074892,84625.96578524761,274314.13198870484,134596.1026099187,138508.4627788613,31589.80853916988,16445.06336283074,36403.10023674493,131644.4227158115,43714.02506235242,63508.64612995088,22700.097067727656,13552.10178396418,25689.53132007747,83272.33160501388,40858.745439105296,42046.40336611233,0.6504065571815797,0.7627914510441167,0.3035655910299317,Central
8040101,17303.97743872336,17437.559080920117,14479.667727215401,17052.495373668688,15054.361596132596,14669.94661168808,3122.898607627802,3244.514263320717,551.5851262514685,2893.943822122289,1310.8607788085938,831.5947265625,4631.094429470925,4666.845123278037,3875.2193702030413,4563.789834633655,4029.0257181608013,3926.1440483614506,0.08772191566605439,0.6165599663367697,0.2676317884642708,South
8040102,81317.47323512852,84262.22562103474,19056.72673785904,75773.6544969849,31725.61681758205,25788.57453286026,33760.58733526502,35075.33253875244,5962.997896300993,31285.43556024236,11973.949333190918,8990.086135864258,8131.747323512853,8426.222562103474,1905.6726737859042,7577.365449698491,3172.561681758205,2578.857453286026,0.575101239485631,0.6400395162244706,0.1,South
8040103,5700.8671875,5700.8671875,5700.8671875,5700.8671875,5700.8671875,5652.675266984826,0,0,0,0,140.6986083984375,0,1780.663086658055,1780.663086658055,1780.663086658055,1780.663086658055,1780.663086658055,1765.6103637802637,0.0034559702627448407,2.4494897427831783,0.312349512467581,South
8040201,136488.7538802305,141640.91402840242,27550.12121239611,126790.8616896109,49717.57777625863,39378.19036040768,59656.78970319073,61980.01581708596,10536.94084073626,55283.0622126217,22720.089878082275,15885.9697265625,13648.87538802305,14164.091402840242,2755.012121239611,12679.08616896109,4971.757777625863,3937.819036040768,0.6132760147406382,0.6301935189601789,0.1,South
8040202,19645.67200016512,20178.090580079843,8388.773663599164,18643.33573787233,10679.340604855246,9566.171294249938,931.0061824689004,967.2625396425077,164.4399089498748,862.7496209875815,1046.3010244369507,251.91494369506836,1964.567200016512,2017.8090580079843,838.8773663599164,1864.333573787233,1067.9340604855247,956.6171294249939,0.3800210530693247,0.5533699411137737,0.1,South
8040203,35322.221117005996,35322.227902546765,35322.0776506706,35322.20834248267,35322.10684336963,35023.50058264096,0,0,0,0,3.386430263519287,0,11302.829165548206,11302.831336867157,11302.783257464607,11302.825077802581,11302.792598895569,11207.24097597811,0.003456829238117981,2.449489742783178,0.31999202791090686,South
8040205,32942.31139167562,33987.58726609119,10842.097958391792,30974.465128319527,15339.075435797553,13197.17925740971,6645.445998854501,6904.24091155148,1173.758623261824,6158.236244576902,3735.6856079101562,1769.611759185791,10601.594511334215,10937.988361822632,3489.2368310281977,9968.296261654708,4936.467754663562,4247.156233724495,0.4730222299101727,0.5768006874274725,0.32182303133753976,South
8040207,197759.1200388542,205041.1621307428,43795.28293137837,184049.8786119088,75124.02597259026,70790.53424360005,48886.99515196239,50790.81103498221,8634.71498148746,45302.85333522603,18559.267781496048,15716.146414279938,19775.91200388542,20504.11621307428,4379.528293137838,18404.98786119088,7512.402597259026,7079.053424360005,0.5687192925187499,0.6065960134646838,0.1,South
8040301,5459.61005856,5459.61005856,5459.61005856,5459.61005856,5459.61005856,5413.457589938581,0,0,0,0,2594.478515625,0,545.961005856,545.961005856,545.961005856,545.961005856,545.961005856,541.3457589938581,0.00345597026274484,2.4494897427831783,0.1,South
8040303,19139.278918003372,19715.5917741675,6954.326182254252,18054.30687542109,9433.734726489998,9061.286941381724,973.6180595134579,1011.53385940942,171.9662748466171,902.2374154426836,1191.3507995605469,312.99784088134766,6005.831779425891,6186.6765270922415,2182.2406877924973,5665.371744277971,2960.2695097218325,2843.396833715426,0.4247373309483617,0.5455030400529368,0.31379613647703847,South
8060100,366985.35998131486,381196.07555145526,55497.94794384626,340232.1322270133,127666.166449833,116861.4197845434,8543.45901915984,8876.168626818197,1250.733037981077,7917.096759934033,17298.037841796875,2687.821533203125,36698.53599813149,38119.60755514553,5549.794794384627,34023.21322270133,12766.616644983302,11686.14197845434,0.633606217455254,0.7309415917319622,0.1,South
8070201,394378.0255950232,409360.298172551,98192.99599382779,366172.2573094452,142065.2287604432,133255.0269229204,19669.68649555297,20435.68697170928,4526.598387198621,18227.60674261123,25507.15660095215,6323.392894744873,112806.58333272811,117092.06292424587,28086.799127704126,104738.69885622845,40635.86718014711,38115.8262466717,0.5706684500541017,0.5327750724623944,0.2860366856457828,South
8070202,123017.17974956207,124506.47819791178,93575.19071038911,120213.41238217152,97936.26796665002,96351.97847683796,17048.90785335083,17712.84683054624,3923.476808332638,15798.97004520909,7006.317535400391,5480.867156982422,32147.1666526082,32536.353963779176,24453.310150992813,31414.478933720955,25592.958106077862,25178.947490986153,0.13466377816882738,0.5680517511812067,0.2613225788304795,South
8070204,525836.6225219578,545160.4439676336,143823.3733784093,489457.4132085367,200408.8605278556,188900.4495774345,25093.06065346384,26070.26465786513,5774.683186207707,23253.36713745989,8178.743553161621,8066.894113540649,52583.66225219579,54516.04439676337,14382.33733784093,48945.741320853675,20040.88605278556,18890.044957743452,0.5426872415874782,0.6002141116033884,0.1,South
8070300,508920.4288818186,521910.1014915405,252127.1722839477,484465.9481720708,290164.5478559998,281114.3824852005,120183.6573843938,124863.9932302888,27657.94715674926,111372.4127828235,27604.829073667526,38636.532089294866,137874.81957917794,141393.93311013404,68305.35073240305,131249.70310828474,78610.29428867747,76158.45732783414,0.3271381227436207,0.6434422995978955,0.2709162606856075,South
8080102,310424.3333452128,321635.1662985393,135236.66586587,289318.7130240252,247524.47162563438,114903.4710212737,23879.73424568508,24809.68744076098,9347.68905434446,22128.99555093681,21891.038276672363,7676.835296630859,80749.88983310903,83666.13520654044,35178.76885611869,75259.73866670528,64387.90928332596,29889.546758215736,0.381308537637912,0.4193183161048702,0.2601274486536779,South
8080103,97875.52656493205,98307.53160309754,91124.73870727509,97062.22978758103,95451.70513472264,89614.94314689182,8753.053825999681,9093.925725511317,3426.370854867016,8111.325158807291,6372.725196838379,2813.9237785339355,25343.523836870696,25455.38561035635,23595.500005042995,25132.93180240975,24715.908555004724,23204.55917318969,0.038751346814835386,0.4255585997189871,0.25893627065247443,South
8080201,68650.6032155553,71010.16088448791,31778.64142429101,64208.47759529423,54866.4227323629,27471.06416939613,30292.04290711242,31471.71190162544,11857.7784410525,28071.18688271846,31290.2794342041,9738.258514404297,17870.793256809637,18485.021905997382,8272.462356850938,16714.44058309452,14282.562009136263,7151.134663367257,0.3580592288795627,0.42694802937565507,0.2603151672345445,South
8080203,16051.535913271902,16141.011721892248,14653.329529028606,15883.087908334686,14544.695652209204,14376.29961994573,57.61203845894359,59.8556354223148,22.55215304158797,53.38822156149956,175.15541076660156,18.52106475830078,3124.596211930317,3142.013596421441,2852.420988617818,3091.8060788877306,2831.274289521157,2798.49427349294,0.05438240148357946,0.8853152043484608,0.19466026359177288,South
8080205,136723.6109542836,141845.6839772804,56682.81208648575,127080.7477584055,50464.02894923342,47436.01352474187,32450.85610377042,33714.59618589058,12702.84289114874,30071.7270534191,9418.912109375,10432.271484375,45886.11890177606,47605.14936122903,19023.44618412103,42649.85587396902,16936.346374010434,15920.10729990428,0.4945726779644785,0.5466476018822092,0.33561225147219853,South
8080206,93329.48387390061,96270.6423387289,47369.054948991165,87792.43108562456,43798.15180431875,41934.13841612751,20794.03676784704,21603.82303815611,8139.797030009352,19269.52546403862,12300.864579033107,6684.847695037723,9332.94838739006,9627.06423387289,4736.905494899117,8779.243108562456,4379.815180431876,4193.413841612752,0.3879478397419055,0.44685800350728944,0.1,South
8090203,131574.95753726462,131636.19637316733,130560.60451387188,131459.66872466216,130543.64924397689,129409.0045055661,201.3071162380534,209.1466589235388,71.45383428353509,186.5483189122486,193.68642044067383,64.71602630615234,38755.43199697701,38773.46990924256,38456.65409611474,38721.47365246786,38451.6599177262,38117.45006637396,0.006633838124976602,0.43615754881627583,0.2945502147397669,South
8090301,652938.6214873882,675216.3020010553,283933.6877697787,610998.4491098602,277765.63966475753,264103.0791525367,124329.721486923,129171.518323944,44130.75643654438,115214.508893895,62504.583550453186,39969.40470314026,185123.14585678102,191439.38166113227,80501.743601751,173232.14049609783,78752.95982419416,74879.30907166349,0.44358039947926536,0.4831661633440964,0.2835230445322291,South
8090302,29292.19158218125,29447.013927242428,26727.732093579812,29000.721568695088,28249.709764427917,26380.65556218765,2531.404998532018,2629.986002080721,898.5206119376489,2345.815467366696,2129.186363220215,813.7937850952148,6063.418673662267,6095.466555621198,5532.581248698298,6003.085027488122,5847.627250102,5460.737176679005,0.04725263297930843,0.43373557298762777,0.20699778152996612,South
9010001,1894.5175155332056,1894.4900519241016,1894.0912328901452,1894.4501847588404,1894.341535357749,1877.516961483644,0,0,0,0,156.3614501953125,0,5006.2927573767765,5006.220184351602,5005.166298692151,5006.114834731412,5005.827726955782,4961.368522096874,0.003639989463062536,2.449489742783178,2.64251595265287,West North Central
9010003,2054.1954323395157,2054.3131460501145,2053.0252992930928,2053.9738233928083,2053.6867192311015,2034.183278798233,0,0,0,0,413.18243408203125,0,2077.641968997517,2077.7610262895428,2076.458480080987,2077.4178306116864,2077.127449450067,2057.4013972228836,0.003919659283983811,2.449489742783178,1.0114139756562976,West North Central
9010004,969.7029454029889,970.5989452177137,960.7962599585787,968.0161276637393,965.8307809068701,941.3564068528194,0,0,0,0,3145.014892578125,0,2989.193511099662,2991.9555083121263,2961.737880009697,2983.9937489823287,2977.25722788986,2901.8128451978073,0.011460590912530969,2.449489742783178,3.082586812044191,West North Central
9020103,19644.472228135182,20210.76527161421,20564.737230769762,18578.363579834262,17197.17281877966,15333.34284865489,10165.06142294284,10560.92141247001,10808.36103345383,9419.811656570144,4088.898318072781,7181.575628817081,19212.550071893296,19766.392054862084,20112.58124795133,18169.88190806122,16819.059328180847,14996.209306522776,0.1080900223697379,0.3002105420106901,0.9780130435052727,East North Central
9020104,14245.984802169287,14245.982726778848,14245.991522080198,14245.979714067249,14245.971503568491,14125.53386834031,0,0,0,0,11.816038131713867,0,1424.5984802169287,1424.5982726778848,1424.5991522080199,1424.597971406725,1424.5971503568492,1412.553386834031,0.0034565644904705818,2.4494897427831783,0.1,East North Central
9020106,2919.929724122201,2920.2778906595013,2920.495518604502,2919.2742625008036,2918.425083069474,2892.697826015776,0,0,0,0,1222.0861930847168,0,3255.8603698530433,3256.2485920837153,3256.491257582014,3255.129499003845,3254.182623592934,3225.4955096620197,0.0037874936191786644,2.4494897427831783,1.1150475105464501,East North Central
9020107,8166.6295540057345,8166.655862085028,8166.67230643743,8166.580026166431,8166.515860666817,8097.400901248585,0.4830808999185398,0.5018936145717845,0.513652850429482,0.4476639050944026,0.17012619972229004,0.3412947356700897,816.6629554005735,816.6655862085029,816.6672306437431,816.6580026166431,816.6515860666818,809.7400901248585,0.0034646947356224856,0.32425453206512256,0.1,West North Central
9020109,1592.215631759885,1592.2359607302487,1592.2486677298316,1592.1773602476962,1592.1277778161768,1578.29878027996,0.2012775052204585,0.2091158947582522,0.2140154253692439,0.186520878821422,0.13146115839481354,0.023306557908654213,2824.422240146584,2824.4583015913213,2824.4808424655043,2824.3543505291013,2824.2663965362435,2799.735216574739,0.003569920509302395,0.45852180786174523,1.7738943041431732,West North Central
9020203,2091.5786021498634,2093.1521360069314,2094.13570249887,2088.6162524040346,2084.778397691505,2038.511994148276,0,0,0,0,5523.20166015625,0,3189.633027900785,3192.03264872109,3193.5325761752147,3185.115479012219,3179.26279523797,3108.707068251672,0.010315540605326681,2.449489742783178,1.5249883626760514,West North Central
9020204,18558.670720146096,18558.840526839722,18558.94666765977,18558.35104045605,18557.93688132218,18397.96756234215,0.7514558693422975,0.7807199633001137,0.7990120274362394,0.6963630088306284,1.0980873107910156,0.08701344579458237,10327.735436831612,10327.829932748567,10327.888999172292,10327.557537923167,10327.327062043301,10238.305556713049,0.0035376078705539158,0.4737439661958055,0.5564911190336757,West North Central
9020205,19057.29389083152,19061.555324105317,19064.219011929326,19049.271276180556,19038.87762516471,18800.36328222529,0.1993123698144599,0.207074230697003,0.2119259256541004,0.184699816986775,10873.167855262756,0.023079009726643562,34445.11489730483,34452.81722690021,34457.63171072326,34430.61441864232,34411.8284091756,33980.725546709065,0.005473066673340135,2.449266439432497,1.8074504751105511,West North Central
9020303,4871.817998155517,4969.551707133714,5030.6419727495795,4687.823591775279,4449.4507255733915,4115.25798785805,0.2769054435725243,0.2876890268123884,0.2944295053156759,0.2566041676093527,7.477819919586182,0.19563260674476624,1316.5183942816018,1342.929115219838,1359.4376256825205,1266.797320847369,1202.3814778969086,1112.0720930627158,0.07484450334933013,2.0111040905974833,0.2702314402508548,East North Central
9020310,1625.1718918611512,1627.015725972137,1628.1682486459347,1621.7006722966694,1617.2035542968342,1569.969519804124,0,0,0,0,6471.9722900390625,0,3387.688393563911,3391.531885719249,3393.934331703515,3380.45259882183,3371.0783076906428,3272.6184517003308,0.013842977571937153,2.449489742783178,2.084510820381173,West North Central
9020313,2401.2192908059133,2402.562116276952,2403.4014742176178,2398.691274853186,2395.4161187203936,2350.723317822845,0,0,0,0,4713.40087890625,0,5460.208842008897,5463.262335514598,5465.170978205743,5454.460306208492,5447.01282461291,5345.3844445772675,0.008540614391467482,2.4494897427831783,2.2739317741264293,West North Central
9030001,102411.89035023769,106364.4546783401,114214.8516402887,94970.75530244017,85330.43675127078,72614.77601209967,0,0,0,0,168.00735473632812,0,73563.52191476256,76402.68982364002,82041.71129834274,68218.47751330366,61293.73681592042,52159.94596167779,0.1574571081425802,2.449489742783178,0.7183103608690671,East North Central
9030004,10183.655518622316,10568.549886262888,11333.008937039998,9459.049735893634,8520.290994834155,7280.2771164196,382.2886136610222,397.1761544542973,426.7450862445917,354.2611883298983,3131.8147583007812,270.08538818359375,1018.3655518622317,1056.8549886262888,1133.300893704,945.9049735893634,852.0290994834155,728.0277116419601,0.15404436154072212,1.3667132080036604,0.1,East North Central
10020007,1891.4029457453314,1891.3659602717719,1921.669398352555,1900.990924504192,1899.8998682589227,1877.270232959843,0.1966454338217024,0.1811849341693473,12.84849046860516,4.204568761610342,552.1022642850876,0.9708793759346008,949.7279958016438,949.7094243281476,964.925654999196,954.5423965991708,953.9945457758139,942.6315529102995,0.007765644923413135,2.355224031838196,0.5021288551643824,West North Central
10030101,5226.692799273253,5142.832171693437,7433.098238192559,26966.414872805064,24492.560879665398,6743.505335845814,0,0,0,0,7663.709579467773,0,1202.2354998762623,1182.9460127396976,1709.7493423117103,6202.771524851302,5633.739594664646,1551.130288255341,0.8041015364776708,2.4494897427831783,0.23001839711020086,West North Central
10030102,16335.014929515739,15504.599928983349,38183.55370882555,231608.7594538322,207111.85877091152,31654.4146539633,0,0,0,0,14641.040393829346,0,2341.0876972286997,2222.074990492338,5472.357889473495,33193.50607681643,29682.68021859243,4536.620323221599,1.1195078342588196,2.4494897427831783,0.14331714463257625,West North Central
10030104,3161.244176823679,3161.2346668739992,3161.4943872657254,3163.709501361971,3163.4289617611053,3134.697818771725,0,0,0,0,474.9544677734375,0,5015.503944852813,5015.488856745896,5015.900918762114,5019.415330451496,5018.970237508298,4973.3865518000475,0.0035758590580762385,2.4494897427831783,1.5865601213672262,West North Central
10030105,3161.8013103889143,3161.7479979307086,3163.203981715645,3175.6218368731916,3174.0491413017035,3136.065590023293,0,0,0,0,1094.2125244140625,0,3584.2924770689237,3584.23204080993,3585.8825783405255,3599.9597515886603,3598.176906826378,3555.1178579695666,0.0044832287736339465,2.4494897427831783,1.1336235661905147,West North Central
10030203,3404.2798274792713,3404.025434054361,3412.1810352611424,3462.9236284102235,3456.4971843489175,3381.708221323452,0,0,0,0,4942.075836181641,0,5348.656694609308,5348.2570027026,5361.0707293067135,5440.795289067605,5430.698339112557,5313.193166787977,0.009432202323568659,2.449489742783178,1.571156592779204,West North Central
10030205,2269.705444584154,2269.6593429056925,2270.918397516136,2281.6566749266935,2280.296694389416,2251.376777559471,0,0,0,0,946.2147369384766,0,31348.44928563569,31347.812543924254,31365.202205519996,31513.51587574676,31494.73225736843,31095.299569637253,0.00477433458012103,2.4494897427831783,13.81168175828173,West North Central
10040201,2650.2223789441796,2649.993042207157,2674.752618591314,2709.674795030375,2702.909455692588,2632.087804756461,0,0,0,0,4655.262886047363,0,10098.162840789979,10097.288997246043,10191.630602759089,10324.694841910572,10298.916817074258,10029.064532417484,0.011735075391904813,2.4494897427831783,3.810307739086023,West North Central
10050002,1135.2962172489,1134.983437620692,1154.5192664818849,1207.7657842177925,1199.824937050394,1133.374032586664,0,0,0,0,5524.892578125,0,444.2282958340537,444.10590877849995,451.7500529506203,472.584800282236,469.47763851153957,443.4761671791617,0.029430507490288683,2.449489742783178,0.39128844885128516,West North Central
10060001,756.37298592,756.37298592,756.37298592,756.37298592,756.37298592,749.9790346809314,0,0,0,0,9587.8876953125,0,75.63729859200001,75.63729859200001,75.63729859200001,75.63729859200001,75.63729859200001,74.99790346809314,0.003455970262744813,2.4494897427831783,0.1,West North Central
10060005,2427.393276417858,2395.898401072248,1441.2369098361526,2350.179304375032,2225.5817203215493,1435.2667071779,963.1338592998587,939.6708437094471,228.4682367252998,905.61108424652,854.9151000976562,231.1656036376953,242.73932764178582,239.5898401072248,144.12369098361526,235.01793043750322,222.55817203215494,143.52667071778998,0.23250524049052837,0.518251576534573,0.1,West North Central
10060006,19289.95812084903,19114.630120070295,13800.14994378339,18860.117672144384,18166.49862859409,13718.07936328711,0,0,0,0,2356.0313720703125,0,298531.1075436184,295817.7339879074,213570.9171153105,291878.90309532825,281144.46500131226,212300.79402127324,0.15506728598173272,2.449489742783178,15.475985259965865,West North Central
10070001,1630.109438109199,1630.1005988136312,1632.4345225544535,1632.4009047308134,1632.1401491501829,1616.773017367497,0.04642949450682663,0.04277915201103969,1.006613990187201,0.9927309189277377,0.3342396020889282,0.229232057929039,621.3263099040647,621.3229407518048,622.2125302429034,622.1997166011804,622.1003279963957,616.2430505270862,0.0037357137289954255,1.0091666409392643,0.38115619441155757,West North Central
10070004,5890.604808767878,5889.409280997621,6205.075911268957,6200.529051009595,6165.261473915133,5863.062711497068,4.710404758662087,4.340067091936618,102.1238628565397,100.7153856456623,1277.718807220459,11.564114570617676,618.1659132383141,618.0404533679113,651.1668227502357,650.6896707232636,646.9886561907914,615.2756182236891,0.028204923592275503,2.020479951632808,0.10494099219119306,West North Central
10070005,5270.1719926748265,5089.090988748102,52901.640172263935,52212.94849904384,46871.133423554355,8596.2936812759,0,0,0,0,539.4275512695312,0,3032.154356629424,2927.970744458434,30436.566196345277,30040.33255155509,26966.958878747602,4945.813793700785,0.8567645301264447,2.4494897427831783,0.5753425810094829,West North Central
10070006,9629.61747294168,9621.589205456086,9759.841413646187,9752.406254369014,9694.735677738163,9265.563042989801,1.533118054008665,1.503015182842282,2.021407030035154,1.99352808327311,141.50649642944336,0.4603267014026642,12539.684425902877,12529.230018857223,12709.261994868673,12699.579933119696,12624.48132887682,12065.612877549467,0.019075271365321965,2.3014395102031457,1.3021996420042865,West North Central
10070007,12944.15912540105,12841.132483299116,40044.24206349876,39652.40863538203,36613.16510335545,14752.49201793213,560.9544639039433,516.8515517456196,12161.76521458029,11994.03194764697,3895.738525390625,1377.151611328125,1749.7287548555469,1735.8021122319863,5412.986747621501,5360.020602069098,4949.190377449862,1994.1704393063865,0.5317857108810145,1.0926344839818536,0.1351751579924536,West North Central
10080002,1233.2804039779269,1179.919422276425,1142.2969947360878,1717.6219211836922,1507.1478208730214,1150.312290988263,185.9648294984674,145.0281663784048,116.1655669121283,557.5345587779117,413.76470947265625,128.74061584472656,1666.8538293737702,1594.733201817051,1543.8841919619729,2321.470987057548,2037.0023788195142,1554.7173546461524,0.1792353840090517,0.7124513672363376,1.3515611080800107,West North Central
10080005,990.875061,990.875061,990.875061,990.875061,990.875061,982.4987612881097,0,0,0,0,1027.0494384765625,0,840.4604700107175,840.4604700107175,840.4604700107175,840.4604700107175,840.4604700107175,833.3556905386201,0.003455970262744873,2.4494897427831783,0.8482002455107884,West North Central
10080014,16248.2305309408,16755.73637233366,35482.35033616133,161006.8189140176,115085.55185884259,39038.00147504083,0,0,0,0,2331.653388977051,0,11453.311987262572,11811.05080231458,25011.365247897924,113493.0554799408,81123.34005574264,27517.729355294323,0.937618956598914,2.449489742783178,0.7048959556212923,West North Central
10080015,3939.369487720276,3996.3100327361844,8672.88733858435,37314.629298306885,28386.67668851064,5279.154669166463,328.5294902221241,302.7001080155031,1463.583742355414,7024.443970095715,16086.125503540039,806.5447998046875,1258.926696209942,1277.1235097966653,2771.643898293891,11924.848158886858,9071.69160223339,1687.089461182054,0.9946314165744446,1.452733976769013,0.31957568340168224,West North Central
10090202,497.32100289246216,496.90639183383297,495.85374084628006,501.0843022693385,499.44893337691445,492.5532799161953,2.304834541203154,1.797468522503929,0.5093230919400015,6.91004268092737,3.2149226665496826,1.5956019163131714,1198.095475857638,1197.0966368166662,1194.5606964913852,1207.161636207814,1203.2218708249407,1186.6095597294525,0.005942698468911176,0.8210784754071362,2.4090988896294556,West North Central
10090208,57297.34770690327,44902.53569647762,13433.49783134263,169801.3133983897,69141.55735220954,39962.61282805831,34593.38139127255,26978.29845318378,7644.456752051792,103713.1896533054,23041.05859375,23948.470703125,440592.07488249615,345281.2767389729,103297.84744517361,1305699.4081238408,531668.9765510184,307295.3846608632,0.8258805251403185,0.9278633088043914,7.689571900191341,West North Central
10100001,39597.78747299022,36752.37249900272,12009.668193482019,777252.6033525812,693309.8017749705,92228.03711206157,21744.17313719172,20035.07583562245,5169.57895097509,464847.5366090803,114207.61771512032,53373.671787679195,8571.722245474848,7955.77604275399,2599.7295956260105,168251.65888510813,150080.58354103536,19964.578018637454,1.302094456120264,1.559726894777078,0.21646972703516953,West North Central
10100004,16203.294477354932,16299.69388898728,3119.3641386483923,15516.737144197841,14459.86007556361,5208.224707804213,10772.17053285135,10840.76364106146,250.0270407414122,10112.93976978629,6384.375923156738,1903.7006573677063,3581.6394091321636,3602.947911066885,689.5164156913173,3429.8800984252753,3196.263869027069,1151.2463030995004,0.5074761821980458,0.699210884980945,0.22104390030914503,West North Central
10110101,8967.078647266644,8852.423740843722,5366.855800716794,8685.955446530126,8232.320710316022,4777.140817628423,1730.753846427592,1688.5952298059,406.9456974026338,1627.384320774665,10162.349620711058,203.34843225125223,1105.347110869994,1091.21391604179,661.5575470152086,1070.693827458974,1014.7755217555467,588.865003720501,0.25284474613855096,1.421843671166677,0.12326724838160387,West North Central
10110201,2097.3806607740144,2097.5697195989483,2093.650905400765,2097.024736839189,2096.563621688117,2075.985254645036,0,0,0,0,663.6082153320312,0,9981.409213791683,9982.308942454409,9963.659353051575,9979.715376087866,9977.520934657368,9879.588734628027,0.0040478158380912585,2.4494897427831783,4.758987913099265,West North Central
10110203,791.7282160871927,791.8378664603883,789.5650318573727,791.5217872558669,791.2543496029627,782.569577460387,0,0,0,0,384.8796081542969,0,1754.2221875905002,1754.4651385345603,1749.4292476716098,1753.7648058416726,1753.1722476190541,1733.9295079047017,0.004574837705192309,2.449489742783178,2.2156873431391113,West North Central
10120110,83.93274808660544,65.4565306081238,24.71312644210548,113.1898533806047,178.7592260387785,43.65677862550473,113.3221432667827,88.37640263686436,33.36652878746052,152.8237436942687,143.26585292816162,58.943376541137695,182.1744482889756,142.07216637469293,53.63937530605811,245.67644407692674,387.99353199512075,94.75621544011479,0.651425580518878,0.478733838452406,2.1704811583316697,West North Central
10120201,156476.7115876578,142358.5737316463,31809.956216132552,296602.1971311631,234674.9096820036,70749.6672073345,110312.3211662821,100272.8910569334,20634.94507592466,210110.6396445524,60691.77623772621,48516.767058968544,794490.3943893248,722807.3637360262,161510.96481539114,1505959.5398224415,1191531.6960254957,359222.34326211555,0.6357675270271638,0.7281164225087748,5.077371490800109,West North Central
10120203,1512.7459716600001,1512.7459716600001,1512.7459716600001,1512.7459716600001,1512.7459716600001,1499.958069183384,0,0,0,0,16.587305068969727,0,2145.6771949093645,2145.6771949093645,2145.6771949093645,2145.6771949093645,2145.6771949093645,2127.538848333772,0.003455970262744945,2.4494897427831783,1.4183988819714537,West North Central
10130101,11290105.745757801,11039436.14616722,617027.2033647536,10610829.91855726,9523649.048003508,1329241.139825244,300207.9676826388,308018.7578603559,16129.40263806777,279031.2913729954,169505.22369384766,34866.11867904663,1129010.5745757802,1103943.614616722,61702.720336475366,1061082.991855726,952364.9048003508,132924.1139825244,0.6783787599408545,0.720780928691834,0.1,West North Central
10130102,19354.416823516745,19353.91256204397,19334.84245163156,19353.18055790737,19351.185637764018,19177.78787714654,0,0,0,0,2870.96484375,0,1935.4416823516747,1935.391256204397,1933.4842451631562,1935.3180557907372,1935.118563776402,1917.778787714654,0.0036486570573362044,2.4494897427831783,0.1,West North Central
10130103,10401.934136357728,10402.324106672959,10392.456723326115,10401.19997454798,10400.24883555257,10305.23240313857,0,0,0,0,1368.8199462890625,0,38300.743928730284,38302.17983026434,38265.847344607355,38298.04068689961,38294.538517915804,37944.680501204275,0.003728070545216926,2.4494897427831783,3.6820790659362337,West North Central
10130201,264483.8085666261,263561.7744397301,15948.66979915803,247615.0838451813,222413.1361103373,32444.59735727529,168910.2616927011,168367.5961995577,9136.385181854783,158055.2865459027,73563.763671875,19749.6640625,1388456.6475406406,1383616.2589373223,83725.49050197648,1299901.1586358328,1167598.874979776,170323.91177980317,0.6734881000134737,0.7536180354312023,5.249684867536511,West North Central
10130202,700.7639195840877,699.067560905019,634.9148364649051,696.6050654790031,689.8940627910822,633.9762102490722,0,0,0,0,9658.05712890625,0,2873.5463703478126,2866.5902968559885,2603.52619878966,2856.492609752426,2828.9735311064887,2599.6772763776435,0.04779214330235437,2.449489742783178,4.100591212020874,West North Central
10130203,6306.004234759285,6348.522496002432,5169.0243919450395,6224.870688512308,6110.009916433234,5201.124918368267,0,0,0,0,18496.894317626953,0,12523.502258541732,12607.942027511874,10265.500344918823,12362.373893916347,12134.264446951307,10329.2508595388,0.09411456096029566,2.4494897427831783,1.985964771401677,West North Central
10130205,338.6279929287819,339.5261385606189,316.8004414895973,336.9371354539089,334.74655504141845,315.5679515413812,0,0,0,0,3152.546875,0,1831.4280812100258,1836.2855920050897,1713.376439040601,1822.283285370724,1810.4357991458405,1706.7106679049978,0.03363965167828446,2.4494897427831783,5.40837768717839,West North Central
10140101,3378.4013369607715,3378.3284075536535,3375.2750458248365,3378.1906095225804,3377.854977948797,3347.649400913655,0.3955629169142359,0.3859265628426489,0.04077478394701904,0.371938083803664,35432.39269673824,0.14345471560955048,337.84013369607715,337.8328407553654,337.5275045824837,337.81906095225804,337.78549779487975,334.76494009136553,0.003643586729242837,2.449378778225329,0.1,West North Central
10140105,485331.7365883341,485330.980502408,485303.89926395944,485329.88294081466,485326.891772293,481209.4969191416,0,0,0,0,4304.70361328125,0,1078668.5331618818,1078666.852731703,1078606.6636330902,1078664.4133586625,1078657.765371073,1069506.6962530352,0.0034665994779045947,2.4494897427831783,2.2225386304725117,West North Central
10150004,1703.8354378557735,1703.6007937779113,1696.1167599744642,1703.2601759736658,1702.3318952647164,1686.943368273792,0,0,0,0,1335.9237098693848,0,2452.9386165045903,2452.6008095151747,2441.826367855008,2452.110436708658,2450.774030887211,2428.619830271062,0.00396281955007623,2.4494897427831783,1.4396570009082221,West North Central
10150006,823.3404997252766,823.3278599455376,822.9247108880526,823.309511585502,823.2595070688573,816.2463762169981,0,0,0,0,71.96338653564453,0,1779.9039096796043,1779.8765849052463,1779.0050541305052,1779.8369192775085,1779.728819123675,1764.5677781855893,0.0034745532373848375,2.449489742783178,2.1618077943129284,West North Central
10150007,62035.50482003208,60560.36429891257,13510.374265179371,58418.99712768334,52583.160565259604,45864.68696419362,0,0,0,0,11736.52010345459,0,20529.57263932797,20041.40051000631,4471.023660823716,19332.752244520976,17401.48351434637,15178.121389404769,0.3747606473509109,2.449489742783178,0.33093262799884077,West North Central
10160003,16673.833467194934,16883.01131950048,13314.818690927395,16234.750048890626,15657.749694904753,11324.23678425812,2481.621207007867,2554.125277955567,1109.352472914028,2304.863580584307,1880.459056854248,381.48597478866577,21423.364574449894,21692.126608067356,17107.536525397783,20859.20851714993,20117.849970697713,14549.938598935243,0.14789215357888946,0.4871829859342426,1.2848493789145408,West North Central
10160004,1177.5126694913038,1179.199777438484,1153.513093055607,1174.3365040875117,1170.2216417624659,1129.6190094812,0,0,0,0,5921.8536376953125,0,1805.3691818517323,1807.955865437576,1768.5728935423926,1800.4994668286683,1794.1905362993605,1731.9383474933384,0.016529552790847522,2.449489742783178,1.5332057383566566,West North Central
10160005,2740.391954630219,2705.606119210868,1958.6937659557407,2655.109746204822,2517.4927210548094,1819.22319890938,978.7946881669181,954.9501573091128,442.9666318147054,920.3365765273195,944.246826171875,354.9693603515625,5586.215942499742,5515.305944364467,3992.7450244369356,5412.3704341911225,5131.841797200535,3708.4379917048277,0.16879834963393098,0.37375368419399274,2.038473340669813,West North Central
10160006,3750.4160224797265,3745.836019515255,3647.4953946353417,3739.1875220657994,3721.0684694240977,3600.478461050489,275.6456124084221,268.9305776924078,124.7471098680891,259.1827911672129,3176.526885986328,99.96554565429688,1841.0009789719575,1838.7527510711734,1790.4793900383006,1835.489142383557,1826.5948774669514,1767.399758275011,0.016779582637021197,1.7340304018101822,0.4908791365910152,West North Central
10160009,4551.297582546104,4550.233378598315,4547.46450771821,4552.56979729253,4551.560953751209,4508.121753596251,0,0,0,0,1451.8648071289062,0,10112.889979220708,10110.525339852646,10104.372965487028,10115.716814321511,10113.475184642373,10016.954171901501,0.003838340239509712,2.449489742783178,2.2219795115140144,West North Central
10160010,1515740.099287642,1515739.8544757809,1515734.5979395758,1515739.4990980558,1515738.530592351,1502920.566277097,0,0,0,0,1393.8131103515625,0,564323.3798963688,564323.2887507583,564321.3316960632,564323.1564405033,564322.795857305,559550.554924196,0.0034572535634020208,2.449489742783178,0.3723088015957261,West North Central
10170101,8745.234680085458,8744.305208055503,8720.366178139064,8742.955952941822,8739.278847758622,8655.441674763892,0,0,0,0,24210.807006835938,0,874.5234680085458,874.4305208055503,872.0366178139064,874.2955952941822,873.9278847758623,865.5441674763892,0.004025473230691848,2.4494897427831783,0.1,West North Central
10170102,86807.10258538845,86806.49878543743,86790.94760732212,86805.62228765665,86803.23358110286,86057.6970175191,14.98401426044437,14.61898695213717,5.217520988375163,14.08910014920533,6.333334445953369,5.434097766876221,101882.05401707573,101881.34536101657,101863.09355993595,101880.3166503283,101877.51312016895,101002.50641932864,0.003509495332501605,0.484398771614429,1.173660345555926,West North Central
10170103,765.2119431001687,765.8050707060767,755.2080853577183,764.0953154504281,762.6486750955094,749.0851241531883,13.73864869546135,14.27367559814467,4.714733825347694,12.73140198001505,3.8355727195739746,4.910439968109131,1066.579560603744,1067.4062829085844,1052.6358286854245,1065.023165360887,1063.0067866987224,1044.1014280791517,0.008843053388810994,0.555541725647226,1.393835485999629,West North Central
10170201,2440.58685399282,2440.5101809831667,2438.5354282066182,2440.3988796776703,2440.0955518613164,2417.976178773317,2.035461717381121,1.985875598538495,0.7087596185426481,1.913894600445049,0.8042329549789429,0.7381798624992371,3689.8218881688044,3689.7059694303302,3686.72042273417,3689.5376976097514,3689.079108883748,3655.6377475000513,0.00370795163764835,0.4943075375055775,1.511858462292471,West North Central
10170202,13934.420036690391,13689.90307621009,7295.92817914817,13325.383627928282,12343.924446676176,7416.584209133416,5983.345761675857,5837.584782001569,2083.435823647137,5625.992888041628,14983.517580032349,2169.918212890625,10532.383570108275,10347.564509796153,5514.654637969527,10072.041119661566,9330.20152187901,5605.852950099131,0.2760547912134349,0.7699530030656566,0.7558537450698132,West North Central
10170203,38169.354432153814,38227.55032956491,37187.80598777886,38059.7942843822,37917.85428218534,36922.44439959015,1311.850064309167,1362.937699800139,450.1915733551176,1215.671997766862,10085.723459243774,468.8788146972656,15648.578179793436,15672.437190875205,15246.16535941529,15603.660979508028,15545.468766035678,15137.373067262006,0.014649447726472685,1.5095828397090525,0.4099775438332039,West North Central
10170204,1025.4251243872895,1050.5272138795278,600.3095656842281,977.9951423230873,916.5164598835809,1384.370849461984,214.3075547994626,222.6070254954188,73.54825981355344,198.6055831153695,14697.47902059555,369.9023930132389,846.9988675594753,867.7331375394571,495.8543634509412,807.8218080732942,757.0405533849768,1143.487236552036,0.2540145292506857,2.2487465315103536,0.8259977714760722,East North Central
10180002,1823.4713675257196,1816.8512344458618,1498.8818837083093,1924.7233593435512,1877.1680315254948,1574.981862763027,71.85971673852262,70.44874659869782,2.678921754058924,93.43987764003329,78.09332275390625,21.576255798339844,1133.3360024272888,1129.2214134658818,931.5949964696658,1196.2668110422496,1166.7099087057093,978.8931595133242,0.09889402923635071,0.6338000093249988,0.6215266236755447,West North Central
10180003,231842.1972601424,240366.4380281591,76355.58262647441,2663256.695325746,1891947.471226212,614974.1141326881,0,0,0,0,3073.855712890625,0,39360.248592918404,40807.4236096327,12963.01859261161,452145.66991509945,321199.1763028778,104405.2130998058,1.1219164761067535,2.449489742783178,0.16977171998052443,West North Central
10180004,1103.1522740396786,1100.9576830375493,995.1124168153644,1138.672587488052,1122.2725231755912,1016.626771961101,0,0,0,0,11243.613063812256,0,1702.7450462999432,1699.357636378876,1535.9826364125145,1757.5716003401733,1732.2576623424907,1569.1906191278933,0.054688135080379854,2.449489742783178,1.5435267518096947,West North Central
10180005,530.561126191119,529.8714721405224,496.7469339996003,541.1090782406937,536.1549898467672,501.7954236380317,0,0,0,0,3446.837158203125,0,1087.356952731423,1085.9435432487512,1018.0565551610217,1108.9744222971283,1098.8212802864155,1028.403167526971,0.03572692048468785,2.449489742783178,2.049447083576445,West North Central
10180007,826389.5905599446,825083.5501867569,112079.5701719719,3751424.0205872324,2797941.9652232723,869787.8768254152,138703.9105168234,135980.4503516757,5170.865404446623,180358.0227576689,62963.664154052734,41646.57421875,461472.52326264774,460743.20412143075,62587.48009931652,2094870.4199377508,1562426.915081496,485706.99680512235,0.9231604832443031,0.7175399158423957,0.5584200582076105,West North Central
10180008,47180.183515164565,48860.229518485365,16535.26479521238,526388.6339871434,374370.9922359963,122679.2409448743,0,0,0,0,1297.687515258789,0,16185.896267951506,16762.26219765156,5672.679943103533,180585.8136097773,128433.79560222084,42087.02298766034,1.1131258779308375,2.4494897427831783,0.3430655640147959,West North Central
10180009,6567.686351806231,6542.337797472903,5976.578767743312,6635.118754513819,6534.969151671915,6347.240365632566,3182.29608932423,3100.482862244103,191.2866736324787,3037.316928809904,252.39339447021484,2332.2208166122437,6760.518653167958,6734.425845865402,6152.055697718299,6829.930922864304,6726.840850980185,6533.600204004624,0.037881155585276716,0.7056677366956565,1.0293607658819905,West North Central
10180011,223263.5342458134,174443.44588392522,20549.06835054207,666388.7338455607,269914.93654011283,155006.7434120698,133408.8208244631,104041.3755388972,11467.09180417078,399968.2534382746,82665.46875,92356.8984375,464198.98432563257,362694.5648563744,42724.65133807897,1385523.9480199807,561194.37426037,322282.6920597133,0.8741630620560841,0.982200075251003,2.0791527192011077,West North Central
10180014,1816845.967199908,1772626.844677352,110477.1229484397,1708436.771965836,1533500.507738219,1332467.458400765,0,0,0,0,601.6513061523438,0,732969.4734132331,715130.1697324127,44569.74344199703,689233.993257844,618659.5231119739,537556.8369340007,0.468860075718131,2.449489742783178,0.40342961739506905,West North Central
10190002,269590.9247589913,269866.22404544,274563.09035236214,272975.9546272747,271202.11034292076,268608.2813782906,1852.058117342344,2038.150029712033,5213.05412944676,4140.210367002597,3904.7948837280273,2712.66943359375,206477.95581224895,206688.80576557477,210286.10546935262,209070.528422738,207711.95249111092,205725.35556533452,0.00833301246950104,0.399975784964097,0.7658935700333236,Southwest
10190003,998976.5765150107,1009616.5359016128,1194032.2580895568,1131816.23230562,1062281.1950762304,1041492.638899226,53370.15763018407,58732.7078676056,150222.888805723,119307.0983248237,108014.95756697655,78170.11772424816,1116558.2201102383,1128450.525089194,1334572.3655480037,1265033.3827081982,1187313.9253861876,1164078.5124352325,0.07062161680281955,0.39932325109261235,1.1177021026913545,Southwest
10190004,24957.1189221557,25209.178077327146,29509.545755529623,28056.392370467853,26432.29193240399,25933.03906741246,922.3535508056987,1015.030197690143,2596.181481463058,2061.888715764061,2721.146987915039,1350.9513473510742,21278.06496502736,21492.96681709998,25159.395747286464,23920.45898427556,22535.775329938613,22110.11983146539,0.06630739988478734,0.44545195481605987,0.8525849891326094,Southwest
10190005,233403.38758343057,236710.31437149216,293137.3275503298,274070.1324394474,252759.8975732795,247004.2456829014,22884.99259059699,25184.44096960438,64415.20598606463,51158.59091308064,50661.131776571274,33519.154505729675,861808.5086756095,874018.8612031625,1082367.5084964258,1011964.6272303488,933279.6436074167,912027.7251007513,0.09036621955196858,0.4020010666834329,3.6923564717652355,Southwest
10190006,38318.78375818742,34700.27938699507,83933.19719975383,71162.8552365364,56890.22704057679,53985.49254612408,0,0,0,0,7675.314363479614,0,146849.95160276303,132982.67452170362,321659.1117408693,272719.0380923021,218021.7185466871,206889.8380929366,0.33394016790467906,2.449489742783178,3.8323228766723627,Southwest
10190007,97738.30357452332,103161.43764383509,195698.1842298875,164429.1959373159,129481.76498760891,122452.3312558214,26506.3433435427,29169.65940071136,74608.35128752454,59253.99234217472,27385.085571289062,38823.26953125,681846.9084354887,719680.0512664561,1365239.594135633,1147099.2927650562,903297.2532437595,854258.1612728527,0.27887676550712853,0.4676896046109413,6.976250697001256,Southwest
10190009,486829.12481816194,486493.2026472939,491092.55069821497,489900.59091028786,488568.41054059856,482260.4046192908,896.0681248517891,698.8155633937301,3382.609239016881,2686.470059804024,5445.2020263671875,620.3343505859375,46810151.29041274,46777851.31730408,47220093.09604174,47105482.414058,46977389.08218397,46370854.47596557,0.006403125880114822,0.8421808536448847,96.1531447156064,Southwest
10190011,15330.292918401756,15330.31805257554,15330.746865361527,15330.601963623318,15330.440015835202,15200.81760752235,0,0,0,0,33.387874603271484,0,709528.5981142508,709529.7613937253,709549.6080422215,709542.9015867269,709535.4061926284,703536.1205857621,0.003457780870497079,2.4494897427831783,46.282781541803836,Southwest
10190012,5414.290962623397,5387.912581793296,6902.977695062917,6459.480836068315,5963.8115898775795,5829.220985398007,99.55338977635454,109.5563591826015,280.2164817693556,222.5480791141531,19699.876705169678,145.81370544433594,8982.848084359866,8939.083722720652,11452.727678017098,10716.9222073209,9894.55754879816,9671.258327908788,0.09940243380293776,2.3269429315391705,1.6590996210531306,Southwest
10190013,103749.57248331529,114015.4014741434,289160.1572838797,229976.3353816744,163830.2065106472,151212.1626281927,58845.50252935592,64758.20688647249,165634.5376462745,131547.0380449636,51728.43981933594,86189.74145507812,10374957.24833153,11401540.14741434,28916015.72838797,22997633.53816744,16383020.65106472,15121216.262819268,0.40765231957991266,0.4915532307543201,100,Southwest
10190016,669.427279125332,671.7153601457253,732.9271405430877,712.5277034185626,690.1497576491192,676.5967910928622,1.418084253808524,1.383538138920803,3.732431625817818,2.848137112586916,8453.492679737508,1.0396755672991276,2770.96690707535,2780.4379833011367,3033.812506708479,2949.3729163934863,2856.7436658250385,2800.6437383330544,0.03687483466088317,2.4458704977695733,4.139309815243669,West North Central
10190017,503.14770097903255,511.1454652728532,647.5948913753664,601.4867535908587,549.9545151197323,536.5541644260192,0,0,0,0,21248.23046875,0,5536.683320129646,5624.691449904983,7126.193414582607,6618.815249290421,6051.749783947235,5904.29109929976,0.1001948779965544,2.449489742783178,11.004091461326926,West North Central
10190018,101760.9375148191,99302.56386441978,266454.7277054173,95733.90002920429,86008.27279051137,74825.42328209917,136470.3084094981,133145.739407046,359193.1112165772,128319.6751654276,69169.62939453125,100053.890625,70210.10031887316,68513.94200084788,183840.80983836282,66051.73742614723,59341.52739105242,51625.90482495585,0.5974455834648708,0.6706846203080649,0.6899513903225262,West North Central
10200101,23205.624278351723,22722.85475243066,31103.40428573277,22022.04910084927,20112.15373138578,17888.85510448638,10425.58378375676,10171.60492869372,14580.50454017257,9802.920064687918,6548.760680675507,7643.568587303162,9319.984936223282,9126.09208269426,12491.939709578124,8844.630225102614,8077.566350429441,7184.63154019213,0.1968117276410074,0.28166027588017895,0.40162612409948373,West North Central
10200102,2348.002822922982,2347.55279970164,2355.3648957331666,2346.899529766556,2345.119182788458,2323.380858472895,57.81353040047318,56.40512828479103,80.85402793470763,54.36064098935508,97.10339641571045,42.38628005981445,5405.134635990707,5404.098676375613,5422.082228366034,5402.594840043603,5398.496456932027,5348.454536820459,0.004640267022737286,0.31099361536556175,2.3020136872160837,West North Central
10200201,90568.44429990646,88403.36861838252,125987.6050254791,85260.46669055562,76695.16213701863,66838.47496475565,4019.234028221871,3921.321002161053,5621.024319790006,3779.186922972971,7714.628005981445,2946.721435546875,9056.844429990646,8840.336861838252,12598.760502547912,8526.046669055562,7669.516213701863,6683.847496475565,0.226358514672078,0.3701521644082421,0.1,West North Central
10200202,48292.61236360086,48259.308770673175,48837.43641788732,48210.96407431488,48079.21098199254,47531.13188261442,1195.479960504546,1166.356734609723,1671.916062770431,1124.080409772452,904.0120239257812,876.4721069335938,4829.2612363600865,4825.930877067318,4883.743641788732,4821.096407431488,4807.921098199254,4753.113188261442,0.00870593724013434,0.2477774777440322,0.1,West North Central
10200203,90536.53418294179,89913.35291907759,100731.35440762567,89008.72052571672,86543.33912468512,83161.27922160746,18259.55980944897,17814.73655632962,25536.56468791894,17169.0150826179,9386.450718641281,13387.087727189064,74115.68918839777,73605.53591958295,82461.44854315143,72864.97903941112,70846.75022936525,68078.10326430091,0.06577611505337642,0.3194133222965562,0.8186274177299144,West North Central
10210003,2541.3961356632544,2541.393923941822,2541.3736916575513,2541.3907133272405,2541.381963486384,2519.889144915428,0.9798545356188209,0.955984185694385,0.7376240892296668,0.9213331250244841,0.02319902740418911,0.7183852195739746,1199.7968187882602,1199.795774631349,1199.786222940464,1199.794258895527,1199.790128082909,1189.6433371177545,0.0034583373021997914,0.4987059320602061,0.47210145712885365,West North Central
10210005,1347.020331756285,1346.178583957832,1338.4784819044035,1344.9566725017667,1341.6266151219959,1326.705196058062,0.8650737975246049,0.843999634465971,0.6512183684617516,0.8134076194756688,4611.618782579899,0.6342331767082214,2162.9534911533633,2161.601869877565,2149.2375705228665,2159.639807696714,2154.2926283962165,2130.3328300944213,0.005676292488334864,2.4470646203821915,1.6057318810720849,West North Central
10210007,1279.9131517519513,1279.6875561658558,1277.6238631702447,1279.36007347853,1278.467589711181,1266.700657258557,3.972326149834065,3.875555852036094,2.990324943022349,3.735080598398976,2.366300940513611,2.912330746650696,538.5967785631963,538.5018462970789,537.6334292502987,538.3640391965055,537.988475525364,533.0368646259221,0.003991386064910653,0.19541082526111514,0.4208072851083391,West North Central
10210009,2117.75449212,2117.75449212,2117.75449212,2117.75449212,2117.75449212,2099.852188347921,0,0,0,0,244.9508056640625,0,390.56534025913663,390.56534025913663,390.56534025913663,390.56534025913663,390.56534025913663,387.2637208362143,0.0034559702627449105,2.449489742783178,0.18442427661582111,West North Central
10210010,315.56502684,315.56502684,315.56502684,315.56502684,315.56502684,312.8974178270787,0.04326836209124931,0.04221429650678677,0.03257196351074805,0.04068417689677318,1.0207571983337402,0.03172241523861885,389.4831204264418,389.4831204264418,389.4831204264418,389.4831204264418,389.4831204264418,386.1906494804866,0.003455970262744843,1.9874281051478286,1.2342404490340444,West North Central
10220001,3035.0981126499923,3033.386941302897,2990.1757846834753,3030.902943273856,3024.1333398571096,2991.291184685956,0.278669379857273,0.27188068279193,0.1004498949691572,0.2620259653443245,9666.97306419909,0.20430785417556763,3953.663053020839,3951.433999895933,3895.145093553021,3948.1982260043865,3939.3798188494934,3896.598066608741,0.006981849069537469,2.4491500403585893,1.3026475277824983,West North Central
10220002,1699.5172066989464,1699.3877595508538,1696.1189104086238,1699.199849403064,1698.6877406317815,1683.777435544694,0.1478812551772472,0.1442787027778583,0.05330566479198314,0.1390491078136918,678.3395853713155,0.10841988027095795,1860.1273042957678,1859.985623956386,1856.407857565367,1859.7799556670152,1859.2194508927903,1842.9000717782108,0.0036405171590580513,2.4469226967375746,1.0945033665818436,West North Central
10220003,22545.64815236258,22212.56925794599,13801.532982889064,21729.05992461704,20411.35902603904,18822.18487995007,6504.293349267323,6345.84150502481,2344.554626407543,6115.827094449105,3705.1476970911026,4768.655106723309,7489.297250384028,7378.653864518285,4584.644554075681,7218.039936004721,6780.321150993228,6252.423373016137,0.16543846645240365,0.3382059062569517,0.33218371899408966,West North Central
10220004,3776.1421069985836,3775.9412475125673,3770.8690665626714,3775.6496726400537,3774.8550479140554,3742.090267699756,4.199760154844732,4.097449310887129,1.513856551680967,3.948931200663093,2.481692850124091,3.079075114801526,3315.612659076097,3315.436295942597,3310.9827063026755,3315.180280858688,3314.48256670332,3285.7137023512514,0.0035691421480048245,0.33264961309937896,0.878042341926445,West North Central
10230001,159747.9587030385,165498.1399386522,308355.77120311244,148922.58205874488,134897.8237261916,267195.1909954387,86660.12020934751,90034.94234284369,173878.8121615326,80306.64809022394,43620.42855453491,149781.625,15974.79587030385,16549.81399386522,30835.577120311245,14892.258205874488,13489.78237261916,26719.519099543875,0.3643546858445408,0.46455705986272533,0.1,East North Central
10230002,3654.1558913553326,3655.950481825417,3700.535175121748,3650.777378335711,3646.4003657523863,3657.220666433424,0,0,0,0,6299.1240234375,0,3030.9713391982823,3032.4598778491077,3069.4410389068,3028.1690022329094,3024.5384511327898,3033.513443503345,0.005418175329271472,2.4494897427831783,0.8294586846633109,East North Central
10230003,13397.624050640932,13396.221252963576,13815.881311994914,13371.449783352353,13332.354756664183,13583.76028840225,288.5969862600191,281.8920777516991,587.3948548485863,271.2907415913983,19655.82505980134,505.9900795221329,7803.568361627885,7802.751289322273,8047.186119477039,7788.322920844511,7765.551665866192,7911.985111527445,0.013712863563294033,2.1863496721265854,0.5824591235081393,East North Central
10230005,19057.87049627327,19062.154384406378,19168.58303301136,19049.805607891445,19039.35718939333,18977.82025739596,0,0,0,0,15036.712890625,0,13189.279633144328,13192.244360946193,13265.899872862034,13183.698208498863,13176.467226772824,13133.879687727587,0.0032411224816923383,2.4494897427831783,0.6920647107830576,East North Central
10230006,1400100.4584467262,1407031.895840861,1663461.3281088828,1381711.5397968409,1356927.034685133,1529655.344665915,190931.1238367585,196314.0023656141,384046.9970119654,177373.6929517069,92454.37996864319,297732.1928153038,140010.04584467263,140703.1895840861,166346.1328108883,138171.15397968408,135692.7034685133,152965.53446659152,0.08084288976049486,0.4587104526280604,0.1,East North Central
10230007,9780.045324468456,9780.84232565572,9801.046187341086,9778.519319433142,9776.537712716914,9712.746288891376,0.1010035281913056,0.09854296953296718,0.2056301481654213,0.09497113386144003,2818.2874500118196,0.17713266611099243,6410.251981369906,6410.774369382469,6424.016827888864,6409.251773653412,6407.952945482624,6366.141370238796,0.0030904585430866047,2.4487835316957174,0.655441950287516,East North Central
10240001,213441.1957884854,208634.1741019361,57541.61279565024,201656.12808964698,182638.9615803581,160650.1440002648,143813.1346344088,140309.6861911301,30190.56603390913,135223.954103154,70386.359375,105437.3203125,21344.119578848542,20863.41741019361,5754.161279565024,20165.6128089647,18263.896158035812,16065.014400026479,0.34419506381912535,0.4387905695375492,0.1,West North Central
10240002,18881.403359157037,18882.354031043073,18862.04227028812,18879.61361525841,18877.294923123824,18739.77800940743,0,0,0,0,3336.917236328125,0,11306.04029678629,11306.609551859554,11294.447024465488,11304.968611792656,11303.580196630348,11221.23611772939,0.0029876615224107886,2.4494897427831783,0.5987923716116751,East North Central
10240003,5621.068474816849,5661.773580260431,4792.080918239282,5544.4366576982775,5445.1567597482135,6343.721193425166,807.1840575415818,838.6183853109856,167.0022846105624,748.0054942970052,5684.736092895269,1395.1207978725433,3176.8075497415857,3199.812479652249,2708.296280011278,3133.4982507598424,3077.3891443224556,3585.2225374972695,0.08911491388131461,1.26676306555442,0.5651607988719788,East North Central
10240004,258.4508227413276,259.1369202242409,244.47797413336522,257.15916912040785,255.48577490252924,246.6732549670081,0,0,0,0,2408.24462890625,0,25.845082274132764,25.91369202242409,24.447797413336524,25.715916912040786,25.548577490252924,24.667325496700812,0.02504191217779924,2.4494897427831783,0.1,East North Central
10240005,203566.28264854001,198752.9830638619,47485.081175682506,191771.9415721168,172709.5503835977,150783.9180616916,0,0,0,0,48862.8706741333,0,20356.628264854004,19875.29830638619,4748.508117568251,19177.19415721168,17270.95503835977,15078.39180616916,0.36582165545817397,2.449489742783178,0.1,Central
10240006,6456.583939149997,6456.518416226091,6454.458923458476,6456.423300787117,6456.164084075534,6401.308631426942,2.132430386442181,2.0804820026122,0.4476592528092605,2.005071855484307,1.7785921096801758,1.5634019374847412,4231.439365072528,4231.396423436186,4230.04669750509,4231.334087808477,4231.164205436032,4195.213689820698,0.003467406270808193,0.3803060795093183,0.6553681335132759,West North Central
10240007,2323.5947608484894,2323.3144894204474,2314.5050995975757,2322.9076373094454,2321.7988492151912,2300.979638399231,0,0,0,0,1595.69873046875,0,1380.7936736281933,1380.6271226351976,1375.3921522604562,1380.385351208252,1379.7264550824138,1367.3546615713492,0.003858062312631792,2.4494897427831783,0.5942489184835222,South
10240008,3975.9897734229253,3975.178627295623,3949.682976566455,3974.0011383288384,3970.7921449079354,3933.77539408419,25.82396409425642,25.19486351150852,5.421202279102603,24.28163842141666,20.29914927482605,18.932968735694885,1551.4078428935986,1551.091338441791,1541.143085363953,1550.6318891669964,1549.3797587932563,1534.936040167452,0.004413607648424894,0.3829049736222675,0.3901941230492636,West North Central
10240009,2021.6535003268182,2025.3527202874063,1946.3163335770294,2014.6893137853028,2005.666903053778,2074.555500129135,1.104004138656327,1.146997589318618,0.2284128528710752,1.023064261150902,12611.609803818166,1.908138781785965,1103.5931113203467,1105.6124651142109,1062.467578068472,1099.7914567381329,1094.8662456031861,1132.4715924979912,0.020467982785807873,2.448229244115305,0.5458863802040959,East North Central
10240010,3208.571326237742,3208.5964372994285,3208.059922141287,3208.5240519151275,3208.4628059457464,3181.922990758009,0.2818033946980812,0.2927777198135322,0.05830369205869415,0.2611430262729805,0.1623854637145996,0.48706337809562683,972.3993031031165,972.4069133372054,972.2443154352624,972.3849760043266,972.3664146161296,964.3231781818932,0.0033796575641389702,0.5586763687971152,0.30306301597581053,Central
10240011,407784.51045909914,398451.94844358234,105114.24572013417,384904.4649073546,225380.8212097833,197642.5769153123,133239.5897052641,129993.7246156625,27970.87096080367,125281.9098118518,39750.317068099976,60026.23985290527,40778.45104590992,39845.19484435824,10511.424572013419,38490.44649073546,22538.08212097833,19764.25769153123,0.4454391947590115,0.5667703918997639,0.1,Central
10240012,71419.20068571647,71412.23593679644,71268.54238152572,71423.37274874141,71331.16920847331,70719.1143924262,0,0,0,0,4916.010768890381,0,24413.330906443167,24410.950136028034,24361.831155694097,24414.757048912037,24383.238976493158,24174.0193742913,0.003832104100595577,2.449489742783178,0.34183147769848576,Central
10240013,3834.8314829970327,3821.934031398285,3810.055921180273,3923.9576466182425,3843.3207520202695,3851.830421495871,27.08838834474778,14.82785107457169,23.9363191180515,107.2110974727142,3600.89882171154,53.00936484336853,1958.427768184464,1951.8411091717287,1945.7750223077683,2003.944019545558,1962.763192116496,1967.10903444959,0.010459433539183657,2.276455243156366,0.5106946098851508,Central
10250001,2737.837373218809,2752.711088929866,2630.677561003656,2920.7218716996035,2824.8856058613937,2784.730438475456,0,0,0,0,39516.060546875,0,73813.15426337451,74214.15539039145,70924.08428893262,78743.79106115918,76160.0082756883,75077.40943555151,0.034757796438079046,2.4494897427831783,26.960386685274216,Southwest
10250003,3279.027661961204,3277.499539521953,3274.6561770606277,3292.897967887045,3286.8705263874663,3258.061577583771,0,0,0,0,2485.288330078125,0,62941.793985822376,62912.4612757412,62857.88218928094,63208.03813747508,63092.33982070602,62539.34451005782,0.003636332107732656,2.449489742783178,19.195261667349445,Southwest
10250004,1922.1091347182032,1921.7161855437296,1910.1432362278583,1921.145766353061,1919.591211294247,1901.692804166168,8.56861758778429,8.359876501476093,2.21213483686925,8.056860413783054,4.121693838387728,6.282124876976013,3811.8870214910617,3811.107732827777,3788.156499466092,3809.9764893044803,3806.893527912824,3771.397777643217,0.0043562024313671625,0.41564976656692737,1.9831792860450221,West North Central
10250005,3019.5823292476202,3016.4329631511137,3010.5729684898433,3048.16817427482,3035.745989101782,3007.973932934393,0,0,0,0,5122.02587890625,0,21489.282500459303,21466.869593518608,21425.166117012108,21692.717688615576,21604.313460033758,21406.669714798187,0.005190070335515317,2.449489742783178,7.1166406997135,West North Central
10250008,938.0262968370862,938.0129073700272,937.6185672525089,937.9934707368454,937.9405003653482,929.9547324656587,0.7582600721857458,0.7397880106716652,0.195757775849444,0.7129733001102875,0.36345145106315613,0.5559221506118774,3026.4720850380672,3026.428884918386,3025.156575856578,3026.3661740669418,3026.1952691027514,3000.4297828818453,0.0034750672795532673,0.4161944603959984,3.226425629263245,West North Central
10250009,2541.6211001094866,2541.613408003102,2541.3868638006957,2541.602241864112,2541.5718109492013,2520.054078722198,0.3279973667514,0.3200069848793552,0.08467811685592726,0.3084078584358645,0.20879898965358734,0.2404729127883911,1204.4051158458594,1204.401470765843,1204.2941176295585,1204.3961794362567,1204.3817590532985,1194.1850909604473,0.003459380261321276,0.3755086347631901,0.47387280338283966,West North Central
10250011,925.4883834033884,925.4724884986949,925.0043594419403,925.4494148819016,925.1777195951495,917.298849252687,0.2825428446223087,0.2756597856328223,0.07294325637640757,0.2656680890136187,0.09703792631626129,0.12167350947856903,822.9209734730457,822.9068401239101,822.4905915507202,822.8863236446829,822.6447390350091,815.6390458589975,0.003549573431750422,0.5299540162024569,0.8891748272915522,South
10250013,612.921386034389,599.2838311008509,539.4080143196063,809.9630964371747,720.5664497265993,699.2936049910887,41.36868135420954,32.26214343042192,15.31769747501431,124.0259761388554,9157.644298553467,81.26193237304688,5045.918510536186,4933.64637834184,4440.714496514823,6668.078279347617,5932.114084436254,5756.983890795642,0.14776211086362773,2.358117658114735,8.232570482135332,South
10250015,1757.3396453370738,1757.2704125025023,1755.2314004939867,1757.1699116234338,1755.9864987496733,1740.89001533777,3.343240258676246,3.261795195194795,0.8631145185875776,3.143566604290449,9.838818117976189,1.439724177122116,5696.490738665451,5696.2663175058915,5689.656773896404,5695.9405396584725,5692.104456808306,5643.168567738423,0.0036880880619198446,0.879282088708501,3.2415422674726107,South
10250016,3781.9354634758693,3781.2951392875043,3762.436620529706,3780.365621606797,3777.832420696942,3743.173370710625,1.752420017448164,1.709729110267074,0.4524171291003462,1.647757450049778,3184.3837696164846,1.2847955375909805,2103.2908395440554,2102.9347287609044,2092.4467259555386,2102.4177855074017,2101.008967636267,2081.7336354558174,0.004120709895769643,2.4431831513200537,0.5561413884125301,West North Central
10250017,4938.916109246279,4935.769592879057,4843.099912409073,4931.201996262979,4877.4178633508445,4824.717466257713,157.2053010997185,153.3756045367928,40.58523087773044,147.816278914448,2595.2874531149864,67.69847917556763,1679.6706968529875,1678.6006014672212,1647.0846689570988,1677.0472124196308,1658.755824185878,1640.8330025076295,0.01033668024199927,1.9249624397291936,0.3400889303846304,South
10260006,2354.4138041568012,2352.0110419471757,2286.4968274908724,2348.5231056846305,2307.452134821432,2279.187859359079,13.84399782567734,13.50674258988527,4.31107114321463,13.01717072882473,6724.741804331541,5.961742997169495,2318.776972006978,2316.410578439691,2251.887998954218,2312.9754362097488,2272.526122972027,2244.6896606828345,0.014869526112535909,2.4275228397596256,0.984863819568631,South
10260007,23177.466501699655,23128.374697040723,21789.82733451437,23057.11126324036,22217.97367788477,21851.20955322951,1398.069386445695,1364.010856061872,435.3638785567294,1314.570265270642,4245.364219665527,602.0609130859375,63038.34537632827,62904.82490993001,59264.228085625604,62711.00178641127,60428.705534574394,59431.17616440059,0.029169254847503996,0.8845059254741944,2.7198117348893818,South
10260008,3760.0010953930177,3759.992248507289,3759.7510274798337,3759.979406048962,3759.8281841824955,3728.012466195331,0.1370678327081896,0.1337287073470336,0.04268342033074072,0.1288815125702459,0.05400997772812843,0.059026531875133514,826.1519865905834,826.150042742155,826.097041366362,826.1472209816848,826.1139943303547,819.1234063084237,0.003468463351373156,0.4853770547261199,0.21972120901848544,South
10260010,5524.91446212085,5523.849645612231,5494.816137084925,5522.303919573054,5504.10276440883,5453.692787550418,1.574798182427254,1.536434341358575,0.4903978667243699,1.480744006335863,3206.621946275234,0.6781669855117798,4346.4557835719625,4345.618091349927,4322.777400888368,4344.402067114826,4330.083199976952,4290.425620304331,0.004996651952441428,2.4442189004733694,0.7867010092864837,South
10260012,2535.05581982378,2534.3583482405616,2515.340942898864,2533.3458733408575,2521.4238300535426,2497.566760179605,12.11706344571731,11.82187825853726,3.773297512691346,11.39337679700815,11.019295692443848,5.218060493469238,3209.0690363538533,3208.186123068891,3184.112425694419,3206.9044543082596,3191.8126130698083,3161.612495332004,0.005850426262471359,0.4021760699011897,1.2658770711316827,South
10260014,1253.449908328505,1253.4441283631618,1253.2865306252247,1253.4357379570552,1253.3369396709636,1242.720866342718,0.1197252745556441,0.1168086332639472,0.03728288481040936,0.1125747315963612,0.035286519676446915,0.051558177918195724,1588.2907007422425,1588.2833767437771,1588.0836790773922,1588.2727449635152,1588.1475541617083,1574.695552263894,0.003480653202368454,0.5264146179900775,1.2671353599285455,South
10260015,3514.2334214657103,3514.1058176636534,3510.626545840621,3513.920583383436,3511.7394220453234,3481.588022627495,2.387785616634146,2.329616494441334,0.7435651029185835,2.245176099197919,1.4942805469036102,1.0282697677612305,2014.9017419341383,2014.8285797129063,2012.833723362708,2014.722374794475,2013.4717960045864,1996.1843537881282,0.00367116824321214,0.4209422367084462,0.5733545556839439,South
10270102,320825.25817882764,313650.3783361837,201511.50294883968,303235.0640440294,180593.18138760698,152913.1963710898,167866.4337091354,163777.0200589005,99862.04757317137,157840.6797477118,44200.32633972168,72289.56079101562,32082.525817882764,31365.037833618375,20151.15029488397,30323.506404402942,18059.3181387607,15291.319637108982,0.3068935001958934,0.4503453383410072,0.1,South
10270103,7987.072061203783,7985.848241273998,7966.720702748956,7984.071700135294,7963.152662672223,7891.375675147018,42.27970422661905,41.24972345099946,25.15176942505376,39.75456621795486,7.4713850021362305,18.20722007751465,4182.430746173193,4181.789892796274,4171.773756142852,4180.859606926381,4169.905351750585,4132.319328087258,0.004593359660335465,0.49623489886544614,0.5236500577588168,South
10270104,263238.3506456869,260319.603423157,214701.41353667204,256082.644710438,206191.82253363475,193809.5871658206,48894.67433404539,47703.54550484841,29086.94839423065,45974.45994653738,12775.628094896674,21055.87376706302,26323.83506456869,26031.960342315702,21470.141353667204,25608.264471043803,20619.182253363477,19380.95871658206,0.13305843525065048,0.4513610229858039,0.1,South
10270201,6512.794540935287,6512.781664279019,6512.5804102114525,6512.762972060473,6512.712030431269,6457.602464739402,0.4387872623604279,0.4280979149989709,0.261030114836794,0.4125808729314679,3.8974522054195404,0.3216990828514099,6770.23686229768,6770.223476643891,6770.014267264052,6770.204045546188,6770.151090260451,6712.863114911745,0.0034603247340082095,1.5008774387034614,1.0395287030389604,West North Central
10270202,10507.806417825319,10383.384006615088,8438.739695895058,10202.767948065915,9710.537651270497,9099.265480007147,3413.882293556497,3330.716311274684,2030.88412897994,3209.989572586662,5755.369716718793,2502.904931589961,2900.4075748076743,2866.063993511981,2329.2953412506536,2816.209612538684,2680.3421988648474,2511.6163615869773,0.08381037193691061,0.38104114255812405,0.2760240776692895,West North Central
10270203,19186.295669189527,19186.187096517693,19184.490173700222,19186.02948851233,19185.599961725617,19022.9539310984,1.916440709146392,1.869754074881983,1.140071240207233,1.801982073152195,102.81809586286545,1.405048131942749,21047.70350509798,21047.58439896906,21045.72284481869,21047.411500217568,21046.940301784576,20868.514748048317,0.0034685446056036207,2.2340779842068565,1.0970175727510345,West North Central
10270205,7367.006989771748,7366.614569840238,7360.481292243382,7366.04491891774,7359.33719415472,7295.695081549938,0,0,0,0,1300.3712158203125,0,1196.164471708789,1196.100755360927,1195.104908775377,1196.0082624128797,1194.9191441239104,1184.5857164363808,0.0038132517449362925,2.449489742783178,0.16236776663433705,South
10270206,37779.97037764842,37029.85798244675,25306.07134673538,35940.96778194031,32973.43128004622,29504.3665386828,24605.18740000579,24005.77757758401,14637.3777079441,23135.65266577408,10711.617924865335,18039.41549093835,48771.932949031114,47803.57773124468,32668.79255301308,46397.878380051516,42566.946543752136,38088.568417184746,0.14750173022293975,0.29664667937748984,1.2909468287430372,West North Central
10270207,4068.1612736564107,4068.122937151584,4067.5237616069294,4068.067286498836,4067.4119917441462,4032.888640054736,0.7453191785389226,0.7271623716350475,0.4433828587400342,0.7008052960333281,0.23404324054718018,0.3209623098373413,1614.0187598409846,1614.0035500609845,1613.7658307316715,1613.9814709959005,1613.7214867041903,1600.0245525044272,0.0035153796467152234,0.42569548033526566,0.3967440451027954,South
10280101,67091.46130498976,67089.33591807124,67062.58212725009,67097.87254381005,67075.30713979519,66509.35769047363,42.35004223833899,41.3795874389185,10.03388966149964,39.80755635815848,906.9982603192329,20.443716049194336,19065.398858292647,19064.79488651231,19057.192254477544,19067.22074177688,19060.808324763242,18899.982315386336,0.0035030423714848048,2.0241803283765822,0.28417027275085904,Central
10280102,7271.458027592169,7276.113050071668,7173.967431088566,7262.194931851375,7248.590294989265,7297.701326983402,125.8532975682521,130.6399620885402,29.40303164369804,116.6509577784507,187.52771588414907,215.21732968091965,3445.9586587762174,3448.1646833395384,3399.7576680125953,3441.568858978991,3435.1215940678003,3458.395411409447,0.005912231108986816,0.480329548906203,0.4739020215340902,Central
10280201,4431.1915200742,4431.145416019436,4431.194165073378,4431.492127780456,4431.23497330905,4393.827966653578,0.07462308319123785,0.03943412847074578,0.07664188081734406,0.3040621426940933,0.055500343441963196,0.1466873735189438,2009.2923234215411,2009.2714178653505,2009.2935227776331,2009.4286318509571,2009.312026982269,1992.3500854876347,0.0034527911298300904,0.8530475394260486,0.4534428977666702,East North Central
10280202,2340.7491789427168,2340.75972609087,2340.541606276228,2340.729322781687,2340.5673154647016,2320.814337217003,0.130517743215071,0.1356005214013015,0.03048635976069217,0.1209488568511395,0.03496521711349487,0.05834883078932762,450.681296369422,450.68332708781145,450.64133090910457,450.6774733197445,450.64628088430663,446.8430977308468,0.00346816933814794,0.5780022802108657,0.19253720151810044,Central
10280203,6688.2581352141115,5067.711138346128,6774.404725349229,17256.01825181883,8209.940598972837,9975.337688611831,28696.79142876389,15173.97150333837,29458.63484834993,116871.5529591379,30921.323536220938,56381.83359116316,2960.4942570071003,2243.1744436198164,2998.6262310128545,7638.213403329403,3634.052619120452,4415.488957185173,0.4858434950595144,0.8020780621787725,0.44264054962530625,Central
10290101,22830.41939421398,22826.83945544197,22799.002179622446,22821.642687234707,22760.449964788717,22554.99660597117,30.42713680105059,29.6858977944045,23.92209120712037,28.60988852468293,30.782991534098983,13.103062260895967,11383.653709817338,11381.868688588458,11367.988527095042,11379.277487408131,11348.765706180728,11246.323002439134,0.004673058567847006,0.2619307341005296,0.4986178095660543,South
10290102,173683.24447383528,170031.18087457173,141633.0690079808,164729.71366738703,102304.1448470403,88127.13227566384,92542.52226260178,90288.08315047061,72757.77121515057,87015.45804449821,25067.664532080293,39852.297768354416,33990.979065002524,33276.24565636145,27718.544170146368,32238.712868445575,20021.609201816773,17247.07249289129,0.26252711410062934,0.4225678551172597,0.19570672558528313,South
10290104,3860.0397592168965,3846.5282620586718,3741.464098372762,3826.9144855848062,3595.9593357657463,3516.30999062694,0,0,0,0,87.81122589111328,0,1484.6571642136616,1479.4603418215315,1439.0503271459188,1471.9164470495466,1383.08595845881,1352.4510483900997,0.03858501489465489,2.449489742783178,0.38462224661511274,South
10290105,5318.192413002993,5318.157745815532,5318.3693674695805,5318.418450035061,5318.225086949917,5273.307026730637,0,0,0,0,11.326034545898438,0,531.8192413002993,531.8157745815532,531.836936746958,531.8418450035061,531.8225086949917,527.3307026730637,0.0034566326161010186,2.4494897427831783,0.1,Central
10290106,18774.769228351714,18747.232938594883,18533.113272917908,18707.26026747743,18540.749900478506,18008.01123338868,706.136015947649,688.9337546096716,555.1705468898738,663.9623317705139,698.0397796630859,320.31243896484375,7888.0577633193125,7876.488628085343,7786.5280927211015,7859.694454218616,7789.736556089269,7565.910988507194,0.015402571390077934,0.24823828743603188,0.4201413965401814,Central
10290108,56612.57541532637,55784.448512449366,49345.0096066274,54582.30963954611,40426.94471710826,37847.5974544014,22008.7112982924,21472.55453116131,17303.4486442626,20694.25003519668,11365.287992477417,9983.436958312988,23373.840792079212,23031.929012912133,20373.254351482483,22535.59754558229,16691.220326854454,15626.275801301681,0.16622872101816516,0.3084267040897398,0.41287365255160885,Central
10290109,41861.507721743015,41861.49596210268,41861.40452021709,41861.47889138474,41861.18590265684,41507.37443932383,0,0,0,0,2320.2510375976562,0,4186.150772174302,4186.149596210268,4186.140452021709,4186.147889138474,4186.118590265684,4150.737443932383,0.003457607997537134,2.449489742783178,0.1,Central
10290110,34991.72540354258,22254.33268890217,100008.20636526223,118042.0867506998,46996.76313511531,61009.47137582314,0,0,0,0,2.6045517921447754,0,15239.687425236985,9692.264960497409,43555.83462628831,51409.99720240286,20468.152739463025,26571.003945188648,0.5898369704491647,2.449489742783178,0.43552260568706086,Central
10290111,9297.538615400497,9323.891702794986,9145.17534716365,9247.9260434217,8843.134822045153,8850.483000077986,0,0,0,0,93.00271606445312,0,929.7538615400498,932.3891702794987,914.5175347163649,924.79260434217,884.3134822045154,885.0483000077986,0.02399611367005236,2.4494897427831783,0.1,Central
10290201,4975.735434395175,4927.38163710576,5222.386433463986,5290.905190065537,5020.972311924372,5033.27782931347,0,0,0,0,79.30998992919922,0,2154.4469029586535,2133.5101610056254,2261.2444785255007,2290.912459249386,2174.0340478093613,2179.3622217401903,0.028476730832651603,2.449489742783178,0.43299064658178255,Central
10300101,353810.0636080799,350989.4108610436,287538.4278536452,346894.8496260521,298680.7790348619,288534.4902652469,58887.40274394064,57452.83989961875,25182.14555280302,55370.37674718305,18114.928226292133,26712.089490652084,35381.006360807994,35098.941086104365,28753.84278536452,34689.48496260521,29868.07790348619,28853.44902652469,0.10157612377765729,0.46731375808636727,0.1,Central
10300102,451927.4739942483,467703.32484395336,217541.38705343072,422233.60920083657,179885.22722244659,227519.6557031852,802.8175937630124,831.4418012462893,345.7525479478775,760.238987620397,43122.22508478165,366.75878381729126,45192.747399424836,46770.33248439534,21754.138705343074,42223.36092008366,17988.52272224466,22751.965570318524,0.4046884026885431,2.25211450093713,0.1,Central
10300103,3083.148727209549,3077.7268147927507,2955.7601271218327,3069.856171224637,2977.1781667175424,2937.360760422695,1.467221501907403e-05,1.431478348822882e-05,6.274310582162041e-06,1.379592298975015e-05,35.23701095581055,6.6555071498441976e-06,550.6966780303187,549.7282430241993,527.9431604110987,548.3224278493848,531.7687440267014,524.6567571216124,0.022253422022887152,2.4494850953663425,0.17861502209422608,Central
10300104,17366.49462680927,17174.66156902131,17660.145906731275,18598.348904655253,17503.87574523639,17565.02108399848,465.9888898006894,289.98531401992,724.1201293236015,1592.191748983191,657.9550533294678,768.1141223907471,7391.811931256634,7310.160802699148,7516.800599447934,7916.133928540689,7450.286333382167,7476.312014114801,0.028157360950800774,0.5997842400712361,0.42563638144024946,Central
10300200,479701.5569571079,496586.24774780305,228858.9045224991,447914.2781212987,188560.43067950138,239570.7111800117,243742.3214760069,253234.4267188778,102725.5337938571,225872.3942244956,62500.12109375,108966.6328125,47970.1556957108,49658.624774780306,22885.89045224991,44791.42781212987,18856.04306795014,23957.07111800117,0.4092808500295369,0.504971756238156,0.1,Central
11010001,31794.11322681339,31781.791213934357,31467.579505228405,31763.904135730714,31689.39362960327,31160.47914168867,408.7033380131035,398.7468686199231,144.8565918103034,384.2936986373613,1108.5818786621094,110.4294490814209,7966.474824667154,7963.3873661590405,7884.657078914842,7958.90550006076,7940.235815298585,7807.708642034954,0.007950037878277801,0.8447589208143093,0.2505644604029614,South
11010002,87906.1118317397,86312.84590688667,45684.51565064739,84000.00364021961,74364.84519192333,51981.06504805281,46232.4536654474,45106.17950255592,16386.15358896277,43471.23931639037,18460.322988033295,20971.64093017578,34602.36498890664,33975.20985819538,17982.734669358357,33064.808856429234,29272.134349427353,20461.236970048623,0.25715607555942954,0.45705870765497436,0.3936286598039817,Central
11010003,283472.6867118715,277003.3758136498,112035.74824859927,267612.2908426979,157030.8615437699,138223.3193714286,0,0,0,0,7094.219757080078,0,45015.44958202623,43988.12330961765,17791.27165713703,42496.8194491505,24936.49357417856,21949.85674422042,0.3803255414103734,2.449489742783178,0.15879995390095916,Central
11010004,434461.45203981124,421097.467499814,227888.4396674795,602711.4833237492,224551.76774337952,173985.4999207506,158837.9406273546,165023.5978405363,55483.19468399119,147192.7637594133,21414.6308259964,42296.85652285814,43446.14520398113,42109.7467499814,22788.843966747954,60271.14833237492,22455.176774337953,17398.54999207506,0.4775285714426433,0.6648436782327456,0.1,South
11010006,6561.2017089,6561.2017089,6561.2017089,6561.2017089,6561.2017089,6505.737004875208,0,0,0,0,1088.1187744140625,0,2823.7211292703078,2823.7211292703078,2823.7211292703078,2823.7211292703078,2823.7211292703078,2799.8509811431613,0.0034559702627448424,2.4494897427831783,0.4303664564130144,Central
11010007,5475.864799102673,5474.528920094798,5440.4639641651665,5472.589709957701,5464.511726110508,5400.076511450405,20.1531529893843,19.66219969330808,7.142875491220583,18.94951418587822,12.351424217224121,9.141731262207031,2191.809911458361,2191.2752027032343,2177.640112944957,2190.4990001937085,2187.2656469772846,2161.4743341307544,0.005465440046650698,0.39535317134318515,0.40026735353610843,Central
11010010,52669.09919818448,52668.96330933794,52665.4981395574,52668.766048188416,52665.380408905345,52220.86364669002,6.230688157784958,6.078901641327761,2.208340787127631,5.858562860904308,1.8909759521484375,2.8263208866119385,9862.524423746869,9862.498977952497,9861.850109410729,9862.462039919863,9861.8280638195,9778.590311686752,0.0034674428138073052,0.49683055075694477,0.18725447318998067,South
11010013,3208.9427774889605,3215.5039352754575,3099.3138774793324,3196.590679684477,3098.447920115511,3059.624704391218,170.6844260937673,177.3314233242443,59.62125424871496,158.1707261388671,31.22332763671875,45.45145034790039,320.89427774889606,321.5503935275458,309.9313877479333,319.65906796844774,309.84479201155114,305.96247043912183,0.021673820461623985,0.6388116554935939,0.1,South
11010014,8741.32998048,8741.32998048,8741.32998048,8741.32998048,8741.32998048,8667.435699880045,0,0,0,0,1369.8023681640625,0,2753.7507018588717,2753.7507018588717,2753.7507018588717,2753.7507018588717,2753.7507018588717,2730.472044318213,0.0034559702627448663,2.449489742783178,0.31502651290000366,South
11020001,36751.35465488572,40053.74358200305,22277.09682949304,77356.92722713818,56078.54398594857,51990.93461887511,0,0,0,0,96.18324661254883,0,61054.83934869914,66541.08134727177,37008.8281330685,128512.67140255074,93163.0010954135,86372.27635695192,0.3992821754216956,2.449489742783178,1.6612949351673088,Southwest
11020002,174331.82301537,141249.172298303,136819.482290482,474680.1369558117,344158.15749097563,319083.2405595932,112170.4666977503,87478.2460256482,84184.93832280686,336294.2972975332,157275.26093101501,220340.322265625,175200.11667752822,141952.6913630976,137500.9384198206,477044.37400296744,345872.30435045704,320672.4969023917,0.5148815008462384,0.5878898295467865,1.0049806951315003,Southwest
11020003,228450.92998908315,218179.9377996024,216021.7696795108,324731.7442282972,282735.0190407058,273212.9382821041,38023.16988439814,30057.44056717233,28295.96024687773,113034.1158069688,69304.01551628113,74060.05401611328,825370.9444337096,788262.8506994969,780465.5996241266,1173224.1424192206,1021494.0674623725,987091.7177364303,0.16958274164397796,0.5626982257852517,3.6129025365453806,Southwest
11020006,3117.3092481804547,3118.749727210786,3110.1882307817305,3138.149489778388,3127.347525056607,3099.076271339149,0,0,0,0,4453.962142944336,0,17702.34030426564,17710.52038778189,17661.902008521196,17820.68629416224,17759.344912786215,17598.800252538986,0.004331355906905507,2.449489742783178,5.678724468738011,Southwest
11020007,871.1332876437791,871.9234268619248,867.6701344495917,880.8486955114421,875.7575674012608,867.4898169185659,0,0,0,0,1049.609619140625,0,32027.78760334786,32056.837590777788,31900.462501076432,32384.980956051706,32197.80228651038,31893.8330085903,0.005865372925063395,2.449489742783178,36.765656940943984,Southwest
11020008,4570.4035216750635,4574.955965926868,4550.450314075784,4626.379546767031,4597.046643946711,4553.204407272779,0,0,0,0,12094.8037109375,0,457040.35216750635,457495.5965926868,455045.03140757844,462637.9546767031,459704.6643946711,455320.44072727783,0.006285121322641404,2.449489742783178,100,Southwest
11020009,3885.497420291954,3885.501833647056,3885.196227795898,3886.6436819141336,3886.084502932835,3853.138771864163,0.1643036793559927,0.1281353114483476,0.1233113806155884,0.4925930328997279,147.62200939655304,0.3227474093437195,10488.676547628082,10488.688461226046,10487.863495828535,10491.770814872016,10490.261343411183,10401.32623950408,0.0034372425881345845,2.425186366950002,2.6994424170380658,Southwest
11020010,2590.061199470796,2590.0055608205516,2589.998140054398,2590.5662146975656,2590.346756687625,2568.412155115122,0.2139088434925476,0.1668208307318939,0.160540499886181,0.6413125159039482,0.43142589926719666,0.4201885461807251,89540.10638969016,89538.18292523175,89537.92638450174,89557.56509574027,89549.9782890802,88791.68479438646,0.003439268797765125,0.5653146440170955,34.570652773758816,Southwest
11020011,5898.574042835836,5830.935004981106,5821.913695503202,6512.513164124071,6245.721490050489,6147.616390103922,293.425491944362,228.8333830657099,220.218455613957,879.7085590140571,524.4777221679688,576.3858642578125,126332.2063628473,124883.55303979095,124690.33991364395,139481.19511869957,133767.20719887526,131666.04958998662,0.04540481019591137,0.5680454564476795,21.417414691315976,Southwest
11020012,8592.146161797677,8593.165269252997,8587.679448643767,8604.676921392986,8598.110475260555,8524.31175994839,0,0,0,0,2707.535400390625,0,410935.07921074313,410983.819885656,410721.4504980619,411534.38566921145,411220.3333927778,407690.7750785474,0.003436661712376966,2.449489742783178,47.82682597251883,Southwest
11020013,472.29263916353915,472.752015944702,456.5461397937876,531.1484647132697,502.32817153407433,493.1874314735652,0,0,0,0,11883.439208984375,0,26964.691448615617,26990.918732582297,26065.673632769143,30324.95803822998,28679.515681956982,28157.641710386823,0.05469379024817168,2.4494897427831783,57.09318590349371,Southwest
11030001,45174.94478922616,44117.17424462383,19578.310021956422,42581.67638087745,24500.95951123623,20438.13367591395,26174.2851041094,25536.65031063216,10744.37451827791,24611.03665251812,6845.870952606201,11271.625226020813,75660.80663285956,73889.2101647178,32790.53766818773,71317.49685115133,41035.18816787292,34230.6047567911,0.3799609731281464,0.5027126298808545,1.6748400465318116,South
11030002,1449.6433297673702,1449.2672331619842,1440.5422941085512,1448.721277768275,1442.2925713987163,1428.729322202439,0,0,0,0,1246.2802734375,0,25265.09465247572,25258.53985645215,25106.477341145408,25249.024678190817,25136.982031848325,24900.595075344998,0.005595821511788573,2.4494897427831783,17.428490259414435,South
11030003,766.1446854213974,765.7983410592075,757.7636143205649,765.295575094531,759.3754307077286,751.693629125232,0,0,0,0,1147.6895751953125,0,530.6025409930885,530.3626761188245,524.7981313209135,530.0144796182701,525.9144137763259,520.5942914591743,0.007609299723799687,2.449489742783178,0.6925617981690296,South
11030004,2190.0059296130567,2185.502394983301,2081.0264050197147,2178.9649017258225,2101.984941403855,2067.79998651431,32.71579693301587,31.91880361159936,13.42962275814221,30.7618593681621,7755.094589710236,14.088644981384277,1273.5727364033762,1270.953757685397,1210.1969484790009,1267.1519537429679,1222.3851440326428,1202.5052770634259,0.026525710914663683,2.4036381359324266,0.5815384877192541,South
11030006,864.1006203427008,861.3679600950923,797.9738911971357,857.4011319451126,810.6911375232972,793.877116149756,0.6937023261018201,0.6768029633234585,0.2847603121228444,0.6522712389553871,8926.039935678244,0.2987341582775116,3333.817672881491,3323.2746981248647,3078.6917615172556,3307.970135808452,3127.7566268285777,3062.885846403623,0.040263198016461575,2.4486317390447914,3.858135955925254,South
11030008,3019.8182404286276,3019.5232787438963,3012.6805615124085,3019.095101726581,3014.053253344403,2987.498971679564,0.2019923841675922,0.1970716242824461,0.08291656550328254,0.1899284717998903,938.405387327075,0.08698546886444092,5230.629006498309,5230.11810318522,5218.265828516793,5229.376457513735,5220.643468871861,5174.648781488584,0.004127862333762272,2.447114586709137,1.7321006067424385,South
11030009,2282.6492420336544,2281.994744640675,2266.811279056038,2281.0446526250903,2269.857177123181,2248.28335645607,0.05650270003845409,0.05512623121316917,0.02319399242777229,0.05312809943352782,2154.192532332614,0.02433217503130436,5160.426360496397,5158.946726421475,5124.621191598244,5156.798836245518,5131.507108360061,5082.734782407785,0.0058688122163443445,2.4492001120619156,2.2607180575404033,South
11030010,4933.180160482739,4933.174341783361,4933.0393557273665,4933.165895149535,4933.066434773633,4891.343859500838,0,0,0,0,9.64078140258789,0,621.1543685610126,621.1536359077504,621.1366393303605,621.152572361857,621.1400489499847,615.886610183261,0.003462590618540838,2.449489742783178,0.1259135787370533,South
11030011,2259.5025620281417,2259.41194358988,2257.3097168225418,2259.280398597371,2257.7314366474156,2238.315530857164,2.129481271223348,2.077604731131066,0.8741382703166936,2.002298874963367,0.8956654369831085,0.9170342683792114,3189.484602330889,3189.35668651509,3186.3892103910466,3189.1709993044747,3186.9845046432138,3159.5772630675597,0.0037035911139970215,0.4347054456571426,1.4115870705045763,South
11030012,14609.150711215212,14598.875291765618,14360.499281021846,14583.95912238043,14408.318998222141,14249.063969855,521.3348607068956,508.6345617334144,214.0045839108592,490.198349794792,162.3405055999756,224.50627517700195,11570.52096226985,11562.382778299554,11373.587776883374,11550.569097000778,11411.461233815478,11285.330449042733,0.01041570903280935,0.479337531876871,0.7920050378689943,South
11030013,76760.01872710836,75746.28721432752,52229.06972580254,74274.71799713722,56946.77049665694,52770.19393537797,5594.669674375059,5458.377277917841,2296.575667623487,5260.530320774969,4987.20930320397,2409.27393707633,7676.001872710836,7574.628721432752,5222.906972580255,7427.471799713723,5694.6770496656945,5277.019393537797,0.18484014999627346,0.3573303353570476,0.1,South
11030015,1108.2558243152632,1105.6812025514632,1045.9534154533972,1101.9437887631486,1057.935182742468,1039.607169883346,7.228428123512031,7.052335548094296,2.967222930007459,6.796713216053298,7793.122370481491,3.112831234931946,1319.2942212900043,1316.2293300072652,1245.127944713302,1311.7802233070686,1259.391326866136,1237.573222307373,0.0298000842745981,2.43928257680195,1.190423900641471,South
11030017,13379.295781969371,13359.661203560643,12904.165201994196,13331.158941556836,12995.5405459846,12814.11302309629,355.9175502054314,347.247001507827,146.1018492701734,334.6605203748268,318.4923400878906,153.27140712738037,8572.981931790719,8560.40078486943,8268.534975557208,8542.137538346162,8327.085080570701,8210.832708174006,0.019393163905678683,0.35744403676332115,0.6407648109061249,South
11030018,12508.015316715031,12506.184367493506,12463.708790370558,12503.526495582977,12472.229656541616,12360.12240790065,57.74944216526987,56.34260131051444,23.70577199634281,54.30038039773586,2045.1733331680298,24.869067668914795,4014.8675827026245,4014.279878059727,4000.645915090428,4013.4267448085784,4003.380973251175,3967.396386811381,0.004535287071436412,2.1679631630486664,0.3209835838094453,South
11040005,4014.507920432635,4014.5220090383837,4011.5316507360517,4015.2980413484615,4013.732334774562,3979.490092486872,1.130156706274215,1.102624827747801,0.1200329019437431,1.062658560131485,102.34154742956161,0.48668771982192993,401450.7920432635,401452.2009038384,401153.1650736052,401529.80413484614,401373.2334774562,397949.0092486872,0.0035214364574695177,2.341643555478965,100,Southwest
11040006,2166.479619910966,2162.9572712399654,2037.2473106693076,2157.8441028999223,2097.6357813868112,2067.064139787507,63.43941518295689,61.89396023595052,6.737841805255503,59.65052210869891,55.2570723593235,27.319383293390274,10201.871338379622,10185.284730492705,9593.32123731785,10161.207012402405,9877.688282786201,9733.727568209079,0.02626756451625821,0.5100707530194506,4.708962523634947,South
11040007,1879.9613755024995,1870.799008775742,1543.8010686122996,1857.4985868575975,1714.659842805827,1653.107819021237,233.2610165166317,227.578517854251,24.77443753366108,219.3295978958043,8372.082014799118,100.45091313123703,13470.384617730397,13404.73401159221,11061.71352159422,13309.433224485554,12285.95856922749,11844.92321329817,0.07908281704283181,2.1922237306987804,7.165245410496726,South
11040008,2174.0472758817336,2170.748624117698,2053.022237003534,2165.960182273891,2109.5755637936195,2079.71839375005,1.13325254364324,1.105645247063817,0.1203617079768241,1.065569499882322,10696.721146821976,0.4880208969116211,3807.3107318334164,3801.5339520912644,3595.3650513262405,3793.1481703178238,3694.4043364408885,3642.1168240256147,0.02457651081704843,2.4484149215714126,1.7512548020784304,South
11050001,5451.06802908006,5444.473119058508,5377.697656217983,5434.8997098712625,5395.020666699113,5477.250248581924,160.3339748859558,156.4280603382557,116.8794916866969,150.7580939409364,5561.375061035156,201.77691650390625,5778.188374125839,5771.197701433506,5700.415021598356,5761.049788882903,5718.777591508131,5805.941797038085,0.006825839350529662,2.0855886412234157,1.0600103215187693,South
11050002,50900.82103674606,50839.06534283653,50213.7702242723,50749.41855076414,49742.56326487879,51147.21049276507,2112.67592155151,2061.208778530618,1540.088356103581,1986.497217913829,22847.57260736823,2658.7581349015236,30070.645988465403,30034.16261606587,29664.757412658913,29981.202037169423,29386.382774006335,30216.205332230988,0.010283659871216043,1.5338701941357322,0.5907693702377994,South
11050003,29074.523463084173,29064.702716319796,28965.264678729003,29050.4465661991,28991.061073005178,28936.35279059904,279.1627330872894,272.3620173867216,203.502709667865,262.4898532548549,234.9839324951172,351.3204040527344,5355.28195618386,5353.473057475329,5335.157409786574,5350.847194884565,5339.908888000042,5329.8320838867985,0.00197947670517813,0.1860278746126706,0.18419156423951175,South
11060001,2568.200717779184,2562.2354911925568,2564.111690930438,2609.781557909134,2601.4617111476373,2606.140475384467,0,0,0,0,7463.911437988281,0,256.8200717779184,256.22354911925567,256.4111690930438,260.9781557909134,260.1461711147637,260.61404753844675,0.00876622034992523,2.449489742783178,0.1,South
11060003,2025.20123517693,2025.1205856130634,2022.326487595889,2025.0035117980844,2023.624950126681,2006.224386544767,0,0,0,0,267.2503662109375,0,3593.862607177024,3593.7194888306444,3588.7611645859756,3593.5117330784633,3591.0653780414973,3560.1868491750147,0.003684099408371278,2.4494897427831783,1.7745706178492675,South
11060004,11143.923221711026,11086.167339039457,9085.219168754142,11002.326817185714,10653.080302680122,11682.56792629345,2019.786495071128,1970.582242136228,265.904634831436,1899.155574363796,13691.343353271484,2541.8585815429688,4473.426970987278,4450.242431921824,3647.01583618729,4416.586919023864,4276.391339206082,4689.651338413289,0.08278197636158681,1.3238556166746174,0.40142298919217007,South
11060005,9730.562326187912,9721.484529627878,9541.35859408444,9744.522887226987,9666.35072162675,9617.467746310667,35.03537142202635,34.18187067760392,4.612402185523858,32.94289822138067,21654.732652246952,15.087540328502655,9022.102365276405,9013.68550229662,8846.674123648914,9035.046489834576,8962.5658606049,8917.241942784238,0.008167802135458114,2.433043534229831,0.927192289904477,South
11060006,849880.0560462661,829741.3784120979,132156.3904270062,800537.8194302612,678761.9829616484,1063356.320528611,73348.75747741734,71561.89989411004,9656.35458003465,68968.03299548238,43293.9482421875,92307.859375,84988.00560462661,82974.1378412098,13215.63904270062,80053.78194302612,67876.19829616485,106335.63205286111,0.43588673216794155,0.4870541874990003,0.1,South
11070103,7182.918166268193,7160.980236697673,8653.43063437349,7129.134347092931,6996.4769434905575,6617.08195441016,643.2833132988749,627.6122139358484,1693.72642499587,604.8634810303292,524.9153594970703,277.02183532714844,1221.29929685369,1217.569228190967,1471.3280180140541,1212.1545260209493,1189.599014459805,1125.0911330294316,0.09605928049571882,0.6751129748980129,0.1700282905336513,South
11070104,7961.655917187153,7960.789383273849,8019.740200822663,7959.531491399725,7944.719626554041,7874.400814626145,0,0,0,0,2871.4541015625,0,3784.6257460271045,3784.213833405885,3812.236494038952,3783.615886192134,3776.5749683699205,3743.1484564959464,0.005864407124168245,2.449489742783178,0.4753566073933285,South
11070105,222647.7085302947,217814.66915178008,546609.2128328589,210798.8549196857,181573.74261358578,273722.6846377418,95247.32162582406,92926.99058287202,250780.4916008863,89558.71437418187,67990.47265625,119866.74609375,22264.770853029473,21781.46691517801,54660.92128328589,21079.88549196857,18157.37426135858,27372.268463774184,0.4940054262913849,0.5565636240632129,0.1,South
11070107,80350.2622883823,80350.2335360037,80352.18957742353,80350.19179801413,80350.01793402743,79671.3414724419,0.3678911193882622,0.3589288811838494,0.9686352770971217,0.3459189730449952,0.2658420503139496,0.4629831910133362,41918.469271146925,41918.45427112496,41919.47473154183,41918.43249655219,41918.34179227847,41564.278500015425,0.0034559799635618532,0.5548385982707937,0.5216967322483506,South
11070201,7973.544166293078,7822.041254557006,18128.874456053993,7602.114164972986,5012.439810733906,4417.820034557131,5552.989080704313,5417.712070021017,14620.68757150034,5221.339083480455,5902.53466796875,2391.32470703125,1848.2739252041713,1813.1554288975947,4202.287621616336,1762.1761533525314,1161.8875635001136,1024.054223043531,0.5842068810903196,0.6395709614239544,0.23180080108133883,South
11070204,521462.9630431815,508838.9204660663,1367660.045947728,490513.40506207,274727.7219081431,226389.0834555017,1128.500888120453,1101.009347172021,2971.275230254387,1061.101635038399,41712.32859957218,485.97465738654137,90884.24958855027,88684.04225321164,238365.45599099138,85490.14194992643,47881.488459087195,39456.68901357651,0.7314604392511544,2.0428737037970337,0.17428706548622955,South
11070205,4272.544020799567,4272.260919718991,4291.5204546231425,4271.849959982338,4267.010847653577,4229.908001557888,4.831941883371574,4.714230387044443,12.72221349865545,4.543356134522457,1.7283237874507904,2.080814704298973,538.5108784202871,538.4751963978572,540.9026656079368,538.4233990874718,537.8134780150968,533.1370402427499,0.0047533543530084345,0.7794181299972782,0.12603986659908298,South
11070207,118006.77243609432,116414.93791572348,224708.38718242,114104.17352741651,86894.57744534132,81521.04186402865,41428.76908901434,40419.51804292016,109079.4670256192,38954.45283272941,22197.75451950729,18597.732610225677,45906.66183920812,45287.41086299643,87415.42311398734,44388.48381691067,33803.48347891982,31713.085820210345,0.4205889515992341,0.7280234526990546,0.38901718004420915,Central
11070209,2099332.0184811847,2089075.727284902,2419399.1394408364,2147513.8063893653,2089329.7241430595,2181748.309885895,32554.09500092688,28036.09507227598,158819.9114937393,56717.75742842662,45519.33215332031,75911.908203125,209933.20184811848,208907.57272849022,241939.91394408364,214751.38063893653,208932.97241430596,218174.8309885895,0.05858435554609854,0.7325150814635297,0.1,South
11080001,1037.9492755106953,1036.8664953272232,1067.5120003992192,1047.7773442631928,1049.5475828560411,1032.145973549372,0,0,0,0,1116.38134765625,0,3666.0506561839898,3662.226262164188,3770.466593969423,3700.763525829173,3707.0160321009466,3645.5533164147846,0.01221938677743933,2.449489742783178,3.532013309976258,Southwest
11080002,1033.4955088609297,1033.499593609984,1034.6333980639222,1033.7160076220412,1033.7982994012204,1024.662654342862,0,0,0,0,51.89639663696289,0,2268.47101724084,2268.479983060975,2270.968627202072,2268.9550010072235,2269.1356273519195,2249.0833427885095,0.0036476017021448096,2.4494897427831783,2.1949500484438897,Southwest
11080006,1726.998119380626,1726.8694768270439,1747.5278374131592,1726.6827346576576,1725.9048405042422,1713.037595692228,3.623670304335808,3.535393652005312,17.71150306837952,3.407248080393543,21.4718599319458,4.031218528747559,1761.2313434471791,1761.1001508911902,1782.168009483618,1760.9097070463617,1760.1163931744445,1746.994088863624,0.006410682846952678,0.9282805179414932,1.0198223864185971,Southwest
11090101,1623.002267248417,1622.3693981220667,1585.3729480800253,1663.953519531979,1675.399793618548,1663.128305677538,0,0,0,0,13752.994110107422,0,1282.8117461657855,1282.311530013627,1253.0697466605895,1315.1793826809298,1324.2264525121861,1314.5271383514316,0.02102774186657325,2.449489742783178,0.7903943032320103,South
11090105,230251.8698881687,224930.2280239298,53812.41892549305,217205.14080547812,185025.66773176222,239017.9379225615,88125.02543916338,85978.20147921288,16946.90964888692,82861.79440854446,50267.237632751465,91675.8115234375,165523.50300374196,161697.8802041182,38684.68078013277,156144.4682034747,133011.28318064273,171825.255468669,0.36541967974669703,0.4289898446296559,0.718880168417895,South
11090106,27403.31271934728,26900.85419271869,10726.344865055486,26217.21204714862,23201.92393838613,28237.68384682865,9198.09020918558,8974.014467380577,1768.84151738475,8648.738040829747,25627.815185546875,9568.704528808594,23425.999744521177,22996.46797816201,9169.524671775558,22412.049557970007,19834.3999435255,24139.27036327431,0.278554499433208,0.7445930608808369,0.8548601398830864,South
11090201,5793.789658036467,5791.465594258832,5716.735142270662,5788.091899477883,5774.038418926942,5770.2777123532,0,0,0,0,11663.5478515625,0,2759.85619802113,2758.7491364604116,2723.151485652638,2757.1420859803306,2750.447748130408,2748.6563456185677,0.005004763629759682,2.4494897427831783,0.47634732375777233,South
11090202,93300.49245151228,92140.52810913138,54841.784231913225,90456.68204361494,83442.44410302275,105221.8724179417,34830.13875253287,33981.63770496202,6698.020358642104,32749.9229889681,44024.20347375423,43832.99451939762,19771.68023170881,19525.867552106305,11621.741672299002,19169.03700285584,17682.621808396052,22297.98750430372,0.1971108439102589,0.4182469964040349,0.21191399650954723,South
11090204,7770.53056644,7770.53056644,7770.53056644,7770.53056644,7770.53056644,7704.842877338998,0,0,0,0,1836.859619140625,0,777.0530566440001,777.0530566440001,777.0530566440001,777.0530566440001,777.0530566440001,770.4842877338998,0.003455970262744809,2.4494897427831783,0.1,South
11100101,2418.8009887740254,2418.7445647755385,2417.6213463091744,2418.662657664793,2418.321464977669,2398.467389214991,0,0,0,0,283.1695098876953,0,26217.82282183647,26217.21123187843,26205.036463107448,26216.323425842576,26212.62517639558,25997.423246574537,0.003379363940399673,2.4494897427831783,10.839181455405734,South
11100102,2655.3145386113633,2653.7277083911545,2622.139074935014,2651.4242084254083,2641.828736970639,2650.25539682084,0,0,0,0,7963.6669921875,0,3536.9000480162877,3534.786377563903,3492.7100669938486,3531.71809732027,3518.936853156684,3530.1612309828897,0.004722129322316189,2.449489742783178,1.3320079397697129,South
11100103,46245.968922885,46244.28986682296,46210.86531653363,46241.85248849973,46231.69933266172,45869.41095227665,0,0,0,0,8426.511528015137,0,364367.44007065886,364354.21095310966,364090.8622092495,364335.0070890583,364255.0113729451,361400.5768610772,0.0032440567435353747,2.449489742783178,7.8789016330967225,South
11100104,2671.051015808778,2670.455165508646,2658.593722182259,2669.5902077277415,2669.188236900043,2649.670904022011,0,0,0,0,3153.3376903533936,0,15450.105422542747,15446.658857913839,15378.04895538051,15441.655700421927,15439.330588835526,15326.436881921003,0.0032743371196754306,2.4494897427831788,5.784279420759977,South
11100201,1601.6933750143576,1600.5340956776472,1577.4566110329436,1598.8512439910623,1591.841148240526,1600.856145247756,0.3811401295504861,0.37185513067372,0.1870209736079068,0.3583766915047396,5710.860275089741,0.47965681552886963,2021.3249420295238,2019.8619402623776,1990.738328939939,2017.738194144117,2008.8915062526553,2020.2683643874852,0.005894322394813743,2.4485748649784105,1.261992447219434,South
11100202,1659.3566713541095,1657.8234033210924,1627.3010189675729,1655.597656157625,1646.3260721809916,1648.415879652472,0,0,0,0,7694.85986328125,0,11147.657862945916,11137.357276134573,10932.306063331296,11122.404572899582,11060.117514424845,11074.15696663766,0.007209864439607913,2.4494897427831783,6.7180601105179685,South
11100203,2673.2564296223095,2671.9196839502047,2645.309421224912,2669.979215732062,2636.674505490214,2665.305363077172,0,0,0,0,3901.574951171875,0,6694.877208845116,6691.529476081798,6624.886994849232,6686.669786489668,6603.261796491177,6674.964635696803,0.005833904067682665,2.4494897427831783,2.504390201650427,South
11100301,35158.11099915077,35010.63285486941,32152.28541092826,34827.448025222235,33950.91295630258,36473.7272024181,7824.395159992822,7632.59029784988,3843.971315684694,7365.963804906425,22533.427903175354,9858.717851638794,21220.39497322135,21131.3815312977,19406.167633071087,21020.816591153183,20491.765972625806,22014.46196581879,0.04179854673445629,0.6617328587629903,0.6035703958535747,South
11100302,166289.70707465085,163880.2704279765,115916.2159889468,160382.64531194378,145812.91991170647,191284.9336663117,9439.995155769691,9210.026339519945,4632.094466064653,8876.19531361204,6312.61767578125,11880.0341796875,29054.285980355813,28633.30705979881,20252.984675663964,28022.198879016043,25476.56345827581,33421.47427068032,0.15917855848191748,0.3044110452073425,0.17472089217953068,South
11100303,158551.8853475297,156867.55607544957,123338.03330886932,154422.52297037595,144237.4803332681,175667.2962799787,36001.9923386365,35124.94363001631,17665.75371356777,33851.78809986863,37045.6640625,45307.74609375,96212.99841308774,95190.9079521225,74844.40804351807,93707.20458434001,87526.6821078436,106599.03072846265,0.11435274392038634,0.26474030558532363,0.6068234269318121,South
11110101,199984.9160383087,196640.47824741632,97998.77019620407,191785.5717560669,171561.9479896007,234940.4004192894,43510.7261607858,42450.75631713105,11187.7332327699,40912.06587157767,42553.228691101074,54757.330085754395,19998.491603830873,19664.047824741632,9799.877019620408,19178.55717560669,17156.19479896007,23494.04004192894,0.25278998706294686,0.37291624299057846,0.1,South
11110102,174108.98180864018,169981.07199377118,48231.43863868758,163988.84926190088,139027.61504036753,217867.9532120193,71926.12774205147,70173.927006635,18494.06802981451,67630.36923806598,30207.10791015625,90517.513671875,17410.89818086402,16998.10719937712,4823.143863868758,16398.884926190087,13902.761504036753,21786.79532120193,0.3743364809817937,0.4755938126661035,0.1,South
11110103,92690.58909688616,91344.08287312638,49778.59330406113,89227.88633000282,80721.27722573036,50237.98157993799,44216.45048905224,43139.28841323085,11369.1932132663,41575.64110354501,19340.05040550232,11947.047943115234,37891.844443424445,37341.39369249139,20349.45222020753,36476.29410681571,32998.79858045554,20537.24980848765,0.26837356914851757,0.5602669397375561,0.4087992622834391,South
11110104,16747.76777346,16747.76777346,16747.76777346,16747.76777346,16747.76777346,16606.19157692715,0,0,0,0,2925.591796875,0,1674.776777346,1674.776777346,1674.776777346,1674.776777346,1674.776777346,1660.6191576927151,0.00345597026274479,2.449489742783178,0.1,South
11110105,62617.89936345037,61483.156624942254,28014.76255585016,59835.923149050774,52974.19880249196,74522.29173983535,37949.68326650208,37025.18663341682,9757.845251417184,35683.15398523337,12878.9228515625,47758.875,22049.704926977505,21650.126806240693,9864.866982688842,21070.0847981492,18653.85878817558,26241.61078620634,0.27632999383096574,0.5053978699939912,0.35213102245725864,South
11110201,11973.913050412111,11958.662600174352,11508.86190000907,11936.52449670688,11844.305897599563,11421.11442600501,0,0,0,0,800.2936401367188,0,1197.3913050412111,1195.8662600174353,1150.886190000907,1193.652449670688,1184.4305897599563,1142.111442600501,0.020813041808807643,2.4494897427831783,0.1,South
11110202,486785.3090252801,505189.5793036371,130089.1132587248,451800.9681808853,174872.3748025683,136167.4141646362,2219.992903865523,2165.911399398569,570.8176024300378,2087.404737437758,31366.389694213867,599.8301391601562,48678.530902528015,50518.957930363715,13008.911325872481,45180.09681808853,17487.23748025683,13616.741416463621,0.5872977120953791,1.8772802206142452,0.1,South
11110203,20289.4734375,20289.4734375,20289.4734375,20289.4734375,20289.4734375,20117.95765594686,0,0,0,0,4648.094390869141,0,2028.94734375,2028.94734375,2028.94734375,2028.94734375,2028.94734375,2011.795765594686,0.00345597026274478,2.4494897427831783,0.1,South
11110207,321448.6911285424,331674.1088541529,125414.4606164702,302198.222850158,149244.9261923435,128298.6580719475,142652.9134890898,148208.2740019496,36149.60452127828,132194.3391601458,19395.13940525055,37986.95702663064,32144.86911285424,33167.410885415295,12541.44606164702,30219.8222850158,14924.49261923435,12829.86580719475,0.4489089216119941,0.7053435903088874,0.1,South
11120101,4431.772425889022,4351.815445814763,4351.499229862671,4445.856830020411,4443.960825730807,4427.584235177475,0,0,0,0,16367.300109863281,0,16621.32699822603,16321.448984670698,16320.263019274309,16674.1504431474,16667.03949424049,16605.619222497095,0.010154257360479408,2.449489742783178,3.750491993029575,South
11120103,17861.367754179908,17861.36385738987,17853.597688801652,17881.274989953083,17888.408435546662,17734.14579347515,0,0,0,0,5192.474401473999,0,20693.449308604748,20693.444793943374,20684.44722901922,20716.513016827776,20724.77753479852,20546.055154303816,0.0031777283825664706,2.4494897427831783,1.1585590528901168,South
11120104,1706.8232043516089,1705.125308145067,1629.988038152029,1756.9783178972264,1766.2300729737483,1760.612003162168,0,0,0,0,22628.81884765625,0,4199.986366272045,4195.808346603319,4010.9177798679416,4323.403245391897,4346.16907438134,4332.344668576893,0.030355578248864448,2.449489742783178,2.46070381253549,South
11120202,3654.7240188789997,3654.717466586609,3654.507931035387,3654.707955042712,3654.668333705913,3623.900835842023,0.3715738453580498,0.3625218918393948,0.07304975642439389,0.3493817497154225,0.15677864849567413,0.46761783957481384,7002.490163765637,7002.477609503598,7002.076137154711,7002.459385284138,7002.383470380639,6943.432616624613,0.003441459358303914,0.5031593178156136,1.916010655686523,South
11120301,9330.022137378877,9329.326744399023,9270.53898847373,9438.914312900888,9453.607172737766,9366.196754659222,0,0,0,0,28232.140258789062,0,36659.28300330931,36656.55068309917,36425.56334460608,37087.13933853864,37144.87014549248,36801.41937907456,0.007510524350480438,2.4494897427831783,3.92917427885205,South
11120302,3742.5806049017856,3741.120937167984,3694.4422688529926,3739.002030852744,3730.1755036699547,3726.936969245329,0,0,0,0,7325.489501953125,0,6948.452272345684,6945.742262154182,6859.078931911256,6941.808313642363,6925.42103723211,6919.4083940167875,0.004843713119621834,2.4494897427831783,1.8565938869145688,South
11130103,2186.0642171991863,2186.0642171991863,2162.1412886261473,2262.7966653619565,2290.37012784068,2259.123995311179,0,0,0,0,19929.451171875,0,7856.135087903998,7856.135087903998,7770.162426584439,8131.891158402538,8230.982870516853,8118.692556172466,0.023658268981095347,2.4494897427831783,3.593734816248619,South
11130104,2696.1021181882957,2696.1021181882957,2681.3731947873907,2743.3449274414684,2760.3214199100603,2729.670058941941,0,0,0,0,12270.2099609375,0,10469.686479648948,10469.686479648948,10412.490126013106,10653.142958527036,10719.067224700497,10600.039782325133,0.011483117135123648,2.449489742783178,3.8832677772176827,South
11130105,1095.623551327443,1095.623551327443,1082.584056051288,1165.961446891584,1152.4768092775432,1136.25654941462,0,0,0,0,10862.799560546875,0,715.7521054855937,715.7521054855937,707.2336264997507,761.702648246803,752.8933653938869,742.2969473684212,0.03091018702886486,2.449489742783178,0.653282876785916,South
11130201,10933.947592561175,10933.947592561175,10930.950007010677,10950.1172260424,10947.01730890531,10852.98822413133,0,0,0,0,2497.195556640625,0,1616.796212600277,1616.796212600277,1616.3529614392519,1619.187206516268,1618.728823645471,1604.82479979225,0.003299483927038855,2.449489742783178,0.14786939473719918,South
11130202,8450.196332805386,8306.3951785019,3935.904015046275,8097.648237717798,7228.090893958299,9954.437069116215,1589.156514750425,1550.442888683641,373.8350829276467,1494.244793145093,11383.561626434326,1999.919921875,3854.14819613342,3788.5602573882516,1795.17217852721,3693.350440528965,3296.743931532906,4540.2348256115365,0.2646127148557049,1.341290105479671,0.4561016151980789,South
11130206,11028.305955332435,11028.305955332435,10981.418807056514,11281.225510030457,11232.737728113561,11114.48949822526,85.62964686006214,85.62964686006214,50.0080160362036,277.7805312040886,8423.976796805859,221.14734375476837,5758.849133257911,5758.849133257911,5734.365226635864,5890.9206920499855,5865.600953733268,5803.853145959378,0.010969463485451848,2.218750073281915,0.52218800934457,South
11130207,107777.7310420823,105196.7278201713,26753.32568721002,140271.7734141621,121912.418261895,112062.2092470872,59607.7725691226,58155.66071198603,14022.20385133672,77889.41740173123,25840.04296875,62009.5234375,143765.58558192686,140322.76454645718,35686.47712748736,187109.65104311175,162619.95898101348,149480.68565037262,0.3826862698585314,0.49050024063834974,1.33390807351282,South
11130209,7811.081948739878,7811.081948739878,7801.310534739489,7863.7910975924515,7853.686107024838,7782.44114269759,0,0,0,0,8140.26220703125,0,9922.81879024692,9922.81879024692,9910.405660915205,9989.77793061756,9976.941041830883,9886.434902556422,0.00403119847614656,2.449489742783178,1.2703513873449654,South
11130210,7611.9195562282375,7611.904455317949,7611.260628393311,7612.8797688654095,7612.5972724222,7548.445537445076,0,0,0,0,114.89786148071289,0,761.1919556228238,761.1904455317949,761.1260628393311,761.287976886541,761.25972724222,754.8445537445077,0.003420131251797395,2.4494897427831783,0.1,South
11130301,3444.582381775696,3437.009729839395,3196.240809078131,3460.0687170647207,3426.5136586639774,3476.275312411391,274.0621429469186,267.3856833140077,64.47070693472894,257.6938937703901,11786.720092773438,285.10479736328125,9505.722896091467,9484.825288510394,8820.39564535355,9548.459226832829,9455.860167914341,9593.183198385837,0.030709779957473676,2.188800226982863,2.7596154896406424,South
11130302,981886.881927666,958573.5735124608,250021.4835582133,924731.1343832207,783756.893682845,1229037.728639074,21093.8480433669,20579.97836603765,4962.142091959815,19834.0266132596,25428.291015625,26546.162841796875,1063130.113488696,1037887.8165628064,270708.7477001622,1001245.188155786,848606.4644154946,1330730.7022625085,0.385464887595232,0.3921315523966488,1.0827419462021237,South
11130303,19612.441591759103,19609.80609038258,19529.706347559564,19605.980301553238,19590.043575679632,19475.52706375184,0,0,0,0,13226.529052734375,0,7472.8872145759615,7471.883015050447,7441.362779146497,7470.4252828096805,7464.3529457951445,7420.718961018735,0.0028567624299220763,2.4494897427831783,0.3810278888333808,South
11140101,35267.102594476484,35267.102594476484,26524.220903419846,77090.52985147489,69072.46567974356,64636.77707484705,11171.43504182973,11171.43504182973,5931.062261551099,36239.86871396025,33783.48065185547,28851.376708984375,3526.7102594476487,3526.7102594476487,2652.4220903419846,7709.052985147489,6907.246567974356,6463.677707484705,0.41680436725702996,0.6250945619180814,0.1,South
11140103,32995.53567782951,32995.53567782951,20190.80438673763,69418.1913429015,82506.50995390104,90933.76865716191,14219.20240696813,14219.20240696813,7549.162168472164,33191.92220530738,42694.6953125,44424.57421875,8731.776379158191,8731.776379158191,5343.19522924977,18370.48894645204,21834.11725078694,24064.265571598477,0.5431197699466203,0.6160994996602972,0.26463508471011976,South
11140105,52958.57340377504,51838.03331319515,16798.24817586641,50211.41691315685,43435.57516515321,64788.99745463015,31408.55982579937,30643.41225908334,6716.908815369186,29532.69646146686,11186.4091796875,39527.0078125,18734.043664076136,18337.653700467807,5942.363900312995,17762.239736222924,15365.292329801256,22919.0446278192,0.3467973050958606,0.5185899117022035,0.3537490241899288,South
11140106,16398.85177600159,16091.62290749734,6484.44005801765,15645.63840388569,13787.84303279308,19626.62730901156,732.3499968615426,714.5091336958643,156.617437320837,688.6106934168441,3023.9521484375,921.6470336914062,1639.885177600159,1609.162290749734,648.444005801765,1564.5638403885691,1378.784303279308,1962.6627309011562,0.3022128790956606,0.9671236644314412,0.1,South
11140108,2314.22167962,2314.22167962,2314.22167962,2314.22167962,2314.22167962,2294.658552893722,0,0,0,0,877.6469116210938,0,620.7310191890382,620.7310191890382,620.7310191890382,620.7310191890382,620.7310191890382,615.4837087441198,0.003455970262744891,2.4494897427831783,0.2682245286419422,South
11140109,25089.91131324418,24636.08983375724,10444.891084502604,23977.30621019133,21233.073716682742,11439.80198241113,801.9741468248446,782.4371616712575,171.5069791923795,754.0765695556435,4466.814453125,216.68910217285156,3710.9606263921073,3643.837485909022,1544.8671411238756,3546.399114850511,3140.509328875041,1692.0209163131099,0.3465472604229724,1.3566872281421616,0.1479064863985074,South
11140201,123313.608681019,120480.17132848091,31877.32983475633,116367.0514991545,99233.41811550247,38370.8613108121,62364.98287440323,60845.70229741095,13337.12547034194,58640.25982947004,29254.303100585938,16850.68389892578,12331.360868101901,12048.017132848092,3187.732983475633,11636.705149915451,9923.341811550248,3837.08613108121,0.4764731904906164,0.5718306511788442,0.1,South
11140202,10376.53063063956,10780.62590718184,2187.00983219503,9615.77703491712,8109.300611080448,3335.83756638216,483.9375054194924,502.7835790295134,101.997104831476,448.4577087073098,2452.106689453125,155.57579040527344,1037.653063063956,1078.062590718184,218.700983219503,961.5777034917121,810.9300611080448,333.583756638216,0.5033777010377198,1.2739047668512353,0.1,South
11140206,73608.21217961222,76055.94352459382,24001.72598096922,69000.08996152823,59874.89158095521,30869.6235057164,27269.78005972956,28331.7524767863,5747.51612415841,25270.50072702636,16262.281616210938,8766.663879394531,26441.98943898758,27321.278372341254,8622.04591191044,24786.631763313857,21508.622529520653,11089.173810279819,0.40645216258761047,0.5274819230468548,0.3592260789389394,South
11140207,190979.53473215443,198066.4572766917,47353.75402006132,177637.62721347262,151217.4180433585,67425.54093275334,115329.3678308233,119820.6621223307,24307.39814346808,106874.0146503849,45106.26953125,37075.98046875,19097.953473215443,19806.645727669173,4735.375402006132,17763.762721347262,15121.741804335852,6742.554093275335,0.4709042579703376,0.5847227439837874,0.1,South
11140301,103817.38493870711,103817.38493870711,75278.29641069315,240340.16257773218,214167.07099233282,199783.3609931989,18315.44058597707,18315.44058597707,9723.909064182131,59414.85223597875,56699.84375,47301.50390625,41684.547295637836,41684.547295637836,30225.589952195347,96500.89799437331,85991.93097783012,80216.61271008891,0.4470011603298062,0.6284661980449301,0.401517985838769,South
11140302,29775.297799990272,29482.632261647,20330.851199229583,29057.78841322314,27288.056665488897,30112.73117284768,306.8838586001572,299.4078253476086,65.62895295290555,288.5553459066152,2880.610107421875,319.2489929199219,5533.995124982987,5479.60071813871,3778.6635142681193,5400.639835804313,5071.71997309543,5596.710018816899,0.1348342591489679,1.551478685147883,0.18585859870005383,South
11140304,70184.47054330604,69022.41536137687,32684.434922457178,67335.53415778044,60308.65303019421,37853.0216337519,16733.39915414927,16325.7548776623,3578.537727071218,15734.0037470336,18422.5625,5458.32958984375,7018.447054330605,6902.241536137688,3268.443492245718,6733.553415778044,6030.865303019422,3785.3021633751905,0.29656054570622564,0.5062989442446084,0.1,South
11140305,132897.0202594359,129808.956296859,33243.82788362567,163767.8941569306,106652.8653884104,137989.8695641339,101639.5735542134,99163.52012106044,21736.23214127378,130604.7969669795,41170.63306045532,105734.8920288086,62921.11057518501,61459.04307605499,15739.544544524977,77537.1619077501,50495.61474865364,65332.359026189355,0.38409852075104756,0.5060604765285347,0.47345764752552844,South
11140306,8899.44115607183,8869.454893294582,7931.771169508729,8825.925752999306,8644.600539469871,8005.222960138894,621.9540502257767,606.8025555129075,133.0086023009737,584.8080994535155,454.7194519042969,202.87750244140625,1654.5768704633376,1649.0018488465003,1474.6684526278532,1640.9089464427827,1607.1971100391074,1488.324549874799,0.05205544562974787,0.49669517501864763,0.18591918767106716,South
11140307,9018.899726444759,9008.107149729547,8670.61849371597,8992.440256209878,8927.178162965527,8964.384530286276,3.433899875279105,3.350246242368561,0.7343600748102859,3.228811612444115,106.2277603149414,3.5722603797912598,3778.1850209350914,3773.663809598952,3632.283527795037,3767.100656197098,3739.7611502030695,3755.347590229948,0.014717531000118106,2.1010016379228396,0.4189186192919841,South
12010001,44193.728925250885,44193.728925250885,44086.97199580024,44534.230433049524,44468.9521161071,44061.67766183813,8.735167961853358,8.735167961853358,2.589536269716591,28.33667643831271,407.7599039077759,22.559467315673828,20439.930966741234,20439.930966741234,20390.555086469096,20597.415466979885,20567.223755975254,20378.85626736945,0.004483330325430611,2.0174273821563813,0.4625074974169584,South
12010002,301578.76572217705,298180.68366551143,90744.2968268542,460148.14867802843,499574.99804061704,504976.7804141439,212767.2929465187,210129.7575179428,43907.23829290708,345734.3662539172,189863.41430664062,382510.1555175781,74743.60124728542,73901.41698527095,22490.162797933797,114043.6053483656,123815.1975230908,125153.98099740031,0.44934620393131974,0.5255727189627498,0.24784106091919403,South
12010005,29313639.5993329,30454686.87854634,3461584.211643144,27165493.182035908,10102430.11841587,30054146.89457487,67551.64372281531,70182.32069209575,7949.900696147464,62599.10633933285,27456.952514648438,69017.39413452148,3032125.4242385533,3150152.3397922274,358057.1242509513,2809926.834916285,1044968.6776301622,3108721.542203666,0.5443335636958112,0.5215157777424486,0.10343735768340266,South
12020003,152605.33426801718,158144.185705374,68190.34942085632,142177.8400810103,69128.76492995929,156150.9320909292,65271.25374708,67813.1250402949,26531.80945489574,60485.90277063882,23624.790649414062,66919.79327392578,15260.533426801718,15814.4185705374,6819.034942085633,14217.78400810103,6912.876492995929,15615.09320909292,0.3498933868494151,0.4027690236769555,0.1,South
12020004,30734.899986494427,30734.899986494427,30810.061220646865,37783.23339141733,36431.981395803494,35474.87950819745,598.8154381564743,598.8154381564743,613.1445306649218,1942.542993037794,2123.2295532226562,1546.5022277832031,13017.47762998524,13017.47762998524,13049.311463335971,16002.732908758853,15430.422843227312,15025.051346427157,0.0969146607669189,0.5809305121881766,0.4235405885721248,South
12020005,22982.22246096,22982.22246096,22982.22246096,22982.22246096,22982.22246096,22787.94369569967,0,0,0,0,881.6287231445312,0,5101.018696956061,5101.018696956061,5101.018696956061,5101.018696956061,5101.018696956061,5057.897557749531,0.0034559702627448606,2.4494897427831783,0.22195497870674533,South
12020007,16424.926291529708,16446.155442246465,16101.382961952977,16384.960091280846,16067.41134417771,16304.61310710818,522.1488934566095,542.4830406786651,212.2458839530897,483.8676352654865,101.02557373046875,535.336669921875,5486.88804159638,5493.97982217022,5378.805606735876,5473.536988305711,5367.457095332149,5446.696386478311,0.010159697911450327,0.4817347428719467,0.33405860971357626,South
12030101,90873.05657577261,90873.05657577261,701341.4070465895,156663.4942361755,144050.6600988409,136773.8716598924,12396.56332484241,12396.56332484241,270515.5285310192,40214.15563125386,46026.0244140625,32015.39663696289,77157.00668321634,77157.00668321634,595483.4762885821,133017.27406646163,122308.17541281208,116129.71905431883,1.0785242111900615,1.4470351029108997,0.8490636233731236,South
12030102,1920627.8268793619,1920627.8268793619,2691586.5896733906,2003714.3855571758,1987785.672800247,1963330.075720352,20069.32288321669,20069.32288321669,437949.0786880692,65104.40455881913,52701.27937602997,51831.085918307304,639248.6540753964,639248.6540753964,895849.305469932,666902.6170468936,661601.0130356861,653461.3790581163,0.14458386162718018,1.5072729365371733,0.33283317315778366,South
12030103,1154050.0710770048,1154081.1882515554,1201466.1633009855,1156897.2428056337,1155865.1825941459,1145598.359064681,475.3471664236937,475.3471666064434,10372.93825408846,1542.014817295296,5570.7467512488365,1227.632824663955,517275.30637039075,517289.25389866746,538528.4341563946,518551.4829117094,518088.8866384023,513487.02886831574,0.017279508245358483,1.2091774609216939,0.4482260513078511,South
12030105,2068782.0963552059,2068782.0963552059,2091152.9799751258,2071193.0161401043,2070730.8132357507,2053003.984025199,219.4401535397985,219.4401535397985,4788.58273540915,711.8586220191702,844.137939453125,566.7266998337091,206878.2096355206,206878.2096355206,209115.2979975126,207119.30161401044,207073.08132357508,205300.3984025199,0.005871460192425404,1.4401780581203283,0.1,South
12030106,1451907.165870166,1451907.165870166,2585590.589922418,1574084.7178746532,1550661.7820569507,1526301.242728665,28257.84204456506,28257.84204456506,616637.4401938329,91667.76533188677,83885.04681396484,72978.77368164062,804267.4444293248,804267.4444293248,1432258.470086902,871946.3083588848,858971.4397350734,845477.1963212817,0.2612974586493094,1.4873775028448573,0.5539386149026314,South
12030109,61857.424640065816,61857.424640065816,259438.1622352968,83150.78602338764,79068.58738016739,76439.14323207337,4019.252229753247,4019.252229753247,87707.38411445972,13038.35832989752,12773.537109375,10380.130859375,35576.58845906839,35576.58845906839,149212.88401722172,47823.2210864796,45475.39134763938,43963.09669785121,0.7415238210233794,1.4756270583532756,0.5751385329421717,South
12030201,41268.32899215044,41268.32899215044,800828.9623877766,123126.5063442947,107433.2893595334,98986.26187877097,22115.56873343938,22115.56873343938,482601.879885649,71742.37727144663,56147.07763671875,57115.72265625,4126.832899215045,4126.832899215045,80082.89623877767,12312.65063442947,10743.328935953341,9898.626187877097,1.4608336309572494,1.5124719853497175,0.1,South
12040101,230777.02783029652,234937.2116945639,272576.8661444803,246488.64775870362,192720.30313895427,260545.016447437,26687.17171422426,27366.66982102235,44757.74517068049,37735.20415915192,32145.80078125,41749.099609375,35794.14629787889,36439.4021591909,42277.41519995441,38231.06139112477,29891.444525405623,40411.24250356821,0.11609101796478016,0.21477668732938682,0.15510272679393533,South
12040103,47462.09370026115,47554.36971010654,47697.010360935856,47288.3740099706,45908.09593361074,47141.4365133076,1649.868583940316,1714.119741231478,1813.439455075884,1528.908746555368,374.9350128173828,1691.538818359375,19643.28492163513,19681.475481964637,19740.51061352337,19571.38701096928,19000.127013543715,19510.573530408325,0.013795901435245986,0.3697335244453561,0.4138731225320354,South
12040104,1309733.5641130349,1309733.5641130349,1566868.8265481386,1635961.6687810833,1573419.7383510992,1530074.486000908,70478.10076921084,70478.10076921084,195133.958674505,228629.2772165762,253460.3980665207,182016.9219942093,130973.3564113035,130973.3564113035,156686.88265481387,163596.16687810834,157341.97383510994,153007.4486000908,0.09541430927529974,0.4717606051681127,0.1,South
12040201,74745.05265708742,76555.66095249177,79354.50700236065,71336.38432777658,44253.04013886692,75693.93305816819,22739.5153263389,23625.06475141374,24993.95084158866,21072.37158964358,8616.347534179688,23313.840393066406,7474.505265708743,7655.566095249178,7935.450700236066,7133.638432777659,4425.304013886692,7569.393305816819,0.18535101760696357,0.292785562519465,0.1,South
12040203,133940.6865128418,133940.6865128418,360992.0803524743,422001.3172216928,366776.5598583067,337146.6779531644,19561.80632148751,19561.80632148751,54161.11763334279,63458.03294242799,51355.54064941406,50520.37097167969,47062.02405166227,47062.02405166227,126839.86031667002,148276.3502113029,128872.32200338635,118461.42856113102,0.4304772883396189,0.4362752813779639,0.3513646620524833,South
12040204,194180.01466634145,194180.01466634145,232222.06112864055,242444.04736867,233191.24010790075,226775.0269627411,15735.52642825631,15735.52642825631,43567.22911458402,51045.67226769293,65755.45636749268,40638.610778808594,65971.58518506133,65971.58518506133,78896.15990565768,82369.02315141125,79225.43309939855,77045.56019744856,0.09523593633170603,0.5118473427014715,0.33974446494104954,South
12040205,57709.83901658309,57709.83901658309,80967.39146819279,87216.74982941353,81559.9129816576,78152.96988380651,5689.320564069457,5689.320564069457,15752.12203107686,18456.02015690027,21726.3701171875,14693.25439453125,20164.700715385978,20164.700715385978,28291.245383520254,30474.866810379546,28498.281465929223,27307.843421165726,0.17419779973539362,0.48595652571909176,0.3494153000425385,South
12050001,11739.307858546643,11737.58202742178,11683.088085267516,11736.150077768889,11726.09977180029,11649.91735576691,0,0,0,0,8940.029327392578,0,169047.15735456138,169022.30522109257,168237.58723556707,169001.68500896313,168856.95964056771,167759.92555422935,0.003165449047291915,2.4494897427831783,14.400095763012885,South
12050002,159710.80239715258,155969.049998479,38648.39716077245,150537.3872960627,127911.2248528216,165892.8718758695,72625.68844885497,70856.44563396879,15382.77983383423,68288.14896833639,35481.53071022034,75551.96374511719,1836325.2266720184,1793303.2505845241,444372.1126657553,1730850.9988049765,1470699.573518271,1907405.5165861426,0.3612031011392216,0.44179113773890166,11.497814794678895,South
12050003,161982.8849717803,159166.8354698886,70871.10374206242,155078.9564715333,138050.4664248384,166282.2924929322,33474.54588340606,32659.06859085686,7090.212572988503,31475.29234842641,22573.39910888672,34823.319969177246,347168.76899019774,341133.28913590626,151894.0340357243,332371.9689514489,295875.7679589625,356383.4463109872,0.2546585656314074,0.39561903857937214,2.1432435226146236,South
12050004,2725.1525388292152,2725.0004159696878,2692.628253135182,2854.4793393700156,2829.4439078285595,2795.083224213783,0,0,0,0,20937.133819580078,0,7069.329300626087,7068.934678096585,6984.957918634553,7404.816480661922,7339.871965729972,7250.736776412517,0.023572116930898866,2.4494897427831783,2.5941040730377702,South
12050006,5730.677632101691,5730.568217734975,5727.13758856309,5730.409387894977,5729.747765486235,5682.453962461612,0,0,0,0,549.1070098876953,0,11449.72574080782,11449.507134113914,11442.652837701135,11449.189796754497,11447.8678945973,11353.376264002276,0.00337949269299462,2.4494897427831783,1.997970654756356,South
12050007,3236.2892448909847,3236.1809741621955,3214.288985770028,3299.7477080722383,3306.124235092171,3271.244588610398,0,0,0,0,14062.361694335938,0,5720.170338862351,5719.978969375719,5681.284683054654,5832.33374311067,5843.604311951807,5781.954223181153,0.011516362173192296,2.449489742783178,1.7675089913216446,South
12060101,4830.965552078874,4830.965552078874,4802.039647233644,4924.568777035509,4906.623890315167,4856.525531257701,0,0,0,0,14455.8359375,0,3309.184949189231,3309.184949189231,3289.3708627662127,3373.3026457206784,3361.010496582023,3326.6933949623053,0.00982297260075747,2.4494897427831783,0.6849945240791903,South
12060102,21125.97152664342,21125.97152664342,20983.029225002443,21588.527857652247,21499.85013350785,21275.50271630541,0,0,0,0,71435.98217773438,0,55540.81934650319,55540.81934650319,55165.019703755286,56756.893958065644,56523.757533993914,55933.94137552846,0.011089454329194165,2.449489742783178,2.629030304071783,South
12060103,10533.448650610924,10533.448650610924,10524.596128322873,10562.095105738103,10556.603228802935,10464.72541389114,0,0,0,0,2212.04150390625,0,18004.252524205796,18004.252524205796,17989.121387952433,18053.216356388446,18043.82938898087,17886.787622707274,0.0033029474304163077,2.449489742783178,1.709245767592134,South
12060201,72056.8585019352,72056.8585019352,43969.17757983026,162947.6199121398,145522.74573512952,135921.862579741,19233.55386518019,19233.55386518019,5896.069788379624,62393.18980660252,66284.74913787842,49672.62503051758,21808.915243445746,21808.915243445746,13307.825057857328,49318.14827438846,44044.29076859784,41138.46263021916,0.4618380579888067,0.688080366688904,0.30266258752954145,South
12060202,305912.8235761807,305912.8235761807,155375.65816605266,793045.8703594202,699656.4882488128,648878.7655003986,52030.81301209896,52030.81301209896,15950.11025085936,168786.7159034429,246591.14262390137,134374.91137695312,48094.329058927375,48094.329058927375,24427.50828235433,124679.34034936347,109997.05399951077,102013.99373359465,0.5383832681281957,0.7836143947994887,0.15721579924860707,South
12060204,4257.134624507042,4257.134624507042,4257.119891794923,4257.182299052543,4257.173159257212,4221.18102432251,0,0,0,0,3.681365728378296,0,3461.549523996791,3461.549523996791,3461.5375445746868,3461.588288991287,3461.580857266202,3432.315032118548,0.0034540858849953435,2.4494897427831783,0.8131172324383854,South
12070101,67981.79881407387,67981.79881407387,56971.15324511452,102184.20487849542,114474.14123417591,108209.0958277089,19248.09115092975,19248.09115092975,10980.03832564705,44930.87064920332,20293.330899477005,49710.171142578125,6798.179881407388,6798.179881407388,5697.115324511452,10218.420487849544,11447.414123417591,10820.90958277089,0.28653520613916295,0.5788878359754327,0.1,South
12070102,18708.295703562417,18708.295703562417,17306.671765530522,23062.113863734146,24626.63897081823,23744.122185258,1746.552352026973,1746.552352026973,996.3175887224972,4076.981826179434,1934.46044921875,4510.650634765625,11854.902285771548,11854.902285771548,10966.734005236918,14613.790090234956,15605.184098647293,15045.958906564321,0.14900129461133885,0.5721570443623856,0.6336708844897159,South
12070103,242391.0490508891,242391.0490508891,149503.0443419596,639311.1667620554,634609.733650303,584555.6360230839,147965.9863333749,147965.9863333749,84406.92576178636,402879.1363194786,176810.67057991028,382137.3306221962,129452.204224543,129452.204224543,79844.11431085093,341432.73873672314,338921.87506533886,312189.8101079666,0.5460882797015263,0.6006974428855214,0.5340634678195769,South
12070104,334220.3230857596,335725.2528294223,218494.04736090312,793735.8550361427,701173.6154698776,650780.417864286,124295.7129274085,125014.6468543698,64553.86201325047,367099.4140527538,188406.00577425957,292256.11669921875,33422.03230857596,33572.52528294223,21849.404736090313,79373.58550361427,70117.36154698777,65078.0417864286,0.4704685765639154,0.5935322659231387,0.1,South
12070201,28742.66998135828,28742.66998135828,28736.07851649673,28777.103753379488,28770.50237678631,28524.12152511623,0,0,0,0,5317.861328125,0,23730.433583936054,23730.433583936054,23724.991559266135,23758.862687443958,23753.412479481074,23549.99628882438,0.0033164024083521086,2.4494897427831783,0.825616882472191,South
12070202,6465.690263853668,6465.690263853668,6465.23110472573,6468.088908322682,6467.629058746999,6412.734458583718,0,0,0,0,185.2201690673828,0,6931.572875265272,6931.572875265272,6931.08063161815,6934.144353059651,6933.651369214859,6874.801361564857,0.00340167740391003,2.449489742783178,1.0720545823260532,South
12070203,20407.05084619257,20407.05084619257,20401.744594703163,20434.770671438,20429.456440820763,20254.20442449146,0,0,0,0,4280.97705078125,0,21457.82981883291,21457.82981883291,21452.250343273514,21486.976964944675,21481.38909940437,21297.113185645714,0.0033058277528645983,2.449489742783178,1.051490976357144,South
12070204,37368.435698228706,37368.435698228706,23241.31646794638,111168.419936893,97020.05744468824,89403.18848400295,15196.32252408197,15196.32252408197,8668.714337174872,49296.50766850168,42591.01953125,39246.0625,4345.3786630510185,4345.3786630510185,2702.610339287432,12927.190313769763,11281.951722911326,10396.226130106104,0.5682613091768135,0.6093234922531707,0.11628473554907179,South
12070205,88324.95481685546,88324.95481685546,88324.92053137894,88325.1339239746,88325.09958694225,87578.43244397506,0,0,0,0,13.830415725708008,0,62018.27821115327,62018.27821115327,62018.25413725223,62018.4039730647,62018.3798629632,61494.099825688514,0.0034556476906050263,2.449489742783178,0.7021603162973601,South
12080001,2820.950843745566,2820.8605330218797,2817.627165583517,2820.7294347189436,2820.1833309454237,2797.285909922243,0,0,0,0,453.23345947265625,0,35324.04643858705,35322.915564504474,35282.42722285224,35321.273946909045,35314.435616103365,35027.713298576986,0.003332533615730349,2.4494897427831783,12.522035439541703,South
12080002,8642.683163350732,8642.683163350732,5778.853534763727,17289.68975656524,15631.95249529916,14703.4502235534,2125.582304572927,2125.582304572927,545.8716464252202,6895.338277491643,42763.234046936035,5489.534332275391,43114.56691503466,43114.56691503466,28828.173231350967,86250.70153105304,77980.97525189449,73349.08344592158,0.39710066141494593,1.624325618032129,4.988562706760075,South
12080003,83311.73909845127,81311.91285258267,9712.7405522849,78408.89296413453,66316.05819684183,92534.04865454888,31458.4918237692,30692.12785786263,3254.231314080202,29579.64629132012,32786.002433776855,34996.576751708984,981279.2007320763,957724.4421664199,114400.56814563996,923531.5052925495,781097.2293616245,1089903.2751787407,0.4382937590694933,0.43658359609999786,11.778402555880842,Southwest
12080004,35871.616415943645,35062.56132792162,6096.207492235265,33888.10778915532,28995.79801109335,37197.00930050546,24940.048898454,24332.48147625223,2579.929405220806,23450.51469845409,21130.088134765625,25944.947143554688,221940.83032688883,216935.13568704555,37717.7693077231,209668.68885198486,179399.54006958345,230141.15210492435,0.4002732907397081,0.4353416356524509,6.1870875221626225,South
12080005,112134.58359044799,112134.58359044799,70308.88155701377,238422.5155395895,214211.5694528119,200770.0761706447,25770.11299206571,25770.11299206571,6618.033080760544,83597.63164530939,76260.80688476562,66553.9609375,3117949.0924997395,3117949.0924997395,1954967.9182474497,6629437.967801867,5956242.465016242,5582496.110956168,0.43255854433708235,0.6739726139866294,27.805419101456735,South
12080006,3562.7460251207995,3562.5635211530403,3542.5956569005843,3602.8602059963823,3593.980455833049,3562.307200467113,0,0,0,0,5316.010498046875,0,42213.52386771464,42211.361452671685,41974.77037706175,42688.82042825682,42583.60789196706,42208.32441345618,0.006341893668604271,2.449489742783178,11.848591948476972,South
12080007,3453.457339321062,3453.457339321062,1282.3640655600584,10008.825600511158,8752.081071552024,8074.369808385903,1968.842087636063,1968.842087636063,505.6191282816976,6386.876753728508,18803.349578857422,5084.73681640625,2748.895201514847,2748.895201514847,1020.7406897072414,7966.860442368483,6966.512482122657,6427.065471117689,0.6081563914016467,1.1652918368665262,0.7959835409622493,South
12080008,3282.7242690158637,3282.7242690158637,3215.9195247116522,3484.4335671843924,3445.7634197856155,3398.05816759871,42.9382850678153,42.9382850678153,11.02699825559242,139.2907722090968,7189.411308288574,110.89252471923828,2684.714615498032,2684.714615498032,2630.079605451363,2849.678790523687,2818.0531340880084,2779.0382862705887,0.03173533502900024,2.314431403916197,0.817831287518671,South
12090102,3409.001776254656,3409.001776254656,3416.2141720186414,3434.2183350897785,3429.3840113580613,3398.071574959342,0,0,0,0,3894.37890625,0,6359.907313819369,6359.907313819369,6373.36291507163,6406.951870405388,6397.932851678886,6339.515694300778,0.003993454827328284,2.4494897427831783,1.8656215899091622,South
12090103,3434.677156316458,3434.677156316458,3458.368475849889,3517.508655369737,3501.628840672371,3464.399556121168,0,0,0,0,12792.27880859375,0,40440.11333796527,40440.11333796527,40719.05648267858,41415.37682190231,41228.40684570924,40790.066815999824,0.009909313556760618,2.4494897427831783,11.774065362619272,South
12090104,4023.8870398756844,4023.8870398756844,4084.2073045578536,4234.783606437299,4194.352146961297,4139.472632535539,0,0,0,0,32514.055797576904,0,20150.618096439848,20150.618096439848,20452.686868510576,21206.735260893052,21004.26464208369,20729.44178409768,0.02139157811739196,2.4494897427831783,5.007749446431377,South
12090106,6394.250851906816,6394.250851906816,6399.75815416559,6413.505925529459,6409.814491659416,6353.856206120129,0,0,0,0,2973.702880859375,0,1946.3338099764649,1946.3338099764649,1948.0101671973916,1952.1948250778917,1951.0711965692578,1934.0381608601645,0.003335959654599579,2.449489742783178,0.30438809096706815,South
12090107,5641.650398654738,5641.650398654738,5650.8045539165305,5673.655893402751,5667.520047357408,5616.662432563885,0,0,0,0,4942.84423828125,0,5029.23082685108,5029.23082685108,5037.391268669198,5057.762020640349,5052.292240717898,5006.95538606971,0.003634323018283203,2.4494897427831783,0.8914467348154557,South
12090110,1600.9449788582865,1600.9449788582865,1603.8507857960562,1611.1044950589458,1609.1567911476889,1594.618230597128,0,0,0,0,1569.0089111328125,0,2108.8413982851057,2108.8413982851057,2112.669066347854,2122.223999582108,2119.658390711159,2100.5075024761604,0.0037613366592413894,2.449489742783178,1.3172478917976465,South
12090201,85042.88330415709,85042.88330415709,136648.0711781567,265469.0965633085,230879.17768160612,212310.842692007,7488.476078402224,7488.476078402224,12294.71560234566,24292.43771572609,24838.1192779541,19339.7578125,8504.28833041571,8504.28833041571,13664.807117815672,26546.909656330852,23087.917768160612,21231.0842692007,0.4588938656131639,0.498709209330414,0.1,South
12090205,818445.0255014863,818445.0255014863,1020346.5927544257,1524349.542688401,1389018.9854114961,1312265.706119214,5983.235419327892,5983.235419327892,9823.384236304239,19409.47293425301,18471.89452934265,15452.319244384766,81844.50255014864,81844.50255014864,102034.65927544258,152434.9542688401,138901.89854114963,131226.5706119214,0.2644707425176142,0.48479379035542386,0.1,South
12090301,406100.49660946237,406100.49660946237,625607.3882028919,1173558.166392382,1026427.1145157774,947070.156286173,88350.76667562306,88350.76667562306,145055.888294665,286607.7789570981,127196.46176147461,228174.91662598576,46241.439127781625,46241.439127781625,71236.02704503664,133629.5300479076,116876.16078103543,107840.02321415846,0.432235161307989,0.4999384121275253,0.11386698493070538,South
12090302,34595.31083465173,34595.31083465173,54749.988336700095,105061.717236132,91552.44251776645,84288.80435535856,16632.52170365298,16632.52170365298,27307.57526034409,53955.50353786549,49160.85852050781,42955.19366455078,3459.5310834651737,3459.5310834651737,5474.99883367001,10506.1717236132,9155.244251776645,8428.880435535857,0.4494931647008303,0.47800996080049896,0.1,South
12090401,29539.966937956047,29539.966937956047,29599.827848671444,29749.257474190385,29709.133910433848,29438.71471040411,104.5246674369171,104.5246674369171,171.6104913886367,339.0755271011108,154.1036834716797,269.9456787109375,13006.023906326822,13006.023906326822,13032.379807044455,13098.171528676872,13080.505698836216,12961.444002264125,0.003920586564158505,0.4968314703122994,0.44028566225696475,South
12090402,21602.15887547707,21602.15887547707,30184.169735921147,51607.27629660714,45854.92712912716,42703.93081641419,6773.14521188288,6773.14521188288,11120.27243482321,21971.92145325508,22093.20703125,17492.341796875,9698.44485274182,9698.44485274182,13551.40045479204,23169.458480885325,20586.89988125148,19172.237386350047,0.36265912220376084,0.4951595271672328,0.4489572041686799,South
12100202,76355.30157541727,76355.30157541727,132116.62695722881,189458.5058832088,167775.2338597148,155940.5537226962,8112.95188619122,8112.95188619122,17088.38291314157,26318.22233556942,24617.26836013794,20952.53125,25265.98211443716,25265.98211443716,43717.414047851824,62691.85141447045,55516.85306040126,51600.75541554218,0.3580894387702351,0.45392831827912944,0.33090016794029126,South
12100203,61680.99772031745,61680.99772031745,72383.10572259726,83388.56474132536,79226.95779512572,76558.02800686777,8152.961264053202,8152.961264053202,17172.65502255539,26448.01180268949,24011.851928710938,21055.859390263395,43524.95431496584,43524.95431496584,51076.8548854656,58842.8139118966,55906.19227955035,54022.872433939054,0.12559294571027946,0.4499362919505197,0.7056460810235713,South
12100204,48993.655093523375,48993.655093523375,98624.68777812297,149662.51099492842,130363.0561283459,119989.7967298721,29276.09787137456,29276.09787137456,61664.50604497841,94970.96293744324,39704.533203125,75608.52490234375,4899.3655093523375,4899.3655093523375,9862.468777812297,14966.251099492843,13036.30561283459,11998.97967298721,0.4264528292848991,0.4887615951464417,0.1,South
12100301,587110.6906599947,587110.6906599947,1032498.4365680801,1490510.6883591232,1317317.824231005,1222982.034925479,96329.6145190329,96329.6145190329,202899.9261758666,312490.9709777428,129544.81445121765,248781.1142578125,117538.81122322775,117538.81122322775,206704.86971993177,298398.3381878209,263725.34775209747,244839.44308851208,0.3659391825120241,0.4899545524227306,0.20019872418112103,South
12100302,944812.1387040468,944812.1387040468,946501.757246285,948239.2679890211,947582.2452547796,939256.2922084142,794.5487232302546,794.5487232302546,1673.56506191245,2577.497099423053,2086.688346862793,2052.003662109375,725006.8314466785,725006.8314466785,726303.369600117,727636.6580990598,727132.4880622583,720743.5218438533,0.0034195836543751052,0.4398471101200436,0.7673555427019971,South
12100304,78901.89155636958,78901.89155636958,107557.1617683743,137024.66498564865,125881.81616239784,119464.7814987282,15642.08416559978,15642.08416559978,32947.06138172918,50742.54779726201,43545.27132034302,40397.28520204019,62397.82123529813,62397.82123529813,85059.20986449748,108362.93505704799,99550.85875304171,94476.08837800824,0.22641440248508896,0.4439618994090557,0.7908279510728775,South
12100401,323831.236837744,323831.236837744,672982.8676203849,1032031.1937148209,896260.572484645,823461.3934668001,10834.36483005808,10834.36483005808,22820.51926769467,35146.42098980911,197176.81768798828,27980.857788085938,70078.47849429255,70078.47849429255,145636.3996138916,223336.00834937594,193954.6594315045,178200.60262394464,0.43955125786861116,1.4241529052928605,0.21640431966544796,South
12100402,8906.711108495758,8906.711108495758,13150.377369611339,17514.33025776362,15864.14405277956,14937.30640785876,2031.577998915359,2031.577998915359,4279.130857717662,6590.39055297627,6337.916015625,5246.7587890625,5562.827477308004,5562.827477308004,8213.276447112481,10938.852334797364,9908.202406677006,9329.331277327035,0.27412057023378966,0.45817226603283684,0.6245658368779744,South
12100403,5862.016989222822,5862.016989222822,9542.26482832271,13326.82921165245,11895.733116596071,11107.69063565692,1099.407539570409,1099.407539570409,2315.691905649148,3566.451825390918,5029.078012466431,2839.332660675049,4819.751290899493,4819.751290899493,7845.651643276912,10957.321074733827,9780.67364020231,9132.744988379403,0.32737863480485296,0.569422890821248,0.8222001573452432,South
12100407,6451.851919218637,6451.851919218637,6479.802117532737,6508.544563604633,6497.675888066427,6437.527004665898,0,0,0,0,8755.46240234375,0,5603.207385336768,5603.207385336768,5627.48115348521,5652.442961059089,5643.003897080714,5590.766698845324,0.0043991872452266035,2.4494897427831783,0.8684649702895467,South
12110104,6991.538802171103,6991.538802171103,6991.130043951698,7008.108579300618,7004.931949716453,6944.190182607888,0,0,0,0,2558.99267578125,0,20129.538088944384,20129.538088944384,20128.36122153658,20177.244605248106,20168.098680721585,19993.215332549084,0.003289978523007351,2.4494897427831783,2.879128423444278,South
12110106,9871.35181090711,9871.35181090711,9799.589360611668,12780.37663588241,12222.680883679117,11851.4463844646,885.0894896467782,885.0894896467782,836.0940961680787,2871.209185284024,3683.039073944092,2285.83447265625,8755.840949065494,8755.840949065494,8692.188005381748,11336.13179192891,10841.458377608287,10512.175185985358,0.12358717914487762,0.640405128795953,0.8869951265834676,South
12110110,59483.66160039978,59483.66160039978,57297.59526042352,148099.9396936466,131111.1118760328,121841.5283797357,22627.68050895848,22627.68050895848,21375.09291977678,73403.65565172584,19530.7734375,58438.3046875,78915.92635225819,78915.92635225819,76015.71063511482,196481.58198719806,173942.80329074684,161645.01010134816,0.43549704554621366,0.6448269796421306,1.3266823902402103,South
12110201,31058.68838813356,31058.68838813356,29815.23759010592,81464.28665304434,71800.9149972713,66551.77419611355,10721.07163223972,10721.07163223972,10127.59139179021,34778.90055937658,37207.306411743164,27688.2666015625,3105.868838813356,3105.868838813356,2981.523759010592,8146.428665304435,7180.091499727131,6655.177419611355,0.4587875570370358,0.5862413783723353,0.1,South
12110202,51132.093488666585,51132.093488666585,50204.992506951196,88713.86166918068,81508.97558686972,77358.79744440311,6239.173717117307,6239.173717117307,5893.795340322754,20239.73066533531,19998.789794921875,16113.306060791016,56509.04043507677,56509.04043507677,55484.44739988711,98042.83091453508,90080.29366685374,85493.69123256463,0.2661328813766264,0.5691546682450886,1.1051579659573685,South
12110203,10644.397346280139,10644.397346280139,10174.12334051299,29707.83165886339,26053.137395941638,24077.22435527875,4981.036106521843,4981.036106521843,4705.303735021146,16158.3622769991,18677.46728515625,12864.0361328125,15692.15385403903,15692.15385403903,14998.867817076847,43795.7969714171,38407.983758742936,35495.058730900026,0.4860661391411247,0.6067839588806474,1.47421721902583,South
12110204,2564.18786518062,2564.18786518062,2510.61555463253,4735.841434339407,4319.5087993000125,4082.992535649779,726.0779036292591,726.0779036292591,685.8848237196763,2355.379394420409,1599.020263671875,1875.170654296875,5495.326743085091,5495.326743085091,5380.515595726728,10149.410828485694,9257.165804469128,8750.286349004526,0.29621419678751865,0.5393941467461459,2.143106134190368,South
12110205,7502.043235497579,7502.043235497579,7501.424509929718,7527.12443087687,7522.3160579805235,7456.41674566273,0,0,0,0,3873.473876953125,0,9849.71714918683,9849.71714918683,9848.904800917819,9882.647202039709,9876.334106861486,9789.8123998704,0.0033309345345205535,2.4494897427831783,1.312937934372427,South
12110206,5526.418793017172,5526.418793017172,5524.644511672796,5598.342597960157,5584.553922059345,5530.721321786759,0,0,0,0,11107.72314453125,0,20058.169753314673,20058.169753314673,20051.729988662635,20319.21762950414,20269.171548624166,20073.785806976393,0.0060555080492075775,2.449489742783178,3.6295059250049757,South
12110207,7944.742100017567,7944.742100017567,7942.4210054707255,8038.831998426537,8020.793810433979,7944.325191856407,0,0,0,0,14530.996490478516,0,44956.24686021467,44956.24686021467,44943.112676861696,45488.66548962705,45386.59430567979,44953.88773691335,0.005601401231081074,2.449489742783178,5.658616263971019,South
12110208,172576.8270371715,172576.8270371715,170160.01297985076,270546.89440737176,251764.830415912,240613.8576141508,14379.69051497843,14379.69051497843,13583.68219816466,46647.37291663524,77095.26851463318,37137.026089668274,53005.477047021464,53005.477047021464,52263.17355099855,83096.13432957645,77327.3861211013,73902.46144817054,0.21694210703618683,0.7485010494961759,0.3071413350044068,South
13010002,3981.737902213218,3991.4423712729113,3980.6132734838266,4101.239796160768,4038.823922264884,3993.654428366621,111.4305548974115,122.6269233391486,110.3266834203997,249.0990613454047,226.87290573120117,163.20993041992188,3267.4385309611034,3275.4020777607398,3266.5156537316916,3365.5025176916247,3314.2836689578444,3277.2173053719434,0.011843393325100796,0.3715803975477833,0.8206061300883022,Southwest
13010003,2192.349553234411,2195.7834743681,2192.0109963520154,2234.5724218542873,2212.446533136982,2189.98627755481,0,0,0,0,4561.57160949707,0,30448.86067116333,30496.553333130127,30444.158559984884,31035.280953388272,30727.981370716814,30416.037870716405,0.007970923038767532,2.4494897427831783,13.88868879337312,Southwest
13010004,863.9444619395683,864.0122791579548,863.9377757097058,864.778330100956,864.3413613504463,856.9604990503334,0,0,0,0,90.08741760253906,0,6318.484218534881,6318.980201833574,6318.435318588497,6324.582738810407,6321.386954502826,6267.406792563082,0.0034465220624277544,2.449489742783178,7.313530553051742,Southwest
13010005,431.9838571311038,432.0189339188619,431.9803988432033,432.41515492259555,432.18914358678416,428.4972781127495,0,0,0,0,46.59550094604492,0,370.5449018490876,370.57498983654926,370.5419354165937,370.91485826106424,370.7209914142769,367.55420194487084,0.003446927344921147,2.449489742783178,0.8577748814734761,Southwest
13020101,13615.708889717022,13615.715220314161,13620.767726702425,13616.050621561002,13616.178158429244,13500.46016144431,0,0,0,0,80.4297103881836,0,7957.434838232199,7957.438538025917,7960.3913765949565,7957.634556726671,7957.709093155639,7890.079972404255,0.003498434221297383,2.4494897427831783,0.584430447410776,Southwest
13020102,3443.43493656,3443.43493656,3443.43493656,3443.43493656,3443.43493656,3414.326076924446,0,0,0,0,529.0221080780029,0,7591.5818537231435,7591.5818537231435,7591.5818537231435,7591.5818537231435,7591.5818537231435,7527.4068962568035,0.003455970262744809,2.449489742783178,2.2046537813509994,Southwest
13020201,34132.47920057748,34132.513789693585,34160.11967365438,34134.34635499663,34135.04319092614,33843.12728066371,0,0,0,0,439.4518575668335,0,11339.00024166347,11339.011732361043,11348.182561208936,11339.620520790739,11339.852013578784,11242.87591765678,0.003555872431252138,2.4494897427831783,0.3322055856250732,Southwest
13020203,707460.330936029,707615.1928968903,831211.9135846252,715819.9315035129,718939.7966694667,697830.2179502492,8877.788070585835,8955.769504802043,71193.45195465078,13087.30238966818,19808.966451644897,6964.946792602539,403164.2857944277,403252.5378265449,473687.2766290372,407928.21706370066,409706.15167911927,397676.3206686734,0.06881437561500821,1.1537030381421218,0.5698754660363893,Southwest
13020207,18433.85474749476,14835.3583105058,268845.2508223136,51107.36789554776,56994.36995583146,28147.94618829164,15139.67124193277,11806.95707737291,246914.9207082557,45389.71131626365,26866.099212646484,24156.00390625,371026.92495333415,298598.2828836122,5411175.690991443,1028662.198573572,1147152.677181572,566547.0440691797,1.3335499572466523,1.4825019160075759,20.127473609596404,Southwest
13030101,1378.2774663188886,1378.2854024821313,1377.6691197120842,1378.7058681961382,1378.8657509660231,1366.439252785515,0,0,0,0,798.2622528076172,0,294.5025818326536,294.5042775874069,294.3725937491718,294.5941203377769,294.62828318935965,291.9730589063475,0.0035489355668975138,2.4494897427831783,0.21367437909234113,Southwest
13030102,63275.1288712306,67274.72112255817,64783.81058478376,114515.22513129513,122184.58412268385,84199.36554610633,9611.973218015592,10694.67084103636,5713.777863306453,25784.41938743274,27352.3311920166,13722.240234375,33056.100201359455,35145.561330605415,33844.263493711864,59824.87628314344,63831.49158084552,43987.30929568241,0.30498619171128905,0.5799150908381753,0.5224185361776343,Southwest
13030202,54922.50664974173,55379.40226706822,20164.06486464801,79444.60921011117,88586.59280209393,43790.02485641863,26205.31993383861,26435.50434647469,8560.533393604119,38630.90033974127,54854.49099159241,20559.02490234375,1680818.6858429448,1694801.2721800837,617090.1343449324,2431279.848558647,2711056.1694951295,1340126.2346160882,0.43221265990892727,0.5444448570363193,30.60345909850873,Southwest
13040100,113301.72558862159,123524.59539790865,148439.64980501533,238665.8586232672,255786.43111358234,166226.9132899974,9511.954130155138,15144.63527988419,28872.53751491919,78586.1184469968,78799.40184122324,39109.41570460796,45228.13594934129,49308.932981556,59254.60205283995,95271.38129803943,102105.62478462131,66354.97732855698,0.34242128440770775,0.7317886040773411,0.39918311671224327,South
13040201,1597.5151448216589,1597.5151448216589,1598.5102619203299,1599.9781952834335,1599.5059982886878,1585.757837223319,0,0,0,0,190.19351196289062,0,770.0119768145663,770.0119768145663,770.4916292840865,771.1991820571662,770.971580245347,764.3448833318155,0.0033454116256180074,2.4494897427831783,0.4820060575391464,South
13040303,543.5121758707076,543.5121758707076,553.8230216036636,569.0329245120108,564.1402838620901,557.0209894515631,0,0,0,0,3941.357177734375,0,1714.9956506240271,1714.9956506240271,1747.5304426145592,1795.5236955576809,1780.0854812780499,1757.6212946570124,0.01888634035849882,2.4494897427831783,3.155395089128594,South
13050001,14179.837525491954,14180.024462831032,14168.42036815626,14189.928586441645,14193.694645512327,14055.56360075071,0,0,0,0,4728.765739440918,0,224805.24800349132,224808.2116830678,224624.2419177917,224965.23033441263,225024.9369313224,222835.0258185334,0.003709032129614694,2.4494897427831783,15.853866280156263,Southwest
13050002,3305.3720728548915,3306.083487250302,3261.922593348352,3343.774919819437,3358.1071482017555,3260.664370133436,0,0,0,0,18076.921875,0,60542.79430768053,60555.8249179899,59746.95261647021,61246.19943525991,61508.71546546644,59723.90639122997,0.012205146351304052,2.4494897427831783,18.31648388539477,Southwest
13050003,4610.499598040602,4666.888907938321,4759.4792416276505,5304.081810966353,5399.440962475834,4894.339736878041,42.04816930970352,66.94777746703596,109.2326001442119,347.3946960463153,1771.976993560791,184.88038635253906,261420.88707168438,264618.22894350375,269868.21251960355,300747.8349445893,306154.81383004587,277514.96523036546,0.06784665493224071,1.5964939510100644,56.70120591329942,Southwest
13060001,5343.875983308493,5343.894240372866,5342.357588627905,5344.861517553584,5345.2293262707935,5298.271599969177,0,0,0,0,231.95449447631836,0,36971.53269358897,36971.65900483842,36961.027700817715,36978.35109874598,36980.895778311104,36656.01939296843,0.003506654064507866,2.449489742783178,6.918486283938648,Southwest
13060002,365.23148077683715,365.41495837096636,349.9721051595112,375.1357813001669,378.8321399893685,357.8199912810769,0,0,0,0,4662.13525390625,0,6524.74779261002,6528.02556325767,6252.143752114975,6701.685067675934,6767.719375963831,6392.343817945631,0.029238428315813286,2.449489742783178,17.86469167097005,Southwest
13060003,1438.4235506422042,1438.2075752102664,1396.3810573940218,1424.1465434579482,1458.6984098224793,1421.06847539343,0,0,0,0,11335.280029296875,0,9306.527946746291,9305.13059657621,9034.515132307586,9214.156429124201,9437.705264785429,9194.24148373024,0.014689287054120483,2.449489742783178,6.469949649108055,Southwest
13060004,1034.5162457184647,1034.5292964986381,1033.430844758697,1035.2207396350864,1035.483662009469,1025.463459434245,0,0,0,0,331.6181640625,0,14886.035659995843,14886.223452483255,14870.417425425467,14896.172882691459,14899.956169669376,14755.771780615556,0.0036897676427191848,2.449489742783178,14.38936867507343,Southwest
13060007,1423.288294663359,1422.169770591487,1394.9179285781656,1420.5460807168986,1413.7824297185523,1416.808658735462,0,0,0,0,3019.8773040771484,0,3392.5982317215285,3389.9320798234207,3324.9736653038835,3386.0617975917417,3369.9397297696364,3377.1531518500733,0.00746794935412298,2.449489742783178,2.3836339021701556,Southwest
13060008,3443.88877751497,3443.877721442858,3443.6083501006906,3443.861672049919,3443.7948166151014,3414.830960623915,0,0,0,0,27.743005752563477,0,16868.5750306551,16868.520876704722,16867.20146397394,16868.442264877664,16868.11479904143,16726.246402723194,0.0034398538436119456,2.4494897427831783,4.8981184121826,Southwest
13060011,1379.6005830602066,1379.5463403948663,1378.2247662031214,1379.4675997859708,1379.1395974954462,1368.2074621841,0,0,0,0,136.1111297607422,0,3236.7283139252404,3236.6010533449785,3233.500462740787,3236.4163172978956,3235.646779857995,3209.9985217111284,0.0032779959438430854,2.449489742783178,2.3461343476280536,Southwest
13070005,2.136369778472012,2.136369778472012,0.592509848565045,6.930332585420241,6.01127109419412,5.518948271850343,0,0,0,0,370.1835021972656,0,15.462638189202757,15.462638189202757,4.288473607997461,50.16042933159251,43.508437033413294,39.94509806892293,0.6650245073796993,2.4494897427831783,7.237809832838042,South
13070006,16.09349457597684,16.09349457597684,4.463437991954038,52.2069123974164,45.28352709535712,41.57480833755571,0,0,0,0,2788.630615234375,0,190.48488627742435,190.48488627742435,52.829885659068786,617.9284259219817,535.9822547102823,492.0853330392553,0.665024507379699,2.449489742783178,11.83614195028629,South
13070007,55707.688321636706,54566.07893261314,13831.863085276935,53682.45666001033,46630.905469604266,61452.14258723152,13407.599606317,13088.9669253682,1552.181651864064,13362.54095036341,14351.224990844727,15397.792236328125,136242.01450204148,133450.02711895335,33828.021729679735,131288.98827305457,114043.29798344242,150290.9913118638,0.36163006863640484,0.4318073022106585,2.4456590931475697,South
13070008,1743.6093741372608,1743.6093741372608,1637.2403305338498,2073.9043892272216,2010.5827821690357,1963.167451669993,45.25958253123688,45.25958253123688,12.55248443501216,146.8210057919319,9196.822166442871,116.88751220703125,1215.5603947366444,1215.5603947366444,1141.4050256796857,1445.8261554497963,1401.6813837981224,1368.6257013081706,0.09479064928975028,2.3369709873404676,0.6971517891374636,South
13070009,581.8519126796585,581.8519126796585,545.9267144057361,693.4061158953629,672.0198063872102,656.0651841116726,0,0,0,0,12775.599914550781,0,12652.456878862622,12652.456878862622,11871.25806844358,15078.21971487765,14613.171215503058,14266.235567512986,0.09587272147944292,2.449489742783178,21.745149587277364,South
13080001,1599.3276656817955,1599.3276656817955,1600.6732869157113,1605.8579697051366,1604.6060302981073,1590.440176848952,0,0,0,0,761.7624816894531,0,260.61709460939903,260.61709460939903,260.8363691858057,261.68123480905837,261.4772260759587,259.1688413416725,0.0034033841390588965,2.449489742783178,0.16295415892671228,South
13080002,16234.759947606903,16234.759947606903,16612.0404347029,18065.70332209694,17714.68901183352,17396.31563573312,575.1213768407231,575.1213768407231,841.0512803096514,1865.680023493758,1348.150390625,1485.3099365234375,2754.368615665263,2754.368615665263,2818.377540731833,3065.0041276180586,3005.451488530133,2951.4366685990503,0.046306034995620846,0.4767406789166643,0.16965872144424735,South
13080003,11023.072074983906,11023.072074983906,11038.949772090682,11100.126588307876,11085.354292657483,10984.54850407204,0,0,0,0,11900.09619140625,0,1893.711095379769,1893.711095379769,1896.4388078519044,1906.9486924704968,1904.4108826850681,1887.0929300286584,0.0039020710181841695,2.4494897427831783,0.171795220288672,South
13090001,9992.472267437182,9992.472267437182,9972.351916579604,10083.080916106033,10065.710126403017,9972.27554769059,0,0,0,0,14512.605346679688,0,1081.0656765116187,1081.0656765116187,1078.8888958181778,1090.8684457812617,1088.9891346339066,1078.8806336201494,0.00486051817168423,2.4494897427831783,0.10818800869075464,South
14010001,142771.3583939693,113388.71034149779,752575.1900771932,416110.0870516336,296986.9269161599,274246.5475155874,0,0,0,0,1325.4388732910156,0,69236.58171693976,54987.54650547009,364959.29037908505,201791.4543188257,144023.00199142803,132995.1168865087,0.701236936163923,2.4494897427831783,0.484947278612321,Southwest
14010002,61945.68344842416,49107.75537456004,321497.2245614441,178471.6798376329,127834.46749557431,118154.4777220121,0,0,0,0,451.55050134658813,0,39316.544904911825,31168.39078821127,204052.31426332888,113274.87928087173,81135.75154707726,74991.92147813922,0.6955572802261493,2.4494897427831783,0.6346938594623255,Southwest
14010003,5151.9142923490745,5409.350693475817,13002.46275916467,8317.30537722538,6658.557566382562,6320.576804175696,298.1731574711898,328.1331314976773,1211.805523096441,666.5555395721562,1495.5930786132812,436.727783203125,4192.493096905591,4401.988106599157,10581.064099130072,6768.405567355367,5418.559985336787,5143.520081326062,0.39188764998588116,0.6776831210183003,0.8137738438567804,Southwest
14010004,63591.554393158935,69720.91472730004,250507.0028811983,138957.0523288325,99463.55804587799,91915.85648471034,0,0,0,0,265.460750579834,0,36769.323698314656,40313.38605597091,144845.8551694771,80346.46874101488,57510.90371787536,53146.74114111181,0.5857752358979922,2.4494897427831783,0.5782108025066649,Southwest
14010005,18212.100070534947,18220.04442911818,18454.36406980809,18309.782456259618,18258.594328431478,18095.55354794202,48.42456711318086,53.29019212536854,196.8022822006597,108.2514057751597,712.1679859161377,70.92642211914062,4926.996466478835,4929.1456874097785,4992.5371709418505,4953.422895470477,4939.574754731181,4895.4666427478105,0.006534594520635249,1.2991631326662627,0.27053422984700926,Southwest
14020002,61486.96411555013,48331.82937364734,45746.655740745926,180892.1496419652,129003.76489004631,119101.4130318418,0,0,0,0,10304.439453125,0,39277.22607251933,30873.864340410393,29222.482609717565,115552.00290714327,82406.24839226778,76080.73015959954,0.5585430513483439,2.449489742783178,0.6387894838767306,Southwest
14020006,1726.5390381,1726.5390381,1726.5390381,1726.5390381,1726.5390381,1711.943849446438,0,0,0,0,1115.9678192138672,0,37367.71780919263,37367.71780919263,37367.71780919263,37367.71780919263,37367.71780919263,37051.832168067245,0.0034559702627449656,2.449489742783178,21.643135188136025,Southwest
14030002,2158.3779098584973,2158.398413225774,2159.193419784352,2158.630015526941,2158.4979055555605,2140.228744637895,0,0,0,0,64.5767993927002,0,3500.86113468195,3500.8943908792553,3502.1838812646183,3501.270046824933,3501.0557661550847,3471.4234227513766,0.003485887121268809,2.4494897427831783,1.6219871036909683,Southwest
14030003,13593.83934756386,13218.622583084722,23311.199764916673,16999.568612543815,15519.584391732431,15137.0556184759,1032.133064542682,804.928363136442,6916.27839356677,3094.401528997936,888.5990333557129,2027.4547119140625,21524.152327521653,20930.043291214988,36910.382846864544,26916.700643819353,24573.32987147155,23967.643179528328,0.22700067557408488,0.9564705658777103,1.5833755113031387,Southwest
14040103,32706.63236658029,32074.16349327309,890.5530842351816,42379.96255687144,37836.66044465973,10162.82881163492,7191.892949910577,7050.679671293512,88.21866993040294,9351.687255950603,8395.583842754364,2159.4033203125,12254.772667430361,12017.794363619258,333.6792817206267,15879.250451946567,14176.931059336102,3807.886894275788,0.6368123055058115,0.6494950385372885,0.3746876942290248,West North Central
14040105,587532.86366826,576016.074161704,8185.636503313933,763677.0382368074,680946.8734819348,177094.7933003368,285855.390527797,280242.6016295288,3506.417923686101,371700.501003261,97243.91534423828,85829.57475376129,58753286.366826005,57601607.4161704,818563.6503313932,76367703.82368074,68094687.34819348,17709479.330033682,0.6477532558159347,0.7716101387236388,100,West North Central
14040106,1072.603125,1072.603125,1072.603125,1072.603125,1072.603125,1063.53594226372,0,0,0,0,8751.5478515625,0,517.5589174358497,517.5589174358497,517.5589174358497,517.5589174358497,517.5589174358497,513.1837658333573,0.0034559702627446984,2.449489742783178,0.48252602045686716,Southwest
14040107,25642.7239418762,25187.86715231029,2761.3454429335943,32599.55628646124,29332.119895508822,9411.820088315797,6563.287588060941,6434.417015977648,80.50794212623225,8534.305685844703,4714.440921783447,1970.661376953125,104133.792169164,102286.64197955259,11213.68280193231,132385.13298493737,119116.24069281424,38220.9206491395,0.5722060865873634,0.6702998010730834,4.060948922790019,West North Central
14040108,256400.4686975388,251375.7570232432,3634.472223492082,333251.1995205606,297156.4854143796,77328.07112281409,132427.9274453353,129827.6966096898,1624.414559870867,172197.3018852973,44822.49929046631,39762.17578125,2424510.295241936,2376996.8673342713,34367.39163695604,3151207.0482696416,2809897.1965412376,731210.4595628731,0.6475528079531464,0.7722751297157274,9.455951104761803,West North Central
14050001,187653.0166633244,170829.9829687268,8215.345935875253,500536.8258159342,356325.7445921871,328823.2492242068,123801.6886118244,108640.8712108225,3868.295969988643,342403.9826333555,134531.681640625,224343.40234375,131705.41993668224,119898.07062382158,5765.990899847,351304.83916566795,250089.40788819815,230786.61294168638,0.6659614115895127,0.7369104040890185,0.7018561293527195,Southwest
14050007,149985.3385951941,147401.8505553087,20342.97611491844,189498.6394186813,170940.30846539838,115848.557440342,96888.85838906867,94986.4394501501,1423.316508888644,125985.5101502758,32215.878707885742,71865.9453125,197249.58877755248,193851.97699594698,26753.572787599187,249214.55023096694,224808.01034367376,152355.42706780497,0.4547813489581964,0.6529558700923137,1.315125802462087,Southwest
14060003,3751.5761719200004,3751.5761719200004,3751.5761719200004,3751.5761719200004,3751.5761719200004,3719.86245982367,0,0,0,0,56.60963439941406,0,4799.982389776946,4799.982389776946,4799.982389776946,4799.982389776946,4799.982389776946,4759.406041969796,0.0034559702627448424,2.4494897427831783,1.2794575319312753,Southwest
14060007,19144.45157154964,18791.21440580914,1402.3765838405718,24547.0569548359,22009.5990198254,14488.49201539297,12480.00604084054,12234.9603230494,172.0726687863493,16227.8713350101,3631.697998046875,9256.869140625,1416834.29285279,1390692.0694487505,103786.4797564549,1816667.9756920768,1628876.8861663248,1072258.0514993034,0.4921725077593283,0.6696435201077687,74.00756754810004,Southwest
14060009,672581.0953206965,659397.5878109715,10411.874400168372,874216.9806424528,779514.0473548584,499165.9366314668,340868.3646535663,334175.3924854856,4699.847822095061,443234.3979379051,117724.42827033997,252834.3203125,67258109.53206965,65939758.78109715,1041187.4400168372,87421698.06424528,77951404.73548584,49916593.66314668,0.5275125419196374,0.6486485273837824,100,Southwest
14070005,577.1655945,577.1655945,577.1655945,577.1655945,577.1655945,572.2865616196647,0,0,0,0,171.69361877441406,0,31829.275402307332,31829.275402307332,31829.275402307332,31829.275402307332,31829.275402307332,31560.208634078295,0.003455970262744831,2.449489742783178,55.147561991946375,Southwest
14070006,65122083.43543089,65716201.517078675,190225.84924152968,34694977.47805297,24883385.26244278,38538365.83796453,278729.903142885,175647.4709767227,2566.881691404591,471618.8826229919,284795.65625,523865.4375,6512208.34354309,6571620.151707868,19022.58492415297,3469497.747805297,2488338.526244278,3853836.5837964527,0.6537067967119953,0.6616962408415801,0.1,Southwest
14080101,3230.2702881,3230.2702881,3230.2702881,3230.2702881,3230.2702881,3202.963402349709,0,0,0,0,1673.3836975097656,0,4691.022380729592,4691.022380729592,4691.022380729592,4691.022380729592,4691.022380729592,4651.367119473425,0.0034559702627448285,2.4494897427831783,1.4522073889639702,Southwest
14080104,8244.412680877598,7353.660681607333,4600.654100659811,16329.49959314644,16877.70528476422,10891.44606389397,2127.379324674139,1659.076737686909,211.715289262676,6378.02049094032,7786.60315322876,3394.3262634277344,6556.958263342718,5848.524090008434,3658.9988989842486,12987.201325071897,13423.201071664165,8662.200696726788,0.46531172886043864,0.8134038776942722,0.7953214518908271,Southwest
14080105,387780.0430063834,391148.4652903503,23067.504944411532,569610.7823303248,637471.3679093698,305118.1444611232,124978.4381266731,126076.2338584174,6115.708384083935,184238.5286681295,82481.0078125,98050.1171875,202700.91505130834,204461.66135982343,12057.877769913566,297747.7280839535,333219.90629649657,159491.77425824583,0.5623714604445899,0.5698366556808817,0.5227213692582204,Southwest
14080106,664593.4293118172,207440.8772073927,21153.81992882006,540783.4796998864,605302.383243925,289321.9180753291,320428.3960986859,98911.7823225697,8645.02579084474,260435.3791865508,132499.828125,138601.40625,66459342.931181714,20744087.72073927,2115381.992882006,54078347.969988644,60530238.324392505,28932191.80753291,0.6558924054091329,0.7056814105749355,100,Southwest
14080202,1726.5390381,1726.5390381,1726.5390381,1726.5390381,1726.5390381,1711.943849446438,0,0,0,0,155.76370239257812,0,172653.90381,172653.90381,172653.90381,172653.90381,172653.90381,171194.3849446438,0.0034559702627449656,2.4494897427831783,100,Southwest
14080203,445.54987850969303,445.2766542564658,432.2353797678654,449.7287219737874,447.76603198352143,438.3073062412362,0,0,0,0,1365.553466796875,0,44554.9878509693,44527.66542564658,43223.537976786545,44972.87219737874,44776.603198352146,43830.730624123615,0.014881600637857276,2.449489742783178,100,Southwest
14080204,3276.926644633473,3277.2937190907246,3244.4805494163047,3261.2954585466146,3259.4088863039406,3235.80006238464,0,0,0,0,656.2970581054688,0,206274.6800598313,206297.78651732608,204232.27611372134,205290.73435134167,205171.97914929752,203685.86025538883,0.0051529398846896935,2.449489742783178,62.947603785285004,Southwest
15010003,1731.5387953699942,1731.54680628254,1731.6456935661345,1731.1976654922337,1731.15649355845,1716.608352460529,0.9687353423483125,0.9795033965993998,1.112425036722156,0.510197690199052,0.05277467519044876,0.5667180418968201,17296.531110465807,17296.611132350645,17297.59892828204,17293.12352666857,17292.712255702263,17147.389277220645,0.00349862765015557,0.57027200452969,9.989109777219802,Southwest
15010004,73004.98418617183,72983.90248238179,73028.53109208109,72999.27465951172,73002.2499648165,72385.13520867858,0,0,0,0,3752.6865234375,0,373714.41658620734,373606.49879510904,373834.953811198,373685.18937044183,373700.42003583454,370541.3935169232,0.0034700958745404915,2.449489742783178,5.119026060374027,Southwest
15010005,28303.870684287678,32663.71019328678,43667.140956123214,23030.70298749415,25129.37661129879,38323.29861569973,11521.63334012689,13729.06816701314,19300.22651607194,8851.77037891301,14075.622680664062,16618.326171875,2830.387068428768,3266.3710193286784,4366.714095612321,2303.070298749415,2512.9376611298794,3832.329861569973,0.25026211462394526,0.2624778219512332,0.1,West
15010007,1867.9991167804742,1868.6968967551077,1904.961936658742,1881.2851739421496,1883.6930409144406,1867.773529220674,0,0,0,0,1518.4945678710938,0,30770.126314542278,30781.62031246035,31378.986686251777,30988.977412176406,31028.640370376143,30766.4103825337,0.00772831807640419,2.4494897427831783,16.472238149435036,Southwest
15010008,26121.806038984483,26038.646649671435,33894.2061603891,27393.691921750105,26796.321450155832,24842.97676885871,1713.196814208752,1679.558085054179,4857.203338603372,2227.686219185224,1569.263786494732,1270.739655971527,137740.77573102718,137302.27470333397,178724.788108137,144447.4539703504,141297.50821110982,130997.48487924674,0.11775316326465658,0.598658582444976,5.273018853499688,Southwest
15010010,5960.2491048497095,5960.069171092083,5977.066414009563,5963.001111665161,5961.7085683391815,5907.575276210072,4.397050225823403,4.310713863066481,12.46638264777543,5.717526504773505,2.524371027946472,3.2614502906799316,21729.172582353905,21728.51660110143,21790.483142814865,21739.2055239288,21734.493322054965,21537.140556015827,0.004043037806568537,0.6623140791610861,3.6456819505536115,West
15010012,477324.8859421488,568680.8508332553,799246.4559149392,366831.0657043069,410806.6188177752,688250.2375343704,259448.1711633208,309155.961013154,434609.2541578438,199327.2627734344,285445.13873291016,374217.26171875,3394030.938664126,4043619.8882532925,5683062.582498012,2608361.773985627,2921051.081012599,4893821.102840425,0.3029699965776335,0.2697947305834791,7.110525846489132,West
15010015,2281984.136969978,2300565.72031424,2347462.209363994,2259509.9599173614,2268454.481561481,2306415.953602151,28594.04507774053,34072.39081942724,47898.72500881773,21968.05902084534,38030.67581939697,41242.86242675781,228198413.6969978,230056572.03142402,234746220.93639943,225950995.99173614,226845448.1561481,230641595.3602151,0.013842326065561787,0.2613895642551679,100,West
15020002,75043.10667671483,82675.77409609256,6199.15508456275,220431.5555330378,246781.2769259292,244740.7424549916,112255.6860400397,123821.4924875382,7985.757222879162,332474.0516689562,177735.7333984375,369305.96875,115800.77862325056,127578.92680072351,9566.061659616718,340153.10525224556,380813.978568,377665.18194954284,0.7121417761887054,0.7403589436267873,1.5431234626535317,Southwest
15020003,137385.1788874991,87002.22113460327,6688.770398345551,231662.3229160774,259333.16270128998,257188.8087181915,83680.79120467232,52733.19862238495,3400.883428554322,141590.2664190441,63487.453125,157275.828125,1925729.138961623,1219510.8216912127,93756.54757101322,3247212.6123906095,3635074.9924917216,3605017.565752243,0.6351551864857179,0.6880353175413074,14.017007908389806,Southwest
15020005,1869.9380493670376,1858.6841050025105,1853.976786538648,1866.8901602580443,1868.4784531541518,1852.686138206592,0,0,0,0,2003.278564453125,0,6392.462100584869,6353.9900170542505,6337.897850318668,6382.042763097929,6387.472409361575,6333.485714552649,0.004095598901358455,2.4494897427831783,3.4185421825865716,Southwest
15020006,1842.9075145997879,1842.9261258331537,1840.8637433734634,1843.9121672345698,1844.287111077142,1826.890000250909,0,0,0,0,236.4541778564453,0,24357.915563619685,24358.16155038097,24330.90280982288,24371.194170307717,24376.149845178064,24146.21027783719,0.0036271973202259243,2.4494897427831783,13.217112291665561,Southwest
15020008,466797.78298824193,145181.9795312321,10655.98927885024,379695.050569683,425085.3670099189,421570.512407237,170019.1148482149,52482.5323950482,3319.136270123207,138186.8560451162,66995.01953125,153495.37800598145,535875.9805881223,166666.46346729406,12232.89593919135,435883.51308346016,487990.8306801876,483955.83688741655,0.6016642289640797,0.6790120959075551,1.1479831312772544,Southwest
15030101,17344147.40560415,17536798.63640346,610765.8080751486,9140451.455107093,10236185.595673019,10151551.53351286,7092.577610638605,7171.415717552582,244.8241758698454,3735.402804375275,87267.94818115234,4149.2158203125,1734414.7405604152,1753679.863640346,61076.58080751487,914045.1455107094,1023618.559567302,1015155.1533512861,0.577045745264145,1.8545323142653642,0.1,Southwest
15030102,5027.3288284118025,5046.469811919879,4932.453737103885,5004.178064327182,5013.391861564251,5029.869314553994,0,0,0,0,5810.578857421875,0,502732.88284118025,504646.9811919879,493245.3737103885,500417.80643271824,501339.18615642504,502986.9314553994,0.008024203501673134,2.449489742783178,100,West
15030103,27987.32275194586,28048.57423747998,6469.258429212889,72168.23366767501,80608.00661452775,79941.20248177725,10662.73589680987,10714.05324283822,1885.297972201911,28764.91795561041,38768.79846191406,31951.533935546875,697911.6862967935,699439.0966867112,161322.00637546877,1799638.146973749,2010098.2978608334,1993470.398120576,0.6543015675984452,0.7158101335462753,24.93670768306233,Southwest
15030104,10595241.29712745,10744169.52976538,382313.85241757653,5606634.495952843,6284505.136916228,6982238.370123835,49907.00697573207,67890.83684404136,2414.90067966289,36845.32681076442,47480.62654495239,45911.7109375,1059524.129712745,1074416.952976538,38231.385241757656,560663.4495952843,628450.5136916228,698223.8370123836,0.5642173173876914,0.5217253254913702,0.1,West
15030107,205336.656384759,207583.6020051684,10170.509045806899,109654.6375849783,122434.4937948905,135825.1421200655,0,0,0,0,760.4472045898438,0,20533.6656384759,20758.36020051684,1017.0509045806899,10965.463758497832,12243.449379489051,13582.51421200655,0.5526218615596677,2.449489742783178,0.1,West
15030108,20707.90664754861,10352.013102754863,6525.882142429518,17903.23531395283,19364.78440441106,19203.61559155778,12070.15875060844,3725.889869546234,642.982019150087,9810.292749736313,8788.913330078125,10897.090148925781,2070790.664754861,1035201.3102754863,652588.2142429518,1790323.531395283,1936478.440441106,1920361.559155778,0.37020808575210096,0.5857245874402,100,Southwest
15030203,1514.5660452680252,1507.7569960505648,1505.2412967621724,1512.7219605382381,1513.6829360105737,1500.888776562771,0,0,0,0,606.0285034179688,0,13350.22509387838,13290.206357810448,13268.031589088096,13333.970308349708,13342.440879115149,13229.666062164257,0.0036063741322218514,2.4494897427831783,8.81455459508592,Southwest
15040003,2938.148933114075,2954.883266943999,6525.045626647491,3841.484689700188,4178.61631906244,2518.932355883238,928.1080949591545,936.2604860476943,2675.520626409009,1368.182163446013,1491.249397277832,728.1344566345215,53769.94457638213,54076.19324622202,119412.37482857653,70301.54820548029,76471.26575160233,46098.021662892585,0.38170594855369555,0.5233742254716369,18.30061913144499,Southwest
15050100,3740251.329100316,3698672.489247817,4802702.953381922,3810402.005943474,3834408.513858983,3802036.142786887,50139.88366265649,37205.10934841896,403507.1662237992,67681.15522493195,97844.1070022583,75178.96166992188,6055452.540978093,5988136.558900413,7775557.6413671365,6169026.217441009,6207892.66158233,6155481.917111541,0.1068011133381609,1.1442847774420342,1.6189961604624783,Southwest
15050201,146210.484503473,147815.0942051649,455120.7159529845,77881.15145285014,87007.62121446182,86287.90712290234,91871.19853206842,92892.40009936917,288467.0512050654,48385.22064577125,33133.389404296875,53745.3984375,1631300.1544949184,1649203.111749751,5077874.522947129,868935.8689202535,970761.7508511535,962731.7541464695,0.8678296652184333,0.9343904063016895,11.157203671369883,Southwest
15050202,3734.337729729955,3737.12160051401,4184.423441543717,3787.343931845611,3796.9503848246814,3764.869734948473,0,0,0,0,6058.202941894531,0,36377.96825711643,36405.08727268056,40762.468246764314,36894.32700063401,36987.90804949147,36675.39510949319,0.04524065760202717,2.449489742783178,9.741477844251401,Southwest
15050301,137672.9138612576,140834.79178448173,648874.0601739363,197875.2134367798,208786.1244986203,207040.0526700246,10321.37894823567,11384.58476969465,182217.2827639493,30563.71046597977,30492.602788746357,33949.59931957722,546632.4737973344,559186.7599131856,2576364.680224973,785666.6528691893,828988.5971633819,822055.7914551,0.7581868499207592,1.3181031253112472,3.9705157569935157,Southwest
15050302,43247.86043962378,43247.883127568195,43251.5285407698,43248.292428699686,43248.370719212486,42882.77348586082,0,0,0,0,49.373043060302734,0,190891.9265180971,190892.02666051744,190908.11716631206,190893.83327663026,190894.17884347832,189280.46756401245,0.0034600256503308155,2.449489742783178,4.413904516376989,Southwest
15050303,80002.7927133826,64381.24297951766,420157.5369925941,104308.9717598631,111950.22323799095,111017.0872929807,21909.70219818498,13160.0432220551,210471.2545215425,35302.81204413094,45395.956380844116,39213.7041015625,8000279.27133826,6438124.297951765,42015753.69925941,10430897.17598631,11195022.323799096,11101708.72929807,0.9039323361431016,1.2184026584784522,100,Southwest
15050304,23297.006782428478,23298.017969029177,23460.491612097812,23316.2602483725,23319.74960448354,23122.62361546193,0,0,0,0,2200.5238037109375,0,683115.2556323273,683144.9056641825,687908.9607745608,683679.8061101199,683782.1210733273,678001.9892460988,0.004616166262038853,2.4494897427831783,29.322018146449604,Southwest
15060106,6303831.00651644,4407428.995209607,60792753.93319638,9590878.21115301,10582579.579151483,10494837.20046042,48208.21322232162,14881.20388349645,282026.1709624251,39182.30856978943,61214.10333633423,43522.974365234375,1239849.0463101529,866861.2199060377,11956830.363746325,1886351.5203822227,2081401.164648757,2064143.8326503832,1.26746000047618,1.2195435811367923,0.19668183443186968,Southwest
15060202,9404.900480501154,9392.076612533421,9494.871068262553,9401.427411304436,9403.237270828708,9323.750731925464,0,0,0,0,1141.3678283691406,0,18772.98706633998,18747.389527270025,18952.576067190927,18766.054522689396,18769.667157348475,18611.005216175097,0.0057946381065604674,2.449489742783178,1.9960856688767041,Southwest
15070101,145469.0076097424,129789.0305249031,144232.198528594,303551.56992688746,336789.826644057,334000.335710124,64211.09774029675,57582.69164542889,65648.3821068114,154608.7487682742,173698.47762298584,171736.515625,42802.317178352634,38188.692849965824,42438.40258616402,89316.00475926648,99095.91891308052,98275.14837451569,0.4395915759009602,0.5020247568621886,0.2942366754379787,Southwest
15070102,1248713.7994430235,1231025.7477222856,1234895.8637407247,1277756.8135663199,1286698.74724922,1275837.20057509,1952.440269586459,1230.371009129996,1402.734037217585,3303.584146156415,3683.056255340576,3669.5596043803125,43674170.91867471,43055525.56181677,43190884.12719804,44689959.77548089,45002706.8118191,44622820.68731346,0.01903312135459968,0.44950142173737695,34.975324960895875,Southwest
15070104,1858231.658054041,1183875.919888934,1348623.392211379,3168293.9463532604,3547942.9575994853,3518590.640201526,87961.95580960518,59313.97171026001,67622.6337126448,159258.3160650742,772463.2335281372,176901.16482543945,185823165.8054041,118387591.98889339,134862339.2211379,316829394.635326,354794295.75994855,351859064.0201526,0.45046890865146877,1.2452038729648303,100,Southwest
15070201,7916.265965526274,7963.504588966532,7726.27756035171,7847.002906059955,7889.365463090903,7805.685968865118,0,0,0,0,9857.366561889648,0,5543.91823156054,5577.000377469322,5410.865579234406,5495.411935811866,5525.07927560087,5466.476864354666,0.01075593550797022,2.449489742783178,0.7003198548031578,Southwest
15070202,3329.648266532934,3327.638899137786,3327.744771875405,3329.1040725329226,3329.3876587899726,3301.243381541909,0,0,0,0,178.8405303955078,0,332964.8266532934,332763.88991377864,332774.4771875405,332910.4072532923,332938.7658789973,330124.3381541909,0.0033822047532565433,2.449489742783178,100,Southwest
15080301,1401.218672102287,1393.6318931828773,11138.513230211509,1399.1639559874911,1400.2346940924367,1388.399752204724,12.13039628629873,3.744484357707675,10775.0767605396,9.859252160449502,2.488062620162964,10.951473236083984,9437.207395602123,9386.11044153454,75017.88373577339,9423.368883098345,9430.580303959292,9350.871973394675,1.316852965332778,2.4388430492853663,6.734999742362283,Southwest
16010202,148497.5582123031,145832.32880280731,305896.0433312003,189261.0569377254,170115.5417720969,63559.56876221711,0,0,0,0,2017.910083770752,0,51139.55893364994,50221.70777098137,105344.4172673958,65177.68434464263,58584.35572082807,21888.63137982211,0.46332957576560846,2.449489742783178,0.3443797968754277,Northwest
16010203,7281.615384423382,7269.010124810585,8026.034893121568,7474.407225279256,7383.8581009811105,7059.688034511468,720.0478024189596,705.9096177089303,1554.996136607863,936.2850510226724,494.77136039733887,534.0853481292725,4584.3339085495,4576.397933354679,5053.002935371643,4705.711120427225,4648.703519916295,4444.613664932666,0.04444703280050204,0.47423627114244005,0.6295764973190114,Southwest
16010204,288550.810864588,282950.17508201755,619303.4225304099,374210.04483933165,333978.2145397212,214856.4723884059,0,0,0,0,668.505615234375,0,97357.42728102297,95467.76532063783,208953.79826947663,126258.96672794504,112684.69368729535,72492.85948542265,0.40115405591166314,2.449489742783178,0.3374013297322223,Southwest
16020101,27109.93007808,27109.93007808,27109.93007808,27109.93007808,27109.93007808,26880.75799732018,0,0,0,0,111.25782012939453,0,27799.58330521708,27799.58330521708,27799.58330521708,27799.58330521708,27799.58330521708,27564.581284482843,0.003455970262744836,2.4494897427831783,1.025439137067148,Southwest
16020102,93743.1080934859,93699.99682724207,98110.91395756719,94402.22246902094,94092.76770809134,92402.8170529189,308.4437093841056,302.3873973986108,922.4641581537221,401.0723082663983,631.7216567993164,228.78378295898438,46813.41549044373,46791.886594506344,48994.60955212262,47142.56390193949,46988.02844228259,46144.10120551933,0.020525521210697496,0.5662828041322505,0.4993798098070181,Southwest
16020201,280683.4355105298,277040.6163485996,650011.4129912341,336398.73481468135,310230.7624585716,231964.2762101788,75697.2521116297,74210.93171901058,226388.1538810947,98429.86162518025,64074.9740562439,56147.37306976318,233857.86355034506,230822.76493485412,541571.9671842494,280278.34731932083,258475.8989578295,193266.37482488522,0.4376657021315764,0.6448276082394326,0.8331730125968617,Southwest
16020202,29415.061786879254,29251.23043910451,46025.137014858046,31920.78940357372,30743.91677030195,27082.02973868869,4866.445998661154,4770.893019845974,14554.10460572953,6327.886322058948,4365.626674816012,3609.617954209447,49275.72228979705,49001.27418379605,77100.70052974095,53473.28403788036,51501.80257482155,45367.45787299021,0.21187737986088734,0.6366661339163897,1.6751867681534753,Southwest
16020203,19513.2719773044,19506.08104727108,20242.32591255496,19623.254054720877,19571.598441317623,19256.82986971269,265.0679245617363,259.8632988888738,792.7399795983538,344.6703599941774,856.7352619171143,196.61041259765625,14595.708256029116,14590.329521136375,15141.032410491964,14677.973614562014,14639.3357959585,14403.892440038684,0.016842075787924567,0.6467997880614014,0.7479887674914371,Southwest
16020204,840574.3477597063,840039.3425008252,894815.9670717709,848757.0153044942,844913.8372046632,826661.905345113,8485.931905807032,8319.310089424871,25378.9193732329,11034.33849907165,7458.829499855638,6294.320809402781,336874.26955938817,336659.8572277766,358612.50834120467,340153.6108330595,338613.3927445373,331298.6248960764,0.027691918667086948,0.6395344736825775,0.4007667738817196,Southwest
16020304,22924.227662537363,22924.221608525273,22924.841449810825,22924.320255960378,22924.276767328636,22730.36212938688,0,0,0,0,30.25748062133789,0,138640.4433706751,138640.4067574058,138644.15541458692,138641.00335434865,138640.74034513085,137467.98932485355,0.003460015155944154,2.449489742783178,6.047769434659754,Southwest
16020308,4660.541003016744,4580.363665384359,12789.33703467759,5886.81773129424,5310.868648595602,3601.072867592111,2285.351264000567,2240.47824558541,6834.811557808554,2971.664127897014,1910.5223388671875,1695.127197265625,166470.4848590166,163606.61985670705,456824.0330489604,210272.02665331587,189699.62465344367,128627.20141131098,0.5453770344181907,0.646574927403922,35.71913319746809,Southwest
16030004,1731.4967286,1731.4967286,1731.4967286,1731.4967286,1731.4967286,1716.859630423088,0,0,0,0,65.41420841217041,0,9647.36331033972,9647.36331033972,9647.36331033972,9647.36331033972,9647.36331033972,9565.809934240677,0.0034559702627447826,2.449489742783178,5.571690174742685,Southwest
16030005,1163065.5584940112,575220.1661888668,27593.64691753401,455783.2833184603,554375.7304460305,264793.8853232957,681899.5931192004,333821.4278545463,9586.396090818853,263089.7206547731,81750.6457824707,150074.34375,3428649.8106913413,1695715.68817069,81344.47073008555,1343622.6845970727,1634267.500541281,780597.0163552199,0.753130045601356,0.9501168822742877,2.9479420017654974,Southwest
16030006,3622.8436435560225,3617.13927700599,3346.089176876035,3710.0893934952687,3669.1124194663753,3519.643338043757,0.03365835571424737,0.03299747174442585,0.001594744618943087,0.04376628217096767,11168.14159488678,0.024965612217783928,61612.1560783106,61515.14435029037,56905.510946996,63095.90732216772,62399.029408605056,59857.07251519278,0.03671729818913303,2.4494536902760586,17.006573327529765,Southwest
16030007,28629.24351107509,27990.745816403778,1900.329262886596,36890.16128114488,32973.98930112554,21286.31852284543,421.7789644350026,413.4973074589602,19.98403426556538,548.4432254492748,15272.569854736328,312.8486328125,355152.71622492094,347231.99731112417,23574.045858906182,457631.40670851833,409050.3425469817,264061.94906592247,0.49891248484381484,2.1534179741327106,12.405242775190052,Southwest
16040105,259175.44266746068,308519.1955397539,15036.78947302507,199494.8321432274,178031.7321877258,373090.2629845638,113064.197507339,134726.2171085371,5886.774164707574,86864.27391552555,22823.15557861328,163079.10333251953,493712.0407801706,587708.619621129,28644.087345243886,380024.4332133868,339138.65031884145,710712.223494335,0.5583166821011788,0.7106593426272272,1.9049337224963707,West
16040201,25260.225288855472,29891.98648660234,2343.607177890668,19658.17193877066,21887.73911375703,35945.2136284466,0,0,0,0,4047.724853515625,0,559542.3137867049,662141.0177910662,51913.526816509664,435450.55064451473,484837.9635265827,796226.7863102545,0.5098118051581978,2.449489742783178,22.151121274186288,West
16040203,6790.974401691156,8092.060190507013,353.5772909764035,5217.328505281547,5843.625510402671,9795.019369384372,0,0,0,0,1137.0269775390625,0,86231.99915654976,102753.2260096252,4489.735176981308,66249.79578112422,74202.53416928618,124377.45337234669,0.5357039762696058,2.4494897427831783,12.698030364401816,West
16050101,28648.139125627542,28652.46170997934,28703.982792261624,28642.911017546157,28641.030818846055,28405.19182731895,11.09268207445394,13.21793393865332,38.5489089421913,8.522218309740909,2.4100611209869385,10.619246482849121,11894.929976843063,11896.724747454798,11918.116701165702,11892.75922574238,11891.978552631914,11794.056370750484,0.003694807125693473,0.892026287405936,0.41520777055296787,West
16050102,1778650.0558234975,1795584.8591179773,2270557.3900591545,1656762.3299333,1640076.3262779322,1723765.210839146,91667.44458154365,109230.0508273293,318559.5648031088,70425.70672958263,49408.92965698242,132217.311916711,823302.4723865296,831141.2630334449,1050996.7977178707,766883.0177836341,759159.3916443964,797897.3465023112,0.12905489875712067,0.7579443437286324,0.46288052542485575,West
16050104,18867.62886280514,22274.62968426524,62882.82963422768,14746.906841366139,13264.960395810429,26724.79810188724,540.0158931326536,643.477776911015,1876.644742180762,414.8801255743859,1484.12060546875,778.896484375,1198481.716490944,1414896.2019718972,3994350.4372404786,936731.2847145367,842597.2664586147,1697573.2422405626,0.6995508420127001,0.6135390806927411,63.520526357902924,West
16050202,7495.716796920001,7495.716796920001,7495.716796920001,7495.716796920001,7495.716796920001,7432.352228653355,0,0,0,0,385.87083435058594,0,5346.584751201776,5346.584751201776,5346.584751201776,5346.584751201776,5346.584751201776,5301.387734873713,0.003455970262744817,2.449489742783178,0.7132853196106201,West
16050203,31905.07143835929,37913.84991657581,109532.7577728637,24637.53406614218,23842.56291080622,45774.00666685021,0,0,0,0,5431.618137359619,0,89465.76547132563,106315.12332779917,307143.39685046877,69086.69202674643,66857.49460660697,128355.97478762179,0.7103804417791343,2.4494897427831783,2.8041236530115223,West
16050303,153303.6321735509,182571.21458952382,531412.8794678104,117904.88186620739,105176.21857635489,220874.2475866901,13435.73859321552,16009.89769202234,46691.41873215066,10322.32751966169,4844.9737548828125,19379.150390625,171184.85787808753,203866.19011581078,593396.4965898386,131657.22272353066,117443.89727678132,246636.86141012635,0.7276062616454687,0.7969565652307106,1.1166392827815963,West
16060001,84405.35894042706,109752.075901932,25034.73022601468,63215.61557557886,74893.429465302,118681.0794803378,1651.108543167194,2246.080210149138,482.7419683014492,1218.979809841582,9646.453857421875,2288.514404296875,5672588.566495647,7376052.643172515,1682496.5408372367,4248500.126527611,5033325.099539833,7976139.702156677,0.42662168280280716,1.150729759066844,67.20649775921616,West
16060002,34459.90567492956,41062.09424251132,10484.52399650647,26474.64671967407,29652.70842987433,49703.53642756141,0,0,0,0,5769.693603515625,0,3445990.5674929563,4106209.4242511317,1048452.3996506471,2647464.671967407,2965270.842987433,4970353.642756141,0.4197435926387884,2.4494897427831783,100,West
16060003,601.8585979799356,613.2406847812451,560.525353319477,588.0921159067125,583.14123859199,623.5528499250813,0,0,0,0,1722.301513671875,0,39577.29008456158,40325.75849992532,36859.279874931475,38672.02752574036,38346.46549453319,41003.870522695026,0.03811280452742145,2.4494897427831783,65.75845259567262,West
16060004,81830.00062650767,97403.91836635383,25274.41784981934,62993.55498011047,70490.29203028268,117783.6505688029,0,0,0,0,13610.143249511719,0,923921.8562900953,1099763.0255158325,285367.0643733588,711244.3090056926,795888.0723991165,1329865.4312719225,0.4167344710254883,2.4494897427831783,11.290747271371814,West
16060008,589.833101771522,598.9112184361854,556.8665620054097,578.8532408282426,574.9045236342819,606.2077737518395,0,0,0,0,2747.343994140625,0,11560.003314822803,11737.923235594744,10913.89968342282,11344.811545287683,11267.421545109011,11880.926745201808,0.030565399551834915,2.449489742783178,19.598770025119226,West
16060010,1124.1473429538812,1131.6666932651208,1096.841353153628,1115.0527891107272,1111.782090026524,1132.33744941064,0,0,0,0,1137.804443359375,0,112414.73429538812,113166.66932651208,109684.1353153628,111505.27891107272,111178.2090026524,113233.744941064,0.012143999770745765,2.449489742783178,100,West
16060015,156343.50198775882,190641.19901335292,64375.9655047213,124134.46376034927,140229.2806036739,210517.462093898,74922.40780855034,95103.79352164333,22385.20793832839,56525.26257855487,93872.42596435547,104585.40112304688,12318642.408278681,15021032.080468943,5072321.450254047,9780822.676767856,11048968.07967165,16587125.804794483,0.3507274059624153,0.4130989319818168,78.79216118136583,West
17010101,7971985.865429815,6443259.095437121,1205059.256923159,5517311.354942636,4918919.087491218,634159.3809867448,0,0,0,0,18087.578125,0,3107400.650453085,2511518.1890904643,469720.09007640695,2150592.986804873,1917345.6438601203,247189.00738578907,0.6579062989416882,2.4494897427831783,0.38979003511887783,West North Central
17010104,857.08410642,857.08410642,857.08410642,857.08410642,857.08410642,849.8388000880128,0,0,0,0,492.8363037109375,0,85.708410642,85.708410642,85.708410642,85.708410642,85.708410642,84.9838800088013,0.003455970262744829,2.449489742783178,0.1,Northwest
17010105,11011.47174328994,8981.871675022681,2027.423726226521,7752.545654043471,6958.095651133008,2537.37045382152,0,0,0,0,210.034423828125,0,4915.696207878912,4009.6504410928537,905.0742130677078,3460.8597434954327,3106.204620392918,1132.722546868912,0.5465900624913884,2.449489742783178,0.44641591264804265,Northwest
17010201,3426.349265500716,3394.8333824732044,4896.584147201882,11596.41139946147,10666.705823376593,3984.026871360542,337.1489706724442,310.6419145838733,1573.719065776766,7208.741146686079,3083.99365234375,827.7057647705078,6005.149916927912,5949.913982795287,8581.939436493145,20324.311258432448,18694.873938890058,6982.556879557652,0.5961579442607063,1.1928896800732907,1.7526379979392845,West North Central
17010202,3119.4815185800003,3119.4815185800003,3119.4815185800003,3119.4815185800003,3119.4815185800003,3093.111178691783,0,0,0,0,133.78379821777344,0,1749.291890918861,1749.291890918861,1749.291890918861,1749.291890918861,1749.291890918861,1734.5043624618147,0.003455970262744762,2.4494897427831783,0.5607636655321957,West North Central
17010208,5991.680758848293,5640.409868141319,4436.776125935884,5427.645563926797,5290.14696777097,4270.429470320596,15.7515559605373,12.73071390740896,2.379763910668439,10.9009939545764,187.6227569580078,1.251649260520935,599.1680758848294,564.0409868141319,443.67761259358844,542.7645563926798,529.014696777097,427.0429470320596,0.13170795750308315,1.9071903121636338,0.1,West North Central
17010209,378.18649296,378.18649296,378.18649296,378.18649296,378.18649296,374.9895173404657,0,0,0,0,8786.8955078125,0,85.75499118436663,85.75499118436663,85.75499118436663,85.75499118436663,85.75499118436663,85.03006678549659,0.003455970262744813,2.4494897427831783,0.22675318336510966,West North Central
17010211,2363.10864264,2363.10864264,2363.10864264,2363.10864264,2363.10864264,2343.132253061142,0,0,0,0,229.85130310058594,0,707.7433396332729,707.7433396332729,707.7433396332729,707.7433396332729,707.7433396332729,701.7604760360402,0.0034559702627448897,2.4494897427831783,0.2994967420721721,West North Central
17010212,887902.637447013,818332.535896417,4133389.6807226697,18923001.061887868,16870711.70404505,2175386.568660317,0,0,0,0,8582.2001953125,0,88790.26374470131,81833.25358964171,413338.968072267,1892300.106188787,1687071.170404505,217538.6568660317,1.1394937141472024,2.4494897427831783,0.1,West North Central
17010213,12905.060074347253,12136.234626569903,48771.22921436649,212212.55442657458,189532.5201971482,27107.01624455003,0,0,0,0,30437.758056640625,0,1290.5060074347255,1213.6234626569903,4877.122921436649,21221.25544265746,18953.252019714822,2710.701624455003,1.0975253434593237,2.4494897427831783,0.1,West North Central
17010216,18791582.00528349,15237123.84860136,2870159.5631947718,13138963.386645772,11714006.62060911,3950505.160602351,0,0,0,0,40573.00402832031,0,1879158.200528349,1523712.384860136,287015.9563194772,1313896.3386645773,1171400.662060911,395050.51606023515,0.5768735723747854,2.449489742783178,0.1,Northwest
17010303,7639.190161831527,7705.246398207646,7324.363497564307,8014.362777106617,7918.6146102462435,7325.972487417976,0,0,0,0,130.65249633789062,0,763.9190161831527,770.5246398207646,732.4363497564308,801.4362777106617,791.8614610246244,732.5972487417976,0.03781740319589301,2.449489742783178,0.1,Northwest
17010304,3276.3923967729124,3423.944970016456,2573.1509318216285,4114.431132118777,3900.5544540235023,2693.297483460814,7.433954514011984,8.40150899380522,2.822551169206268,12.92927130042814,291.8439636230469,3.7291698455810547,1043.5731701695697,1090.5705648583462,819.5817075789645,1310.499299234933,1242.3768230611208,857.8499314652552,0.18659413769412933,2.1332194415667463,0.3185128775165755,Northwest
17010305,83794.66458998894,87848.33744892369,64474.69763119353,106817.88134270767,100942.1038750865,91543.66410273631,13797.30394902015,15593.07001401033,5238.611067608465,23996.52642952161,18058.332580566406,7569.0062255859375,8379.466458998895,8784.833744892368,6447.469763119353,10681.788134270768,10094.21038750865,9154.366410273631,0.16592158824499983,0.49038470028385384,0.1,Northwest
17010306,28899.918977950136,29448.171509364554,26286.925487699413,32013.770861226658,31219.08170333106,32610.06317878544,2318.784044900468,2620.581679804979,880.4044475567403,4032.872133817037,1084.3875732421875,4475.515625,39959.71457917077,40717.77949586979,36346.7468699078,44265.215663532945,43166.404557768314,45089.70485443971,0.07813283906792573,0.574742962823895,1.3826929622072286,Northwest
17010307,28697.92494047874,30372.803087628592,20715.38871000277,38210.55310711288,35782.82605056389,40535.92654667088,0,0,0,0,7166.976806640625,0,2869.7924940478742,3037.2803087628595,2071.538871000277,3821.0553107112883,3578.282605056389,4053.5926546670885,0.22510753782140855,2.449489742783178,0.1,Northwest
17010308,22068.855398676704,22071.626818169763,22055.646702539114,22084.595936683065,22080.57877871859,21902.28747924292,19.15457550421971,21.64760869438966,7.272679619330522,33.31399228658135,13.325605392456055,36.970497131347656,22790.111228939673,22792.973224152738,22776.470845298252,22806.366200277687,22802.21775328392,22618.099525455647,0.0031809888883188716,0.5204857097457041,1.032682067884056,Northwest
17020001,16943.22301881112,18477.68973394006,20044.13212731094,25658.3712341828,23434.16980912292,27867.82960956795,299.0425159238599,337.9639170953903,377.696374113435,520.100279259787,3089.737331390381,577.1859130859375,1694.3223018811123,1847.768973394006,2004.413212731094,2565.83712341828,2343.416980912292,2786.7829609567953,0.19397643594138114,1.2621613644761687,0.1,Northwest
17020003,3001.070333884434,3086.7828381410814,3174.2814453026667,3487.8825736954436,3363.642750026757,3593.929999256176,0,0,0,0,89.82249450683594,0,3516.8613136194404,3617.305140913377,3719.8420468458235,4087.341489927663,3941.748691072543,4211.615181267894,0.07139332583635878,2.449489742783178,1.1718690075041969,Northwest
17020005,1798459.658766283,1454085.712211921,905244.9241862531,1245498.877758369,1110699.964849398,1382020.96038681,0,0,0,0,332779.19921875,0,179845.9658766283,145408.5712211921,90524.49241862532,124549.88777583692,111069.99648493981,138202.096038681,0.23347709072198478,2.4494897427831783,0.1,Northwest
17020009,2783.92104486,2783.92104486,2783.92104486,2783.92104486,2783.92104486,2760.387344231333,0,0,0,0,3023.469970703125,0,700.8684988393201,700.8684988393201,700.8684988393201,700.8684988393201,700.8684988393201,694.943751274298,0.003455970262744914,2.449489742783178,0.25175588227738904,Northwest
17020010,246540.73446627,246573.5997065949,246584.98370877566,246613.44589603978,246602.1699891416,244541.0154930157,0,0,0,0,133600.43574523926,0,24654.073446627,24657.35997065949,24658.49837087757,24661.344589603978,24660.216998914162,24454.101549301573,0.0033869510395317048,2.449489742783178,0.1,Northwest
17020014,1598.0236969660696,1623.079714612812,1648.657857080118,1740.3317088149822,1704.0131431486504,1765.239496263543,0,0,0,0,4042.3728637695312,0,63712.65362013188,64711.62840158077,65731.42011953828,69386.42496877535,67938.41628237591,70379.48986334914,0.039865421109370136,2.4494897427831783,39.86965508777726,Northwest
17020015,2333544.4617641936,2333544.482818354,2333544.504311247,2333544.5813432797,2333544.550825385,2313818.142980029,0,0,0,0,286.0915117263794,0,233354446.17641935,233354448.28183538,233354450.4311247,233354458.13432798,233354455.0825385,231381814.2980029,0.0034559530919836784,2.4494897427831783,100,Northwest
17020016,1248509.542661471,1012467.3348285697,636278.6229630575,869496.8882488651,777102.4625530008,962938.8354839127,0,0,0,0,127280.18618011475,0,124850.9542661471,101246.73348285697,63627.86229630575,86949.68882488651,77710.24625530008,96293.88354839128,0.22945668731155944,2.449489742783178,0.1,Northwest
17030001,6551.446090120829,6543.62342975287,6565.360215565911,6539.146971558179,6535.768081860474,6487.554703911489,0,0,0,0,2350.883071899414,0,2721.62712227718,2718.377402393519,2727.4073821882257,2716.51777478355,2715.1141033317886,2695.085115032484,0.004051699249426742,2.449489742783178,0.4154238751015938,Northwest
17030002,5545.45854486,5545.45854486,5545.45854486,5545.45854486,5545.45854486,5498.58036148466,0,0,0,0,451.2498607635498,0,1442.264073538296,1442.264073538296,1442.264073538296,1442.264073538296,1442.264073538296,1430.0719853334965,0.003455970262744795,2.449489742783178,0.2600802191326646,Northwest
17030003,57518.55393842094,52973.015254484955,64023.25670572308,50219.78861102078,48440.52023340114,51736.24544404617,0,0,0,0,1166.4962520599365,0,21536.906876847912,19834.90227767376,23972.489278848872,18804.000390004145,18137.78167041082,19371.81351045556,0.10578770112682123,2.4494897427831783,0.374434080869022,Northwest
17040104,2445.03698724,2445.03698724,2445.03698724,2445.03698724,2445.03698724,2424.368021577356,0,0,0,0,7275.93896484375,0,244.50369872400003,244.50369872400003,244.50369872400003,244.50369872400003,244.50369872400003,242.43680215773563,0.0034559702627448416,2.4494897427831783,0.1,Northwest
17040105,64955.552343840005,64955.552343840005,64955.552343840005,64955.552343840005,64955.552343840005,64406.45468683138,0,0,0,0,161.6576156616211,0,40204.348249894,40204.348249894,40204.348249894,40204.348249894,40204.348249894,39864.48333259307,0.003455970262744871,2.449489742783178,0.6189516800207263,West North Central
17040201,11133.829384375656,11035.237078140271,7324.9422048039,12641.754869230212,11933.522967121287,7944.116364623334,0.06045295423659149,0.05926595660894428,0.01459602869380649,0.07860755515360207,520.8244781494141,0.022672655060887337,1113.3829384375656,1103.5237078140271,732.49422048039,1264.1754869230213,1193.3522967121287,794.4116364623335,0.21100922622390142,2.4481607269348933,0.1,Northwest
17040202,428.54205329999996,428.54205329999996,428.54205329999996,428.54205329999996,428.54205329999996,424.9194001332455,0,0,0,0,152.74749755859375,0,166.0328115412006,166.0328115412006,166.0328115412006,166.0328115412006,166.0328115412006,164.62926366093268,0.003455970262744868,2.449489742783178,0.3874364493814792,Northwest
17040203,42405.27257159741,41589.47123047199,10888.662524242609,54882.59133848531,49022.33147004443,16432.33246063656,279.9716887991615,274.4744267611083,67.59760304141639,364.0498673165932,1242.6852645874023,105.0023422241211,9104.093672853918,8928.947249363639,2337.7140997130587,11782.880341375183,10524.726542234479,3527.8984171726515,0.5005350077267392,1.1137571486622735,0.2146924927196846,Northwest
17040204,2269.11906738,2269.11906738,2269.11906738,2269.11906738,2269.11906738,2249.937212736128,0,0,0,0,263.0113830566406,0,2563.2416218941817,2563.2416218941817,2563.2416218941817,2563.2416218941817,2563.2416218941817,2541.5734208221825,0.0034559702627448927,2.4494897427831783,1.1296197095790945,Northwest
17040205,988.9379755660326,983.4805557116102,953.8580608151005,985.2716262656387,981.0871475910533,949.818827026306,0,0,0,0,2911.3765869140625,0,1470.485446120699,1462.3706232828915,1418.3239300631574,1465.0338268889284,1458.811783502377,1412.3178562277365,0.017670554650826887,2.4494897427831783,1.486933945760396,Northwest
17040206,49853.254785255485,48973.86555763825,15921.877569880402,63301.42916366712,56990.18367426898,21856.70507415728,0,0,0,0,3997.927848815918,0,6064.69355889021,5957.715063555036,1936.91081473884,7700.676141830956,6932.907416739647,2658.8879513040065,0.45174754618480284,2.4494897427831783,0.12165090494119339,Northwest
17040207,5159.783368885662,5158.695983839575,5117.774746514967,5176.414439660388,5168.603274581479,5082.023831454963,0,0,0,0,5434.66552734375,0,11987.269384170138,11984.743158447105,11889.674458799434,12025.906883319041,12007.759892774877,11806.61751262237,0.0070897224476197925,2.4494897427831783,2.3232117566127553,Northwest
17040208,10069.762123303206,9859.594152529731,9862.233846407591,12963.806468237499,12550.65806220379,10176.18217511553,0,0,0,0,719.2836494445801,0,49613.82856205088,48578.32866210202,48591.33446282589,63872.8168303301,61837.23009683564,50138.161325976114,0.13186431240087362,2.449489742783178,4.927010981444709,Northwest
17040209,5192.816419990942,5190.195927120223,5190.228840313239,5228.900998176361,5223.749630684083,5151.307555091229,0,0,0,0,8315.50308227539,0,1058.793452053985,1058.2591445668204,1058.265855428602,1066.1509459480053,1065.1006037581772,1050.3299688873517,0.0053932396260208265,2.4494897427831783,0.20389579881505454,Northwest
17040210,10152.446996197821,8287.59116571857,1678.0924088017798,7158.050507129536,6428.086637342779,2365.901136222683,0,0,0,0,731.0347900390625,0,153385.0219904252,125210.43977648628,25352.92635582564,108145.13337088341,97116.7060113129,35744.466131425754,0.5561162365287611,2.449489742783178,15.108182495103812,Northwest
17040211,1592.6091120737342,1592.3987737242178,1592.4014155580398,1595.5055025594045,1595.0920192226683,1579.337791016802,0,0,0,0,287.68353271484375,0,28073.141253624326,28069.433590424196,28069.480158394636,28124.196329608414,28116.907801601,27839.205840452956,0.003762920359664131,2.449489742783178,17.627138411301896,Northwest
17040212,220527.9475394165,170943.9583118959,171566.7294806998,903306.8842873726,805834.6289349026,263853.8828725356,151.3289855562859,116.5606419058173,116.9973296824547,630.094270076368,23497.70781493187,181.7371202930808,38862.19968765534,30124.33715290318,30234.084047987515,159183.871740951,142006.972877206,46497.24626273476,0.7990504329978646,2.3075397108824762,0.1762234679153726,Northwest
17040213,1828.07633052,1828.07633052,1828.07633052,1828.07633052,1828.07633052,1812.622802781402,0,0,0,0,62.64353942871094,0,14528.250689735472,14528.250689735472,14528.250689735472,14528.250689735472,14528.250689735472,14405.43704061215,0.003455970262744964,2.4494897427831783,7.947288878032178,West
17040215,2021.8906494,2021.8906494,2021.8906494,2021.8906494,2021.8906494,2004.79872456444,0,0,0,0,225.09278106689453,0,95295.47505735047,95295.47505735047,95295.47505735047,95295.47505735047,95295.47505735047,94489.90078095101,0.003455970262744908,2.4494897427831783,47.13186397376613,Northwest
17040219,2268.489737850473,2239.591506206586,2239.954465818703,2666.4227033722955,2609.614530857116,2275.650647412767,0.02821181630522981,0.02173005657692388,0.02181146699074477,0.1174666157777198,647.7915382385254,0.03388071432709694,2671.9051993464,2637.867868653257,2638.2953749622284,3140.6043262715107,3073.693707732631,2680.339564806511,0.08335917578771038,2.4484777840375056,1.1778343779849703,Northwest
17040221,1285.62615972,1285.62615972,1285.62615972,1285.62615972,1285.62615972,1274.758200221258,0,0,0,0,216.72800064086914,0,36346.31504273709,36346.31504273709,36346.31504273709,36346.31504273709,36346.31504273709,36039.06376535253,0.003455970262744969,2.449489742783178,28.271293927818842,Northwest
17050101,2929.314169659344,2551.671318399563,3962.121333754056,8129.5126303049365,7387.141937597586,3248.729811136699,1327.061431597175,1022.164602153406,2160.917093656743,5525.536307634282,7426.452209472656,1593.721923828125,432.567945821278,376.8019258717924,585.0812125883942,1200.4743688615993,1090.8494713656498,479.73563077912365,0.5156305962239552,0.8351700513677169,0.1476686762729797,Northwest
17050103,348757.6012444534,271614.3582592499,559734.9671626269,1411031.578052517,1259383.31424566,416116.6737906547,0,0,0,0,8131.020496368408,0,62674.72100154412,48811.42106485536,100589.15641278523,253574.4315342475,226321.942726695,74779.72190673395,0.696030156798976,2.449489742783178,0.17970854478269496,Northwest
17050105,13674.379409286561,16190.331539431721,4488.006891118301,10631.36888745979,11842.45988367467,19478.81381535318,0,0,0,0,2198.706298828125,0,43251.47776998199,51209.32685185047,14195.374025595851,33626.56551625079,37457.1945877712,61610.655774858424,0.40330144593997486,2.4494897427831783,3.1629572703393762,West
17050110,1255.9923228882717,1255.7013335086613,1256.7881433703346,1259.999290103107,1259.4272628911756,1249.753770017163,0,0,0,0,502.1774139404297,0,1242.2232256361901,1241.9354262928516,1243.0103217579103,1246.1862655751484,1245.6205093396939,1236.0530642987153,0.0029139753723350574,2.449489742783178,0.9890372759441569,Northwest
17050112,9422.70380856,9422.70380856,9422.70380856,9422.70380856,9422.70380856,9343.049577362362,0,0,0,0,679.4915161132812,0,1024.8777582907755,1024.8777582907755,1024.8777582907755,1024.8777582907755,1024.8777582907755,1016.2140189260671,0.0034559702627448,2.4494897427831783,0.10876684432760493,Northwest
17050113,428.54205329999996,428.54205329999996,428.54205329999996,428.54205329999996,428.54205329999996,424.9194001332455,0,0,0,0,1286.7257080078125,0,225.46991419958144,225.46991419958144,225.46991419958144,225.46991419958144,225.46991419958144,223.56391852799408,0.003455970262744868,2.4494897427831783,0.5261325287993188,Northwest
17050114,104699.32052291572,104264.1948845132,105889.33610277974,110691.06554724212,109835.69513438237,104210.8188551935,77.34520621001994,59.57488481824586,125.9448690408263,322.0451856705405,4894.82515335083,92.88699462494787,31818.103827570885,31685.86922784682,32179.749338615562,33638.99401425191,33379.04710655974,31669.64826256915,0.02734633215110377,2.0945118923455257,0.3038998120394373,Northwest
17050115,629.7529781861488,629.2038489175362,631.2547797977647,637.3145702242575,636.2350913617134,632.6928695311979,0,0,0,0,375.52699279785156,0,62.97529781861488,62.92038489175363,63.12547797977648,63.73145702242576,63.62350913617135,63.26928695311979,0.005325674808893433,2.449489742783178,0.1,Northwest
17050117,1257.2666336889572,1256.6828671148596,1258.8631641088384,1265.3051865964767,1264.1576176843512,1255.423110968016,0,0,0,0,399.2140350341797,0,1855.2640925511896,1854.4026673496178,1857.6199854710394,1867.126046225754,1865.4326557075092,1852.5437296493849,0.0032783626915075296,2.4494897427831783,1.4756329666585064,Northwest
17050118,4681.838310223485,3894.447677352594,6835.255709380625,15524.324917140058,13976.47162770088,16491.16029099085,0,0,0,0,1550.1241455078125,0,57567.36437023094,47885.69651655797,84045.54576914318,190885.37661698894,171853.14431835746,202773.47709473487,0.5591334499254305,2.4494897427831783,12.295889040961562,Northwest
17050122,248102.6563973267,202898.8409136874,87209.61202347136,201434.1461635507,181086.417692762,67836.98476959243,3440.373374130621,2649.936014638738,5602.123199204736,14324.81386162943,10888.110046386719,4131.68408203125,51878.1830836718,42426.08027351412,18235.500920893734,42119.81308753286,37865.109819648824,14184.690993736138,0.4327621828465353,0.6870006276836106,0.20909966800432367,Northwest
17050123,789634.0106616814,609033.0312161294,1283555.67445501,3276536.469349546,2921510.884283217,947556.0966030869,0,0,0,0,412.33734130859375,0,288822.52244062984,222764.5389515406,469483.0549135437,1198450.820467141,1068593.9708060003,346585.3018990046,0.7074056253784948,2.4494897427831783,0.3657675816149411,Northwest
17050124,2512.512832136785,2427.5494734479435,2744.877261243957,3682.470970073463,3515.449915036493,2568.70788066879,2.427078025358828,1.869448681965192,3.95212630535446,10.10571736264004,227.90744018554688,2.914776563644409,2023.768271012461,1955.3323421233351,2210.932194286472,2966.1412323300037,2831.609815235755,2069.032022406064,0.18817168898650402,2.1997806935429924,0.8054757950395549,Northwest
17050201,40445.536915831406,31539.77516295417,64801.7097108647,163079.20627749688,145572.2509637257,174120.3111390824,0,0,0,0,31117.91815185547,0,4044.553691583141,3153.9775162954174,6480.170971086471,16307.920627749689,14557.225096372571,17412.03111390824,0.6269921688474955,2.4494897427831783,0.1,Northwest
17050202,2512.986549581074,2512.1743800100207,2515.207734355644,2524.1702458673526,2522.5736821165833,2503.964957375394,0,0,0,0,1110.818962097168,0,5220.51474676234,5218.8275339027,5225.129068264721,5243.747919815161,5240.431195097145,5201.7731601203905,0.002949187119431364,2.449489742783178,2.0774145200389644,Northwest
17050203,2518.252549534185,2516.2304987539237,2523.782611933224,2546.0964907600983,2542.1215413246077,2527.393110982273,0,0,0,0,2765.59521484375,0,3640.1175927994937,3637.194731619377,3648.111261834692,3680.3658277622935,3674.620064346589,3653.330214600037,0.004916008615439661,2.449489742783178,1.445493460722526,Northwest
17060101,68758.81484363702,52961.24576131909,15913.11490777766,286293.7003836802,255238.8233653273,305904.308835378,0,0,0,0,19305.65234375,0,6875.881484363703,5296.12457613191,1591.3114907777663,28629.37003836802,25523.88233653273,30590.4308835378,0.8022813637681135,2.449489742783178,0.1,Northwest
17060105,1254.72579354,1254.72579354,1254.72579354,1254.72579354,1254.72579354,1244.119048334077,0,0,0,0,41.02351379394531,0,600.6185030929089,600.6185030929089,600.6185030929089,600.6185030929089,600.6185030929089,595.5412125318408,0.003455970262744893,2.4494897427831774,0.47868506902879854,Northwest
17060107,2094.3493833621083,2057.9634855293307,1887.5261725685168,2117.0709176666146,2090.7062886505055,2127.935310923684,0,0,0,0,61607.958740234375,0,209.43493833621085,205.79634855293307,188.7526172568517,211.70709176666148,209.07062886505057,212.79353109236843,0.043204637786274626,2.449489742783178,0.1,Northwest
17060108,12663.387832628041,12664.992677545475,12652.24941874479,12672.502700471203,12670.176486212422,12567.91414431261,5.542996483245189,6.264436339883163,0.535848672383583,9.640482089863998,2.98176908493042,10.698610305786133,21503.33605337328,21506.061194546342,21484.422231890538,21518.813749303008,21514.863671519728,21341.214918710404,0.003171851854347153,0.6496475129336041,1.6980713484876884,Northwest
17060109,400.110566960986,402.9640598058762,380.30592168094154,416.317248298242,412.1811254423809,417.3099931168388,0,0,0,0,2877.732666015625,0,1527.4567089078105,1538.3501647414153,1451.8507619559198,1589.3271171945694,1573.537110314626,1593.1170064367273,0.034383480000484884,2.449489742783178,3.817586524918623,Northwest
17060110,3262.1537109600004,3262.1537109600004,3262.1537109600004,3262.1537109600004,3262.1537109600004,3234.577300709369,0,0,0,0,36013.173828125,0,326.21537109600007,326.21537109600007,326.21537109600007,326.21537109600007,326.21537109600007,323.4577300709369,0.0034559702627447886,2.4494897427831783,0.1,Northwest
17060204,857.6310607750505,857.5053961714876,857.2106901536059,859.361481133402,859.1144495306995,850.4956597613862,0.2698095612126012,0.2078199066204033,0.06244305636385643,1.123416362747284,0.31664803624153137,0.3240252435207367,1768.7990167769658,1768.5398430630091,1767.9320342527774,1772.367877524263,1771.8583935795257,1754.0827933628173,0.003798618632137631,0.9759537702365594,2.062424156114965,Northwest
17060210,857.08410642,857.08410642,857.08410642,857.08410642,857.08410642,849.8388000880128,0,0,0,0,29.40428924560547,0,322.97220314223654,322.97220314223654,322.97220314223654,322.97220314223654,322.97220314223654,320.2419780325253,0.003455970262744829,2.449489742783178,0.37682673231601066,Northwest
17060306,8188.803156124848,8727.47177666896,4450.177712409223,11248.222315058689,10467.424985513104,6091.993513194571,219.8239107541172,248.4347408600748,21.25066308301147,382.3218147358848,3278.749843597412,110.27249145507812,818.8803156124849,872.7471776668959,445.01777124092234,1124.822231505869,1046.7424985513105,609.1993513194572,0.3144874948436107,1.7804522374074432,0.1,Northwest
17060308,428.54205329999996,428.54205329999996,428.54205329999996,428.54205329999996,428.54205329999996,424.9194001332455,0,0,0,0,14059.859375,0,50.24071018183474,50.24071018183474,50.24071018183474,50.24071018183474,50.24071018183474,49.816003513169015,0.003455970262744868,2.449489742783178,0.11723635940733182,Northwest
17070101,98905.43476453546,94201.54596546938,217535.5309877962,226766.3973798423,203923.3544203066,241272.8010635638,41103.38208806377,40548.71385914017,135315.5900404198,141518.8625424408,145939.9335346222,151212.6494383812,9890.543476453546,9420.15459654694,21753.553098779623,22676.63973798423,20392.33544203066,24127.280106356382,0.3664493817140802,0.4875465225169968,0.1,Northwest
17070102,4370.606294141521,4358.223575515099,4238.831386362434,4246.765936097016,4227.130806223639,4229.062954393603,0,0,0,0,13762.113479614258,0,6255.635632375404,6237.912284479951,6067.026603540939,6078.383300691407,6050.279598409448,6053.045076268952,0.01568009631124887,2.4494897427831783,1.43129698979307,Northwest
17070103,112113.197084727,124032.4916588874,139531.0027466544,145697.4408357183,130437.74535391851,155291.2430696798,68242.48071850151,75837.67744141757,78818.73447654973,82432.0216674523,57969.82249069214,88078.46875,361926.1222693341,400404.2334782372,450436.8448460557,470343.466758748,421081.80482821824,501314.37589919905,0.11565571590194061,0.14278740954834176,3.228220509988817,Northwest
17070104,1291.899317208791,1227.3045735639657,1174.1244974969984,1184.550544104508,1158.7498640341432,1192.840392588124,0,0,0,0,17950.980026245117,0,34468.101080363136,32744.701955096665,31325.848169108183,31604.016926958942,30915.650243300643,31825.191543020755,0.040159571605132054,2.4494897427831783,26.68017594036127,Northwest
17070105,664759.9086169669,634722.3287857397,611777.339011569,616528.6072387686,604770.9433731408,619657.8766176893,0,0,0,0,144610.37380218506,0,66475.9908616967,63472.232878573974,61177.733901156906,61652.86072387686,60477.094337314076,61965.78766176893,0.034732343536066565,2.449489742783178,0.1,Northwest
17070106,7094.917389760081,10857.309287054959,14909.25265256416,15442.39407482053,14123.06261720091,16751.09868292489,4325.088138771418,8875.08180340511,13760.71326510255,14391.54563393831,20155.070434570312,15971.1455078125,3082.6508719856147,4717.362035738835,6477.879609481248,6709.522739333929,6136.29009336415,7278.138155091564,0.27147859180511447,0.4308397756797618,0.43448721142753943,Northwest
17070204,12043.48462767159,10347.399322709147,9278.326262269711,9559.871585072231,8863.149129054887,9973.322695231816,0.0001772690984144401,0.0001432723333613818,0.0001173030165628841,0.0001226805386712479,23541.911861419678,0.00013108394341543317,9885.166139050692,8493.037071435678,7615.553092011166,7846.64254640221,7274.780046182421,8185.9988905712335,0.1121580651618856,2.4494896564305177,0.8207895343128633,Northwest
17070301,36036.2551603488,36635.34845277502,33201.135115642006,33317.929538029384,33028.90574603431,33241.31614014587,0,0,0,0,926.9959354400635,0,10749.215268484297,10927.918153607616,9903.530400926787,9938.368881862552,9852.156290014576,9915.515954924516,0.04773131118113007,2.449489742783178,0.2982889098951605,Northwest
17070305,1876319.4096172757,1876437.8772595217,1875705.6531411821,1875731.6365241597,1875667.3370848242,1859920.872610131,0,0,0,0,1329.8074340820312,0,5496679.404252495,5497026.455317397,5494881.404101732,5494957.522445621,5494769.157180043,5448639.875286886,0.003502664074432114,2.449489742783178,2.9295009027134062,Northwest
17070306,123053.2763756307,150386.3919188547,562069.7613588154,587692.924064085,524284.89912072837,627707.4593404582,0,0,0,0,11338.744316101074,0,29932.27913630749,36580.9639027925,136721.50377949307,142954.2484981948,127530.46818134363,152687.64426529215,0.534038582967789,2.4494897427831783,0.24324650279880916,Northwest
17080001,59718.86816466276,61545.369826564405,61526.090131239114,102504.78491253062,97266.28526752432,105354.5338026284,0,0,0,0,43399.14047241211,0,5971.886816466276,6154.536982656441,6152.609013123912,10250.478491253063,9726.628526752433,10535.453380262841,0.27662861599142247,2.4494897427831783,0.1,Northwest
17080002,23048.8875,23048.8875,23048.8875,23048.8875,23048.8875,22854.0451860449,0,0,0,0,13329.818603515625,0,2314.423373171521,2314.423373171521,2314.423373171521,2314.423373171521,2314.423373171521,2294.8585414415506,0.003455970262744885,2.449489742783178,0.10041366956090704,Northwest
17080003,96297.37140385814,96729.91360398264,41391.57946107978,164208.9076620189,148508.58988432892,176516.4942206906,12679.25884937988,19760.37408253038,9601.76807893829,63392.21390429478,45434.27801513672,68546.85931396484,9629.737140385814,9672.991360398264,4139.157946107978,16420.89076620189,14850.858988432892,17651.649422069062,0.42668469469036996,0.713202488771853,0.1,Northwest
17080004,66447.38096900411,53883.765702908735,7804.023300272836,46274.000899654406,41356.20239305665,51247.60532358289,0,0,0,0,769.8241577148438,0,8512.871733792032,6903.290683142771,999.808395664789,5928.369614024217,5298.328410160526,6565.560364029459,0.4465871375058335,2.449489742783178,0.12811448110743529,Northwest
17080005,85811.24083531127,138717.0782916561,42611.13157007727,217891.62821264038,195484.696407243,240493.2000180628,0,0,0,0,15661.940307617188,0,8581.124083531127,13871.70782916561,4261.113157007727,21789.16282126404,19548.4696407243,24049.32000180628,0.5094184410946352,2.449489742783178,0.1,Northwest
17090001,10410.6717774,10410.6717774,10410.6717774,10410.6717774,10410.6717774,10322.66582141034,0,0,0,0,3742.7271728515625,0,1376.8145789857729,1376.8145789857729,1376.8145789857729,1376.8145789857729,1376.8145789857729,1365.1757639472294,0.0034559702627447795,2.449489742783178,0.13225031087567565,Northwest
17090002,10340.822764541323,10564.784460315108,13015.372578869403,9324.619071833535,9216.572029089923,9322.444112049146,0,0,0,0,229.42030334472656,0,2275.388081063129,2324.6684705236057,2863.8943255178133,2051.7832651824847,2028.0086624404332,2051.3046884112864,0.1409007049512974,2.449489742783178,0.22003936561657686,Northwest
17090003,61744.63213625793,58708.54897730958,97466.0872643001,56869.19635092255,55680.71979744548,57231.57846759088,726.6213367696818,587.2694977314699,2366.113561132403,502.8642769791702,1864.397337436676,537.3095722869039,6174.463213625793,5870.854897730958,9746.608726430011,5686.919635092256,5568.071979744549,5723.157846759088,0.25113383736691597,0.7360950301638384,0.1,Northwest
17090004,39640.47525931414,34034.76749405846,105592.34469008826,30639.39786948148,28445.14560271611,31937.0236138639,287.9502508532671,232.726993597561,937.6589414568106,199.2783412403375,3853.3341064453125,212.92855834960938,5650.97081914919,4851.845914744955,15052.777613432574,4367.817039127432,4055.014141376362,4552.800825717096,0.6638272054617945,1.5182528359205028,0.14255557689917978,Northwest
17090005,38597.97099950282,35039.37333622725,96621.85687738332,28697.38215028152,26708.888849337498,29865.45624703327,39.09220318227189,43.44305576522999,91.050070029615,19.35064672569327,4550.892150878906,20.676132202148438,3859.797099950282,3503.937333622725,9662.185687738332,2869.738215028152,2670.88888493375,2986.545624703327,0.6300064133392602,2.3179364022144506,0.1,Northwest
17090006,3136.81442868,3136.81442868,3136.81442868,3136.81442868,3136.81442868,3110.297566131569,0,0,0,0,3081.7770385742188,0,475.21484238942696,475.21484238942696,475.21484238942696,475.21484238942696,475.21484238942696,471.19764374949415,0.0034559702627448433,2.4494897427831774,0.15149600118021697,Northwest
17090007,87419.1593862505,102108.49021467596,1870617.801645562,431517.6614662024,389387.9136892578,457757.3001390037,0,0,0,0,1108.5232677459717,0,8741.91593862505,10210.849021467597,187061.78016455623,43151.76614662024,38938.791368925784,45775.73001390038,1.1938438110961826,2.4494897427831783,0.1,Northwest
17090008,43506.355626284254,42967.66944902718,49864.16818140187,42644.681646389494,42433.33072069143,42434.12289608257,4.431727460361e-05,3.581808334034545e-05,0.0001443113477759982,3.067013466781196e-05,438.41682970523834,3.277098585385829e-05,8243.331069911532,8141.263948039517,9447.97239226149,8080.066098889471,8040.020555488248,8040.170652271133,0.06624958854655644,2.4494878126261037,0.18947418029496693,Northwest
17090009,45844.42431350308,46003.39744541236,65142.83050282922,49568.37996538941,49112.436939197316,49472.80930510676,284.642113472634,379.0386947576778,11743.83365511033,2495.887989887668,707.5588816404343,2666.851806640625,8593.5832410358,8623.382913790076,12211.08880448656,9291.642456733813,9206.175479943848,9273.727640770081,0.1416238025721753,1.440674673210561,0.18745100128795017,Northwest
17090010,525627.9587029157,525655.6052323002,528984.0852846972,526275.5803992392,526196.2887471219,521882.9936699027,0.02915031439934339,0.03881750661173804,1.202690772365169,0.2556049023215449,108.1968765258789,0.2731133699417114,127656.19078326174,127662.90513429878,128471.27363439834,127813.47488022124,127794.21778001831,126746.6730096816,0.004329627358102315,2.401522298816452,0.24286415642401715,Northwest
17090011,35365.30054697435,37349.11532001313,276188.7833247739,81836.28685533398,76146.60520812315,85180.83055649308,0,0,0,0,5395.251708984375,0,5258.318679743342,5553.283804226445,41065.35547642884,12167.895343647884,11321.920367482124,12665.18156338927,0.9092768514079437,2.449489742783178,0.14868581910562084,Northwest
17090012,286070.8214430266,286416.6531314011,297941.18472442694,282495.9061850387,282043.74467727315,280601.0847341787,27335.08166052988,23355.97066866557,85147.23399070911,18096.13154705138,10949.425210952759,20082.341552734375,28607.08214430266,28641.66531314011,29794.118472442697,28249.59061850387,28204.374467727317,28060.10847341787,0.022109342505993418,0.8813853597467888,0.1,Northwest
17100103,858605.4012436536,696861.0053223773,159216.848576475,598892.6431004826,535580.7434708615,662896.280174344,331422.5623278979,267862.1613018707,56585.11508691373,229363.7122197927,62561.14117050171,254538.408203125,176836.45239753922,143523.9375583916,32791.94682842457,123346.59229894723,110307.0147365017,136528.63856174427,0.40237611298607734,0.56972586880129,0.20595776842470254,Northwest
17100104,101230.00181621598,82175.4563710299,18837.4658353964,70634.14392236786,63175.58894837764,78173.50804195505,47831.88239051041,38658.65771559306,8166.530820593217,33102.44791570278,24112.432861328125,36735.73331832886,10123.000181621599,8217.54563710299,1883.7465835396401,7063.414392236787,6317.5588948377645,7817.350804195506,0.4019058818970497,0.4377966182238772,0.1,Northwest
17100106,4687.216936099583,4686.799627508395,4685.412478826463,4686.546864258163,4686.383516406206,4647.107631087487,0,0,0,0,113.65026092529297,0,547.9379709813293,547.8891874012548,547.7270290363681,547.8596392526713,547.8405438082348,543.2491734485043,0.00343629927751618,2.4494897427831783,0.11690049307538344,Northwest
17100204,13672.48980694432,12729.730757511483,9595.965959913257,12158.70287418526,11789.677004864507,12317.71228028656,253.1614561930809,204.6100130838899,43.22327977201302,175.2024695469132,503.5517272949219,187.20352172851562,1501.6688046441027,1398.1242509586305,1053.9384512914066,1335.4074545974133,1294.8768238278672,1352.87168153478,0.11303986909055509,0.6677061692367948,0.10983140787432866,Northwest
17100301,100972.05537061355,112000.49076545659,13982.845016492549,50931.63781479786,45611.1305450845,54275.53442733634,25.85138359580323,28.72857009169887,3.15694214887435,12.79643894718185,5928.698181152344,13.672972679138184,21411.79104289631,23750.443587283215,2965.154612129227,10800.390091695735,9672.141394735285,11509.485447573383,0.584413566239674,2.408343811178409,0.2120566028323902,Northwest
17100302,26565.81723359133,28571.1442297856,10748.359393441842,17466.847467450734,16499.406803438396,18005.50882741793,281.8826743111072,313.2554254425604,34.42319797980257,139.5319681332651,1341.3739414215088,149.08966064453125,7470.592962658221,8034.512439099348,3022.5540339574572,4911.864996389644,4639.810297194421,5063.342352785009,0.34078775779636444,1.2838573113089529,0.28121073396575125,Northwest
17100307,18510.45581530157,18889.666528266087,15519.347893135948,16789.825305260558,16606.88064603679,16777.67713725565,6.195984832226799e-05,6.885580567866697e-05,7.566467612131376e-06,3.067013466781196e-05,4309.219390869141,3.277098585385829e-05,5965.501553972283,6087.712596209435,5001.535072767231,5410.98122860154,5352.022299670781,5407.066148614624,0.07404542226341186,2.4494896051163133,0.3222773989736618,Northwest
17100308,725995.2534045053,596788.3295677538,140202.6072057659,504896.6369833347,452381.8702020608,537883.2522162801,417.7977356309859,464.2974519234785,51.02099376730635,206.8099448704428,2219.5797119140625,220.97605895996094,101283.82293090734,83258.1249198526,19559.709207586704,70438.28639212606,63111.93499383544,75040.25931230173,0.39883818952951333,1.3560600266483822,0.139510310096304,Northwest
17110001,9686.185635995225,11795.631294047413,64372.64611498428,14353.14709139238,13629.406366790716,15021.33541715543,1205.315575199864,2473.307823006756,34077.46266401601,4010.635979481526,2400.772705078125,4450.8388671875,1162.5226960946568,1415.6954666588495,7725.916571146712,1722.6449999184051,1635.7826322067235,1802.8400450224754,0.9826392631199574,1.5770894431118434,0.12001862650397277,Northwest
17110002,33015.83689870696,45615.701845987336,359661.8511488644,60891.920754057195,56568.96730322113,65093.04280545988,4240.166462118765,8700.82250440532,119880.732710274,14108.97239019295,12412.313018798828,15657.556510925293,10750.688021184007,14853.483221343493,117113.86770796639,19827.758570710852,18420.10914408494,21195.73699428114,1.2180784501985884,1.5301647373816376,0.3256221568505825,Northwest
17110004,15095.368491538242,20201.801111843342,147477.4114292031,26392.897831806753,24640.905202538583,28081.01893060855,2673.824460227512,5486.688375142692,75596.09706232068,8897.036430669234,6007.367706298828,9873.564453125,1949.8498534300832,2609.4413633580325,19049.47263928481,3409.137577382815,3182.834882400308,3627.190066721914,1.1703112236985356,1.563894871123759,0.12916874831661632,Northwest
17110005,86175.29134001704,171913.99570979428,2308913.88151874,275864.5715554273,246448.0318165992,305622.7861605444,0,0,0,0,26582.0408782959,0,8617.529134001705,17191.39957097943,230891.38815187404,27586.45715554273,24644.80318165992,30562.27861605444,1.515664711101972,2.4494897427831783,0.1,Northwest
17110006,11146.16297080067,10867.33315872198,18241.57705577019,10698.446318022516,10589.303463486372,10727.07056120107,9.452786038400808,7.639925540329003,55.58485425667831,6.541878384374956,148.9301300048828,7.259907245635986,1114.616297080067,1086.733315872198,1824.1577055770192,1069.8446318022516,1058.9303463486374,1072.707056120107,0.2525335156100527,1.4542096145881358,0.1,Northwest
17110009,26485.05410154,26485.05410154,26485.05410154,26485.05410154,26485.05410154,26261.16437036013,0,0,0,0,4084.70707321167,0,2648.5054101540004,2648.5054101540004,2648.5054101540004,2648.5054101540004,2648.5054101540004,2626.116437036013,0.0034559702627448893,2.4494897427831783,0.1,Northwest
17110010,80879.0063701286,100966.14651527436,1052661.5175987289,147257.55076235541,134157.1052199818,160303.8675386364,0,0,0,0,3370.7712478637695,0,8615.754178728857,10755.566095460947,112136.30429055291,15686.825485021387,14291.281406396281,17076.60341784943,1.3601271398433794,2.449489742783178,0.10652645928042646,Northwest
17110012,1568255.0518287863,1573640.6892618237,1816358.5726418816,1585446.7581486944,1582105.6554346997,1575689.060762761,95.15565518084938,137.3008214015882,1891.695152640249,222.6368998241512,1188.9675903320312,247.07326889038086,294366.7912957484,295377.6937050196,340936.66348953627,297593.7328703276,296966.59656098735,295762.17998192296,0.06054588857380608,1.175375298463706,0.18770339107307768,Northwest
17110014,250350.8387273705,356201.4779231989,2994482.584886431,484535.99124380515,448219.1427776178,520057.6951564664,0.6246188082649253,1.281717930694314,17.65962753311359,2.078392345898946,1198.7415657639503,2.306514263153076,37669.52795140348,53596.55113267334,450570.6711620376,72906.65435116042,67442.16881015647,78251.49691378763,1.257071008738606,2.392121369280514,0.15046695326803042,Northwest
17110015,183098.2021055742,277943.2641249154,3272946.9232468703,420954.391772522,379688.4218691801,462412.5273663625,9.217289027903746e-06,1.891387909415214e-05,0.0002605971657337542,3.067013466781196e-05,5678.247314453125,3.403645314392634e-05,33761.22400382367,51249.57368540716,603494.1520870295,77619.19752675059,70010.22246516882,85263.60575396787,1.4404925728545548,2.4494895598249298,0.18438861559305203,Northwest
17110017,124490.1264712912,212910.179170609,2933361.257886316,345232.3994215358,307784.3183341121,383165.7481561934,0,0,0,0,1010.5382690429688,0,12449.01264712912,21291.0179170609,293336.1257886316,34523.23994215358,30778.431833411214,38316.574815619344,1.517716336269513,2.4494897427831783,0.1,Northwest
17110018,15210.688608921759,18417.28910534579,117075.9023180293,23216.02518603381,21857.95049891041,24501.28050864983,0,0,0,0,1595.0881361961365,0,1521.068860892176,1841.728910534579,11707.590231802931,2321.602518603381,2185.795049891041,2450.128050864983,1.076320963593734,2.4494897427831783,0.1,Northwest
17110019,544589.280245064,543421.4052068611,856327.335270491,547060.4264327008,542585.5903974177,547317.4409842747,13777.2975938776,11758.16101202595,92312.0660353063,10864.36795578731,9558.334930419922,12056.828239440918,67803.86156470205,67658.455769385,106616.67829492102,68111.53059178476,67554.39299457656,68143.53008150515,0.2129648264785231,1.3162786654529546,0.1245045835903903,Northwest
17120005,3140.1872569078923,3139.540414057934,3171.249681011543,3139.1486222170824,3138.8954273576287,3112.791647767638,0,0,0,0,88.0809326171875,0,31900.77396540304,31894.202768891664,32216.33329007968,31890.222604037164,31887.650428775047,31622.465360428843,0.005903585298987563,2.4494897427831783,10.15887632026613,Northwest
18010102,20481.71216604373,26210.82592888969,6872.738670437524,16320.64902504532,18925.45020752878,19170.2837328568,8383.094571744765,11403.91580876092,1207.416473655192,6189.067986619132,3986.973358154297,7711.9871826171875,3768.0721623380105,4822.071647812537,1264.3950394944875,3002.550898284651,3481.7627309952627,3526.8053711669704,0.35355990363948314,0.5498526300536223,0.1839725181073988,West
18010105,14281.116808473998,17475.610549810128,6692.895932209272,11960.951646555346,13413.361464079177,13525.69507843784,282.805261401197,384.7132301434412,40.73242029298729,208.7893646917687,1179.5177059173584,260.16534423828125,1428.1116808473998,1747.5610549810128,669.2895932209273,1196.0951646555347,1341.3361464079178,1352.569507843784,0.2751451329594594,1.0224870025747852,0.1,West
18010109,19712.548912718194,20382.55813237067,18121.00472464593,19225.920302529783,19530.546965547666,19412.78950742966,4.154270723868164e-05,5.651248852836541e-05,5.983392964369169e-06,3.067013466781197e-05,215.16568183898926,3.821701102424413e-05,6468.000428008755,6687.84109593405,5945.789498553322,6308.329851011519,6408.28269807897,6369.644605517684,0.03820767198359608,2.4494873804391784,0.3281158847923372,West
18010110,721233.8397427939,963623.3103605013,145460.34007121966,545186.0365913978,655390.9314184304,666977.8420754632,29676.52332761118,40370.36331016492,4274.30739805106,21909.57276089123,56501.35088253021,27300.773405075073,219880.4662679442,293777.04027904203,44346.071462425534,166209.2837618921,199807.1300141135,203339.59781787315,0.4368790570621519,0.5857489576938459,0.30486709601196454,West
18010201,1264.161113594333,1265.2112382557143,1255.6369518006857,1259.396278451376,1258.8896611756747,1249.109453141538,0,0,0,0,176.24102783203125,0,461.65432592454783,462.0378170693658,458.5414187764002,459.9142733850348,459.7292636941018,456.1576656605539,0.004687849737951339,2.4494897427831783,0.3651863049417385,Northwest
18010202,1882.3726947128914,1882.4042975062644,1882.1161658132771,1882.2293002131557,1882.214053907958,1866.328809714424,0,0,0,0,29.061253488063812,0,2016.5443959203296,2016.578251296606,2016.2695821619482,2016.3907805519916,2016.3744475211358,1999.3569353960024,0.003462279529658945,2.4494897427831783,1.0712779682707323,Northwest
18010203,1256.2025197809737,1256.366875270223,1254.8683993345555,1255.4567732616188,1255.3774823609551,1244.900098864406,0,0,0,0,27.58356285095215,0,161.14112371122724,161.16220663998172,160.9699875572101,161.04546204024638,161.0352908897895,159.69128996350432,0.003529417381492807,2.449489742783178,0.12827638949436523,Northwest
18010204,134145.0908727666,148633.2072849031,16540.91212716279,68406.71830183975,61417.138553177305,72786.95432699352,73796.46381142881,82009.80327684773,7126.441628262275,36529.26119722925,24031.33238220215,39031.45050048828,69593.48422097898,77109.81220853132,8581.303271203056,35488.901157504246,31862.75871140325,37761.33531605152,0.5885588216294946,0.6601189204250953,0.5187926279537634,West
18010206,236224.3400719838,262422.70931958023,23564.69459476495,117351.8718119628,104712.8519468556,139252.3419843411,0,0,0,0,3989.8005714416504,0,31150.35298027151,34605.07085278809,3107.4213363260546,15474.917735929634,13808.239653549219,18362.881677730064,0.6016529582791318,2.449489742783178,0.1318676685509172,West
18010207,8407.3121301351,9157.547735534095,2317.435452670723,5003.193448262868,4641.253259141418,5810.184565206384,43.4862717055905,48.3261717923497,4.199420418470644,21.52571133606515,493.88299560546875,26.822458267211914,7427.092725364286,8089.857390327261,2047.242653253964,4419.864647345534,4100.123533416212,5132.7676252903375,0.43041442345239517,1.7908721948606827,0.8834087054699297,West
18010211,3325281.374869631,3362206.7549670553,344650.08093811915,1752882.434468495,1563105.1406094648,2183373.116003456,0,0,0,0,2422.542236328125,0,452083.32658516674,457103.4577524186,46856.35214988701,238310.33610450212,212509.4667505562,296837.0102208755,0.5497020187417129,2.449489742783178,0.13595340532735845,West
18010212,1249.8607177200001,1249.8607177200001,1249.8607177200001,1249.8607177200001,1249.8607177200001,1239.295099125083,0,0,0,0,58.933040618896484,0,244.21794510240426,244.21794510240426,244.21794510240426,244.21794510240426,244.21794510240426,242.15346413632236,0.00345597026274496,2.4494897427831783,0.19539612825652078,West
18020001,1276.6680807372727,1279.1101957667872,1263.084976218726,1265.587229154882,1264.4090664960079,1255.724472939221,0,0,0,0,409.85692596435547,0,2693.3020023173813,2698.4539704742747,2664.6466273225265,2669.925464433705,2667.4399727886343,2649.1186615811835,0.006969932943995506,2.4494897427831783,2.1096336964593068,Northwest
18020003,626199.304590462,849357.2582953335,358788.2896179798,464119.37840643385,565580.4639692183,576567.6846180309,483.4888991329683,657.7125729640098,274.7160157204941,356.9500071722068,31577.3143825531,444.7832717895508,139074.4344401499,188636.23684844797,79684.34026767724,103077.62974410025,125611.41888900573,128051.60284737356,0.2886751940696846,2.2567215203248456,0.22209292380339735,West
18020005,2808.28784178,2808.28784178,2808.28784178,2808.28784178,2808.28784178,2784.548157973379,0,0,0,0,98.61827850341797,0,280.828784178,280.828784178,280.828784178,280.828784178,280.828784178,278.4548157973379,0.003455970262744745,2.4494897427831783,0.1,West
18020104,126825.7948117809,167277.4999918471,78351.5758450542,97444.97746680054,115836.5967783363,117715.9712301651,53514.18695722755,72797.85256048947,30406.49796050039,39508.43432486712,29394.54610824585,49230.11756896973,12682.57948117809,16727.74999918471,7835.157584505421,9744.497746680054,11583.659677833632,11771.59712301651,0.25593734432517873,0.3581498193990116,0.1,West
18020111,2735568.395029375,2763224.7238162,1253644.166949478,1556023.381046389,1413710.044751789,1876943.712354002,232.1331106589226,191.7478880190024,123.5113586296715,160.4834732080795,5947.132935523987,199.97300720214844,273556.8395029375,276322.47238162,125364.41669494781,155602.3381046389,141371.0044751789,187694.3712354002,0.3438909521539342,2.0604613166211565,0.1,West
18020115,833.2404786000001,833.2404786000001,833.2404786000001,833.2404786000001,833.2404786000001,826.196732869041,0,0,0,0,80.8687629699707,0,355.89781172849393,355.89781172849393,355.89781172849393,355.89781172849393,355.89781172849393,352.8892520672636,0.003455970262744874,2.449489742783178,0.42712496676405937,West
18020116,43476.90162359333,48922.24151506009,36951.73035780446,39521.943832471545,41997.72427172591,42027.46635203341,346.8641575059514,471.8555439666692,197.0865091570067,256.0827430196694,1797.8442720770836,319.09600830078125,19113.78365477526,21507.722613749556,16245.117599304482,17375.06252331709,18463.491779438522,18476.56731304858,0.09583882167228742,1.082026511786701,0.43963076808589563,West
18020121,3836150.7127786768,5217053.042949086,2181410.258503426,2833199.466696848,3461041.079102749,3529357.811742737,4.755975295513228,6.469775736681386,2.70232178317122,3.511239697309785,17718.64235687256,4.375236511230469,573039.6277946412,779317.1743638231,325856.4681612223,423219.9643397082,517006.1971612188,527211.2693742987,0.29186017228913413,2.44587536311083,0.1493788098277207,West
18020122,9708.585588622744,12006.021127560496,6955.559944223392,8039.955022776755,9084.507994881089,9170.049252930658,147.911064329622,201.2103418807268,84.04233964105235,109.1997263390885,737.7947387695312,136.070068359375,4232.579698042407,5234.175546470056,3032.363626987734,3505.119267059623,3960.505240938218,3997.7980256451788,0.1860267354007153,1.0547757687113901,0.4359625466970662,West
18020123,98680.7469848852,131741.6015521158,58432.09068607245,74342.15101518398,88772.5550841896,91291.42947988797,68.626586444901,81.77478449084975,40.57747982976486,52.72401639299151,2644.264175415039,65.6976089477539,10408.039187861907,13895.028093333454,6162.939664233535,7841.002877638308,9363.004034255993,9628.674331864768,0.2732605747431506,2.1417762250584604,0.10547183220508143,West
18020125,316062.3783215343,425965.7094154243,184364.80344799178,236239.4390296886,286208.1320322215,291554.4483878175,0,0,0,0,12816.441054165363,0,55607.659093608905,74943.92746308814,32436.936004343264,41563.70100038978,50355.136604317624,51295.76148630255,0.2810571327722738,2.449489742783178,0.17593887443648393,West
18020126,468318.0317843227,634340.7638568989,269372.367715604,347735.49500958103,423219.45757745934,431372.9487797309,0,0,0,0,6536.34200668335,0,190069.67252795334,257450.99072533447,109326.38558611706,141130.52920681788,171766.14661348722,175075.28975467852,0.28703245410485245,2.4494897427831783,0.405855977408718,West
18020128,123854.95563703803,115279.45671296713,78005.63896395224,93987.41099178564,109381.99162141893,110849.8478867918,0,0,0,0,8438.155174255371,0,16139.568528552785,15022.093237881543,10164.933241442019,12247.521729922251,14253.59316858495,14444.869865292001,0.15697802118845433,2.4494897427831783,0.1303102362399648,West
18020129,471743.1489037458,405819.36365850933,272593.51500735927,340739.2587405338,406381.2379052747,413147.5028430261,0,0,0,0,12055.86308479309,0,137407.03345379193,118205.07623270026,79399.7036797359,99248.86208434138,118368.73621080811,120339.58071553355,0.17917456395032927,2.4494897427831783,0.29127510123486366,West
18020151,7934945.2217808,7913407.116503217,3300350.0437244093,4286213.5743781645,3965530.546136937,5339180.367529642,5466.217400962846,4557.866971238988,2911.299414581682,3782.773072730788,24991.82731628418,4713.585136413574,793494.52217808,791340.7116503217,330035.004372441,428621.35743781645,396553.05461369373,533918.0367529643,0.37048733091088665,1.0982860008616755,0.1,West
18020152,23385.130122416893,30032.631791332453,15419.40387872273,18557.040592473702,21579.39639208179,21866.68815139962,0,0,0,0,169.9156837463379,0,6326.377992456222,8124.726260902676,4171.410500796637,5020.235191969462,5837.872943648429,5915.593967822679,0.22611993229283397,2.449489742783178,0.2705299461383703,West
18020154,24342.59071699124,32458.25866958261,14617.55529543402,18448.17001249912,22138.04288893715,22524.35265257449,473.8357448800376,644.5809355421392,269.231140927596,349.8232799898512,3820.1128826141357,435.90289306640625,2434.259071699124,3245.825866958261,1461.7555295434022,1844.817001249912,2213.8042888937152,2252.435265257449,0.26849601820497576,1.3893957904318295,0.1,West
18020155,875.0370951196965,1040.226138570759,677.0904432607095,755.0600675279886,830.1649848897437,834.8194794358305,347.5282176811618,472.7588960957951,197.4638248841301,256.5730051223344,128.9597625732422,319.7069091796875,87.50370951196965,104.02261385707591,67.70904432607095,75.50600675279887,83.01649848897438,83.48194794358307,0.1466732867863741,0.42122757116987464,0.1,West
18020156,1666.7395354469365,1666.8327133535959,1666.6278800110483,1666.6718602062263,1666.7142245109853,1652.63134508044,0,0,0,0,15.2572021484375,0,166.67395354469366,166.6832713353596,166.66278800110484,166.66718602062264,166.67142245109855,165.263134508044,0.0034553376742361927,2.4494897427831783,0.1,West
18020158,25904.07581519186,29555.32214394991,21528.773611179833,23252.170625975705,24912.24775978407,24959.65035900783,117.3822011767668,159.6805008234902,66.69598967341423,86.66088844454146,1186.5222930908203,107.98519134521484,15351.940641989919,17515.836289465733,12758.936351623854,13780.30028147355,14764.137952470655,14792.230901810017,0.10825899425251728,1.5358936153553702,0.5926457578149353,West
18020159,50529.339092758135,55241.18984402785,28976.112905891387,34376.48692814308,39578.44408101338,40052.31928905333,19147.59764744994,20729.2362315167,8399.45764505189,10913.76656282895,21469.17572081089,13599.273539304733,5052.933909275814,5524.118984402786,2897.6112905891387,3437.648692814308,3957.8444081013386,4005.2319289053335,0.23724286831173375,0.3499053362928468,0.1,West
18020161,442669.1007570186,451044.57484553836,426709.44168447796,432776.5290872732,438620.70369110926,435821.1089836472,5952.631329584138,5162.216986769572,3183.800727429917,4136.845423847652,6076.232086181641,5154.782478542642,44266.91007570186,45104.45748455384,42670.9441684478,43277.65290872732,43862.07036911093,43582.11089836472,0.01915442730136912,0.2241424286026765,0.1,West
18020162,74871.88447739076,99196.94185084675,45723.07676739368,57204.562125411656,68264.20255728206,69405.94162901961,2468.279724914915,3357.71640585737,1402.464405963164,1822.28065027215,5014.7761878967285,2270.681884765625,30337.976463971776,40194.45360798594,18526.92284309264,23179.203669123814,27660.553557190204,28123.18453446754,0.2610855921387261,0.47830521480993987,0.40519851578108745,West
18020163,200503.95816716825,190378.91646471038,167144.913077691,178600.5445348657,189635.28097233368,189747.1469108432,38647.96892787258,32716.92835987768,20617.06703101734,26788.61734832048,30791.66145705059,33380.38605957478,20050.395816716828,19037.89164647104,16714.491307769098,17860.054453486573,18963.528097233368,18974.714691084322,0.06209849419666975,0.20277671112972895,0.1,West
18030001,2465.40695796,2465.40695796,2465.40695796,2465.40695796,2465.40695796,2444.565796037112,0,0,0,0,1118.861572265625,0,1173.866646796244,1173.866646796244,1173.866646796244,1173.866646796244,1173.866646796244,1163.943439277595,0.0034559702627448862,2.4494897427831783,0.4761350425357603,West
18030003,378763.8603451017,496208.7079396285,102001.21361337663,293462.913513725,346860.2894496469,352227.0093579975,143968.9640097506,195847.7183563514,21715.3665030947,106289.353960374,89350.02824401855,132443.55534946918,556110.5764557978,728546.0401720243,149760.73390434653,430869.59208257543,509268.9554376134,517148.50788274483,0.39505325286472376,0.5090447457433211,1.4682250200668852,West
18030004,33756.31785840241,41720.24307050343,14989.126554066497,27972.10811331963,31592.989573942898,31888.65041594156,1561.280913475822,2123.883482254208,235.4937224394957,1152.661900329911,3250.240545272827,1436.2928466796875,2706728.772215783,3345311.025226618,1201893.5324777015,2242925.610768498,2533263.6764118797,2556971.0520567065,0.28993960474966035,0.6198922312898855,80.18436085267638,West
18030005,17300.91204896733,17637.78722283936,16507.057176481667,17056.23915065504,17209.40295357022,17087.72792032002,164.1086905101056,223.2447306954021,24.75311526537432,121.1581038564723,5982.52792930603,150.9709930419922,809912.6792106881,825682.9157079338,772749.7178096041,798458.7349306709,805628.8370400876,799932.8279572251,0.021659905132383226,2.148609093121879,46.8132938262657,West
18030006,10775.339325155412,10779.500475146735,10765.533469895177,10772.317076240519,10774.20898637995,10683.42391802186,0,0,0,0,345.2524127904326,0,48790.083757444256,48808.92519254691,48745.683438807115,48776.39919742773,48784.965651938255,48373.89636163981,0.0034399503955755105,2.449489742783178,4.527939425864954,West
18030007,35515.991106992726,36638.614410038266,32870.50088328394,34700.62827062827,35211.04063601372,34992.71078277299,801.9086819071799,1090.87390301033,120.954825572327,592.0328476445561,3065.803524017334,737.7120361328125,85641.12749869695,88348.15389532768,79261.95128867158,83675.01053418856,84905.78825144844,84379.32075848638,0.03528213056909021,0.9633690799375192,2.4113399296869154,West
18030009,138587.74120465835,153227.63977933757,104088.449723417,127954.76289968715,134610.94511168412,134507.4738067141,17419.48211366691,23696.53661382104,2627.444331451607,12860.4488677195,25289.56771659851,16024.968402862549,3725392.6303960476,4118929.387585235,2798013.3028961807,3439566.3468288453,3618491.928150848,3615710.5043853535,0.12211630967774735,0.5020230386647851,26.881112268758343,West
18030010,261978.96251942278,353718.6630340286,45792.03661208124,195348.29289419058,237058.70226515378,241537.0598447061,0,0,0,0,9141.327819824219,0,92101.73711695684,124353.89087284532,16098.720590143901,68676.95384912111,83340.73113100989,84915.14958255665,0.4551584462085995,2.449489742783178,0.35156157666716664,West
18030012,334288.0354290116,438253.642982622,89290.45018481588,258777.67284407752,306046.7180582765,310805.7712112195,128671.7676585811,175038.2263715182,19408.03431160273,94995.74544721788,97853.96998512745,118370.96882317215,268080.8293396762,351455.5940392456,71606.08637081085,207525.6240074545,245432.82827474002,249249.33015604495,0.39642170960448614,0.48449232263410485,0.8019456304968623,West
18040001,39979.40234729412,41892.7879328386,35779.352085730396,38589.70778647747,39459.648451313784,39261.27844655805,112.1064019855759,152.5035843178534,23.43102076447356,82.76587335213333,8125.447738409042,103.13174438476562,29470.92560386533,30881.38301273918,26374.84708533747,28446.508463805312,29087.78760025802,28941.558609604028,0.051063889526440344,2.287681235879778,0.7371527304949814,West
18040002,3957873.786433764,5246303.350721082,1271535.5553285968,4392457.369419057,5358533.228475003,5463375.455662923,25969.1805449915,34700.88310409855,7520.647601574684,26565.3371730918,15121.015218675137,33102.16501617432,433371.66995506384,574449.6582953105,139228.160561561,480956.8692959179,586738.3901158605,598218.2031493066,0.3717035165724457,0.44333227343722154,0.10949608131530458,West
18040003,295570.4450951905,358546.9357957244,157331.48885058504,249830.5339936091,278463.4507475472,280559.3902871375,81699.54303396228,111139.7112844014,17075.7749367701,60317.1086745439,51458.71574687958,75159.10133361816,29557.04450951905,35854.69357957244,15733.148885058505,24983.053399360913,27846.34507475472,28055.93902871375,0.24439056398189832,0.4783535250021375,0.1,West
18040006,1772365.347155861,2406282.434534259,380861.3822633342,1311950.501871133,1600167.501419676,1631433.10646372,0,0,0,0,31274.02355480194,0,617116.2619834805,837838.5549340718,132611.34502171088,456805.35952775355,557159.0465860744,568045.353601947,0.4380938008076158,2.4494897427831783,0.34818795288103294,West
18040007,12083.735387199487,14252.509488893924,7323.084788641614,10508.55179872947,11494.607509696343,11550.6839391244,580.9466778628693,790.2889496269452,121.4219119601057,428.9011003183149,824.0658206939697,534.439079284668,87832.91435748602,103597.05879056011,53229.225770263794,76383.39475198687,83550.7270410412,83958.32916617922,0.20284566673922677,0.4715935219499537,7.26868898921181,West
18040008,62520.255539831676,83719.51757407359,15986.004041047341,47123.20260659897,56761.667664262524,57779.7742924032,0,0,0,0,2601.8465881347656,0,29683.03410476166,39747.90688118979,7589.74989868609,22372.903277820427,26949.002408475884,27432.373653593877,0.41174307985658487,2.449489742783178,0.47477467659822004,West
18040009,198407.0953479265,261300.3312014086,60975.04838891432,161739.3573498449,192930.77198321,196147.3791290232,2607.208790977812,3457.213873812571,542.6992285304335,1916.98757251558,14041.451400756836,2388.6931915283203,80866.84528188137,106500.89614141159,24852.235226138524,65921.79359243625,78634.80315923704,79945.82921874832,0.3702946114393215,1.1867199093223264,0.4075804100658464,West
18040010,3203853.849995424,3252973.094729896,500278.8071488826,1711390.968807195,2086288.6085701252,2126916.073184914,10881.23160214372,9117.509454237119,2132.880839727761,7534.018565838857,20700.70750117302,9387.884059818462,1387281.6565709496,1408550.4879206847,216622.74398997062,741039.2013514595,903371.393481759,920963.2497436051,0.477081685635818,0.6097831007087295,0.4330040387369514,West
18040011,4805.43486336,4805.43486336,4805.43486336,4805.43486336,4805.43486336,4764.812423411973,0,0,0,0,63.79522705078125,0,3052.4637065208594,3052.4637065208594,3052.4637065208594,3052.4637065208594,3052.4637065208594,3026.6598974718327,0.003455970262744891,2.449489742783178,0.6352107131437739,West
18040012,155660.5105255148,204494.6505653716,48417.157300809515,120174.56597040739,142386.9456305218,144635.3676871871,25056.70712151953,34085.81115399695,5237.02673937565,18498.85654619449,22415.44765663147,23050.797103881836,51392.04037622295,67514.85847693241,15985.14931310907,39676.19099857644,47009.71128892317,47752.03827171945,0.376683465700343,0.442373913599588,0.3301546436069225,West
18040013,287992.7593722984,244850.1115976559,87625.59088778956,211113.8422245929,249339.4132577738,253172.3692397781,63417.73074627975,52546.92301424134,12416.09399760894,43857.62249386888,33536.561475753784,54649.49249267578,162263.83361770364,137955.9606156536,49370.90894736192,118947.92578740272,140485.3689911446,142644.97235438024,0.31655412475827405,0.4208603476217867,0.5634302541889238,West
18040051,386549.729991425,509474.89700733015,130130.29947403309,426811.54940905643,518648.7085787418,528536.9855471654,1768.813489636498,2406.199756496006,369.6943695462301,1305.878974562358,937.8056755065918,1627.21142578125,2413924.3647029675,3181567.0059265364,812637.2265049326,2665351.229912904,3238855.591459673,3300605.8679364882,0.3633884570738508,0.5025298055133164,6.244796406290379,West
18050001,416409.4089239015,521350.54409632843,1271684.898195308,340190.51929871057,387903.0982949613,392039.1143972258,155208.1314191982,211136.8836879592,611030.2538157963,114587.0023543832,103848.84689044952,142782.97112281172,41640.94089239015,52135.054409632845,127168.4898195308,34019.05192987106,38790.30982949613,39203.91143972258,0.6419871247180591,0.8684339603953191,0.1,West
18050002,493407.9634900797,523493.387338633,738605.6694204605,471556.87910956243,485235.53009471914,483259.4553350674,24665.75044849,33553.97449798103,97105.2200634489,18210.22119698137,16660.119886875153,22691.137862741947,49340.79634900797,52349.338733863304,73860.56694204605,47155.68791095624,48523.553009471914,48325.94553350675,0.19232665212133473,0.8672549466163418,0.1,West
18050003,3490335.8492727447,3544540.7089214437,3932108.1607762882,3450966.7857694305,3475611.5891987034,3450060.836387784,64349.37737834284,87537.46909192677,253333.4821626088,47507.8347360556,32896.03726315498,59197.90052032471,3580173.3830435914,3635773.4181480412,4033316.4441447686,3539791.0017036158,3565070.136170349,3538861.7341481084,0.05253277305238153,0.8994565537917847,1.0257389367815608,West
18050004,1099393.8865541888,1111880.8800012043,1201163.5063736925,1090324.5661802022,1096001.9076753887,1087619.254554006,19555.57509342767,26602.36384652121,76987.25513664003,14437.48280958133,11181.0427749753,17990.05645751953,844000.6131085164,853586.8317095635,922128.7731555918,837038.1294620832,841396.6034916072,834961.2717506804,0.03889714981238946,0.887178664858667,0.7676962946863867,West
18050006,74308.97945886519,76912.8489561187,95530.64582070895,72417.78549109008,73601.66185072258,73163.46401944567,4.154270723868164e-05,5.651248852836541e-05,0.0001635471718919692,3.067013466781196e-05,961.2316741943359,3.821701102424413e-05,62272.41094801691,64454.50566347101,80056.59178739972,60687.5525796027,61679.66464621355,61312.446099753615,0.11450209046334542,2.449488732166819,0.8380199997564051,West
18060001,32267.476233158115,32926.96029175512,30700.529152652514,31788.492061801593,32088.33335083355,31863.6757322114,466.4728400771755,634.5648316128373,67.08296558419379,344.3873973317323,383.5165252685547,429.1294250488281,14353.732376096703,14647.094571980993,13656.698034812487,14140.663013052656,14274.043187782463,14174.107410015007,0.022872609666836283,0.48076165668555026,0.44483591689599766,West
18060002,61445.92180806056,63527.035286968836,56501.155293288844,59934.406249497355,60880.60614622444,60513.00706592118,2561.853260517999,3485.008864842904,368.4174068497767,1891.364085826817,1447.2918548583984,2356.7645874023438,48072.96046938608,49701.14478268155,44204.36255108158,46890.407981644916,47630.67892059487,47343.083331888396,0.038078133249310885,0.5255067386601285,0.7823621007680904,West
18060003,635.351505459409,864.2983823240597,91.36922777229172,469.0670764878043,573.1601561976919,584.4923471461224,0,0,0,0,18744.1904296875,0,14334.680407208962,19500.136508096508,2061.455222683752,10583.002594972351,12931.530956708792,13187.205703936717,0.474342673909873,2.4494897427831783,22.561810720577206,West
18060004,7243.240663056282,7284.591174952298,7144.991034353018,7213.207729860264,7232.008170337037,7173.794669439869,0,0,0,0,3385.422438621521,0,21705.428222543687,21829.341068971975,21411.00886484,21615.430153154182,21671.768418069518,21497.323162957244,0.0069384479819532266,2.4494897427831783,2.996646008636843,West
18060005,61388.873152965076,71442.82345591931,37500.489697149686,54086.67533340721,58657.80844785176,58872.35952397136,6041.000861610053,8217.856143320952,868.749942282655,4459.947901070597,7534.282475948334,5557.389354705811,53241.49997343908,61961.11587930364,32523.52126157756,46908.43104664353,50872.89514398673,51058.97155371427,0.19583459132651437,0.48112403300550327,0.8672825748206053,West
18060006,1848586.550980811,2500507.0148147037,299610.7202388371,1375095.82881818,1671498.250793502,1703432.982689154,0,0,0,0,169810.9917793274,0,399078.2025919965,539816.6748056632,64680.827439087974,296859.6582428601,360847.86898855964,367742.03112471296,0.4624087644586034,2.449489742783178,0.2158828875933649,West
18060007,8349.255689932255,8362.518467061476,8317.743070891482,8339.62291681164,8345.652976429807,8276.040672924943,0,0,0,0,1085.841552734375,0,16454.031920834546,16480.169119927188,16391.92942225719,16435.048437479993,16446.93198699944,16309.745738729069,0.003721892929112722,2.4494897427831783,1.9707184127412982,West
18060010,24310.576742338013,24315.772064813726,24298.23255406011,24306.803372537004,24309.165479956806,24104.0365867209,0,0,0,0,425.34808349609375,0,25279.182327301383,25284.584646855736,25266.346309897643,25275.258615239796,25277.71483603516,25064.412998416592,0.003440320084918205,2.4494897427831783,1.0398429702112537,West
18060011,151443.9623793008,201302.2921787688,32979.59117923375,115231.7894345536,137900.3978431586,140257.6502912079,71341.07819307067,97048.60686674573,10259.48497317284,52669.66504992317,38923.39453125,65629.8828125,15911.645095098698,21150.07148291718,3465.041075134591,12106.968863925906,14488.673925855745,14736.341536790093,0.426590631165836,0.5304095957402226,0.10506622281347207,West
18060013,33429.558557680226,34219.309494915055,31553.094814099593,32855.96137467292,33215.029855476634,32990.0524241591,218.1380554343468,296.7434039506924,31.37020295304702,161.0468835819272,287.6792984008789,200.675048828125,67449.02106850385,69042.45902887992,63662.98116741828,66291.70490428529,67016.17805235206,66562.25319783471,0.026452990283274917,0.48821796548432417,2.017646178370126,West
18070102,241158.40802654508,285423.0442637145,431794.9524397142,207231.67525606768,227930.3368395081,229220.372557599,7173.597967849417,9758.58098356473,18047.03484221,5296.121277378408,11672.45855474472,6599.316688607636,158287.97156165124,187341.73559680226,283415.15318312583,136019.64695336326,149605.5268026083,150452.26127365447,0.3076577968243219,0.4783552389937525,0.6563651371600859,West
18070103,115954.55169119121,130626.867520164,177671.9784584497,105298.02869020645,111968.94974416262,112059.171716262,22369.21488059025,30429.88970518559,56275.52619371554,16514.73575997736,11399.449443638325,20578.451419830322,16639.28972464068,18744.743201446767,25495.640165929322,15110.095992402283,16067.362322426085,16080.309028798494,0.21397270571901558,0.6096309774333671,0.14349837485426392,West
18070104,2258372.2429168113,2204161.111571666,2736758.946192201,2015128.5022182409,2081643.31503828,2074383.507118356,217990.3207907007,214095.5295760029,434696.7171101361,127567.0243240696,94070.92110010982,158956.9364013672,4923615.855190728,4805426.8424378745,5966576.051210944,4393305.255538401,4538318.278981699,4522490.726419322,0.11883987465094774,0.5827275583755168,2.1801613399355317,0
18070105,1799853.5258908046,1717102.9334706499,1919900.8024714845,1672671.303533529,1695459.1778295357,1684668.240965479,131250.4940192039,76661.2858845,189670.6447145615,55661.15131652613,39767.04396301508,69357.47064208984,1761463.6870673802,1680478.117111473,1878950.424397044,1636994.18824414,1659296.010309358,1648735.2379120237,0.054647672932832465,0.6008739727907644,0.9786705760934495,West
18070106,392157.5995671415,328864.61220041814,614391.7751824412,242705.5878284765,276965.00327594206,279948.0379860381,158754.9492089752,122162.59457187,270017.3338466674,79239.8618138427,51739.784150123596,98738.09876454342,143513.5812497504,120350.94639320337,224842.1656093073,88820.28076731677,101357.82028667272,102449.4885208488,0.3846588201524107,0.597045870592183,0.36595894458798917,West
18070107,2527.401363488518,3438.142337236198,6358.329623649156,1865.928951920284,2280.006811700056,0,1023.057752762187,1391.713332129559,2573.765492914476,755.3027025872062,274.7414245605469,941.1570434570312,252.74013634885182,343.8142337236198,635.8329623649156,186.5928951920284,228.0006811700056,0,0.7660409373188666,0.6751451046587257,0.1,0
18070201,160230.1692531782,164658.0297381115,178855.4604750917,157014.2081429581,159027.38098337603,157995.9252599552,10130.97743302237,13781.64265211173,25487.08521704486,7479.494304551268,3487.481689453125,9319.943725585938,250252.45631423086,257168.02638281396,279342.0147886209,245229.66833993891,248373.90422665034,246762.94463290757,0.05048691009132927,0.6531760599483182,1.5618310676487477,West
18070202,79957.4768164204,82369.30501362776,90102.55765242744,78205.76270683097,79302.32549124878,78802.36784049678,3622.399069206957,4927.718953595482,9113.078612344572,2674.343456597988,2640.8467359542847,3332.408447265625,318588.4026620275,328198.2668478085,359011.2027191308,311608.7451951473,315977.9699357978,313985.9022056287,0.05492586338668719,0.5614423344632279,3.9844729392036156,West
18070203,504088.559237384,540187.0693302737,655932.8337905321,477870.1621151972,494282.72532622004,492655.0547640945,46656.03169712348,63468.38305250562,117375.2743617533,34445.19797410036,34841.068416535854,42920.99239063263,595155.4625399726,637775.4051624361,774431.400864072,564200.5400757166,583578.1404404233,581656.420519364,0.12570450294926938,0.5580325820747739,1.1806565565391132,West
18070204,354817.32752943854,360996.1036727144,380807.64620707365,350329.6739881526,353138.9188505396,350590.2730387934,1995.671525491073,2714.805357838756,5020.626150999795,1473.363642091598,2784.821361541748,1835.9084396362305,557484.6840402542,567192.7022195631,598320.357700822,550433.7371939834,554847.5886690627,550843.1872634579,0.03242590833149482,0.4830657524231671,1.5711878783428375,West
18070301,117327.33357122523,118650.41324930608,122892.71766539509,116366.37899623153,116967.93093823256,116072.6386072912,0,0,0,0,424.89166259765625,0,494507.9118359646,500084.39046959154,517964.73458308954,490457.7077975265,492993.1118303746,489219.659152463,0.021514318993854035,2.4494897427831783,4.214771586330874,West
18070302,46901.31325383675,46903.095693719086,46908.81088435312,46900.01866531879,46900.829070157204,46504.48182244143,0,0,0,0,180.62740325927734,0,108941.45532292525,108945.59553950632,108958.87067280056,108938.44827797478,108940.33067052143,108019.7030167561,0.0034727032593574974,2.449489742783178,2.322780488753443,West
18070303,475980.72484386596,596974.6177333413,984927.7657020041,388102.69539132994,443113.8277091535,447917.4097022552,52879.12101602196,71933.94264458204,133031.0596828277,39039.57807465193,23571.12040257454,48645.89225578308,656524.7520597117,823412.7821497096,1358520.2581183205,535313.7481545695,611191.12746931,617816.7539125952,0.3977434759143003,0.6257156402117047,1.3793095345931685,West
18070304,634310.092681861,656123.6876104686,726066.4972760519,618466.8489294435,628384.6268295329,624613.9635976048,27285.80936229094,37118.16323655097,68644.48697377865,20144.55733117179,15376.810614466667,25101.448389828205,967236.6184273298,1000499.3838127643,1107152.6555874825,943077.8265543869,958201.0889288469,952451.3403504214,0.062311314016150185,0.5967625456757285,1.5248639893744345,West
18070305,51312.61563552691,52229.304659018606,55168.56369002427,50646.82314731591,51063.60534979998,50696.7155463052,1450.497688258505,1973.179877208471,3649.100832785307,1070.872901437082,2087.5634689331055,1334.3782958984375,19977.87900461657,20334.77958684878,21479.140687084764,19718.66162489577,19880.930188082,19738.086561588487,0.03322628191887116,0.4813626090733229,0.38933659407501814,West
18080003,25713.66629302527,31674.29429254283,20188.20440256146,21384.454046125342,24094.515585167763,24312.01151647825,790.7390526692084,1075.67933370722,526.6013369686125,583.7865378662866,2105.2610473632812,727.4365539550781,59671.935091468906,73504.35412648147,46849.37608643214,49625.430277634696,55914.483515270054,56419.21134940774,0.1642965383641677,0.6086811774057902,2.32063115432336,West
18090101,40685.003633944936,54895.330880832465,6315.537415835161,30364.02357032403,36824.896708542576,37517.70011601484,0,0,0,0,420.5231399536133,0,68581.10495986542,92534.89277812972,10645.852174189695,51183.43619226818,62074.27505789021,63242.1064198313,0.4646929676549992,2.4494897427831783,1.685660534208378,West
18090102,80743.18050489695,60979.37900927497,7678.381820521447,40174.590441171764,48905.031102689885,49848.43498437087,0,0,0,0,4999.332626342773,0,248624.37247068578,187767.6819891137,23643.270549661916,123705.58448706835,150588.35424284803,153493.28313718503,0.5039066848757883,2.449489742783178,3.0791996415797254,West
18090103,421.7684448423979,422.05371557803034,417.1709990662828,419.7856425587956,420.4880934240298,417.0426935321515,0,0,0,0,152.3391628265381,0,851.5614294544496,852.1373984686973,842.2790671895085,847.5581002163391,848.9763667325643,842.0200149882644,0.00520923737468214,2.4494897427831783,2.0190259367854138,West
18090205,160443.1902398112,215092.0712293048,28267.988614015398,120751.6334309916,145598.3157828041,148228.9942503617,11026.82306613556,15000.30338535724,1416.460459621656,8140.878890088566,13961.421139717102,10144.072509765625,468609.6074566684,628223.6778959032,82562.87492291711,352681.6903682323,425251.888243756,432935.36301251553,0.45114228674878637,0.4901565868832313,2.9207198308401066,West
18090206,111133.37247274551,115103.24861225946,99322.3252076026,107246.06574030632,109374.86012815611,108781.1078840152,3701.322527559613,5035.082226988998,475.4567092580053,2732.611038491917,145393.735008955,3405.013671875,502012.66071361443,519945.4205962468,448659.6927305474,484452.88409259694,494069.09307625546,491386.99014665204,0.04827948592466199,2.1695260236743965,4.5172089134317295,West
18090207,23697.57406323832,29959.012652338013,8553.496215772431,19149.88267479131,21996.710878257192,22253.19571616952,1670.73402429277,2272.777670442243,214.6156394966666,1233.468902850946,10471.396392822266,1536.9836730957031,2369757.406323832,2995901.265233801,855349.6215772431,1914988.2674791312,2199671.0878257193,2225319.5716169523,0.33669277999863173,1.300115866006857,100,West
18090208,303447.9732306314,379438.1368746742,119635.71921889196,248246.9108084764,282799.6301637578,285778.9253131135,55856.56241000275,75984.29549362662,7175.104886478059,41237.76241526897,32922.74171638489,51384.97265625,30344797.32306314,37943813.68746742,11963571.921889195,24824691.08084764,28279963.016375784,28577892.531311348,0.31696573944565054,0.5274490911091728,100,West
18100100,38100.90898339015,39324.90582907965,35241.47543945447,37211.91840472046,37768.421306039054,37535.63584160157,1121.202107814621,1525.223690690402,177.3492942902432,827.7606810489692,21051.846864700317,1031.4444580078125,3810090.8983390154,3932490.5829079654,3524147.543945447,3721191.8404720463,3776842.1306039053,3753563.584160157,0.03563462707732859,1.9173820205961243,100,West
18100201,130630.22241137852,130086.06504801984,84116.3332505539,109773.15597069763,115015.96714726987,117156.2159486719,14289.26446792978,18897.03835242752,2220.159861211065,10362.38145806233,25925.064113616943,12912.211814880371,2649133.8455420146,2638098.5302683813,1705848.931920087,2226160.052749073,2332482.374469576,2375885.849048526,0.1490804279137926,0.5667945272222512,20.279639708484964,West
18100202,18353.536276048653,18377.056416178562,18298.589829182907,18336.453566188648,18347.147242620747,18193.71272363468,0,0,0,0,3383.2427673339844,0,854854.4436772024,855949.9435309392,852295.1976789937,854058.78063907,854556.8610460135,847410.3265364823,0.0036017628716025337,2.449489742783178,46.577097231817206,West
18100203,10038.320530758216,10036.090038160171,9963.280540496722,10004.249351742135,10012.455411146155,9932.950098382988,0,0,0,0,3264.001838684082,0,317946.71907560603,317876.0720185313,315569.9550910329,316867.5724643768,317127.4854305003,314609.28995500476,0.0041869238249560075,2.449489742783178,31.673298147971256,West
18100204,674850.436054747,549854.8395913674,96943.03027262911,378743.6988318695,421859.5289419156,466825.7675225192,36287.6803366837,29334.05200202144,4256.693424217703,19867.70492630576,119966.5715970993,24756.47236251831,67485043.6054747,54985483.95913674,9694303.027262911,37874369.88318695,42185952.89419156,46682576.75225192,0.45089280011996563,1.0508844617136481,100,West
2080107,42143.05447196183,41797.06970061188,42617.846029724446,26251.782635699652,60026.50883887862,142079.3484209346,15297.10582678273,15146.20662335985,15504.18334519126,8366.221984375201,9590.869506835938,58909.79296875,4214.305447196183,4179.706970061188,4261.784602972445,2625.1782635699656,6002.650883887862,14207.934842093462,0.7101893402154171,0.9326512662479578,0.1,Southeast
2040301,474222.9433697792,471836.6003305147,339817.4281907283,364616.88821433694,365628.16061623255,537533.2002253851,13767.00097783198,13631.19558401431,6118.061315836221,7529.384155661352,23997.702148914337,17481.711244189555,152008.991352279,151244.0650586638,108926.20280271734,116875.50377386504,117199.66037561487,172302.67056250267,0.1870982328983294,0.4777543491285446,0.32054330874866327,Northeast
2080203,94298.95856088185,93622.54119383832,95227.19957606646,63230.73491474538,128164.5041941229,289578.7070193678,42705.6513968963,42284.37897775908,43283.75946605834,23356.37627270838,57754.74674797058,164461.24153137207,15611.067829757427,15499.087829561297,15764.736901734019,10467.764509214643,21217.464104334984,47939.37182682846,0.6445636737864092,0.8221409681417333,0.1655486769737602,Southeast
2080201,59948.63020561706,59461.88023168636,60616.59249037818,37591.93478851608,85108.03509191748,200538.8051971085,25915.00915757205,25659.36901996331,26265.82164763724,14173.31629881019,14295.368392944336,99799.78201293945,25599.113909156178,25391.263154515193,25884.345490861575,16052.413831911486,36342.61996362209,85633.57827925571,0.7045868664603834,0.9482269927582403,0.4270174951680146,Southeast
3020201,259630.85439936796,259621.26519874416,335571.5124618521,307443.21474789915,459294.3262660537,325207.7381923642,22473.44740005751,22467.89483962666,67719.08625184043,51064.40955660729,113937.19259166718,62689.890563964844,97485.23355391377,97481.63303630747,125999.15114889895,115437.64189198762,172454.1359678348,122107.79949310927,0.22648525262309638,0.6008526638432157,0.3754763037676584,Southeast
2080103,558001.968652839,557700.7651331649,558415.3073317398,544167.5244647249,573570.7446374795,640596.4891001803,23614.86802296975,23381.91776336159,23934.5434127536,12915.33380556083,22004.316925048828,90941.83984375,237074.31302646533,236946.34283725568,237249.9252802792,231196.5714838712,243688.90773861756,272165.65731343534,0.06089296230716732,0.8777508288210037,0.42486286132434986,Southeast
2080207,34699.88120346083,34646.72254030919,34772.83032312256,32258.274414529293,37447.57591548343,49815.94800447993,136.6638647011873,135.3157359405171,138.51388876972,74.74356536979134,2433.228652715683,526.2982273101807,16497.924313482014,16472.650232682157,16532.60769028834,15337.071808803732,17804.305137373205,23684.799811369274,0.17064081445401927,1.6117985654629163,0.475446132416055,Southeast
2070004,144165.6795336479,143171.13310614118,793093.8763639047,98485.6122531511,93957.88999578013,59169.28042026218,3211.949896217609,3180.26542686362,23885.6409344061,1756.66470107039,2864.6771368980408,3063.6662454977213,24211.3692344785,24044.34383110171,133193.2034057292,16539.800112329733,15779.408625819313,9936.964888089116,1.2685742482994458,1.3622269561898004,0.16794128334010058,Northeast
2070001,4022.553079136949,4022.4232281793834,4107.27908630854,4016.588952863948,4015.9242777996833,4026.189306769482,4.882318061659978,4.834156146935449,36.30732107175903,2.670214690589131,1.8593858480453491,18.80200958251953,2041.4573711677235,2041.391471429607,2084.4560658940004,2038.4305597613707,2038.0932352357074,2043.3027672526575,0.008809140138901224,1.1784776703459245,0.5075029045000755,Central
3010203,12681.718735246342,12681.536892264403,12669.246808971244,12673.366586548502,12691.117936999513,12568.61356726502,0,0,0,0,1361.7791956067085,0,1268.1718735246343,1268.1536892264403,1266.9246808971245,1267.3366586548502,1269.1117936999515,1256.861356726502,0.0036219230773268107,2.449489742783178,0.1,Southeast
2070007,197202.5594966682,195575.6315799618,1258751.1912763151,122476.86078597138,281292.9468074502,667142.2468751221,84745.85107289586,83909.87062240412,630211.8759048989,46348.80678469913,116385.74153900146,326359.8125,19720.255949666822,19557.56315799618,125875.11912763152,12247.686078597138,28129.29468074502,66714.22468751221,0.9684733725433492,1.0564066466968913,0.1,Southeast
2070010,3959255.051863088,3958640.1341997613,4360480.574800281,3931011.543610637,3981269.5641150414,4231218.549047023,23620.46637701418,23387.46089211207,175653.4182706158,12918.3956313214,13860.893957976252,98510.39539053068,395925.5051863088,395864.01341997617,436048.05748002813,393101.15436106373,398126.9564115042,423121.85490470234,0.044253503439693205,1.139762357020918,0.1,Southeast
3010204,198865.9016373062,196985.6476138757,69907.19198301746,112508.1987899005,296067.9631736206,742179.217881611,95890.790839802,94944.87047308913,31013.67020536215,52444.14541595693,138244.41994476318,369279.41522216797,84428.16319147138,83629.90470560419,29678.973440927533,47765.15475808592,125695.124728712,315090.8607696293,0.9074497604379125,0.9432215200957157,0.42454821312430113,Southeast
2040303,16308.632679297472,16281.196940351714,14763.375117141148,15048.494020839586,15060.120599736645,14416.81220515915,8029.306951706713,7950.101379308243,3568.227556118593,4391.351220245399,1397.030644416809,2895.934581756592,6291.751315787186,6281.166808182776,5695.602239950255,5805.599029550996,5810.084478730714,5561.90080094282,0.0519796593135897,0.5795955273686192,0.38579269271139266,Northeast
2060003,435377.6672188203,433847.93735789903,355275.7279005022,365116.3289492206,365764.59014438477,353398.47363677,172281.5895685007,170582.1076583476,83290.84661623302,94223.4458251269,31383.210314020514,83837.75202403963,169325.38987793477,168730.45328699052,138172.45502095233,141999.623327153,142251.74255117084,137442.36059020902,0.10112760614136652,0.5218026723528869,0.38891611266967446,Northeast
2040205,279290.0674314054,277637.22521288134,186197.3702645811,203374.11051071645,204074.54363905516,171178.7763644196,46495.98423921614,46037.3218580109,20662.83593454616,25429.36748507191,21854.339663971215,16762.500119686127,93221.05808962304,92669.37466642412,62148.70449638396,67881.93344720805,68115.72306223186,57135.81869178845,0.21188021056288783,0.4485102326877239,0.33377863719596274,Northeast
2070002,322820.826632341,319747.5628443776,2328084.204136414,181664.12170422598,429541.2190770602,54221.69165469396,174760.4720366411,173036.5370440516,1299604.918965311,95579.18469733422,107747.72534179688,22223.96600341797,149615.92428666205,148191.57627600365,1078983.8860543706,84194.83266318942,199077.01489354775,25129.81766985756,1.4085882966220147,1.5602289937673568,0.46346428713243726,Northeast
2040302,62130.88095177004,62111.913719702476,61062.593385558386,61259.705496297975,61267.74333411705,62140.72974246261,448.7369958261123,444.3104032416523,199.4189191654028,245.4211510460923,459.9305410385132,569.8184204101562,22084.109808090914,22077.368000646387,21704.392354267104,21774.454864751333,21777.311873863335,22087.610511312883,0.008357916203801094,0.3596767110177909,0.3554449811396367,Northeast
3010205,70653.99759471334,70652.64205077675,70561.0259338902,70591.73671225202,70724.06370784849,70029.45645347788,5.34734037343673,5.294591218667216,1.729474221300804,2.924542530905175,13630.989432811737,3.590352773666382,27534.464440488435,27533.936173474678,27498.232592665867,27510.200844477942,27561.76980134954,27291.07544014323,0.003604563613198334,2.4454228110758534,0.3897085144202611,0
2050306,4133545.3111253013,4094318.104823866,730211.6060191119,2331818.037751363,2348441.545136258,1531050.636973823,131037.6920307401,129745.0629824929,18889.81246231489,71666.52517562768,181754.8523695469,44895.32116031647,413354.53111253015,409431.8104823866,73021.1606019112,233181.80377513633,234844.1545136258,153105.0636973823,0.54024164184316,0.6377132241750573,0.1,Northeast
2040206,1549606.3006474061,1534869.510691082,719589.0677622202,872737.3902728033,878982.4726981517,1952233.705292229,21570.7284943548,21357.94276979307,9586.041271314041,11797.36252020262,148263.81021881104,27391.097567403132,595393.6915059622,589731.4844218931,276482.3498996396,335325.3896120016,337724.8911353458,750092.2214827654,0.3956138651732241,1.336578223406685,0.3842225546303046,Northeast
2040207,35572.2416982174,35334.220107889094,22166.199924075372,24639.778456993197,24740.64604450841,20045.39639415606,16353.98855881313,16192.6636732919,7267.719739572452,8944.2473734745,7684.316383361816,5895.858375549316,12564.124642529443,12480.055357442812,7829.10734330431,8702.77589825012,8738.402355325381,7080.039007429433,0.24785964404794966,0.4485559586116502,0.353200249484391,Northeast
3010105,3690.7369628399997,3690.7369628399997,3690.7369628399997,3690.7369628399997,3690.7369628399997,3659.53755115302,0,0,0,0,46.48048400878906,0,1533.1450750289002,1533.1450750289002,1533.1450750289002,1533.1450750289002,1533.1450750289002,1520.1847300210338,0.003455970262744931,2.449489742783178,0.4154035062550636,Southeast
3010201,34034.866612409736,33883.41606640966,23647.44322164004,27078.659300605046,41863.12713864417,77648.97484117254,5.047592061484296,4.997799791632305,1.632527525897723,2.760605578017974,4999.654345035553,19.438488006591797,15234.462966153355,15166.67166964213,10584.912880867098,12120.771236921377,18738.497415133228,34756.723011404276,0.4946807227982231,2.429719103137011,0.44761341772377006,Southeast
5070202,28679.21180609495,28640.24361034865,29469.14666702855,26889.38103072009,26689.912436127954,39732.70352108835,2788.299082057749,2760.793741168325,3345.86730440688,1524.963567845758,1444.0372314453125,10737.85546875,8499.301091305208,8487.752572089546,8733.404255331707,7968.871218781227,7909.757193780799,11775.08687060653,0.16268478292905889,0.9284715565953804,0.29635755503918426,Southeast
3010106,309209.31110679737,309209.2937121623,309208.4675124863,309209.2224396394,309212.47527943674,306595.778028558,0,0,0,0,17343.66421508789,0,30920.93111067974,30920.929371216233,30920.846751248635,30920.92224396394,30921.247527943677,30659.5778028558,0.0034560935305998413,2.449489742783178,0.1,Southeast
2060002,57185.62841630852,57184.15058303804,57108.243961720626,57117.7507171307,57118.37698585085,56626.5708753729,90.29464478741241,89.40392793377619,43.65363372889768,49.3835272401119,259.1704158782959,43.94027328491211,21970.831999358037,21970.264212880767,21941.10073823181,21944.753252539307,21944.99386622526,21756.04098192877,0.0037431499322365777,0.8632947658405115,0.38420198584531545,Northeast
2080111,17542.643076473163,17486.700913571367,17619.41196593937,14973.188605074598,14996.895492355303,33607.49767397022,2370.486864551328,2347.103056945127,2402.576237723596,1296.455652752257,1332.1769723296165,9128.843907356262,7598.2949682042545,7574.064579828101,7631.546095984879,6485.379833583462,6495.648065203493,14556.511202837659,0.3658442520004988,0.9460372062272755,0.43313284862954887,0
2070008,9386888.042161057,9385759.949517101,10122953.352993902,9335074.123323934,9414314.416723693,9526173.752213739,69836.04705587299,69147.14524723915,519335.2319160393,38194.4061050918,72330.85958957672,208939.4150390625,938688.8042161057,938575.9949517101,1012295.3352993903,933507.4123323935,941431.4416723694,952617.375221374,0.03128298631362439,1.132715460377469,0.1,Southeast
2070005,34650.55891435978,34644.636526663126,38514.83740616892,34378.54037308103,34681.67292067005,36074.39836675028,140.4255887200824,139.0403522107717,1044.273820746808,76.80090997748381,399.28358912467957,540.7847897708416,14943.68968475379,14941.135546329922,16610.23072900612,14826.376694812827,14957.10817120012,15557.74658900233,0.04508072123133425,0.9413486191559609,0.4312683590959588,Southeast
5020006,61050.5579552645,61025.15672976623,58833.89050930443,59883.8656242923,59791.82702244354,58664.63130072007,2718.410529454995,2691.594608318271,378.2880254732603,1486.740445651127,3603.728106021881,721.425048828125,15588.060162773258,15581.574459046105,15022.07769404945,15290.16820476745,15266.667956596626,14978.860681545655,0.017131331021588304,0.6570227171296038,0.2553303472540839,Northeast
2070011,572830.6746162856,567958.896641801,3751600.4222139083,349067.21873820876,631171.4902692883,1301292.630559581,165943.8476772132,164306.8847960664,1234040.15908197,90757.23750163148,93430.60299301147,220546.52880859375,57283.06746162856,56795.889664180104,375160.0422213909,34906.721873820876,63117.14902692883,130129.26305595812,1.081548643427852,1.3605772425203917,0.1,Northeast
2080208,262963.01484517875,262797.39824725495,263190.28890181653,255356.15293638545,271523.49818616104,308748.2864211182,7971.060681053124,7892.429682429815,8078.965240491176,4359.495440755611,6965.940333425999,30696.88760934944,26296.301484517877,26279.739824725497,26319.028890181653,25535.615293638548,27152.349818616105,30874.82864211182,0.07128036212205754,0.8871992776133227,0.1,Southeast
2080110,4055.598973779805,4039.306617276965,4077.956817142175,3307.282031881642,3314.186324442298,3216.278760732782,157.4343315695237,155.8813113123415,159.565526258433,86.10325252285851,750.674388051033,89.24150967597961,874.7757544193556,871.261561190887,879.5982478219217,713.3669165076385,714.8561435669527,693.7378911309802,0.11664544443960896,1.0973381016353687,0.21569582201665946,0
5050001,977156.9585884344,967764.8587305851,142608.9056048153,545772.6194105678,498735.5740697209,3691437.325280101,4254.524041803201,4212.555038246493,525.3100498286278,2326.864504608905,3783.8955841064453,16384.349166870117,283551.95018780296,280826.5454228419,41382.33161313978,158372.60251057864,144723.3665099099,1071183.3379268623,1.1346316702393615,1.0747455147515599,0.2901805566604283,Southeast
2040202,801973.5844767344,798759.7820759648,620963.24344369,654361.8633613973,655723.7923127546,710429.7073323139,188369.5071423473,186511.3250196105,83711.49218238941,103022.1748927835,75979.96400013566,128549.53548486531,80197.35844767344,79875.97820759649,62096.324344369,65436.18633613973,65572.37923127545,71042.97073323138,0.11001828270231058,0.38936016766483456,0.1,Northeast
2080104,52629.93093246363,52336.807631326454,53032.18120556217,39166.61564913813,67781.05206219928,137154.3236652498,15789.28884693812,15633.53447505915,16003.02906609348,8635.404433015305,9551.824516057968,60805.2086725235,10154.624891610365,10098.068534470962,10232.236633892626,7556.960139302554,13077.941510764731,26463.092092413182,0.5302342241952828,0.9371185179933715,0.19294391445508635,0
2080102,38805.28420772978,38772.83125517395,38849.81908086266,37314.702154242994,40482.730570005726,47884.56569752544,67.65321671013685,66.9858475603019,68.5690409442976,37.00058268297196,953.2890625,260.5353698730469,19163.74351935127,19147.716834534414,19185.73678402668,18427.629024875314,19992.13976770864,23647.489106138622,0.09477307937964234,1.4756382367628642,0.4938436584245906,Southeast
2080109,13324.04053179594,13309.71302272199,13343.702034021995,12665.97011863214,12672.041758072068,12338.4687039849,233.7267219411121,231.4211108955375,236.8906896951029,127.8287318909751,292.5405888557434,113.73892974853516,4941.989319580585,4936.675136045142,4949.281922284413,4697.905931690357,4700.15794955182,4576.433132994507,0.033782986056772726,0.339636210510603,0.3709077068466751,Northeast
2080105,43872.77693094721,43734.299966235645,44062.807531233804,37512.45338056086,51030.45173156372,83642.99618096715,10834.77394617112,10727.89367899786,10981.44470380962,5925.704182910597,9888.4609375,41725.1640625,21157.869744514283,21091.088524200957,21249.512967706283,18090.57137350288,24609.69481005309,40337.260188093605,0.3302315021731281,0.8808246087215285,0.4822550844642303,Southeast
2070009,170291.9929248477,169235.6437777408,859545.6348827475,121773.29256361183,122220.3815424361,91118.6304712748,56869.5420944755,56308.54913945161,422909.9165501758,31102.8255082823,26947.263370633125,15092.317349672318,62391.851338992084,62004.82445759637,314921.6974303134,44615.49269695503,44779.297868431386,33384.188821404125,1.1631013004059045,1.5591664928297106,0.3663815912150755,Northeast
2060005,23701.440606030745,23689.74893818873,23089.22449393456,23164.43583795452,23169.39047390845,22754.7993998596,29.75653430963905,29.4629992204009,14.38602314514499,16.2743053711668,138.7063580751419,14.480484962463379,9345.171148461564,9340.561275213322,9103.782262339224,9133.437121461733,9135.390670266526,8971.92277782858,0.0158685899300682,1.2005726359056998,0.3942870521584971,Northeast
3040101,68494.73442747923,68494.61764166807,68490.56443615357,69013.89260117486,70725.05053486458,68659.95701791346,14.29724600386331,14.29355610708281,14.15783961230509,30.67711101323606,1253.8259353637695,37.661155700683594,23305.551127370298,23305.5113906268,23304.132274565727,23482.196346326014,24064.423272876622,23361.768638992868,0.012736588798302778,2.210697763779407,0.34025317890743445,Southeast
2060004,981214.0487345972,972191.2722358698,508750.30592153757,566792.9356328056,570616.5622914641,511091.3568722809,19734.19210392117,19539.5230009944,9540.645473145196,10792.93257778505,77428.38096618652,9603.2919921875,366685.35829691903,363313.49459650053,190122.9282755259,211813.79429973272,213242.70567042904,190997.79253961964,0.33193856280055395,1.0798147610063913,0.3737057768076266,Northeast
2080106,1129340.425094251,1118473.781685042,1144252.614818032,630229.4853563468,1691021.567220584,4269768.533944041,91973.73453649142,91066.45420290805,93218.78656935606,50301.84719759619,323591.05101013184,354194.6748046875,533034.2316828276,527905.3150232512,540072.5944435166,297460.2538315657,798140.5445282714,2015276.1199214426,0.793389096156109,0.8015837772417538,0.4719872058403845,Southeast
2080108,29060.8296003579,29042.742596993925,29085.650220262447,28230.083535902995,29995.720746091985,34058.14689669054,0,0,0,0,531.2965698242188,0,2906.08296003579,2904.2742596993926,2908.565022026245,2823.0083535902995,2999.572074609199,3405.814689669054,0.07042695196870341,2.4494897427831783,0.1,0
3010107,60360.61362712544,60053.75662026095,39314.445522031354,46266.50164664922,76221.61021960131,49892.41833452685,1540.752737379295,1525.553891050136,498.3210258941387,842.6613223385143,19505.979286670685,1034.5041961669922,6036.061362712545,6005.375662026096,3931.4445522031356,4626.650164664922,7622.161021960132,4989.241833452685,0.23587331011928422,1.8109088146846832,0.1,Southeast
3020101,21982.874238640943,21948.309105443524,21045.660114608538,20412.796216611252,23829.323136508327,20698.39961999497,180.8734488556583,179.089212042386,131.1860655038445,98.92246555270333,3817.7018756866455,121.4434585571289,9048.776462418486,9034.548470195914,8662.992464669751,8402.487678901287,9808.82736134561,8520.05016532003,0.0574999834574774,1.9881945678267703,0.4116284505923604,Southeast
2080205,35476.01323596476,35475.62121652405,35476.55120045436,35458.007566313034,35496.27615606834,35289.75587549269,13.09226364298176,12.96311423543374,13.26949412672412,7.160359950140122,565.3990297317505,50.418853759765625,3547.6013235964765,3547.562121652405,3547.6551200454364,3545.8007566313036,3549.6276156068343,3528.9755875492688,0.0021777843070880498,2.024412577778071,0.1,Southeast
3030002,327092.80572975567,327092.3476035809,328001.52148418233,329128.52502884105,335839.2229806397,327246.1730946993,206.9122247860894,206.8588239596731,312.6845766242142,443.9644731610092,2383.8738226890564,545.0387573242188,135154.77436657262,135154.58506879935,135530.25579142047,135995.9337492369,138768.79469765813,135218.1457744454,0.01036028922819989,1.2349702743724797,0.4132000826647273,Southeast
5050002,15792.567867669679,15758.603602363075,12774.625989745973,14232.57038396471,14058.715676624159,25504.47861049195,1444.413735862654,1430.165231300888,178.3431105580442,789.9720436234445,1258.6075439453125,5562.49755859375,1800.4974655981248,1796.6252280926185,1456.4244340268583,1622.6434560864527,1602.8224261835333,2907.7442936687103,0.2828501976954881,1.0781451968621063,0.11400916435408061,Central
3010202,28490.8327096196,28376.27254247383,20633.58167098766,23229.02089455634,34412.28270125986,61458.18590371001,197.4996802683878,195.5514330138912,63.87672784700642,108.0156067218615,3365.0765767395496,760.5794892311096,11225.42217762718,11180.285334697468,8129.655866996914,9152.262026594848,13558.480559505424,24214.598782411358,0.45300582513415755,1.6508783594857428,0.39400119652652504,Southeast
2040304,2433.727811506974,2433.43449882411,2417.2076207379932,2420.255797816232,2420.3800963837166,2498.178640918907,8.89846112240919,8.810681727387287,3.954480053509636,4.866704977556221,160.05808436870575,34.268343925476074,1190.0752358091622,1189.9318080361077,1181.9969824268196,1183.4875188943827,1183.5482999917224,1221.5912236069137,0.01259896134660523,1.6684753228252667,0.4889927419912512,Southeast
3010103,106818.23820208665,106798.539766258,124922.42379436162,184496.29147674813,440971.8840417677,218061.3739807669,73150.13957297335,73130.91753364203,92784.48090604803,156898.6442675059,218819.97030854225,192732.24185920664,41142.52320155389,41134.936076295555,48115.600911057445,71061.30077077493,169846.42581445377,83989.35696162013,0.6483842962227835,0.47311887287773224,0.38516384368479684,Southeast
3010102,175840.0911828922,174217.5898633207,64564.23732923274,101329.17230721754,259742.39556116442,644691.9995644168,86955.1544186686,86097.38016490635,28123.6441808294,47557.10869689457,44137.6505279541,334867.9169921875,17584.00911828922,17421.75898633207,6456.423732923275,10132.917230721754,25974.239556116445,64469.199956441684,0.8912019821217426,1.101758525255424,0.1,Southeast
2080204,139670.1338108811,138402.2688577557,141410.0126320741,81436.39553629111,205204.2466106003,506012.571330811,61322.66618016436,60717.7451197274,62152.79350480834,33538.30742536574,81887.1265258789,236156.140625,56689.10197778863,56174.502874453414,57395.28135366835,33053.28064990142,83287.9882404562,205379.61463584303,0.7622598208018311,0.8239665504327979,0.4058784826149585,Southeast
2060006,225336.88661811702,224425.89122482835,177634.02117981855,183494.36453297432,183880.42156011943,176802.9943603964,54688.98729323327,54149.50454976528,26439.80743181303,29910.24661637537,18319.650446414948,26613.41764711678,84306.26984271407,83965.4351724356,66458.98923868478,68651.54499605355,68795.98219137314,66148.07355889432,0.11844589143973071,0.44275897224041333,0.37413435105096493,Northeast
3010101,1137155.2631720272,1126409.5835615732,400149.50991920504,643600.2575895003,607270.6477308051,4242452.854497056,95.38214275056369,94.44123997295281,30.84915968300574,52.16595796829965,6439.697733104229,367.32060527801514,463387.7918133721,459008.9555123973,163059.87739918038,262265.4195373488,247461.1986582204,1728788.4282696492,1.0615500228988517,2.186164896610995,0.40749738124658486,Southeast
3020102,4538.173884024794,4537.970181767971,4536.781469265065,4531.790825308544,4558.732904765174,4497.094593589714,0,0,0,0,2066.837844848633,0,1968.2816229767454,1968.1932739141248,1967.677709496748,1965.5131840648296,1977.198412800982,1950.4648503024068,0.004430974478458915,2.4494897427831783,0.43371666077085735,Southeast
3010104,101915.69506476348,101790.19082324185,239127.3038714873,392548.2989977407,1053610.65004858,518332.7858437017,23539.2514670302,23537.13496772375,70572.4006582907,119337.9957279827,114133.64809417725,147189.056640625,13555.96982041228,13539.27630025015,31806.70565469357,52213.4779229639,140142.43993967172,68944.27396449949,0.8951262318293184,0.6287932918341013,0.13301160151827435,Southeast
2080206,2604913.3413467202,2594169.0284742843,2619657.6580572203,2111421.110796928,3160271.394270257,5697407.148489838,112261.2781682572,111153.8701629361,113780.9634708032,61397.41621980173,281999.6133184433,432322.8679237366,260491.33413467204,259416.90284742846,261965.76580572204,211142.1110796928,316027.13942702574,569740.7148489838,0.4152424441934321,0.7687769205654404,0.1,Southeast
5020004,15251.600996781857,15222.445525551999,12707.314936597022,13912.474083709221,13763.234408648228,12973.63796278285,2351.899316089096,2328.698866451931,327.2851317911969,1286.289837182877,3387.72021484375,624.1585083007812,3249.3892266911316,3243.177585425838,2707.3231370176954,2964.0851090821984,2932.2892476221195,2764.063879992194,0.07737994132819472,0.6829023131778743,0.21305233643187785,Central
6010207,1204048.393151322,1207092.766420713,715948.62680732,1130831.1640685159,812231.0503182141,669953.0566880944,23522.70322770247,23582.49247704105,13936.78322063153,22084.7707607721,9976.819351196289,13034.51171875,120404.8393151322,120709.2766420713,71594.86268073201,113083.1164068516,81223.10503182141,66995.30566880944,0.2624689331946181,0.34228449637230124,0.1,Central
6010205,221919.718212364,219949.4012300815,91108.65333434715,131418.7459869102,121328.12177494464,791196.0024560327,83317.57768634263,82495.77794422797,28757.68508061872,45570.55043202151,25882.382536172867,320835.1575202942,48696.125310373696,48263.776155268104,19992.08738803086,28837.382159014487,26623.183686504042,173613.14258607934,1.0059050269407022,1.1463155040535882,0.2194312686706568,Southeast
5100204,5246.540906440449,5243.577270303482,5539.017357299881,5110.419460133524,5063.866687750216,4972.16255852611,0,0,0,0,31.45711898803711,0,524.6540906440449,524.3577270303482,553.9017357299881,511.0419460133524,506.3866687750217,497.216255852611,0.03823728485131488,2.449489742783178,0.1,Central
6010102,93377.92187309664,92679.80245463422,46889.57145696717,61268.680208726204,57625.798861270756,54374.76398333955,15743.06451477976,15587.8280975798,5434.727606674126,8612.081528466138,13321.742668628693,11785.987365722656,18611.73010229544,18472.583610973306,9345.84997249552,12211.838911112049,11485.75373944085,10837.769906780322,0.2981167663872758,0.3465587558510946,0.19931617376952696,Southeast
5130101,33683.466684560546,33672.37727594067,33225.8421342827,33174.1240155341,32999.93167494707,32538.00461190059,0,0,0,0,643.588996887207,0,8213.933338685878,8211.229113968688,8102.3386033419865,8089.726802312672,8047.248862405513,7934.60493122316,0.013019149393278086,2.4494897427831783,0.24385653102775465,Central
6010103,457059.0852954927,458161.3039190156,280342.0387983651,430550.7085897801,315201.19400730083,263510.6544697622,144.8640589482178,145.2322697468157,85.82937796215586,136.0085829582117,1122.9172744750977,80.27275848388672,141420.6952078046,141761.73760040646,86741.88370461234,133218.61984564742,97527.81078189009,81534.00982213195,0.24750753093852565,1.4381793693938827,0.30941447125238714,Central
6010104,68194.8618770256,68272.66802648647,55720.31949623207,66323.62265468591,58181.04424029119,54228.44480671905,30291.46677096793,30368.46064544184,17947.1552115134,28439.76277592622,26652.950927734375,16785.25,6819.4861877025605,6827.266802648647,5572.031949623208,6632.362265468591,5818.104424029119,5422.844480671905,0.10499133470785338,0.24485495223301992,0.1,Central
6010108,28061.61523768935,28061.61525159818,28061.61300770745,28061.614903181722,28061.613447593056,27824.39575295243,0,0,0,0,0.25075626373291016,0,9245.0545999226,9245.054604504941,9245.053865242708,9245.054489717208,9245.054010165459,9166.901326492609,0.003455992625829732,2.4494897427831783,0.3294555399471672,Central
8050002,4824.29207915061,4952.962769500218,27796.93625724912,4582.055418566157,2657.3803783555777,2387.216412824334,173.7914242697665,180.5594179422952,1382.137396582304,161.0499352668279,251.8822479248047,46.278812408447266,1520.6430790322543,1561.2007798398063,8761.745359606988,1444.288767277878,837.6207357275078,752.4635856941446,1.2492520486382044,1.372369360370588,0.3152054340996672,South
8020402,22950.343136252544,22968.194940070935,22609.404656730905,22916.735161269076,22649.705263950324,22423.8714561193,0,0,0,0,34.946205139160156,0,8941.492379083424,8948.447471948371,8808.662172655548,8928.398655368399,8824.363357173163,8736.378124897014,0.009860470155726735,2.4494897427831783,0.38960168595298134,South
5090202,134124.35651990873,134124.35235563535,134124.0104721993,134124.16525253042,134124.14393664087,132990.4235294429,0,0,0,0,16.183271408081055,0,37196.22282180614,37196.22166694326,37196.126853646136,37196.16977831571,37196.16386685713,36881.75328567753,0.0034558839624686402,2.4494897427831783,0.2773263841626329,Central
5040002,15334.02763511446,15332.581597706483,15212.252137228372,15267.610337480486,15260.208428206195,15162.30952534047,98.55251781068566,97.58034068114566,16.68233013082475,53.89988475334341,50.306309938430786,69.42018735408783,4679.3415955775,4678.90032188523,4642.180507431575,4659.073650920037,4656.814879592759,4626.939988322057,0.004406820087030807,0.4849765698607656,0.30516063404385346,Central
4110004,22542.355699913503,22540.80710058665,22518.06859509074,22471.22767664112,22463.30077816923,22306.71695717417,148.2628858277466,146.8003378384784,125.3253475583293,81.08724806670723,24.759963989257812,104.43607330322266,6944.104797281892,6943.62775592216,6936.623227770837,6922.194023882605,6919.752166676597,6871.516992100202,0.003939027710652309,0.4470934355696144,0.3080469889537116,Central
8030100,10516.51701731224,10911.263144664239,5092.3255214754445,9773.364218422455,3868.693803817163,3565.833710780608,9013.153267818821,9364.154271133231,4190.061854662245,8352.35545385159,1878.5233154296875,2835.590087890625,1051.6517017312242,1091.126314466424,509.2325521475445,977.3364218422456,386.8693803817163,356.5833710780608,0.4756941820046179,0.5644288091455009,0.1,South
4110003,926982.0399758741,919820.2979607779,814662.4902911107,598039.2696365349,561380.0764862266,710673.8494953412,1455.495342415893,1441.13752269213,1230.317747016793,796.0327443479947,81948.2704256773,1025.2479280432526,312778.85925660987,310362.370693541,274880.4112742404,201788.20352597104,189418.79384990054,239792.94782716793,0.20884136544009002,2.250637924409059,0.33741630988314547,Central
4100010,575372.1715100438,570015.5386947703,109872.50467575662,329339.06472785334,301919.78090047423,414581.432805784,97295.29887579745,96335.5236566548,13889.34962483994,53212.29241977798,100283.34393344214,68534.60708087002,280558.0888243449,277946.1330510187,53575.09704592322,160589.5160566187,147219.55788267276,202154.67519881422,0.4620847835773329,0.4746213969228945,0.48761150211354537,Central
3180002,640450.9844686904,661843.8041896459,386674.2322114873,600176.659402047,280179.72735190776,263170.4288660446,21548.50387967646,22387.67151135274,11593.7041410722,19968.67894662053,7285.4805908203125,6779.283874511719,83757.84766995699,86555.58954071875,50569.05559499632,78490.79232029479,36641.75946769649,34417.29223116997,0.3888989354532323,0.4838391593905615,0.13077948149215726,South
5120106,157180.51856869028,162705.920076932,64439.961802511505,146734.8616526631,134589.1151796997,62604.55658158501,0.3277309911185779,0.3404938836692429,0.1137180493018765,0.3037034486963598,8754.988052368164,0.10856600105762482,62508.83319169506,64706.220020170775,25627.010649109587,58354.718981566206,53524.49926235018,24897.09170089132,0.3776169397510666,2.4490888552957193,0.39768817256050565,Central
5080001,70929.50558323067,70867.95841731822,70248.72925723589,68102.61022465765,67787.56544389311,68538.32366335383,3276.518755013442,3244.197342340334,2919.009968957175,1791.978401065714,2019.1386874970049,2307.9730577990413,27349.625376928398,27325.893476968347,27087.12562695353,26259.606090863774,26138.1283410893,26427.6123277894,0.02061644951379937,0.2469096901424384,0.3855888343227711,Central
5090104,9667.688838617552,9661.2408689257,9131.867833784043,9371.530025715516,9270.24537013485,9085.49484221878,0,0,0,0,68.44110870361328,0,3111.142926101106,3109.067915658653,2938.7112563740798,3015.8365492468806,2983.242302059935,2923.788040797042,0.02705135340344557,2.4494897427831783,0.3218083430316515,Central
5090101,29666.058525122753,29509.195299256113,16630.85282130067,22461.24383448306,21658.299622990373,24849.127938124,13076.80096373476,12947.80408869895,2357.266210116527,7151.903173510712,5812.8515625,9211.271484375,2966.6058525122753,2950.9195299256116,1663.0852821300668,2246.124383448306,2165.8299622990376,2484.9127938124,0.2074106945155784,0.4978014585788595,0.1,Central
5100101,53442.04932046617,53435.52620255012,54085.805263655115,53142.438908078904,53040.005004740655,52483.9787922844,0,0,0,0,102.43164539337158,0,11347.624449701825,11346.239362616026,11484.316451102568,11284.006634063739,11262.256317959105,11144.192420272318,0.009966777230749084,2.449489742783178,0.21233512924730114,Central
5050006,7473.85400394,7473.85400394,7473.85400394,7473.85400394,7473.85400394,7410.674251412237,0,0,0,0,1210.3939971923828,0,747.385400394,747.385400394,747.385400394,747.385400394,747.385400394,741.0674251412238,0.0034559702627448624,2.4494897427831783,0.1,Central
5090103,250672.826544731,248308.095523437,54165.61380269953,142059.42332353612,129954.94775384781,179718.5410228878,102543.64789263,101532.1000247986,18484.84785458926,56082.69505825756,71978.08190917969,72231.53173828125,25067.282654473103,24830.8095523437,5416.561380269954,14205.942332353612,12995.494775384781,17971.85410228878,0.4507785524320604,0.4445769407999054,0.1,Central
4100009,26794.266854501577,26771.574376099863,24822.255424947674,25751.988775286853,25635.831568418165,25907.20514021449,2193.999155008773,2172.356320831498,313.2034301001627,1199.931815350167,1060.0924208373763,1545.4485210254788,2679.426685450158,2677.1574376099866,2482.2255424947675,2575.1988775286854,2563.5831568418166,2590.720514021449,0.028836818326170358,0.5083072347998187,0.1,Central
5030101,1446821.656089398,1434791.3383968081,423486.6520182532,894262.5131432279,832682.2804257375,647207.5539854477,236003.5152475927,233675.4446400463,37970.82770528478,129073.9450986399,166180.2183008194,126044.16655283172,144682.1656089398,143479.1338396808,42348.66520182532,89426.2513143228,83268.22804257376,64720.755398544774,0.440071204009505,0.4840538987969999,0.1,Northeast
8030201,92904.50910910266,93105.22252498107,51131.13418480636,88077.34803193853,67072.26374315491,38990.46370640957,60727.95024393439,60882.306591664,28602.61593364581,57015.67744685867,47169.74609375,19356.58642578125,24856.029751795566,24909.729391183355,13679.82033087429,23564.55250810444,17944.771455197242,10431.658648394556,0.322702208766756,0.3887249540691322,0.26754384679656207,South
5020003,500326.0319082201,495455.45205940556,75289.22435131493,276617.6066045899,251686.30817812838,38841.13535200209,314676.7100259612,311572.5630444117,43789.71829615748,172101.5229417259,90080.51220703125,20595.859252929688,50032.60319082201,49545.54520594056,7528.922435131493,27661.760660458993,25168.63081781284,3884.1135352002093,0.7243108339779879,0.8203868431896436,0.1,Central
5020002,525673.3608117312,520516.07832120656,75617.11422843662,288796.5246621194,262397.6660391304,37058.23117472331,337275.8032640367,333948.7261932063,46934.55836570783,184461.3139254754,97386.34375,22074.98828125,146535.96997169216,145098.3331262563,21078.920877431923,80504.514819753,73145.6059557166,10330.300630486305,0.7346968950111331,0.8191995988006477,0.2787585997232485,Central
5040004,428151.5662981181,424097.4686647847,86742.86203191843,241944.6205684538,221192.6934706465,306521.000347922,274954.5636092441,272242.2580858374,46542.52273815501,150376.8713389199,141177.99882507324,193677.42778768024,42815.15662981181,42409.74686647847,8674.286203191843,24194.462056845383,22119.26934706465,30652.100034792198,0.45928618454468856,0.4841931548243088,0.1,Central
4050001,483761.1335859132,480145.79932807345,254264.1786385259,312886.0071351531,293400.8250272852,194926.3493452045,774.6466520306755,769.5378425706216,318.6739750594634,443.3732074935144,2435.2451663017273,165.05402672914988,201754.64784646846,200246.85724611385,106041.96215791472,130490.44622025134,122364.06776306378,81294.86690388515,0.35540582171717044,1.0136793108064037,0.4170542729444758,East North Central
4110002,146534.17188311258,146466.07103661713,145466.12776823153,143406.26235196128,143057.67089472731,143313.098821044,1746.485519750958,1729.257210245601,1476.289251665276,955.1797389772313,1409.0249228477478,1230.2207700163126,46318.84500744875,46297.318611843126,45981.24068497198,45330.125755762616,45219.93743947404,45300.6771493833,0.01129791544790984,0.21235659402848633,0.31609585949956015,Central
5030106,766395.5980847775,759026.607286216,139567.0785444702,427933.7765371104,390213.7279179503,386711.5584467434,420307.0184690061,416160.8750744187,67623.59181330609,229872.3600346663,114220.8671875,195750.5048828125,76639.55980847774,75902.6607286216,13956.70785444702,42793.37765371104,39021.37279179503,38671.155844674344,0.508028637243371,0.6195046159680824,0.1,Central
5140101,297109.3407687752,287156.2133021434,176682.33446736023,520473.2103375013,434007.36237454065,264569.3157230456,114249.3759351936,108495.3381688776,44565.07839139728,246636.5225410646,120644.85881996155,96196.53204345703,29710.934076877522,28715.62133021434,17668.233446736023,52047.32103375014,43400.73623745407,26456.931572304562,0.3780055351585015,0.5500336149927064,0.1,Central
5080003,28073.395491358686,28050.948633500248,27825.10965729224,27042.39889949535,26927.498963681475,26029.65130531293,1747.598697652705,1730.359407138225,1556.9140302888,955.788553058769,5203.906329393387,341.6692886352539,8062.4765073796325,8056.029931859266,7991.1706083517765,7766.38172954468,7733.383297506633,7475.527932093839,0.029518879112001153,0.882711365476352,0.28719278043375107,Central
5050004,43326.68588377158,42932.00170595175,8256.47611936998,25198.62338340589,23178.332303725972,5907.039429644912,0,0,0,0,4951.0224609375,0,4332.668588377158,4293.200170595175,825.647611936998,2519.8623383405893,2317.8332303725974,590.7039429644913,0.6515418316094908,2.4494897427831783,0.1,Central
4100007,85831.88532251131,85176.53787707088,28881.179901113428,55731.41482474856,52376.85268996046,66029.72359570366,6491.131903505388,6427.099749669017,926.6388151377187,3550.099675685361,13324.527988433838,4572.33984375,26202.86733084709,26002.802027563095,8816.883404851915,17013.757338850963,15989.672335467236,20157.638164065258,0.3477306584763286,0.712295174542456,0.3052812743468284,Central
4120101,37805.04724146817,37783.727219454326,36271.02721989021,36827.52283270012,36836.09344991265,35920.081688668,14.70091039462955,14.55589239624081,4.269315897739846,8.040153551042469,356.00980281829834,3.901399392613712,10314.075799396376,10308.259213010673,9895.560285335818,10047.384931814688,10049.723190910441,9799.81437110998,0.02086470207199283,2.117789601690037,0.27282271950404857,Northeast
5120206,26301.39130536777,26301.405973591933,26301.145343114975,26301.36369083001,26301.331465309417,26078.80684856221,0,0,0,0,24.46599006652832,0,2630.1391305367774,2630.1405973591936,2630.1145343114977,2630.1363690830012,2630.1331465309418,2607.8806848562213,0.0034588377518670562,2.449489742783178,0.1,Central
8010210,38741.88981957283,38741.89364705612,38741.760700480074,38741.79776853452,38741.39721429823,38413.72901702718,0,0,0,0,69.00403213500977,0,9548.373007913588,9548.373951239746,9548.341185065869,9548.350320903386,9548.251599821999,9467.494099737582,0.003461446332379307,2.4494897427831783,0.24646120910419925,Central
5020001,5951.314050499852,5951.087750987331,5931.565760698742,5940.919988773199,5939.761617315268,5879.759744778707,0,0,0,0,1758.898193359375,0,1325.9658680541754,1325.9154480247478,1321.5659056246152,1323.650048226312,1323.3919605161507,1310.0234112633793,0.004526517082651328,2.449489742783178,0.22280220079174068,Central
8020203,184651.7426905076,187233.213059057,83107.08124679312,192659.35359053191,97070.6327305592,86380.33184085312,89464.65361541978,90697.17363454164,26764.84943287946,96789.64510584468,22571.693710565567,28769.015045017004,25152.084396866027,25503.715849847165,11320.317322973195,26242.83015555758,13222.343376354835,11766.178672529368,0.39461890857740034,0.6158509012082539,0.1362136312952275,South
5050005,4620.532700840213,4620.268287446889,4597.037882224481,4608.388047495907,4607.034580471132,4556.649897886695,0,0,0,0,4186.9033203125,0,1001.1689994631522,1001.1117068283894,996.0781829774679,998.5375170725321,998.2442501886609,987.3269846876167,0.005164446716834649,2.449489742783178,0.21667826293732242,Central
4100005,12214.350675447618,12214.055047024201,12188.660108751435,12200.772298512911,12199.2590494386,12102.49195067574,0,0,0,0,2297.752685546875,0,1221.435067544762,1221.40550470242,1218.8660108751435,1220.0772298512911,1219.9259049438601,1210.249195067574,0.0034743113013497202,2.449489742783178,0.1,Central
5040001,198658.428878857,197687.3205113454,116878.24511412073,154054.8846523783,149084.02014211717,168710.9725832308,55245.88020498867,54700.90395851905,9351.663787200456,30214.81989801623,35429.310776410624,38915.08527096361,65130.99382464397,64812.61189922349,38319.01975528611,50507.53596299166,48877.81731703182,55312.59547093678,0.19067371556968063,0.45836029769148384,0.32785416753880203,Central
5030105,173211.51426179823,173209.5516133329,173044.56548067852,173121.36873267588,173111.32241866106,171602.8048540034,222.0516727566361,219.8612309229248,35.72610263481451,121.4434682821681,28.103918075561523,58.92915725708008,56284.748230452635,56284.11047161075,56230.49854530467,56255.45561424073,56252.19108383478,55762.00120419641,0.0036477516270845742,0.7770079113315895,0.32494807559607036,Northeast
4090002,84861.56711383487,85219.80022549437,86064.20868856533,84187.15406418544,80693.9671637937,79539.94122426146,866.0208964170926,899.746518793778,979.2428021643564,802.5287202387943,1750.7742080688477,396.8864212036133,8486.156711383488,8521.980022549438,8606.420868856532,8418.715406418543,8069.39671637937,7953.9941224261465,0.03188634961749485,0.4662581912684319,0.1,East North Central
4100001,45406.42206307847,45597.99573492623,41677.00051447285,45045.76365362863,43177.69892377027,42560.34747438796,4517.900265177405,4693.841745237854,1092.795235335665,4186.671168074336,2159.988758087158,2070.49658203125,25424.58208812976,25531.850626907195,23336.35359542797,25222.637320843463,24176.645082030984,23830.969252734376,0.03772787607049563,0.49027799407158035,0.5599336158398476,East North Central
8020401,7033.38398442,7033.38398442,7033.38398442,7033.38398442,7033.38398442,6973.92771736767,0,0,0,0,636.655517578125,0,703.3383984420001,703.3383984420001,703.3383984420001,703.3383984420001,703.3383984420001,697.392771736767,0.0034559702627448064,2.449489742783178,0.1,South
4110001,177255.60426331134,176667.84144925987,168037.56004214927,150259.3332514545,147250.72019593487,158647.9270383593,28159.94009884353,27882.15470744541,23803.35618321574,15401.1034898608,9326.348893880844,19835.804480976138,59712.45291715901,59514.45207252355,56607.151768391,50618.164652288484,49604.647104167445,53444.04716033962,0.07973129600198876,0.3576971848571825,0.3368720169121242,Central
5080002,180237.26790344773,179493.6106736458,172011.63754015436,146080.6801852236,142274.0820185392,157066.4361471405,47622.09039185486,47152.31947003242,42425.93038227054,26045.25222546844,28400.91384744644,33544.90153121948,18023.726790344776,17949.36106736458,17201.163754015437,14608.068018522361,14227.40820185392,15706.643614714052,0.10279285068033223,0.2526351730693273,0.1,Central
5030202,1496236.158959486,1481836.499922423,289890.0276300166,957732.0902247651,870374.4471739122,1160156.268359917,569782.2617034791,564312.5538680565,115873.9221664432,393889.3401050075,204031.06075286865,410080.41015625,149623.6158959486,148183.6499922423,28989.002763001663,95773.20902247651,87037.44471739122,116015.6268359917,0.43230910141925993,0.49246453426863684,0.1,Central
5030201,528919.8103585135,523808.91449245485,94171.63698969083,294173.5375168696,268012.1205976311,44633.19495659282,199431.4563309445,197464.1529574453,32086.71472292216,109072.1247028743,62394.187133803964,13053.387006640434,52891.98103585135,52380.891449245486,9417.163698969083,29417.353751686962,26801.21205976311,4463.319495659282,0.7024462130136134,0.7948122657590979,0.1,Central
4100003,104616.85874261492,104615.25714149099,104477.01160242998,104542.99716023309,104534.75318567276,103685.5779192881,15.62247942844846,15.46837055792501,2.230180505078509,8.54417380155,34.600759744644165,11.004442043602467,47157.77582598789,47157.05387784614,47094.737419310324,47124.481498611036,47120.7653910075,46737.985623669396,0.003446346135163547,0.7541920124242318,0.45076650544448543,Central
5050008,598096.8429665236,592268.3380493562,80196.95859056442,330390.3896555578,300555.70877965173,45854.38235310146,348572.935613861,345134.4173140913,43038.62532614131,190639.8890164588,95917.71911621094,22814.396484375,59809.68429665236,59226.833804935624,8019.695859056443,33039.03896555578,30055.570877965176,4585.4382353101455,0.7349423679520378,0.8356657156639952,0.1,Central
3180001,119876.4711937892,120149.7019440642,70976.70211466754,113305.2669868365,84711.0899872696,46539.13874833861,76825.79652192883,77021.06985677563,41877.96955989899,72129.46948641329,30476.6611328125,24487.65625,35343.3053661581,35423.8622740002,20926.135310291837,33405.910357806,24975.459249882268,13721.18294674787,0.3269764219783731,0.45151302840840246,0.2948310457773071,South
5060003,17832.45469462744,17760.327288316446,796416.8388634926,14519.603044942582,14150.4006199164,15582.1438536731,2463.904083081758,2439.598755808905,264829.4768192373,1347.546963503347,2672.81201171875,1735.5689697265625,5465.313751074045,5443.208050412457,244086.8615995385,4449.986697881201,4336.83306171728,4775.635577549002,2.1816791823123958,2.3357824577230537,0.30648129181680384,Central
5030103,86753.03289448268,86402.20742743104,56910.76356067479,70639.42522831584,68843.63608489459,75807.45105937141,19189.42940069897,19000.1341416157,3087.405358230565,10494.99349338742,15835.191176751163,13516.994649140164,29456.83162617585,29337.709488674514,19323.94435088987,23985.485990457793,23375.72911315975,25740.279588628502,0.15353025122647967,0.4505222855467311,0.33954814769420294,Central
5070204,26055.32604837654,25853.45752574612,30147.45760070938,16783.39319483525,15750.07795582265,9651.303487842746,23727.86546818511,23493.80053860834,28472.65911473744,12977.13384283872,10871.248291015625,4940.031448364258,2605.532604837654,2585.345752574612,3014.745760070938,1678.3393194835253,1575.007795582265,965.1303487842747,0.3780512079080435,0.5245685175116616,0.1,Central
4100006,7631.1347439324345,7617.263613545586,6425.712084518141,6994.026056189966,6923.023156756741,7162.849032241369,87.01877890505823,86.16037702379421,12.42232932222024,47.591905905125,240.36055222153664,61.29584741592407,3542.0925742527156,3535.654104799819,2982.5796323351046,3246.3701125783487,3213.413173502832,3324.731539797332,0.06421514525020665,0.8871267714865911,0.46416328542344987,Central
8020302,3140.3441226961904,3163.4391767655115,2699.2686605765884,3096.865155119588,3010.7662658666104,2683.687541254355,421.0255860949073,437.4216684369214,107.8888610520487,390.1581661533052,340.68682861328125,112.11463928222656,1020.2567644564423,1027.7600456954046,876.9571112079594,1006.1310161153575,978.158612219342,871.895009169071,0.07377399763510577,0.5040395664370748,0.32488693104769845,South
4100004,1899.212037550399,1896.4991278631846,1663.4559946966035,1774.6065957023745,1760.7198793122438,1729.054933975909,67.77376683912956,67.10520851543106,9.67501568829873,37.06651339893997,73.18483901023865,16.560770571231842,819.0638168209507,817.8938336283597,717.3904699378442,765.325841924614,759.3369861756368,745.6810012335568,0.05251482443430512,0.6191643086988746,0.43126507237042266,Central
4090004,354043.0515223051,358373.61784246174,368581.4035875882,345890.2863433514,303662.2592612904,295390.8066246765,61483.42370563957,63877.784787342,69521.64822495454,56975.77685079587,37306.66275957227,28177.076603500005,274070.30429258576,277422.6639110594,285324.6716846651,267759.12031703733,235069.739231057,228666.67742455896,0.09045074005796773,0.3096890520592424,0.7741157554544438,East North Central
5140102,225009.49443702243,214795.0289657595,109884.80601005492,313607.5301835044,243159.28984621222,167107.9227329164,83505.77868671932,78176.53229708764,23441.17404509857,129730.4943567429,44785.920654296875,53582.9716796875,29145.07456293209,27822.013247118255,14233.181015358223,40621.01856441185,31495.984873745016,21645.18826324773,0.32581846082740684,0.5387033742705811,0.12952819895824202,Central
5060001,2205298.0426901067,2205297.388741952,2212357.1322575505,2205268.0064898,2205264.659090289,2186636.659190224,40.37039425440063,39.97215811719676,4339.158517894504,22.079188295718,87.97716301726177,28.43682318739593,875754.9342505133,875754.6745584843,878558.1982086422,875743.006452041,875741.6771525169,868344.2358489368,0.003932562144850829,2.308567208136293,0.3971140940125418,Central
5010003,33881.76440126553,33669.2581628895,14744.946181974887,24121.23538214485,24211.29020266494,17952.08458361131,18685.22383217999,18500.90233869084,2086.525639760552,10219.2357285034,2550.7825317382812,4958.775909423828,3388.176440126553,3366.92581628895,1474.4946181974888,2412.123538214485,2421.129020266494,1795.2084583611313,0.3179381742991208,0.8013300849392228,0.1,Northeast
4100008,7028.102106902373,7028.097035831053,7027.66142297068,7027.8691897929775,7027.843232228102,6968.542875445245,0,0,0,0,39.41456985473633,0,3260.4701141788696,3260.467761612525,3260.265672529157,3260.3620595059706,3260.3500172983836,3232.839454971641,0.0034538207021405022,2.449489742783178,0.4639190018279228,Central
4100011,91743.68388642305,90995.35872834332,26713.071600174233,57372.69564159236,53542.20349995209,69185.04776692095,41890.8510822618,41477.61630892631,5980.110894220944,22910.74947360265,16511.427089691162,29507.828125,40345.393193946984,40016.308166393195,11747.395912958122,25230.335933776943,23545.83074460096,30424.960466531993,0.38126915659181254,0.5371389781640403,0.4397620793589869,Central
5120204,54241.992475955485,54373.77852864076,52031.29034468785,53993.46636847282,53703.87257148644,51560.67347481971,2742.912403180528,2849.730181255758,951.7520660191543,2541.816242262371,2383.6298055648804,908.6325073242188,18416.352003439297,18461.096273046867,17665.769903376775,18331.97191213874,18233.64843507108,17505.985103102517,0.022689425968803478,0.432494437413371,0.33952204118613344,Central
4050004,693132.2082096685,717513.8241488865,484054.71564750234,647231.1470688487,409482.2103088895,373903.8571692153,41940.33365958551,43573.62433560416,27934.52206701309,38865.48516030803,21984.76184463501,19220.725348619577,338376.66773348773,350279.4041202156,236308.19595665997,315968.4634539899,199903.0259730073,182534.21171757948,0.27124997431577363,0.32802027008614526,0.48818488554658357,East North Central
4100012,10681.496489011573,10673.081440185377,9950.215746038113,10294.988643909724,10251.91408193324,10346.24646892594,0,0,0,0,128.27557373046875,0,4380.236329169152,4376.785510960472,4080.3548958428964,4221.73834095508,4204.074452620095,4242.757997472423,0.026773897136967973,2.4494897427831783,0.41007702747225105,Central
5090201,790519.1443081811,783187.479406355,181263.79067896403,453771.72183431947,398846.0702384641,490727.2706790301,484258.1016442983,479481.1090146691,87293.92327274944,264848.1890603758,127700.1672668457,251822.07421875,79051.91443081811,78318.7479406355,18126.379067896403,45377.17218343195,39884.607023846416,49072.72706790301,0.4558340087766129,0.5981379110228455,0.1,Central
5060002,28015.919240097508,27994.370346894702,260626.9696290425,27026.166661334242,26915.86318538775,27151.8191231394,4631.443657737706,4585.756508379888,497804.6057955055,2533.007628208954,798.5216926126741,3262.3792926948518,3356.798673443195,3354.2167379551097,31227.683747108233,3238.2089489741743,3224.9926572451695,3253.2643185120314,1.4362552747211774,2.3590627246563836,0.119817545327544,Central
4090005,107784.09301232331,108337.28922030775,109641.2545561665,106742.64059059438,101348.33815404477,99762.89555598683,1106.902207208934,1150.008517925793,1251.616472066221,1025.749858295625,1222.0298233032227,507.27929306030273,41775.779895236396,41990.1918959107,42495.59271470893,41372.12583158403,39281.36099811395,38666.86307767009,0.03835974854615964,0.2635217002386052,0.38758761824400223,East North Central
4100002,483193.2351500566,500834.7778954506,139760.0847033439,449981.0996544676,277955.6670096891,252367.5646327008,268971.6824176045,279446.2996338489,65059.19912657344,249252.0688174184,87813.26348876953,123266.32031932271,232961.1295802901,241466.61646739364,67382.2910468042,216948.61939184906,134010.29122378133,121673.54310745458,0.42181941433329484,0.5447451758903791,0.4821282928514998,East North Central
5100102,9777.277672948743,9777.25159990743,9779.850779171587,9776.080123745975,9775.670568624671,9692.602375945156,0,0,0,0,70.55462646484375,0,2645.159059118463,2645.152005279579,2645.855191054479,2644.8350723986005,2644.7242707546707,2622.2508799253656,0.0035417207316769074,2.4494897427831783,0.27054146845363203,Central
5040006,52781.31094408845,52781.305718889846,52780.87091317501,52781.07094782768,52781.0442013232,52334.97536649476,0,0,0,0,20.306257247924805,0,15914.16798515744,15914.166409700392,15914.035310812109,15914.095623544183,15914.087559167652,15779.592711589441,0.0034556871551588517,2.449489742783178,0.30151141948739035,Central
5020005,235483.1343050588,234312.3547321196,133313.6950428973,181708.58121901113,175715.64899521036,147307.6713668928,53004.76090795062,52481.89231508085,7376.025853082193,28989.11735370491,38985.72052001953,14066.662872314453,23548.31343050588,23431.23547321196,13331.36950428973,18170.858121901114,17571.564899521036,14730.767136689283,0.23192234026117045,0.5913662420930138,0.1,Northeast
5100205,214677.68701493717,211160.53345775118,470591.0339827151,240912.49863907142,215965.63667853738,187936.862025767,32409.55571755801,30735.71998291935,155125.6096616737,42989.52671466327,15894.211846351624,17756.092407226562,27245.273015076167,26798.90241068815,59723.86500705103,30574.797453025312,27408.729873133434,23851.529177005006,0.41282182643556364,1.0757803314385408,0.12691245836452697,Central
5040003,13643.643694347496,13642.208401557558,13522.773035578319,13577.719902960525,13570.372992739143,13486.52790477033,0.06091830121729595,0.06031736903890504,0.0103118543746202,0.0333171540202466,21.879018783569336,0.04291072487831116,2348.779867335864,2348.5327788832287,2327.971747728762,2337.4309580960016,2336.1661731747818,2321.7320777815007,0.004636600393576298,2.421843668540827,0.17215195001823108,Central
5090203,931587.3603388492,915400.137536271,427241.3884954303,796571.6708730635,693729.8567136622,565836.489889937,406236.073764373,396561.0207898723,108082.4792089794,327920.2928961484,172947.48282253742,200215.70392987726,93158.73603388492,91540.0137536271,42724.13884954303,79657.16708730636,69372.98567136622,56583.6489889937,0.27639123840134366,0.46617341470669926,0.1,Central
5120102,5551.215299612758,5671.182084278413,3539.567516426663,5325.364694323368,5061.802313004948,3481.638585954753,1923.388873352556,1998.291785158237,667.3889154640519,1782.37594201162,1705.2552337646484,637.1525268554688,2238.834575779797,2287.2178163781814,1427.5263543887113,2147.747828681742,2041.4517222756904,1404.1633094555589,0.20935139855651855,0.43259018973954755,0.4033053043242574,Central
5120101,29125.594486033875,29148.6688747338,28737.660722120865,29081.65665558049,29030.886955354366,28489.8684496495,0.2342381854392525,0.2433601692401139,0.08127735930388498,0.2170650523207288,221.75196558237076,0.07759504704836218,6362.108123479229,6367.148424231287,6277.369027357215,6352.510474641895,6341.42049251672,6223.242021284209,0.009140475015229048,2.438220092839766,0.21843702199898263,Central
5120201,405516.596623325,413033.9162923636,279322.5319884825,391295.2662313556,374769.425085977,275205.1803824988,42524.26328535801,44169.70405285807,14724.46820992637,39324.20405580035,42464.22108878568,14057.368924818933,137067.72463716817,139608.63642964518,94413.16143002897,132260.80572343676,126674.94447293808,93021.4649597422,0.17609706495483402,0.438195849280312,0.33800768150677496,Central
8010211,158197.15565665922,158405.7917313681,151158.8752306261,153179.45449941728,131345.24717569703,110009.3706286306,51056.08407312774,51185.85678297959,46678.23750532794,47935.04818654577,36084.580078125,22443.0009765625,28507.401378619103,28544.9979605494,27239.0910585798,27603.202941588377,23668.640974417656,19823.879076094072,0.13419056681001376,0.26561153847052044,0.18020173156899044,Central
8020303,19014.071466038688,19037.591657912355,18564.876609482715,18969.79213000417,18617.973653572444,18415.30979551301,4.103306939451067,4.2631028299522,1.051482681493257,3.802473682203905,402.925838470459,1.0926671028137207,1901.4071466038688,1903.7591657912355,1856.4876609482717,1896.979213000417,1861.7973653572444,1841.5309795513012,0.01433698916808755,2.348751548961609,0.1,South
4050003,46123.14824859975,46458.04605969999,43251.328973620155,45492.66645684482,42227.025708880785,41428.91618441379,1504.012542034522,1562.58359875187,1001.753392940056,1393.746115798965,1756.9483830332756,689.2699453830719,15196.008730407826,15306.346169514192,14249.841947959965,14988.286422289755,13912.36885809912,13649.4189129598,0.048492013304787175,0.3012217502661564,0.32946599066704346,East North Central
5120103,8500.146464497357,8499.793007138689,8471.653115937492,8483.911972594096,8482.102711445828,8399.846270783573,0,0,0,0,2736.795428276062,0,3340.626087175561,3340.4871755840963,3329.427971483363,3334.2458009780717,3333.5347467608694,3301.2073024442043,0.004419164713428492,2.4494897427831783,0.39300806181733294,Central
5090102,9066.904246941918,9036.245736471901,6519.20711562549,7658.741910567963,7501.80854789558,6112.002879945697,2772.832568615398,2745.479798060821,499.839719089898,1516.504694236054,1136.1068115234375,181.4842529296875,2776.1882752084516,2766.8009700176062,1996.1108957513545,2345.024157736929,2296.972854935639,1871.4293513211544,0.16113082476879495,0.7449062932575855,0.30618921294385604,Central
5030104,25284.8989584365,25051.06160195735,5393.990151267664,14544.619891284092,13347.6640670087,7857.640513405197,7588.334756426073,7513.479180278721,1220.894321442602,4150.176757805858,3415.7651977539062,2013.829345703125,2528.48989584365,2505.1061601957354,539.3990151267665,1454.4619891284092,1334.76640670087,785.7640513405198,0.5508348738529054,0.6271330729238221,0.1,Northeast
8060201,100531.40379105785,101844.37541000516,24481.57668704681,94713.4248728743,61534.51431117521,39526.10842508427,46170.19631178443,46822.02031763268,6819.771999613151,43168.92027477011,30796.8125,14655.669921875,29777.765117463525,30166.67205599756,7251.531489674623,28054.45873606557,18226.74552106831,11707.776160529931,0.4763044052809449,0.5477159771534156,0.29620361394090294,South
8030207,23338.48322650552,23368.19535029394,22930.2100655818,23282.546900790447,22838.108599481588,22624.71370988419,749.0884022366997,778.2602994566276,348.2384740076049,694.1691121771834,141.3944610953331,235.66754937171936,6268.835051726629,6276.815878983412,6159.170808466332,6253.81027072847,6134.431887200502,6077.112936744963,0.013399526290963078,0.5746009874101586,0.2686050756120737,South
8030206,7695.159059749332,7767.952376773241,6694.908864000725,7558.117671529324,6469.264569168711,6364.758763364509,809.3373993248729,840.8555851075553,376.2472093502252,750.0009641900884,346.4098343849182,254.6222219467163,769.5159059749333,776.7952376773242,669.4908864000726,755.8117671529325,646.9264569168712,636.4758763364509,0.09165301646522689,0.46983669612685286,0.1,South
8030208,9578.864538602913,9866.815853415515,5622.1364929119045,9036.76466549595,4729.546705369998,4492.497675071516,415.862252365204,432.057257984597,193.3272971903036,385.3733813664621,615.4622192382812,130.83266830444336,957.8864538602913,986.6815853415516,562.2136492911904,903.676466549595,472.9546705369998,449.2497675071516,0.3506945458819844,0.48536651958365007,0.1,South
3070203,15100.88693456774,14980.97114734157,19338.798611276798,18326.92171215637,16056.97220605593,23586.9130623381,321.2045139659275,317.1331988543147,465.0877694585811,430.7330793399996,3273.3050994873047,610.9361877441406,5527.18020213085,5483.288994418925,7078.3276029014505,6707.963531701809,5877.123593338004,8633.209391767987,0.18419584325631014,1.2913836766006033,0.36601692510381445,Southeast
3070106,542334.0597046465,535500.4853480483,783837.5783770139,726174.3115977892,596817.9599907725,1028612.500191856,327.5342203146072,323.3826752311572,474.2528617254585,439.2211727145962,86894.38403320312,622.9754028320312,54233.40597046465,53550.04853480483,78383.7578377014,72617.43115977892,59681.79599907726,102861.2500191856,0.2688708495489402,2.3773258830531097,0.1,Southeast
3060204,30896.01300495128,30856.15928719607,28226.636876325476,31968.177750465686,31213.765599844704,33497.57110501138,27.58412532487585,27.23449242311749,4.165940665957374,36.99012537334573,921.7187357246876,52.465453147888184,12153.637728030544,12137.960376793206,11103.578925233836,12575.397710448337,12278.632818007281,13177.018792489796,0.05543700773176553,2.0436705458407496,0.393372365750974,Southeast
1010002,0,0,0,0,0,0,0,0,0,0,0,0,0,0,0,0,0,0,0,0,0.3347061894256325,Northeast
1010003,2256.1582762800003,2256.1582762800003,2256.1582762800003,2256.1582762800003,2256.1582762800003,2237.085984864662,0,0,0,0,0,0,702.0519081409907,702.0519081409907,702.0519081409907,702.0519081409907,702.0519081409907,696.11715670022,0.003455970262744911,0,0.3111713905544553,Northeast
1020002,1051.12056888,1051.12056888,1051.12056888,1051.12056888,1051.12056888,1042.234987574335,0,0,0,0,0,0,299.79702748911444,299.79702748911444,299.79702748911444,299.79702748911444,299.79702748911444,297.2627122622802,0.003455970262744794,0,0.2852165930008933,Northeast
1020004,2781.7185058200002,2781.7185058200002,2781.7185058200002,2781.7185058200002,2781.7185058200002,2758.203424215923,0,0,0,0,0,0,700.1336584015538,700.1336584015538,700.1336584015538,700.1336584015538,700.1336584015538,694.2151227637357,0.003455970262744892,0,0.251691052468721,Northeast
2030203,0,0,0,0,0,0,0,0,0,0,0,0,0,0,0,0,0,0,0,0,0.2911346107653179,0
2040102,4652.188330139999,4652.188330139999,4652.188330139999,4652.188330139999,4652.188330139999,4612.861350076455,0,0,0,0,0,0,1209.7982756606125,1209.7982756606125,1209.7982756606125,1209.7982756606125,1209.7982756606125,1199.5713223879827,0.0034559702627448116,0,0.26004929074404126,Northeast
2050103,24675.020507880003,24675.020507880003,24675.020507880003,24675.020507880003,24675.020507880003,24466.43178130286,0,0,0,0,0,0,2467.5020507880004,2467.5020507880004,2467.5020507880004,2467.5020507880004,2467.5020507880004,2446.6431781302863,0.003455970262744796,0,0.1,Northeast
2050202,3203.4801268799997,3203.4801268799997,3203.4801268799997,3203.4801268799997,3203.4801268799997,3176.399710064634,0,0,0,0,0,0,974.3624077920657,974.3624077920657,974.3624077920657,974.3624077920657,974.3624077920657,966.1256967505861,0.00345597026274486,0,0.30415746912750075,Northeast
2050203,2135.65341798,2135.65341798,2135.65341798,2135.65341798,2135.65341798,2117.599806769249,0,0,0,0,0,0,213.56534179800002,213.56534179800002,213.56534179800002,213.56534179800002,213.56534179800002,211.7599806769249,0.003455970262744857,0,0.1,Northeast
2050205,5553.83408202,5553.83408202,5553.83408202,5553.83408202,5553.83408202,5506.885096570552,0,0,0,0,0,0,1935.8453559638297,1935.8453559638297,1935.8453559638297,1935.8453559638297,1935.8453559638297,1919.4808095788808,0.003455970262744803,0,0.3485601707531994,Northeast
2050304,21131.233593840003,21131.233593840003,21131.233593840003,21131.233593840003,21131.233593840003,20952.6020459985,0,0,0,0,0,0,3046.03216688877,3046.03216688877,3046.03216688877,3046.03216688877,3046.03216688877,3020.2827264535954,0.0034559702627449543,0,0.14414833631751264,Northeast
3050202,3962.4969726000004,3962.4969726000004,3962.4969726000004,3962.4969726000004,3962.4969726000004,3929.00025484382,0,0,0,0,0,0,1789.11884323342,1789.11884323342,1789.11884323342,1789.11884323342,1789.11884323342,1773.994640151763,0.0034559702627448095,0,0.45151298678708796,Southeast
3050206,13534.25625,13534.25625,13534.25625,13534.25625,13534.25625,13419.84527005959,0,0,0,0,0,0,1559.2505690821265,1559.2505690821265,1559.2505690821265,1559.2505690821265,1559.2505690821265,1546.069542929963,0.0034559702627448645,0,0.1152077026088616,Southeast
3050209,7924.993945380001,7924.993945380001,7924.993945380001,7924.993945380001,7924.993945380001,7858.000509866119,0,0,0,0,0,0,3018.830251650919,3018.830251650919,3018.830251650919,3018.830251650919,3018.830251650919,2993.31076088724,0.003455970262744808,0,0.38092524391274685,0
3050210,0,0,0,0,0,0,0,0,0,0,0,0,0,0,0,0,0,0,0,0,0.4322285169812967,0
3060105,4480.39248048,4480.39248048,4480.39248048,4480.39248048,4480.39248048,4442.517765775277,0,0,0,0,0,0,2059.1340717752146,2059.1340717752146,2059.1340717752146,2059.1340717752146,2059.1340717752146,2041.7273120221262,0.0034559702627448216,0,0.4595878777911467,Southeast
3060107,6541.92597654,6541.92597654,6541.92597654,6541.92597654,6541.92597654,6486.624218700623,0,0,0,0,0,0,3454.0421160441365,3454.0421160441365,3454.0421160441365,3454.0421160441365,3454.0421160441365,3424.843589287111,0.003455970262744919,0,0.5279855089205651,Southeast
3060202,25749.86484384,25749.86484384,25749.86484384,25749.86484384,25749.86484384,25532.18998859136,0,0,0,0,0,0,3072.916334860403,3072.916334860403,3072.916334860403,3072.916334860403,3072.916334860403,3046.93963081017,0.003455970262744776,0,0.1193371830685752,Southeast
3070105,4238.3355469200005,4238.3355469200005,4238.3355469200005,4238.3355469200005,4238.3355469200005,4202.507045206846,0,0,0,0,0,0,1935.3881589775785,1935.3881589775785,1935.3881589775785,1935.3881589775785,1935.3881589775785,1919.0274774784607,0.00345597026274492,0,0.45663872941443384,Southeast
3070107,5180.187744180001,5180.187744180001,5180.187744180001,5180.187744180001,5180.187744180001,5136.397354435685,0,0,0,0,0,0,2223.6139144969356,2223.6139144969356,2223.6139144969356,2223.6139144969356,2223.6139144969356,2204.8167347873577,0.0034559702627448776,0,0.4292535375759674,Southeast
3070201,10590.37470702,10590.37470702,10590.37470702,10590.37470702,10590.37470702,10500.84964367075,0,0,0,0,0,0,3283.156168502291,3283.156168502291,3283.156168502291,3283.156168502291,3283.156168502291,3255.4022153040332,0.0034559702627447054,0,0.3100132204317566,Southeast
3090102,0,0,0,0,0,0,0,0,0,0,0,0,0,0,0,0,0,0,0,0,0.49940773290855955,Southeast
3090103,533.676654,533.676654,533.676654,533.676654,533.676654,529.165252129989,0,0,0,0,0,0,256.3578330920255,256.3578330920255,256.3578330920255,256.3578330920255,256.3578330920255,254.1907283499782,0.0034559702627448012,0,0.48036171560172,Southeast
3090201,4264.15078134,4264.15078134,4264.15078134,4264.15078134,4264.15078134,4228.104052174016,0,0,0,0,0,0,426.41507813400005,426.41507813400005,426.41507813400005,426.41507813400005,426.41507813400005,422.81040521740164,0.003455970262744891,0,0.1,Southeast
3100102,16417.83339846,16417.83339846,16417.83339846,16417.83339846,16417.83339846,16279.0462813167,0,0,0,0,0,0,5995.542442652576,5995.542442652576,5995.542442652576,5995.542442652576,5995.542442652576,5944.859503489355,0.0034559702627448277,0,0.3651847535019426,Southeast
3110101,4851.31069332,4851.31069332,4851.31069332,4851.31069332,4851.31069332,4810.300444942433,0,0,0,0,0,0,1869.9427079584636,1869.9427079584636,1869.9427079584636,1869.9427079584636,1869.9427079584636,1854.135265443848,0.0034559702627448385,0,0.3854510309004279,Southeast
3110103,5542.22285154,5542.22285154,5542.22285154,5542.22285154,5542.22285154,5495.372020893667,0,0,0,0,0,0,1905.764592481224,1905.764592481224,1905.764592481224,1905.764592481224,1905.764592481224,1889.6543319294842,0.0034559702627448927,0,0.34386285855533133,Southeast
3110204,4480.39248048,4480.39248048,4480.39248048,4480.39248048,4480.39248048,4442.517765775277,0,0,0,0,0,0,1618.870400671721,1618.870400671721,1618.870400671721,1618.870400671721,1618.870400671721,1605.1853820407657,0.0034559702627448216,0,0.36132334560526846,Southeast
3120002,5180.187744180001,5180.187744180001,5180.187744180001,5180.187744180001,5180.187744180001,5136.397354435685,0,0,0,0,0,0,1712.6677014704708,1712.6677014704708,1712.6677014704708,1712.6677014704708,1712.6677014704708,1698.1897732845368,0.0034559702627448776,0,0.3306188474336036,Southeast
3130007,6757.82534178,6757.82534178,6757.82534178,6757.82534178,6757.82534178,6700.698492299874,0,0,0,0,0,0,2451.6561988807875,2451.6561988807875,2451.6561988807875,2451.6561988807875,2451.6561988807875,2430.931278130825,0.0034559702627449404,0,0.36278774234124045,Southeast
3130009,4337.03232414,4337.03232414,4337.03232414,4337.03232414,4337.03232414,4300.369495457553,0,0,0,0,0,0,1510.6774932057808,1510.6774932057808,1510.6774932057808,1510.6774932057808,1510.6774932057808,1497.9070764810647,0.003455970262744831,0,0.3483205520044946,Southeast
3130013,1601.0300170799999,1601.0300170799999,1601.0300170799999,1601.0300170799999,1601.0300170799999,1587.495811004351,0,0,0,0,0,0,519.9771773617681,519.9771773617681,519.9771773617681,519.9771773617681,519.9771773617681,515.5815831518084,0.0034559702627449318,0,0.324776657410906,Southeast
3130014,533.676654,533.676654,533.676654,533.676654,533.676654,529.165252129989,0,0,0,0,0,0,180.99045857379673,180.99045857379673,180.99045857379673,180.99045857379673,180.99045857379673,179.46046716955595,0.0034559702627448012,0,0.3391387972796665,0
3140103,6584.97700188,6584.97700188,6584.97700188,6584.97700188,6584.97700188,6529.311314918432,0,0,0,0,0,0,1635.637886447497,1635.637886447497,1635.637886447497,1635.637886447497,1635.637886447497,1621.8111249351225,0.003455970262744817,0,0.24838930887389968,Southeast
3140104,16877.52421884,16877.52421884,16877.52421884,16877.52421884,16877.52421884,16734.85113439582,0,0,0,0,0,0,4125.899410753339,4125.899410753339,4125.899410753339,4125.899410753339,4125.899410753339,4091.0213808121052,0.0034559702627447522,0,0.2444611755406454,Southeast
3140202,6805.07226558,6805.07226558,6805.07226558,6805.07226558,6805.07226558,6747.546017215202,0,0,0,0,0,0,2070.626367499119,2070.626367499119,2070.626367499119,2070.626367499119,2070.626367499119,2053.1224583503595,0.0034559702627449027,0,0.3042769109113404,Southeast
3140203,8027.181738360001,8027.181738360001,8027.181738360001,8027.181738360001,8027.181738360001,7959.324464795704,0,0,0,0,0,0,802.7181738360001,802.7181738360001,802.7181738360001,802.7181738360001,802.7181738360001,795.9324464795704,0.003455970262744882,0,0.1,Southeast
3140302,6013.45107414,6013.45107414,6013.45107414,6013.45107414,6013.45107414,5962.616745492199,0,0,0,0,0,0,1923.156601841741,1923.156601841741,1923.156601841741,1923.156601841741,1923.156601841741,1906.8993190379238,0.0034559702627447913,0,0.3198091375702723,Southeast
3140303,4152.80039058,4152.80039058,4152.80039058,4152.80039058,4152.80039058,4117.694954905751,0,0,0,0,0,0,1269.9240724875483,1269.9240724875483,1269.9240724875483,1269.9240724875483,1269.9240724875483,1259.1888495909657,0.0034559702627448515,0,0.3057994492988826,Southeast
3150103,7332.23100582,7332.23100582,7332.23100582,7332.23100582,7332.23100582,7270.248454357275,0,0,0,0,0,0,733.223100582,733.223100582,733.223100582,733.223100582,733.223100582,727.0248454357275,0.0034559702627449114,0,0.1,Southeast
3150108,32696.39179692,32696.39179692,32696.39179692,32696.39179692,32696.39179692,32419.9949150447,0,0,0,0,0,0,9477.207792163841,9477.207792163841,9477.207792163841,9477.207792163841,9477.207792163841,9397.092814985072,0.003455970262744958,0,0.2898548516003712,Southeast
3150202,57779.00859384,57779.00859384,57779.00859384,57779.00859384,57779.00859384,57290.57739591536,0,0,0,0,0,0,17063.79379480452,17063.79379480452,17063.79379480452,17063.79379480452,17063.79379480452,16919.546092270833,0.0034559702627448285,0,0.29532860133954847,Southeast
3160101,12797.9578125,12797.9578125,12797.9578125,12797.9578125,12797.9578125,12689.77108487216,0,0,0,0,0,0,1339.4849608733105,1339.4849608733105,1339.4849608733105,1339.4849608733105,1339.4849608733105,1328.1617094025132,0.0034559702627448533,0,0.10466396127396285,South
3160102,7282.4264649,7282.4264649,7282.4264649,7282.4264649,7282.4264649,7220.864932976649,0,0,0,0,0,0,1737.6696171264603,1737.6696171264603,1737.6696171264603,1737.6696171264603,1737.6696171264603,1722.9803368264722,0.0034559702627448706,0,0.2386113509695867,South
3160103,6195.990234420001,6195.990234420001,6195.990234420001,6195.990234420001,6195.990234420001,6143.612822515951,0,0,0,0,0,0,1600.6815986661068,1600.6815986661068,1600.6815986661068,1600.6815986661068,1600.6815986661068,1587.1503379235023,0.003455970262744896,0,0.2583415302648463,Southeast
3160107,7618.82080086,7618.82080086,7618.82080086,7618.82080086,7618.82080086,7554.415580675349,0,0,0,0,0,0,2169.9734127452066,2169.9734127452066,2169.9734127452066,2169.9734127452066,2169.9734127452066,2151.6296796274883,0.003455970262744753,0,0.2848174894073192,Southeast
3160108,4942.49326164,4942.49326164,4942.49326164,4942.49326164,4942.49326164,4900.712207183233,0,0,0,0,0,0,1466.624301822657,1466.624301822657,1466.624301822657,1466.624301822657,1466.624301822657,1454.226285967449,0.003455970262744781,0,0.29673774432946964,South
3170002,7282.4264649,7282.4264649,7282.4264649,7282.4264649,7282.4264649,7220.864932976649,0,0,0,0,0,0,1290.9753976030402,1290.9753976030402,1290.9753976030402,1290.9753976030402,1290.9753976030402,1280.062218659888,0.0034559702627448706,0,0.1772726993983821,South
3170003,2184.7280274,2184.7280274,2184.7280274,2184.7280274,2184.7280274,2166.259567079684,0,0,0,0,0,0,218.47280274000002,218.47280274000002,218.47280274000002,218.47280274000002,218.47280274000002,216.6259567079684,0.0034559702627448437,0,0.1,South
3170008,19204.14375,19204.14375,19204.14375,19204.14375,19204.14375,19041.802734375,0,0,0,0,0,0,4854.103620385229,4854.103620385229,4854.103620385229,4854.103620385229,4854.103620385229,4813.06976217521,0.0034559702627448416,0,0.2527633454308646,Southeast
3180005,5609.59101558,5609.59101558,5609.59101558,5609.59101558,5609.59101558,5562.170692416144,0,0,0,0,0,0,1472.4203255357404,1472.4203255357404,1472.4203255357404,1472.4203255357404,1472.4203255357404,1459.973313360341,0.003455970262744888,0,0.262482651845074,South
4010202,1848.2578857,1848.2578857,1848.2578857,1848.2578857,1848.2578857,1832.633754460019,0,0,0,0,0,0,973.7695208696186,973.7695208696186,973.7695208696186,973.7695208696186,973.7695208696186,965.5378217602715,0.0034559702627449725,0,0.5268580366428779,East North Central
4020101,2004.8077881000002,2004.8077881000002,2004.8077881000002,2004.8077881000002,2004.8077881000002,1987.860272152924,0,0,0,0,0,0,799.6343754127703,799.6343754127703,799.6343754127703,799.6343754127703,799.6343754127703,792.8747167514372,0.0034559702627449144,0,0.39885837443329225,East North Central
4020203,324.83924568000003,324.83924568000003,324.83924568000003,324.83924568000003,324.83924568000003,322.0932376441796,0,0,0,0,0,0,131.0334986248477,131.0334986248477,131.0334986248477,131.0334986248477,131.0334986248477,129.92581522460992,0.003455970262744869,0,0.403379518846467,East North Central
4020300,0,0,0,0,0,0,0,0,0,0,0,0,0,0,0,0,0,0,0,0,0.1,0
4030103,9106.90839846,9106.90839846,9106.90839846,9106.90839846,9106.90839846,9029.923723805612,0,0,0,0,0,0,4022.4304346357976,4022.4304346357976,4022.4304346357976,4022.4304346357976,4022.4304346357976,3988.427073145667,0.003455970262744883,0,0.44169000704080874,East North Central
4030109,3573.23159178,3573.23159178,3573.23159178,3573.23159178,3573.23159178,3543.025504321771,0,0,0,0,0,0,1945.0125486360034,1945.0125486360034,1945.0125486360034,1945.0125486360034,1945.0125486360034,1928.5705079671015,0.003455970262744854,0,0.5443287116095092,East North Central
4030111,1624.19622804,1624.19622804,1624.19622804,1624.19622804,1624.19622804,1610.466187863942,0,0,0,0,0,0,808.110249043058,808.110249043058,808.110249043058,808.110249043058,808.110249043058,801.2789401196069,0.003455970262744686,0,0.49754471478993995,East North Central
4030202,38740.383984420005,38740.383984420005,38740.383984420005,38740.383984420005,38740.383984420005,38412.8945965251,0,0,0,0,0,0,17591.35094519866,17591.35094519866,17591.35094519866,17591.35094519866,17591.35094519866,17442.643571631983,0.003455970262744908,0,0.45408303005652373,East North Central
4060104,5197.42792962,5197.42792962,5197.42792962,5197.42792962,5197.42792962,5153.491801057526,0,0,0,0,0,0,2095.094934325671,2095.094934325671,2095.094934325671,2095.094934325671,2095.094934325671,2077.3841816934837,0.003455970262744817,0,0.4031022580199299,East North Central
4060107,1299.35698236,1299.35698236,1299.35698236,1299.35698236,1299.35698236,1288.372950219762,0,0,0,0,0,0,624.8997089257125,624.8997089257125,624.8997089257125,624.8997089257125,624.8997089257125,619.6171587255368,0.0034559702627447474,0,0.48092996567480456,0
4070002,1949.0354737199998,1949.0354737199998,1949.0354737199998,1949.0354737199998,1949.0354737199998,1932.559425508121,0,0,0,0,0,0,913.2318874348347,913.2318874348347,913.2318874348347,913.2318874348347,913.2318874348347,905.51193938418,0.0034559702627447886,0,0.4685558060632971,East North Central
4080101,4547.74921884,4547.74921884,4547.74921884,4547.74921884,4547.74921884,4509.305108204018,0,0,0,0,0,0,2252.088995397582,2252.088995397582,2252.088995397582,2252.088995397582,2252.088995397582,2233.0511033910334,0.003455970262744916,0,0.4952095832522676,East North Central
4120102,18506.963671920003,18506.963671920003,18506.963671920003,18506.963671920003,18506.963671920003,18350.51622402822,0,0,0,0,0,0,4971.502542910363,4971.502542910363,4971.502542910363,4971.502542910363,4971.502542910363,4929.476260327558,0.0034559702627448277,0,0.2686287513739198,Northeast
5010008,21166.679882880002,21166.679882880002,21166.679882880002,21166.679882880002,21166.679882880002,20987.74869207406,0,0,0,0,0,0,2116.6679882880003,2116.6679882880003,2116.6679882880003,2116.6679882880003,2116.6679882880003,2098.774869207406,0.0034559702627448615,0,0.1,Northeast
5110004,12890.34667962,12890.34667962,12890.34667962,12890.34667962,12890.34667962,12781.37894854228,0,0,0,0,0,0,3288.4680403137595,3288.4680403137595,3288.4680403137595,3288.4680403137595,3288.4680403137595,3260.6691835428146,0.003455970262744851,0,0.2551109075687561,Central
5110006,9509.41142586,9509.41142586,9509.41142586,9509.41142586,9509.41142586,9429.024217298822,0,0,0,0,0,0,2496.6103789265417,2496.6103789265417,2496.6103789265417,2496.6103789265417,2496.6103789265417,2475.505440856348,0.0034559702627448728,0,0.2625409993448418,Central
5120105,8071.07695308,8071.07695308,8071.07695308,8071.07695308,8071.07695308,8002.848614091934,0,0,0,0,0,0,807.1076953080001,807.1076953080001,807.1076953080001,807.1076953080001,807.1076953080001,800.2848614091935,0.003455970262744878,0,0.1,Central
5120115,4206.2312988,4206.2312988,4206.2312988,4206.2312988,4206.2312988,4170.674188319568,0,0,0,0,0,0,1586.1010037554086,1586.1010037554086,1586.1010037554086,1586.1010037554086,1586.1010037554086,1572.6929991504917,0.0034559702627448325,0,0.377083638792738,Central
5120203,7983.2583984600005,7983.2583984600005,7983.2583984600005,7983.2583984600005,7983.2583984600005,7915.772428073906,0,0,0,0,0,0,2185.2039573497814,2185.2039573497814,2185.2039573497814,2185.2039573497814,2185.2039573497814,2166.73147378571,0.003455970262744856,0,0.2737233155037691,Central
5130204,101958.56015634,101958.56015634,101958.56015634,101958.56015634,101958.56015634,101096.659911116,0,0,0,0,0,0,24872.845548208556,24872.845548208556,24872.845548208556,24872.845548208556,24872.845548208556,24662.584520154145,0.0034559702627446377,0,0.24395053745432782,Central
5140205,8612.59658202,8612.59658202,8612.59658202,8612.59658202,8612.59658202,8539.790541068889,0,0,0,0,0,0,2385.125302552892,2385.125302552892,2385.125302552892,2385.125302552892,2385.125302552892,2364.9627965307573,0.003455970262744829,0,0.27693452025051013,Central
6020004,6763.271484420001,6763.271484420001,6763.271484420001,6763.271484420001,6763.271484420001,6706.098596317227,0,0,0,0,0,0,1604.292996493818,1604.292996493818,1604.292996493818,1604.292996493818,1604.292996493818,1590.731207027892,0.003455970262744824,0,0.23720665364232346,Central
6030004,17773.79941404,17773.79941404,17773.79941404,17773.79941404,17773.79941404,17623.54972387143,0,0,0,0,0,0,2012.4751845693586,2012.4751845693586,2012.4751845693586,2012.4751845693586,2012.4751845693586,1995.4628527707546,0.0034559702627447305,0,0.11322706742035417,Central
6030006,4011.1716796200003,4011.1716796200003,4011.1716796200003,4011.1716796200003,4011.1716796200003,3977.263493303922,0,0,0,0,0,0,1041.7512427454335,1041.7512427454335,1041.7512427454335,1041.7512427454335,1041.7512427454335,1032.944864446172,0.0034559702627448576,0,0.2597124546023231,Southeast
6040002,7277.4733887,7277.4733887,7277.4733887,7277.4733887,7277.4733887,7215.953727293308,0,0,0,0,0,0,1899.2933547023677,1899.2933547023677,1899.2933547023677,1899.2933547023677,1899.2933547023677,1883.2377983502554,0.0034559702627448103,0,0.2609825214409537,Central
6040003,36357.4828125,36357.4828125,36357.4828125,36357.4828125,36357.4828125,36050.13712907947,0,0,0,0,0,0,4574.261480299534,4574.261480299534,4574.261480299534,4574.261480299534,4574.261480299534,4535.593249936691,0.0034559702627449044,0,0.12581348119971786,Central
6040004,2910.98935548,2910.98935548,2910.98935548,2910.98935548,2910.98935548,2886.381490917322,0,0,0,0,0,0,829.2220492388416,829.2220492388416,829.2220492388416,829.2220492388416,829.2220492388416,822.2122730465508,0.003455970262744951,0,0.2848591829021337,Central
7010102,3001.74016122,3001.74016122,3001.74016122,3001.74016122,3001.74016122,2976.365140455806,0,0,0,0,0,0,3015.52103842854,3015.52103842854,3015.52103842854,3015.52103842854,3015.52103842854,2990.029521889717,0.0034559702627449613,0,1.0045909627310776,East North Central
7010105,5553.83408202,5553.83408202,5553.83408202,5553.83408202,5553.83408202,5506.885096570552,0,0,0,0,0,0,4846.1601647838515,4846.1601647838515,4846.1601647838515,4846.1601647838515,4846.1601647838515,4805.193456073789,0.003455970262744803,0,0.872579211624781,East North Central
7010107,2701.5659911800003,2701.5659911800003,2701.5659911800003,2701.5659911800003,2701.5659911800003,2678.728473793362,0,0,0,0,0,0,2129.1380388134394,2129.1380388134394,2129.1380388134394,2129.1380388134394,2129.1380388134394,2111.139504948747,0.003455970262744914,0,0.7881125413055212,East North Central
7020003,2363.5300780800003,2363.5300780800003,2363.5300780800003,2363.5300780800003,2363.5300780800003,2343.550125923281,0,0,0,0,0,0,2421.0136934683837,2421.0136934683837,2421.0136934683837,2421.0136934683837,2421.0136934683837,2400.5478072015353,0.0034559702627450046,0,1.0243210847712503,East North Central
7050006,10636.6561524,10636.6561524,10636.6561524,10636.6561524,10636.6561524,10546.73985177689,0,0,0,0,0,0,5937.6596063273555,5937.6596063273555,5937.6596063273555,5937.6596063273555,5937.6596063273555,5887.465976063228,0.003455970262744658,0,0.558226149388839,East North Central
7070006,3806.11494144,3806.11494144,3806.11494144,3806.11494144,3806.11494144,3773.940189301996,0,0,0,0,0,0,2206.0804537202844,2206.0804537202844,2206.0804537202844,2206.0804537202844,2206.0804537202844,2187.4314920133916,0.0034559702627448468,0,0.579614774556871,East North Central
7090004,8944.965527400002,8944.965527400002,8944.965527400002,8944.965527400002,8944.965527400002,8869.349826572477,0,0,0,0,0,0,4098.01930203839,4098.01930203839,4098.01930203839,4098.01930203839,4098.01930203839,4063.3769548343507,0.0034559702627449413,0,0.45813695865964343,East North Central
7110002,2340.47834478,2340.47834478,2340.47834478,2340.47834478,2340.47834478,2320.693258994027,0,0,0,0,0,0,1044.9340739662998,1044.9340739662998,1044.9340739662998,1044.9340739662998,1044.9340739662998,1036.100789804445,0.0034559702627448893,0,0.44646175697238566,Central
7110003,2340.47834478,2340.47834478,2340.47834478,2340.47834478,2340.47834478,2320.693258994027,0,0,0,0,0,0,420.7951960119472,420.7951960119472,420.7951960119472,420.7951960119472,420.7951960119472,417.2380304137309,0.0034559702627448893,0,0.17979025396686635,Central
7110008,13774.964062500001,13774.964062500001,13774.964062500001,13774.964062500001,13774.964062500001,13658.51827427765,0,0,0,0,0,0,6005.146890459769,6005.146890459769,6005.146890459769,6005.146890459769,6005.146890459769,5954.382760703943,0.0034559702627447795,0,0.4359464651387194,Central
7130005,13133.6296875,13133.6296875,13133.6296875,13133.6296875,13133.6296875,13022.60537888893,0,0,0,0,0,0,6171.887488370331,6171.887488370331,6171.887488370331,6171.887488370331,6171.887488370331,6119.71382750689,0.0034559702627448164,0,0.46993006771345597,Central
7130012,17466.447656340002,17466.447656340002,17466.447656340002,17466.447656340002,17466.447656340002,17318.79614483269,0,0,0,0,0,0,7903.866368281853,7903.866368281853,7903.866368281853,7903.866368281853,7903.866368281853,7837.051533405855,0.003455970262744945,0,0.4525171073016037,Central
7140102,46518.103125,46518.103125,46518.103125,46518.103125,46518.103125,46124.86527984687,0,0,0,0,0,0,12337.16004413466,12337.16004413466,12337.16004413466,12337.16004413466,12337.16004413466,12232.868641322546,0.0034559702627448667,0,0.26521201887753587,Central
7140104,21162.29589846,21162.29589846,21162.29589846,21162.29589846,21162.29589846,20983.40176738931,0,0,0,0,0,0,10517.531821068285,10517.531821068285,10517.531821068285,10517.531821068285,10517.531821068285,10428.622530452267,0.00345597026274497,0,0.4969938928901214,Central
7140108,2547.29948724,2547.29948724,2547.29948724,2547.29948724,2547.29948724,2525.76605199587,0,0,0,0,0,0,886.4859584228369,886.4859584228369,886.4859584228369,886.4859584228369,886.4859584228369,878.992105392932,0.0034559702627449083,0,0.3480101035875231,Central
8010201,6924.55122072,6924.55122072,6924.55122072,6924.55122072,6924.55122072,6866.014964558149,0,0,0,0,0,0,2055.3633813114075,2055.3633813114075,2055.3633813114075,2055.3633813114075,2055.3633813114075,2037.9884968518738,0.0034559702627448468,0,0.2968226121515634,Central
8010202,11905.43203134,11905.43203134,11905.43203134,11905.43203134,11905.43203134,11804.7902140019,0,0,0,0,0,0,1190.5432031340001,1190.5432031340001,1190.5432031340001,1190.5432031340001,1190.5432031340001,1180.47902140019,0.0034559702627448325,0,0.1,Central
8010204,10992.21328134,10992.21328134,10992.21328134,10992.21328134,10992.21328134,10899.29130099608,0,0,0,0,0,0,3077.2964323923625,3077.2964323923625,3077.2964323923625,3077.2964323923625,3077.2964323923625,3051.282701464434,0.0034559702627448225,0,0.2799523948117231,Central
8010206,0,0,0,0,0,0,0,0,0,0,0,0,0,0,0,0,0,0,0,0,0.1,Central
8020201,1820.37205818,1820.37205818,1820.37205818,1820.37205818,1820.37205818,1804.983658020773,0,0,0,0,0,0,532.0872785355555,532.0872785355555,532.0872785355555,532.0872785355555,532.0872785355555,527.5893123505957,0.0034559702627449426,0,0.2922958942072172,Central
8040204,5481.204785100001,5481.204785100001,5481.204785100001,5481.204785100001,5481.204785100001,5434.869766822409,0,0,0,0,0,0,843.2369988146829,843.2369988146829,843.2369988146829,843.2369988146829,843.2369988146829,836.1087481317982,0.0034559702627449036,0,0.15384154248476936,South
8040206,18081.83847654,18081.83847654,18081.83847654,18081.83847654,18081.83847654,17928.98479762246,0,0,0,0,0,0,6171.3481164176665,6171.3481164176665,6171.3481164176665,6171.3481164176665,6171.3481164176665,6119.179015100941,0.003455970262744978,0,0.3413009205023364,South
8040302,5947.289208900001,5947.289208900001,5947.289208900001,5947.289208900001,5947.289208900001,5897.014175399044,0,0,0,0,0,0,1927.8572030854,1927.8572030854,1927.8572030854,1927.8572030854,1927.8572030854,1911.5601840460138,0.0034559702627449,0,0.32415729845463037,South
8040304,4480.39248048,4480.39248048,4480.39248048,4480.39248048,4480.39248048,4442.517765775277,0,0,0,0,0,0,495.25390549152263,495.25390549152263,495.25390549152263,495.25390549152263,495.25390549152263,491.0673078979829,0.0034559702627448216,0,0.11053806282579609,South
8040305,16278.00820308,16278.00820308,16278.00820308,16278.00820308,16278.00820308,16140.40308938988,0,0,0,0,0,0,1627.800820308,1627.800820308,1627.800820308,1627.800820308,1627.800820308,1614.0403089389881,0.003455970262744961,0,0.1,South
8040306,2480.26970214,2480.26970214,2480.26970214,2480.26970214,2480.26970214,2459.302898948406,0,0,0,0,0,0,635.6943116094881,635.6943116094881,635.6943116094881,635.6943116094881,635.6943116094881,630.3205099176672,0.0034559702627449014,0,0.25630047855723315,South
8060203,10754.32412106,10754.32412106,10754.32412106,10754.32412106,10754.32412106,10663.4131216996,0,0,0,0,0,0,3511.2093026284133,3511.2093026284133,3511.2093026284133,3511.2093026284133,3511.2093026284133,3481.5275166721585,0.0034559702627448433,0,0.3264927914672457,South
8060204,1456.48531494,1456.48531494,1456.48531494,1456.48531494,1456.48531494,1444.173008369693,0,0,0,0,0,0,486.9393564693937,486.9393564693937,486.9393564693937,486.9393564693937,486.9393564693937,482.8230453905922,0.0034559702627447015,0,0.3343249337803678,South
8060205,4369.45605462,4369.45605462,4369.45605462,4369.45605462,4369.45605462,4332.519133980891,0,0,0,0,0,0,1374.4575565220498,1374.4575565220498,1374.4575565220498,1374.4575565220498,1374.4575565220498,1362.8386664239563,0.0034559702627447618,0,0.3145603341333027,South
8060206,2910.98935548,2910.98935548,2910.98935548,2910.98935548,2910.98935548,2886.381490917322,0,0,0,0,0,0,841.7079742706223,841.7079742706223,841.7079742706223,841.7079742706223,841.7079742706223,834.5926491000972,0.003455970262744951,0,0.2891484205141764,South
8070100,2852.21909178,2852.21909178,2852.21909178,2852.21909178,2852.21909178,2828.108037927647,0,0,0,0,0,0,285.221909178,285.221909178,285.221909178,285.221909178,285.221909178,282.8108037927647,0.0034559702627448494,0,0.1,South
8070203,19934.82070308,19934.82070308,19934.82070308,19934.82070308,19934.82070308,19766.30295600574,0,0,0,0,0,0,5135.207877489751,5135.207877489751,5135.207877489751,5135.207877489751,5135.207877489751,5091.797722206094,0.003455970262744803,0,0.2575999029023794,South
8070205,6525.1999512,6525.1999512,6525.1999512,6525.1999512,6525.1999512,6470.03958575887,0,0,0,0,0,0,1697.1005783742025,1697.1005783742025,1697.1005783742025,1697.1005783742025,1697.1005783742025,1682.7542458796315,0.003455970262744813,0,0.2600840726822634,South
8080100,21231.61699212,21231.61699212,21231.61699212,21231.61699212,21231.61699212,21052.13685956466,0,0,0,0,0,0,2123.1616992120003,2123.1616992120003,2123.1616992120003,2123.1616992120003,2123.1616992120003,2105.213685956466,0.003455970262744924,0,0.1,South
8080202,16625.98125,16625.98125,16625.98125,16625.98125,16625.98125,16485.43456814718,0,0,0,0,0,0,2867.2541123128935,2867.2541123128935,2867.2541123128935,2867.2541123128935,2867.2541123128935,2843.015960864573,0.0034559702627447336,0,0.1724562339629063,South
8080204,3720.4044433199997,3720.4044433199997,3720.4044433199997,3720.4044433199997,3720.4044433199997,3688.954239461558,0,0,0,0,0,0,1169.7431361179708,1169.7431361179708,1169.7431361179708,1169.7431361179708,1169.7431361179708,1159.8547864362642,0.003455970262744808,0,0.31441289621569213,South
8090100,3439.5317137800002,3439.5317137800002,3439.5317137800002,3439.5317137800002,3439.5317137800002,3410.455849791561,0,0,0,0,0,0,343.95317137800004,343.95317137800004,343.95317137800004,343.95317137800004,343.95317137800004,341.0455849791561,0.003455970262744826,0,0.1,South
8090201,34395.31757808,34395.31757808,34395.31757808,34395.31757808,34395.31757808,34104.55893447373,0,0,0,0,0,0,9402.650517051412,9402.650517051412,9402.650517051412,9402.650517051412,9402.650517051412,9323.165805086315,0.0034559702627448,0,0.2733700741592711,South
8090202,0,0,0,0,0,0,0,0,0,0,0,0,0,0,0,0,0,0,0,0,0.1,South
9010002,1104.47753904,1104.47753904,1104.47753904,1104.47753904,1104.47753904,1095.140907958869,0,0,0,0,0,0,3515.850624179991,3515.850624179991,3515.850624179991,3515.850624179991,3515.850624179991,3486.1296031052984,0.0034559702627448927,0,3.1832703698401423,West North Central
9010005,53493.5109375,53493.5109375,53493.5109375,53493.5109375,53493.5109375,53041.30692320018,0,0,0,0,0,0,226550.7440227892,226550.7440227892,226550.7440227892,226550.7440227892,226550.7440227892,224635.61162459213,0.0034559702627448806,0,4.235107026111698,West North Central
9020101,2191.42573236,2191.42573236,2191.42573236,2191.42573236,2191.42573236,2172.900653414052,0,0,0,0,0,0,1500.9234304486504,1500.9234304486504,1500.9234304486504,1500.9234304486504,1500.9234304486504,1488.235469077064,0.0034559702627448437,0,0.6849072767034953,West North Central
9020102,2401.3920411,2401.3920411,2401.3920411,2401.3920411,2401.3920411,2381.0920252315,0,0,0,0,0,0,2782.188222108609,2782.188222108609,2782.188222108609,2782.188222108609,2782.188222108609,2758.6691697875694,0.003455970262744752,0,1.1585731003065116,East North Central
9020105,2869.79809572,2869.79809572,2869.79809572,2869.79809572,2869.79809572,2845.538438868709,0,0,0,0,0,0,4709.468281646276,4709.468281646276,4709.468281646276,4709.468281646276,4709.468281646276,4669.65708913236,0.0034559702627448186,0,1.6410451622607003,West North Central
9020108,7185.1719726,7185.1719726,7185.1719726,7185.1719726,7185.1719726,7124.432575381515,0,0,0,0,0,0,7838.509104649512,7838.509104649512,7838.509104649512,7838.509104649512,7838.509104649512,7772.246763271517,0.0034559702627447865,0,1.0909285309441379,East North Central
9020201,3944.56289058,3944.56289058,3944.56289058,3944.56289058,3944.56289058,3911.217777452868,0,0,0,0,0,0,11326.193740398308,11326.193740398308,11326.193740398308,11326.193740398308,11326.193740398308,11230.448477348931,0.0034559702627448958,0,2.8713431765649777,West North Central
9020202,1420.04267586,1420.04267586,1420.04267586,1420.04267586,1420.04267586,1408.038434836239,0,0,0,0,0,0,6251.889816606285,6251.889816606285,6251.889816606285,6251.889816606285,6251.889816606285,6199.039861116682,0.003455970262744794,0,4.4026069940609664,West North Central
9020301,5187.72568356,5187.72568356,5187.72568356,5187.72568356,5187.72568356,5143.87157232148,0,0,0,0,0,0,518.7725683560001,518.7725683560001,518.7725683560001,518.7725683560001,518.7725683560001,514.3871572321481,0.0034559702627448667,0,0.1,East North Central
9020302,3001.74016122,3001.74016122,3001.74016122,3001.74016122,3001.74016122,2976.365140455806,0,0,0,0,0,0,3512.9657021508474,3512.9657021508474,3512.9657021508474,3512.9657021508474,3512.9657021508474,3483.269068582221,0.0034559702627449613,0,1.1703097248507577,East North Central
9020304,900.5220153,900.5220153,900.5220153,900.5220153,900.5220153,892.9095093502634,0,0,0,0,0,0,1003.255772331117,1003.255772331117,1003.255772331117,1003.255772331117,1003.255772331117,994.7748130583624,0.0034559702627448125,0,1.1140824491635468,East North Central
9020305,4050.08217774,4050.08217774,4050.08217774,4050.08217774,4050.08217774,4015.845063986932,0,0,0,0,0,0,4297.636254619596,4297.636254619596,4297.636254619596,4297.636254619596,4297.636254619596,4261.3064581212875,0.0034559702627448494,0,1.0611232231879637,East North Central
9020306,1574.78016366,1574.78016366,1574.78016366,1574.78016366,1574.78016366,1561.467859061433,0,0,0,0,0,0,157.47801636600002,157.47801636600002,157.47801636600002,157.47801636600002,157.47801636600002,156.14678590614332,0.0034559702627448186,0,0.1,East North Central
9020307,4542.7271484600005,4542.7271484600005,4542.7271484600005,4542.7271484600005,4542.7271484600005,4504.325491578617,0,0,0,0,0,0,7768.273599226374,7768.273599226374,7768.273599226374,7768.273599226374,7768.273599226374,7702.604989255087,0.0034559702627448645,0,1.7100462663402192,West North Central
9020308,2394.4748290200005,2394.4748290200005,2394.4748290200005,2394.4748290200005,2394.4748290200005,2374.233287366699,0,0,0,0,0,0,4711.013696506247,4711.013696506247,4711.013696506247,4711.013696506247,4711.013696506247,4671.189439925471,0.003455970262744905,0,1.967451751595296,West North Central
9020309,5197.2437988,5197.2437988,5197.2437988,5197.2437988,5197.2437988,5153.309226775776,0,0,0,0,0,0,7714.893084879265,7714.893084879265,7714.893084879265,7714.893084879265,7714.893084879265,7649.67572371274,0.0034559702627448997,0,1.4844200856347298,East North Central
9020311,5459.61005856,5459.61005856,5459.61005856,5459.61005856,5459.61005856,5413.457589938581,0,0,0,0,0,0,545.961005856,545.961005856,545.961005856,545.961005856,545.961005856,541.3457589938581,0.00345597026274484,0,0.1,East North Central
9020312,1801.04403078,1801.04403078,1801.04403078,1801.04403078,1801.04403078,1785.819018879005,0,0,0,0,0,0,2593.106945245191,2593.106945245191,2593.106945245191,2593.106945245191,2593.106945245191,2571.186279549521,0.0034559702627448576,0,1.439779872634298,East North Central
9020314,1200.69602046,1200.69602046,1200.69602046,1200.69602046,1200.69602046,1190.546012526511,0,0,0,0,0,0,1469.497273201833,1469.497273201833,1469.497273201833,1469.497273201833,1469.497273201833,1457.074970864623,0.0034559702627446802,0,1.2238711948415155,East North Central
9030002,15882.93808596,15882.93808596,15882.93808596,15882.93808596,15882.93808596,15748.67267253933,0,0,0,0,0,0,12523.885760305555,12523.885760305555,12523.885760305555,12523.885760305555,12523.885760305555,12418.01588345153,0.0034559702627448737,0,0.7885119045686051,East North Central
9030003,900.5220153,900.5220153,900.5220153,900.5220153,900.5220153,892.9095093502634,0,0,0,0,0,0,141.57844076357435,141.57844076357435,141.57844076357435,141.57844076357435,141.57844076357435,140.3816163613324,0.0034559702627448125,0,0.1572181894036304,East North Central
9030005,3380.60390634,3380.60390634,3380.60390634,3380.60390634,3380.60390634,3352.026184847935,0,0,0,0,0,0,2953.5026920152586,2953.5026920152586,2953.5026920152586,2953.5026920152586,2953.5026920152586,2928.5354436487214,0.003455970262744866,0,0.8736612669932275,East North Central
9030006,3001.74016122,3001.74016122,3001.74016122,3001.74016122,3001.74016122,2976.365140455806,0,0,0,0,0,0,2834.2944656697823,2834.2944656697823,2834.2944656697823,2834.2944656697823,2834.2944656697823,2810.3349365115423,0.0034559702627449613,0,0.9442171252150744,East North Central
9030007,0,0,0,0,0,0,0,0,0,0,0,0,0,0,0,0,0,0,0,0,1.0718979930947397,East North Central
9030008,300.17400516,300.17400516,300.17400516,300.17400516,300.17400516,297.6365031762472,0,0,0,0,0,0,30.017400516,30.017400516,30.017400516,30.017400516,30.017400516,29.76365031762472,0.0034559702627449014,0,0.1,East North Central
9030009,1500.8699707199999,1500.8699707199999,1500.8699707199999,1500.8699707199999,1500.8699707199999,1488.182461266852,0,0,0,0,0,0,150.086997072,150.086997072,150.086997072,150.086997072,150.086997072,148.8182461266852,0.0034559702627446685,0,0.1,East North Central
10010001,0,0,0,0,0,0,0,0,0,0,0,0,0,0,0,0,0,0,0,0,0.14753637142420117,West North Central
10010002,1624.19622804,1624.19622804,1624.19622804,1624.19622804,1624.19622804,1610.466187863942,0,0,0,0,0,0,380.611471033824,380.611471033824,380.611471033824,380.611471033824,380.611471033824,377.3939960153841,0.003455970262744686,0,0.23433835423514507,West North Central
10020001,756.37298592,756.37298592,756.37298592,756.37298592,756.37298592,749.9790346809314,0,0,0,0,0,0,1084.1297699975507,1084.1297699975507,1084.1297699975507,1084.1297699975507,1084.1297699975507,1074.9651474961856,0.003455970262744813,0,1.4333269302034761,West North Central
10020002,378.18649296,378.18649296,378.18649296,378.18649296,378.18649296,374.9895173404657,0,0,0,0,0,0,285.3809270236287,285.3809270236287,285.3809270236287,285.3809270236287,285.3809270236287,282.9684773910842,0.003455970262744813,0,0.7546037003860232,West North Central
10020003,756.37298592,756.37298592,756.37298592,756.37298592,756.37298592,749.9790346809314,0,0,0,0,0,0,969.0355779561464,969.0355779561464,969.0355779561464,969.0355779561464,969.0355779561464,960.8438969340672,0.003455970262744813,0,1.2811610091778705,West North Central
10020004,1890.93251952,1890.93251952,1890.93251952,1890.93251952,1890.93251952,1874.947640959756,0,0,0,0,0,0,1557.0449503541702,1557.0449503541702,1557.0449503541702,1557.0449503541702,1557.0449503541702,1543.8825692605442,0.0034559702627448654,0,0.8234270309917856,West North Central
10020005,1890.93251952,1890.93251952,1890.93251952,1890.93251952,1890.93251952,1874.947640959756,0,0,0,0,0,0,410.910639311049,410.910639311049,410.910639311049,410.910639311049,410.910639311049,407.43703218826994,0.0034559702627448654,0,0.21730581872660154,West North Central
10020006,378.18649296,378.18649296,378.18649296,378.18649296,378.18649296,374.9895173404657,0,0,0,0,0,0,601.5444120740501,601.5444120740501,601.5444120740501,601.5444120740501,601.5444120740501,596.4592943999209,0.003455970262744813,0,1.5906025817206386,West North Central
10020008,2647.30539546,2647.30539546,2647.30539546,2647.30539546,2647.30539546,2624.926566590397,0,0,0,0,0,0,1682.8352415094075,1682.8352415094075,1682.8352415094075,1682.8352415094075,1682.8352415094075,1668.6095001385554,0.003455970262744721,0,0.6356785448310528,West North Central
10030103,2233.47766122,2233.47766122,2233.47766122,2233.47766122,2233.47766122,2214.597098950818,0,0,0,0,0,0,4136.314473770987,4136.314473770987,4136.314473770987,4136.314473770987,4136.314473770987,4101.348400752691,0.0034559702627447995,0,1.851961425712937,West North Central
10030201,756.37298592,756.37298592,756.37298592,756.37298592,756.37298592,749.9790346809314,0,0,0,0,0,0,586.8158271226719,586.8158271226719,586.8158271226719,586.8158271226719,586.8158271226719,581.855216610687,0.003455970262744813,0,0.7758286428076347,West North Central
10030202,756.37298592,756.37298592,756.37298592,756.37298592,756.37298592,749.9790346809314,0,0,0,0,0,0,1780.6378225580243,1780.6378225580243,1780.6378225580243,1780.6378225580243,1780.6378225580243,1765.5853132487064,0.003455970262744813,0,2.3541795591657455,West North Central
10030204,946.69508052,946.69508052,946.69508052,946.69508052,946.69508052,938.6922534812362,0,0,0,0,0,0,14539.997266859995,14539.997266859995,14539.997266859995,14539.997266859995,14539.997266859995,14417.084318789257,0.0034559702627448424,0,15.358691056969976,West North Central
10040101,1512.7459716600001,1512.7459716600001,1512.7459716600001,1512.7459716600001,1512.7459716600001,1499.958069183384,0,0,0,0,0,0,151.274597166,151.274597166,151.274597166,151.274597166,151.274597166,149.9958069183384,0.003455970262744945,0,0.1,West North Central
10040102,1134.5594238,1134.5594238,1134.5594238,1134.5594238,1134.5594238,1124.968497407012,0,0,0,0,0,0,3656.3596681973872,3656.3596681973872,3656.3596681973872,3656.3596681973872,3656.3596681973872,3625.4508627982673,0.003455970262744997,0,3.2227132325524885,West North Central
10040103,2647.30539546,2647.30539546,2647.30539546,2647.30539546,2647.30539546,2624.926566590397,0,0,0,0,0,0,4788.179451329935,4788.179451329935,4788.179451329935,4788.179451329935,4788.179451329935,4747.702878917086,0.003455970262744721,0,1.808699313476046,West North Central
10040104,756.37298592,756.37298592,756.37298592,756.37298592,756.37298592,749.9790346809314,0,0,0,0,0,0,157.52805835813476,157.52805835813476,157.52805835813476,157.52805835813476,157.52805835813476,156.19640487145986,0.003455970262744813,0,0.20826769502685039,West North Central
10040105,378.18649296,378.18649296,378.18649296,378.18649296,378.18649296,374.9895173404657,0,0,0,0,0,0,3619.5414843355106,3619.5414843355106,3619.5414843355106,3619.5414843355106,3619.5414843355106,3588.9439191270208,0.003455970262744813,0,9.570784657077485,West North Central
10040106,378.18649296,378.18649296,378.18649296,378.18649296,378.18649296,374.9895173404657,0,0,0,0,0,0,8463.136358920092,8463.136358920092,8463.136358920092,8463.136358920092,8463.136358920092,8391.59377052013,0.003455970262744813,0,22.378208943107918,West North Central
10040202,1134.5594238,1134.5594238,1134.5594238,1134.5594238,1134.5594238,1124.968497407012,0,0,0,0,0,0,1824.7346689821961,1824.7346689821961,1824.7346689821961,1824.7346689821961,1824.7346689821961,1809.3093897682384,0.003455970262744997,0,1.6083200497956993,West North Central
10040203,378.18649296,378.18649296,378.18649296,378.18649296,378.18649296,374.9895173404657,0,0,0,0,0,0,533.159613799846,533.159613799846,533.159613799846,533.159613799846,533.159613799846,528.6525826964937,0.003455970262744813,0,1.409779629163639,West North Central
10040204,756.37298592,756.37298592,756.37298592,756.37298592,756.37298592,749.9790346809314,0,0,0,0,0,0,3073.4225188832643,3073.4225188832643,3073.4225188832643,3073.4225188832643,3073.4225188832643,3047.4415358383812,0.003455970262744813,0,4.063368967553706,West North Central
10040205,1134.5594238,1134.5594238,1134.5594238,1134.5594238,1134.5594238,1124.968497407012,0,0,0,0,0,0,1019.2521085534852,1019.2521085534852,1019.2521085534852,1019.2521085534852,1019.2521085534852,1010.6359252633292,0.003455970262744997,0,0.8983682010587739,West North Central
10050001,0,0,0,0,0,0,0,0,0,0,0,0,0,0,0,0,0,0,0,0,0.19752395302906353,West North Central
10050003,0,0,0,0,0,0,0,0,0,0,0,0,0,0,0,0,0,0,0,0,23.297267466281163,West North Central
10050004,2269.11906738,2269.11906738,2269.11906738,2269.11906738,2269.11906738,2249.937212736128,0,0,0,0,0,0,2839.3890286054557,2839.3890286054557,2839.3890286054557,2839.3890286054557,2839.3890286054557,2815.3864328813797,0.0034559702627448927,0,1.251317777644832,West North Central
10050005,5591.30712894,5591.30712894,5591.30712894,5591.30712894,5591.30712894,5544.041367456444,0,0,0,0,0,0,53296.68545388336,53296.68545388336,53296.68545388336,53296.68545388336,53296.68545388336,52846.145291371315,0.0034559702627448693,0,9.532061864036315,West North Central
10050006,1512.7459716600001,1512.7459716600001,1512.7459716600001,1512.7459716600001,1512.7459716600001,1499.958069183384,0,0,0,0,0,0,35875.87793215649,35875.87793215649,35875.87793215649,35875.87793215649,35875.87793215649,35572.603465157925,0.003455970262744945,0,23.71573192344275,West North Central
10050007,378.18649296,378.18649296,378.18649296,378.18649296,378.18649296,374.9895173404657,0,0,0,0,0,0,37818.649296,37818.649296,37818.649296,37818.649296,37818.649296,37498.95173404657,0.003455970262744813,0,100,West North Central
10050008,0,0,0,0,0,0,0,0,0,0,0,0,0,0,0,0,0,0,0,0,20.303453057000986,West North Central
10050009,378.18649296,378.18649296,378.18649296,378.18649296,378.18649296,374.9895173404657,0,0,0,0,0,0,2899.568700782021,2899.568700782021,2899.568700782021,2899.568700782021,2899.568700782021,2875.057380002129,0.003455970262744813,0,7.667034002424572,West North Central
10050010,4202.43618168,4202.43618168,4202.43618168,4202.43618168,4202.43618168,4166.911152982318,0,0,0,0,0,0,93468.5021226491,93468.5021226491,93468.5021226491,93468.5021226491,93468.5021226491,92678.37204650143,0.0034559702627448147,0,22.24150423273849,West North Central
10050011,25797.89003904,25797.89003904,25797.89003904,25797.89003904,25797.89003904,25579.80920583858,0,0,0,0,0,0,264260.489028632,264260.489028632,264260.489028632,264260.489028632,264260.489028632,262026.57968401632,0.0034559702627448767,0,10.243492340990912,West North Central
10050012,1134.5594238,1134.5594238,1134.5594238,1134.5594238,1134.5594238,1124.968497407012,0,0,0,0,0,0,547.974539290637,547.974539290637,547.974539290637,547.974539290637,547.974539290637,543.3422711508463,0.003455970262744997,0,0.48298443236696775,West North Central
10050013,3005.27556156,3005.27556156,3005.27556156,3005.27556156,3005.27556156,2979.870654512445,0,0,0,0,0,0,28357.417363703637,28357.417363703637,28357.417363703637,28357.417363703637,28357.417363703637,28117.69972800715,0.003455970262744776,0,9.435879267252174,West North Central
10050014,1580.1032592000001,1580.1032592000001,1580.1032592000001,1580.1032592000001,1580.1032592000001,1566.745956149668,0,0,0,0,0,0,33183.893280921286,33183.893280921286,33183.893280921286,33183.893280921286,33183.893280921286,32903.37533605763,0.003455970262744733,0,21.00109159810363,West North Central
10050015,378.18649296,378.18649296,378.18649296,378.18649296,378.18649296,374.9895173404657,0,0,0,0,0,0,3183.116468331838,3183.116468331838,3183.116468331838,3183.116468331838,3183.116468331838,3156.2081944171705,0.003455970262744813,0,8.416790466042661,West North Central
10050016,756.37298592,756.37298592,756.37298592,756.37298592,756.37298592,749.9790346809314,0,0,0,0,0,0,13305.196335809713,13305.196335809713,13305.196335809713,13305.196335809713,13305.196335809713,13192.72169937895,0.003455970262744813,0,17.590787327797262,West North Central
10060002,1512.7459716600001,1512.7459716600001,1512.7459716600001,1512.7459716600001,1512.7459716600001,1499.958069183384,0,0,0,0,0,0,41345.89944140594,41345.89944140594,41345.89944140594,41345.89944140594,41345.89944140594,40996.38449324549,0.003455970262744945,0,27.331687022134545,West North Central
10060003,1134.5594238,1134.5594238,1134.5594238,1134.5594238,1134.5594238,1124.968497407012,0,0,0,0,0,0,19388.116785410268,19388.116785410268,19388.116785410268,19388.116785410268,19388.116785410268,19224.220565356212,0.003455970262744997,0,17.088674580369975,West North Central
10060004,756.37298592,756.37298592,756.37298592,756.37298592,756.37298592,749.9790346809314,0,0,0,0,0,0,44172.693676291936,44172.693676291936,44172.693676291936,44172.693676291936,44172.693676291936,43799.28260170023,0.003455970262744813,0,58.4006759873415,West North Central
10060007,535.9690063800001,535.9690063800001,535.9690063800001,535.9690063800001,535.9690063800001,531.438226254005,0,0,0,0,0,0,6339.906938280071,6339.906938280071,6339.906938280071,6339.906938280071,6339.906938280071,6286.312935614454,0.003455970262744908,0,11.828868577869033,West North Central
10070002,2647.30539546,2647.30539546,2647.30539546,2647.30539546,2647.30539546,2624.926566590397,0,0,0,0,0,0,718.1577322562471,718.1577322562471,718.1577322562471,718.1577322562471,718.1577322562471,712.0868312490923,0.003455970262744721,0,0.27127876273279716,West North Central
10070003,378.18649296,378.18649296,378.18649296,378.18649296,378.18649296,374.9895173404657,0,0,0,0,0,0,379.73419832502856,379.73419832502856,379.73419832502856,379.73419832502856,379.73419832502856,376.5241392759949,0.003455970262744813,0,1.0040924395604796,West North Central
10070008,2908.4352539399997,2908.4352539399997,2908.4352539399997,2908.4352539399997,2908.4352539399997,2883.84898031329,0,0,0,0,0,0,13431.845854615542,13431.845854615542,13431.845854615542,13431.845854615542,13431.845854615542,13318.300594480905,0.003455970262744774,0,4.618237877710939,West North Central
10080001,1981.750122,1981.750122,1981.750122,1981.750122,1981.750122,1964.997522576219,0,0,0,0,0,0,1781.0626409059237,1781.0626409059237,1781.0626409059237,1781.0626409059237,1781.0626409059237,1766.0065404215468,0.003455970262744967,0,0.8987321969272591,West North Central
10080003,495.4375305,495.4375305,495.4375305,495.4375305,495.4375305,491.2493806440548,0,0,0,0,0,0,697.3851846372476,697.3851846372476,697.3851846372476,697.3851846372476,697.3851846372476,691.489883048712,0.00345597026274492,0,1.4076147681695415,West North Central
10080004,0,0,0,0,0,0,0,0,0,0,0,0,0,0,0,0,0,0,0,0,56.38718904708057,West North Central
10080006,495.4375305,495.4375305,495.4375305,495.4375305,495.4375305,491.2493806440548,0,0,0,0,0,0,11074.199369581824,11074.199369581824,11074.199369581824,11074.199369581824,11074.199369581824,10980.584325021886,0.00345597026274492,0,22.352362685171716,West North Central
10080007,1981.750122,1981.750122,1981.750122,1981.750122,1981.750122,1964.997522576219,0,0,0,0,0,0,2829.7305157038227,2829.7305157038227,2829.7305157038227,2829.7305157038227,2829.7305157038227,2805.8095676082103,0.003455970262744967,0,1.4278947099788915,West North Central
10080008,1486.3126464,1486.3126464,1486.3126464,1486.3126464,1486.3126464,1473.748196368071,0,0,0,0,0,0,4049.412855405607,4049.412855405607,4049.412855405607,4049.412855405607,4049.412855405607,4015.181399726596,0.0034559702627448515,0,2.724469084760663,West North Central
10080009,1486.3126464,1486.3126464,1486.3126464,1486.3126464,1486.3126464,1473.748196368071,0,0,0,0,0,0,608.0800324768358,608.0800324768358,608.0800324768358,608.0800324768358,608.0800324768358,602.9396663486364,0.0034559702627448515,0,0.40911986717577037,West North Central
10080010,990.875061,990.875061,990.875061,990.875061,990.875061,982.4987612881097,0,0,0,0,0,0,324.57218004223785,324.57218004223785,324.57218004223785,324.57218004223785,324.57218004223785,321.8284296289096,0.003455970262744873,0,0.3275611556059113,West North Central
10080011,0,0,0,0,0,0,0,0,0,0,0,0,0,0,0,0,0,0,0,0,100,West North Central
10080012,495.4375305,495.4375305,495.4375305,495.4375305,495.4375305,491.2493806440548,0,0,0,0,0,0,142.70004460936136,142.70004460936136,142.70004460936136,142.70004460936136,142.70004460936136,141.49373879988642,0.00345597026274492,0,0.2880283301617203,West North Central
10080013,0,0,0,0,0,0,0,0,0,0,0,0,0,0,0,0,0,0,0,0,0.6448294200358622,West North Central
10080016,2125.43459478,2125.43459478,2125.43459478,2125.43459478,2125.43459478,2107.467367745413,0,0,0,0,0,0,5080.599676751916,5080.599676751916,5080.599676751916,5080.599676751916,5080.599676751916,5037.6511484423445,0.0034559702627449023,0,2.3903815667768407,West North Central
10090101,3233.56069332,3233.56069332,3233.56069332,3233.56069332,3233.56069332,3206.225992337113,0,0,0,0,0,0,8885.768175368528,8885.768175368528,8885.768175368528,8885.768175368528,8885.768175368528,8810.652895615554,0.0034559702627447483,0,2.747982493022336,West North Central
10090102,1134.5594238,1134.5594238,1134.5594238,1134.5594238,1134.5594238,1124.968497407012,0,0,0,0,0,0,2698.931651078363,2698.931651078363,2698.931651078363,2698.931651078363,2698.931651078363,2676.1164029193014,0.003455970262744997,0,2.3788367488401647,West North Central
10090201,495.4375305,495.4375305,495.4375305,495.4375305,495.4375305,491.2493806440548,0,0,0,0,0,0,924.3714831518005,924.3714831518005,924.3714831518005,924.3714831518005,924.3714831518005,916.5573672326956,0.00345597026274492,0,1.865767985358147,West North Central
10090203,0,0,0,0,0,0,0,0,0,0,0,0,0,0,0,0,0,0,0,0,14.17268909009907,West North Central
10090204,64955.552343840005,64955.552343840005,64955.552343840005,64955.552343840005,64955.552343840005,64406.45468683138,0,0,0,0,0,0,479494.70856108493,479494.70856108493,479494.70856108493,479494.70856108493,479494.70856108493,475441.3303429272,0.003455970262744871,0,7.381889480715921,West North Central
10090205,0,0,0,0,0,0,0,0,0,0,0,0,0,0,0,0,0,0,0,0,7.3405537093599715,West North Central
10090206,22448.52949212,22448.52949212,22448.52949212,22448.52949212,22448.52949212,22258.76226664615,0,0,0,0,0,0,73179.16643569847,73179.16643569847,73179.16643569847,73179.16643569847,73179.16643569847,72560.55097663839,0.0034559702627448095,0,3.2598645920832454,West North Central
10090207,873.62402346,873.62402346,873.62402346,873.62402346,873.62402346,866.2388979845206,0,0,0,0,0,0,619.2898134884249,619.2898134884249,619.2898134884249,619.2898134884249,619.2898134884249,614.0546861848228,0.0034559702627448203,0,0.708874523660326,West North Central
10090209,756.37298592,756.37298592,756.37298592,756.37298592,756.37298592,749.9790346809314,0,0,0,0,0,0,726.0294360237766,726.0294360237766,726.0294360237766,726.0294360237766,726.0294360237766,719.8919920662587,0.003455970262744813,0,0.9598828217545137,West North Central
10090210,378.18649296,378.18649296,378.18649296,378.18649296,378.18649296,374.9895173404657,0,0,0,0,0,0,4266.910366174653,4266.910366174653,4266.910366174653,4266.910366174653,4266.910366174653,4230.840309032656,0.003455970262744813,0,11.282556213941662,West North Central
10100002,0,0,0,0,0,0,0,0,0,0,0,0,0,0,0,0,0,0,0,0,8.95167740147064,West North Central
10100003,756.37298592,756.37298592,756.37298592,756.37298592,756.37298592,749.9790346809314,0,0,0,0,0,0,4022.30997680988,4022.30997680988,4022.30997680988,4022.30997680988,4022.30997680988,3988.307633602369,0.003455970262744813,0,5.317892166544551,West North Central
10100005,1512.7459716600001,1512.7459716600001,1512.7459716600001,1512.7459716600001,1512.7459716600001,1499.958069183384,0,0,0,0,0,0,12721.651804545787,12721.651804545787,12721.651804545787,12721.651804545787,12721.651804545787,12614.110124934186,0.003455970262744945,0,8.409641832055769,West North Central
10110102,315.56502684,315.56502684,315.56502684,315.56502684,315.56502684,312.8974178270787,0,0,0,0,0,0,2757.336070211847,2757.336070211847,2757.336070211847,2757.336070211847,2757.336070211847,2734.0271039863865,0.003455970262744843,0,8.737774581116339,West North Central
10110202,756.37298592,756.37298592,756.37298592,756.37298592,756.37298592,749.9790346809314,0,0,0,0,0,0,5095.170379081325,5095.170379081325,5095.170379081325,5095.170379081325,5095.170379081325,5052.098678260378,0.003455970262744813,0,6.736319876474582,West North Central
10110204,1580.1032592000001,1580.1032592000001,1580.1032592000001,1580.1032592000001,1580.1032592000001,1566.745956149668,0,0,0,0,0,0,20526.137322896364,20526.137322896364,20526.137322896364,20526.137322896364,20526.137322896364,20352.620918143504,0.003455970262744733,0,12.990377181608158,West North Central
10110205,631.13005368,631.13005368,631.13005368,631.13005368,631.13005368,625.7948356541574,0,0,0,0,0,0,895.0533519872075,895.0533519872075,895.0533519872075,895.0533519872075,895.0533519872075,887.4870750372048,0.003455970262744843,0,1.4181757733898437,West North Central
10120101,0,0,0,0,0,0,0,0,0,0,0,0,0,0,0,0,0,0,0,0,11.119949354796448,West North Central
10120102,0,0,0,0,0,0,0,0,0,0,0,0,0,0,0,0,0,0,0,0,11.014082407059453,West North Central
10120103,0,0,0,0,0,0,0,0,0,0,0,0,0,0,0,0,0,0,0,0,5.697914234428694,West North Central
10120104,990.875061,990.875061,990.875061,990.875061,990.875061,982.4987612881097,0,0,0,0,0,0,3817.9447185684962,3817.9447185684962,3817.9447185684962,3817.9447185684962,3817.9447185684962,3785.6699641570935,0.003455970262744873,0,3.8531040580589364,West North Central
10120105,1486.3126464,1486.3126464,1486.3126464,1486.3126464,1486.3126464,1473.748196368071,0,0,0,0,0,0,12275.509119739105,12275.509119739105,12275.509119739105,12275.509119739105,12275.509119739105,12171.738879120467,0.0034559702627448515,0,8.259035640631621,West North Central
10120106,562.4859924,562.4859924,562.4859924,562.4859924,562.4859924,557.7310526083703,0,0,0,0,0,0,580.8193177987316,580.8193177987316,580.8193177987316,580.8193177987316,580.8193177987316,575.9093983993798,0.0034559702627448338,0,1.0325933901402726,West North Central
10120107,1580.1032592000001,1580.1032592000001,1580.1032592000001,1580.1032592000001,1580.1032592000001,1566.745956149668,0,0,0,0,0,0,6411.988631621377,6411.988631621377,6411.988631621377,6411.988631621377,6411.988631621377,6357.785290916154,0.003455970262744733,0,4.057955449612667,West North Central
10120108,0,0,0,0,0,0,0,0,0,0,0,0,0,0,0,0,0,0,0,0,5.601006884613054,West North Central
10120109,1576.3520874600001,1576.3520874600001,1576.3520874600001,1576.3520874600001,1576.3520874600001,1563.026494702924,0,0,0,0,0,0,1847.1910802489558,1847.1910802489558,1847.1910802489558,1847.1910802489558,1847.1910802489558,1831.575967181441,0.003455970262744881,0,1.1718137686012537,West North Central
10120111,6985.9560058199995,6985.9560058199995,6985.9560058199995,6985.9560058199995,6985.9560058199995,6926.900668187653,0,0,0,0,0,0,2530.345387356951,2530.345387356951,2530.345387356951,2530.345387356951,2530.345387356951,2508.955272524804,0.0034559702627448173,0,0.3622045980892122,West North Central
10120112,1840.23665766,1840.23665766,1840.23665766,1840.23665766,1840.23665766,1824.680333364371,0,0,0,0,0,0,574.588663566674,574.588663566674,574.588663566674,574.588663566674,574.588663566674,569.7314146091398,0.003455970262744795,0,0.3122362882920216,West North Central
10120113,2027.73208014,2027.73208014,2027.73208014,2027.73208014,2027.73208014,2010.590775138817,0,0,0,0,0,0,9574.236875176997,9574.236875176997,9574.236875176997,9574.236875176997,9574.236875176997,9493.301668776528,0.0034559702627447847,0,4.721647878903196,West North Central
10120202,3724.53090822,3724.53090822,3724.53090822,3724.53090822,3724.53090822,3693.045821551289,0,0,0,0,0,0,6659.841218914673,6659.841218914673,6659.841218914673,6659.841218914673,6659.841218914673,6603.542672025289,0.0034559702627448476,0,1.7881020141936463,West North Central
10130104,1580.1032592000001,1580.1032592000001,1580.1032592000001,1580.1032592000001,1580.1032592000001,1566.745956149668,0,0,0,0,0,0,5139.125753303529,5139.125753303529,5139.125753303529,5139.125753303529,5139.125753303529,5095.682478504263,0.003455970262744733,0,3.25239867925179,West North Central
10130105,1499.96271978,1499.96271978,1499.96271978,1499.96271978,1499.96271978,1487.282879715341,0,0,0,0,0,0,149.996271978,149.996271978,149.996271978,149.996271978,149.996271978,148.72828797153412,0.003455970262744817,0,0.1,West North Central
10130106,1253.04169914,1253.04169914,1253.04169914,1253.04169914,1253.04169914,1242.449190319665,0,0,0,0,0,0,4506.458322654121,4506.458322654121,4506.458322654121,4506.458322654121,4506.458322654121,4468.363261999756,0.0034559702627447596,0,3.5964152874936546,West North Central
10130204,1104.47753904,1104.47753904,1104.47753904,1104.47753904,1104.47753904,1095.140907958869,0,0,0,0,0,0,5553.827370770908,5553.827370770908,5553.827370770908,5553.827370770908,5553.827370770908,5506.878442054579,0.0034559702627448927,0,5.028465654084949,West North Central
10130206,1552.18106682,1552.18106682,1552.18106682,1552.18106682,1552.18106682,1539.059802258467,0,0,0,0,0,0,1657.5735736551292,1657.5735736551292,1657.5735736551292,1657.5735736551292,1657.5735736551292,1643.561380197124,0.003455970262744948,0,1.0678996214346628,West North Central
10130301,690.5557067400001,690.5557067400001,690.5557067400001,690.5557067400001,690.5557067400001,684.7181377112944,0,0,0,0,0,0,4500.895021380758,4500.895021380758,4500.895021380758,4500.895021380758,4500.895021380758,4462.8469897421455,0.0034559702627449,0,6.517787019136723,West North Central
10130302,562.4859924,562.4859924,562.4859924,562.4859924,562.4859924,557.7310526083703,0,0,0,0,0,0,2351.250486030824,2351.250486030824,2351.250486030824,2351.250486030824,2351.250486030824,2331.37433862951,0.0034559702627448338,0,4.180104958700522,West North Central
10130303,22385.369531340002,22385.369531340002,22385.369531340002,22385.369531340002,22385.369531340002,22196.13622460334,0,0,0,0,0,0,62771.209608703,62771.209608703,62771.209608703,62771.209608703,62771.209608703,62240.57715497088,0.003455970262744917,0,2.8041176412487605,West North Central
10130304,0,0,0,0,0,0,0,0,0,0,0,0,0,0,0,0,0,0,0,0,6.2417487346152365,West North Central
10130305,374.99067990000003,374.99067990000003,374.99067990000003,374.99067990000003,374.99067990000003,371.8207198842157,0,0,0,0,0,0,1565.7147066626203,1565.7147066626203,1565.7147066626203,1565.7147066626203,1565.7147066626203,1552.479036331908,0.003455970262744826,0,4.175342990071525,West North Central
10130306,1499.96271978,1499.96271978,1499.96271978,1499.96271978,1499.96271978,1487.282879715341,0,0,0,0,0,0,4369.391177172419,4369.391177172419,4369.391177172419,4369.391177172419,4369.391177172419,4332.454804970712,0.003455970262744817,0,2.912999849631782,West North Central
10140102,2965.20864264,2965.20864264,2965.20864264,2965.20864264,2965.20864264,2940.14243875959,0,0,0,0,0,0,9581.711529410517,9581.711529410517,9581.711529410517,9581.711529410517,9581.711529410517,9500.713136492828,0.003455970262744868,0,3.2313785248108804,West North Central
10140103,374.99067990000003,374.99067990000003,374.99067990000003,374.99067990000003,374.99067990000003,371.8207198842157,0,0,0,0,0,0,1516.144408506987,1516.144408506987,1516.144408506987,1516.144408506987,1516.144408506987,1503.3277775592423,0.003455970262744826,0,4.043152242907216,West North Central
10140104,937.4766722999999,937.4766722999999,937.4766722999999,937.4766722999999,937.4766722999999,929.5517724925859,0,0,0,0,0,0,2040.0083265281964,2040.0083265281964,2040.0083265281964,2040.0083265281964,2040.0083265281964,2022.763245053942,0.003455970262744831,0,2.176063028345283,West North Central
10140201,212299.903125,212299.903125,212299.903125,212299.903125,212299.903125,210505.2393097803,0,0,0,0,0,0,1341030.0697500731,1341030.0697500731,1341030.0697500731,1341030.0697500731,1341030.0697500731,1329693.756799026,0.0034559702627449747,0,6.3166777281122375,West North Central
10140202,1124.9719848,1124.9719848,1124.9719848,1124.9719848,1124.9719848,1115.462105216741,0,0,0,0,0,0,2512.6779515057415,2512.6779515057415,2512.6779515057415,2512.6779515057415,2512.6779515057415,2491.437187226107,0.0034559702627446685,0,2.2335471331336763,West North Central
10140203,937.4766722999999,937.4766722999999,937.4766722999999,937.4766722999999,937.4766722999999,929.5517724925859,0,0,0,0,0,0,3450.245355497312,3450.245355497312,3450.245355497312,3450.245355497312,3450.245355497312,3421.0789244156413,0.003455970262744831,0,3.680353290319747,West North Central
10140204,18410.109960960002,18410.109960960002,18410.109960960002,18410.109960960002,18410.109960960002,18254.48125979335,0,0,0,0,0,0,15700.356347789762,15700.356347789762,15700.356347789762,15700.356347789762,15700.356347789762,15567.634377554843,0.003455970262744894,0,0.8528116551766137,West North Central
10150001,1597.0830688800002,1597.0830688800002,1597.0830688800002,1597.0830688800002,1597.0830688800002,1583.582228081541,0,0,0,0,0,0,2320.1796106168845,2320.1796106168845,2320.1796106168845,2320.1796106168845,2320.1796106168845,2300.566118897423,0.003455970262744911,0,1.4527607585521374,West North Central
10150002,1414.4259155400002,1414.4259155400002,1414.4259155400002,1414.4259155400002,1414.4259155400002,1402.469155444665,0,0,0,0,0,0,20807.074901302294,20807.074901302294,20807.074901302294,20807.074901302294,20807.074901302294,20631.183608483636,0.00345597026274484,0,14.710614866921862,West North Central
10150003,1694.20352778,1694.20352778,1694.20352778,1694.20352778,1694.20352778,1679.881685319554,0,0,0,0,0,0,10616.949245927552,10616.949245927552,10616.949245927552,10616.949245927552,10616.949245927552,10527.199536392965,0.0034559702627448194,0,6.266631530297587,West North Central
10150005,5197.2437988,5197.2437988,5197.2437988,5197.2437988,5197.2437988,5153.309226775776,0,0,0,0,0,0,12460.399404527267,12460.399404527267,12460.399404527267,12460.399404527267,12460.399404527267,12355.066205569925,0.0034559702627448997,0,2.3975014232359597,West North Central
10160001,1420.04267586,1420.04267586,1420.04267586,1420.04267586,1420.04267586,1408.038434836239,0,0,0,0,0,0,4342.438493473687,4342.438493473687,4342.438493473687,4342.438493473687,4342.438493473687,4305.729964080409,0.003455970262744794,0,3.057963374828745,West North Central
10160002,788.9125671,788.9125671,788.9125671,788.9125671,788.9125671,782.2435445676969,0,0,0,0,0,0,2720.0501781282364,2720.0501781282364,2720.0501781282364,2720.0501781282364,2720.0501781282364,2697.056405835301,0.003455970262744842,0,3.4478474441432643,West North Central
10160007,562.4859924,562.4859924,562.4859924,562.4859924,562.4859924,557.7310526083703,0,0,0,0,0,0,1514.586498143307,1514.586498143307,1514.586498143307,1514.586498143307,1514.586498143307,1501.7830368923728,0.0034559702627448338,0,2.6926652727491227,West North Central
10160008,5197.2437988,5197.2437988,5197.2437988,5197.2437988,5197.2437988,5153.309226775776,0,0,0,0,0,0,8232.361400116863,8232.361400116863,8232.361400116863,8232.361400116863,8232.361400116863,8162.769653247803,0.0034559702627448997,0,1.583985996965862,West North Central
10180001,431.63475948,431.63475948,431.63475948,431.63475948,431.63475948,427.98596231699,0,0,0,0,0,0,287.19783457634696,287.19783457634696,287.19783457634696,287.19783457634696,287.19783457634696,284.7700258306212,0.003455970262744866,0,0.6653723507401039,Southwest
10180006,1388.1281616,1388.1281616,1388.1281616,1388.1281616,1388.1281616,1376.393707905765,0,0,0,0,0,0,13409.258702638577,13409.258702638577,13409.258702638577,13409.258702638577,13409.258702638577,13295.904381565828,0.003455970262744867,0,9.65995725292587,West North Central
10180010,6455.9623536,6455.9623536,6455.9623536,6455.9623536,6455.9623536,6401.387283814856,0,0,0,0,0,0,14325.763729118093,14325.763729118093,14325.763729118093,14325.763729118093,14325.763729118093,14204.661790720616,0.003455970262744822,0,2.2189974080517527,West North Central
10180012,4525.095849660001,4525.095849660001,4525.095849660001,4525.095849660001,4525.095849660001,4486.843237848851,0,0,0,0,0,0,86834.31751207044,86834.31751207044,86834.31751207044,86834.31751207044,86834.31751207044,86100.26909629491,0.003455970262744838,0,19.189497945904254,West North Central
10180013,211.77544104,211.77544104,211.77544104,211.77544104,211.77544104,209.9852107318736,0,0,0,0,0,0,21177.544104,21177.544104,21177.544104,21177.544104,21177.544104,20998.52107318736,0.0034559702627449044,0,100,West North Central
10190001,33268.805859420005,33268.805859420005,33268.805859420005,33268.805859420005,33268.805859420005,32987.57011143987,0,0,0,0,0,0,50413.85698873782,50413.85698873782,50413.85698873782,50413.85698873782,50413.85698873782,49987.68663448157,0.003455970262744924,0,1.5153491592624513,Southwest
10190008,5635.154003940001,5635.154003940001,5635.154003940001,5635.154003940001,5635.154003940001,5587.517585669443,0,0,0,0,0,0,563515.4003940001,563515.4003940001,563515.4003940001,563515.4003940001,563515.4003940001,558751.7585669443,0.003455970262744882,0,100,Southwest
10190010,18370.39746096,18370.39746096,18370.39746096,18370.39746096,18370.39746096,18215.10446690255,0,0,0,0,0,0,411886.9479566898,411886.9479566898,411886.9479566898,411886.9479566898,411886.9479566898,408405.0876704706,0.0034559702627448632,0,22.421232247806,Southwest
10190014,2418.6005859600004,2418.6005859600004,2418.6005859600004,2418.6005859600004,2418.6005859600004,2398.155098744984,0,0,0,0,0,0,88315.46976428891,88315.46976428891,88315.46976428891,88315.46976428891,88315.46976428891,87568.90052154756,0.0034559702627448043,0,36.51511137347814,Southwest
10190015,5195.443359420001,5195.443359420001,5195.443359420001,5195.443359420001,5195.443359420001,5151.5240072963,0,0,0,0,0,0,53110.66487903127,53110.66487903127,53110.66487903127,53110.66487903127,53110.66487903127,52661.69722969355,0.0034559702627449396,0,10.222547183145567,West North Central
10200103,1905.9789551400002,1905.9789551400002,1905.9789551400002,1905.9789551400002,1905.9789551400002,1889.86688248707,0,0,0,0,0,0,190.59789551400002,190.59789551400002,190.59789551400002,190.59789551400002,190.59789551400002,188.986688248707,0.0034559702627449933,0,0.1,West North Central
10210001,847.10176398,847.10176398,847.10176398,847.10176398,847.10176398,839.940842749016,0,0,0,0,0,0,2238.959973370932,2238.959973370932,2238.959973370932,2238.959973370932,2238.959973370932,2220.033066722425,0.0034559702627448663,0,2.6430826478880918,West North Central
10210002,423.55088190000004,423.55088190000004,423.55088190000004,423.55088190000004,423.55088190000004,419.9704212852689,0,0,0,0,0,0,1025.2631387804906,1025.2631387804906,1025.2631387804906,1025.2631387804906,1025.2631387804906,1016.5961416261655,0.003455970262744827,0,2.4206374785038323,West North Central
10210004,1270.65267342,1270.65267342,1270.65267342,1270.65267342,1270.65267342,1259.911291341477,0,0,0,0,0,0,1606.763088864456,1606.763088864456,1606.763088864456,1606.763088864456,1606.763088864456,1593.1804186287668,0.003455970262744937,0,1.2645179304111522,West North Central
10210006,847.10176398,847.10176398,847.10176398,847.10176398,847.10176398,839.940842749016,0,0,0,0,0,0,1552.7765977121405,1552.7765977121405,1552.7765977121405,1552.7765977121405,1552.7765977121405,1539.6502988678444,0.0034559702627448663,0,1.833046115282085,West North Central
10210008,423.55088190000004,423.55088190000004,423.55088190000004,423.55088190000004,423.55088190000004,419.9704212852689,0,0,0,0,0,0,626.7992395248734,626.7992395248734,626.7992395248734,626.7992395248734,626.7992395248734,621.5006317628146,0.003455970262744827,0,1.479867629393486,West North Central
10230004,4560.354931680001,4560.354931680001,4560.354931680001,4560.354931680001,4560.354931680001,4521.804259447118,0,0,0,0,0,0,3936.786868203755,3936.786868203755,3936.786868203755,3936.786868203755,3936.786868203755,3903.5074891903914,0.003455970262744883,0,0.863263260685166,East North Central
10250002,2581.72470702,2581.72470702,2581.72470702,2581.72470702,2581.72470702,2559.900260355889,0,0,0,0,0,0,65520.80169639073,65520.80169639073,65520.80169639073,65520.80169639073,65520.80169639073,64966.92573970004,0.003455970262745012,0,25.378694141258475,Southwest
10250006,1710.37133784,1710.37133784,1710.37133784,1710.37133784,1710.37133784,1695.912821818903,0,0,0,0,0,0,19663.77674472508,19663.77674472508,19663.77674472508,19663.77674472508,19663.77674472508,19497.550250624725,0.0034559702627447245,0,11.496788042272822,West North Central
10250007,635.32633662,635.32633662,635.32633662,635.32633662,635.32633662,629.9556455814995,0,0,0,0,0,0,3110.770568944825,3110.770568944825,3110.770568944825,3110.770568944825,3110.770568944825,3084.473866518878,0.003455970262744801,0,4.89633498509512,West North Central
10250010,1002.5701171200001,1002.5701171200001,1002.5701171200001,1002.5701171200001,1002.5701171200001,994.0949539902441,0,0,0,0,0,0,6382.952883327389,6382.952883327389,6382.952883327389,6382.952883327389,6382.952883327389,6328.994994485514,0.0034559702627448043,0,6.3665900013688494,South
10250012,682.27728876,682.27728876,682.27728876,682.27728876,682.27728876,676.5097008145509,0,0,0,0,0,0,8627.746167383004,8627.746167383004,8627.746167383004,8627.746167383004,8627.746167383004,8554.812060369371,0.0034559702627449283,0,12.645512769541897,South
10250014,1580.1032592000001,1580.1032592000001,1580.1032592000001,1580.1032592000001,1580.1032592000001,1566.745956149668,0,0,0,0,0,0,3359.0167802947203,3359.0167802947203,3359.0167802947203,3359.0167802947203,3359.0167802947203,3330.621544208527,0.003455970262744733,0,2.125821056780414,West North Central
10260001,1183.5624024,1183.5624024,1183.5624024,1183.5624024,1183.5624024,1173.557232424058,0,0,0,0,0,0,13138.955957089665,13138.955957089665,13138.955957089665,13138.955957089665,13138.955957089665,13027.886623195202,0.0034559702627447973,0,11.101194098804422,South
10260002,0,0,0,0,0,0,0,0,0,0,0,0,0,0,0,0,0,0,0,0,18.760447692539046,South
10260003,1002.5701171200001,1002.5701171200001,1002.5701171200001,1002.5701171200001,1002.5701171200001,994.0949539902441,0,0,0,0,0,0,3273.8009422372193,3273.8009422372193,3273.8009422372193,3273.8009422372193,3273.8009422372193,3246.1260728530083,0.0034559702627448043,0,3.265408460050251,South
10260004,431.63475948,431.63475948,431.63475948,431.63475948,431.63475948,427.98596231699,0,0,0,0,0,0,8010.222047491087,8010.222047491087,8010.222047491087,8010.222047491087,8010.222047491087,7942.508141601819,0.003455970262744866,0,18.557870680158334,South
10260005,1002.5701171200001,1002.5701171200001,1002.5701171200001,1002.5701171200001,1002.5701171200001,994.0949539902441,0,0,0,0,0,0,7277.722665765606,7277.722665765606,7277.722665765606,7277.722665765606,7277.722665765606,7216.200897110992,0.0034559702627448043,0,7.259066015922872,South
10260009,35322.046875,35322.046875,35322.046875,35322.046875,35322.046875,35023.45418384493,0,0,0,0,0,0,103114.95099517914,103114.95099517914,103114.95099517914,103114.95099517914,103114.95099517914,102243.27527307467,0.003455970262744838,0,2.919280169693709,South
10260011,1503.85517586,1503.85517586,1503.85517586,1503.85517586,1503.85517586,1491.142431163844,0,0,0,0,0,0,6003.381264653051,6003.381264653051,6003.381264653051,6003.381264653051,6003.381264653051,5952.632060503406,0.0034559702627448728,0,3.9919942831063744,South
10260013,1754.49770514,1754.49770514,1754.49770514,1754.49770514,1754.49770514,1739.666169661405,0,0,0,0,0,0,7597.182881717992,7597.182881717992,7597.182881717992,7597.182881717992,7597.182881717992,7532.960576315441,0.003455970262744909,0,4.330118448978977,South
10270101,5298.13125,5298.13125,5298.13125,5298.13125,5298.13125,5253.343832282429,0,0,0,0,0,0,529.813125,529.813125,529.813125,529.813125,529.813125,525.3343832282429,0.0034559702627448338,0,0.1,South
10270204,6984.1546875,6984.1546875,6984.1546875,6984.1546875,6984.1546875,6925.11457719824,0,0,0,0,0,0,6754.755890805685,6754.755890805685,6754.755890805685,6754.755890805685,6754.755890805685,6697.654988735404,0.0034559702627448723,0,0.967154393486604,West North Central
10280103,175366.0828125,175366.0828125,175366.0828125,175366.0828125,175366.0828125,173883.6367133367,0,0,0,0,0,0,24334.399634264617,24334.399634264617,24334.399634264617,24334.399634264617,24334.399634264617,24128.690324717758,0.003455970262744872,0,0.13876343272309252,Central
10290103,5719.423974660001,5719.423974660001,5719.423974660001,5719.423974660001,5719.423974660001,5671.075185517226,0,0,0,0,0,0,752.1760278380223,752.1760278380223,752.1760278380223,752.1760278380223,752.1760278380223,745.8175553188814,0.0034559702627448906,0,0.13151254937045237,South
10290107,2101.21809084,2101.21809084,2101.21809084,2101.21809084,2101.21809084,2083.455576491159,0,0,0,0,0,0,891.3818355936755,891.3818355936755,891.3818355936755,891.3818355936755,891.3818355936755,883.8465955754918,0.0034559702627448147,0,0.4242214739533912,Central
10290202,3120.63771978,3120.63771978,3120.63771978,3120.63771978,3120.63771978,3094.257606018002,0,0,0,0,0,0,1333.1227396963986,1333.1227396963986,1333.1227396963986,1333.1227396963986,1333.1227396963986,1321.8532708602736,0.003455970262744814,0,0.4271956117323294,Central
10290203,2860.5845214,2860.5845214,2860.5845214,2860.5845214,2860.5845214,2836.40275091699,0,0,0,0,0,0,364.107543579496,364.107543579496,364.107543579496,364.107543579496,364.107543579496,361.02958346886004,0.0034559702627448654,0,0.1272843157947656,Central
11010005,2910.98935548,2910.98935548,2910.98935548,2910.98935548,2910.98935548,2886.381490917322,0,0,0,0,0,0,1117.476214568266,1117.476214568266,1117.476214568266,1117.476214568266,1117.476214568266,1108.0297000049807,0.003455970262744951,0,0.3838819308853167,South
11010008,4800.96123048,4800.96123048,4800.96123048,4800.96123048,4800.96123048,4760.376608104823,0,0,0,0,0,0,2022.008133621147,2022.008133621147,2022.008133621147,2022.008133621147,2022.008133621147,2004.9152156401478,0.0034559702627448125,0,0.4211673530675411,Central
11010009,5200.8046875,5200.8046875,5200.8046875,5200.8046875,5200.8046875,5156.840013728174,0,0,0,0,0,0,520.08046875,520.08046875,520.08046875,520.08046875,520.08046875,515.6840013728174,0.0034559702627448012,0,0.1,South
11010011,2460.4828857,2460.4828857,2460.4828857,2460.4828857,2460.4828857,2439.683349110795,0,0,0,0,0,0,946.3840564554208,946.3840564554208,946.3840564554208,946.3840564554208,946.3840564554208,938.3838586389321,0.003455970262744968,0,0.384633464412892,Central
11010012,4560.69375,4560.69375,4560.69375,4560.69375,4560.69375,4522.140213587861,0,0,0,0,0,0,1648.9754990686506,1648.9754990686506,1648.9754990686506,1648.9754990686506,1648.9754990686506,1635.0359888908251,0.0034559702627448563,0,0.36156242656474147,South
11020004,9632.10585942,9632.10585942,9632.10585942,9632.10585942,9632.10585942,9550.68146121814,0,0,0,0,0,0,267573.6663813239,267573.6663813239,267573.6663813239,267573.6663813239,267573.6663813239,265311.7493013266,0.0034559702627448554,0,27.779352748666316,Southwest
11020005,3964.12075188,3964.12075188,3964.12075188,3964.12075188,3964.12075188,3930.610307608288,0,0,0,0,0,0,4212.290996286986,4212.290996286986,4212.290996286986,4212.290996286986,4212.290996286986,4176.682660536779,0.0034559702627447674,0,1.062604108184467,Southwest
11030005,2418.6005859600004,2418.6005859600004,2418.6005859600004,2418.6005859600004,2418.6005859600004,2398.155098744984,0,0,0,0,0,0,7532.435884993184,7532.435884993184,7532.435884993184,7532.435884993184,7532.435884993184,7468.760914235898,0.0034559702627448043,0,3.114377764033899,South
11030007,1002.5701171200001,1002.5701171200001,1002.5701171200001,1002.5701171200001,1002.5701171200001,994.0949539902441,0,0,0,0,0,0,4707.007414655128,4707.007414655128,4707.007414655128,4707.007414655128,4707.007414655128,4667.217024924812,0.0034559702627448043,0,4.69494086675609,South
11030014,3398.8115478600002,3398.8115478600002,3398.8115478600002,3398.8115478600002,3398.8115478600002,3370.07990922094,0,0,0,0,0,0,4253.4632807409325,4253.4632807409325,4253.4632807409325,4253.4632807409325,4253.4632807409325,4217.506897685889,0.0034559702627448407,0,1.251456051871734,South
11030016,6858.1722655799995,6858.1722655799995,6858.1722655799995,6858.1722655799995,6858.1722655799995,6800.197139720745,0,0,0,0,0,0,1385.388309159751,1385.388309159751,1385.388309159751,1385.388309159751,1385.388309159751,1373.6770166349806,0.0034559702627448394,0,0.20200546960781074,South
11040001,688.68698724,688.68698724,688.68698724,688.68698724,688.68698724,682.8652153134979,0,0,0,0,0,0,9710.529522950555,9710.529522950555,9710.529522950555,9710.529522950555,9710.529522950555,9628.44217526486,0.0034559702627448173,0,14.100062441816604,Southwest
11040002,949.6700683199999,949.6700683199999,949.6700683199999,949.6700683199999,949.6700683199999,941.6420924098669,0,0,0,0,0,0,8197.297519663513,8197.297519663513,8197.297519663513,8197.297519663513,8197.297519663513,8128.002183092077,0.0034559702627448507,0,8.631732001583268,Southwest
11040003,751.92758784,751.92758784,751.92758784,751.92758784,751.92758784,745.571215492683,0,0,0,0,0,0,10629.496700056206,10629.496700056206,10629.496700056206,10629.496700056206,10629.496700056206,10539.640921411054,0.0034559702627448194,0,14.136330242371715,South
11040004,863.26951896,863.26951896,863.26951896,863.26951896,863.26951896,855.9719246339799,0,0,0,0,0,0,27160.333314100546,27160.333314100546,27160.333314100546,27160.333314100546,27160.333314100546,26930.735152770147,0.003455970262744919,0,31.462171103667835,Southwest
11060002,1269.96295158,1269.96295158,1269.96295158,1269.96295158,1269.96295158,1259.227400021466,0,0,0,0,0,0,2512.9672713559476,2512.9672713559476,2512.9672713559476,2512.9672713559476,2512.9672713559476,2491.7240613292415,0.0034559702627448754,0,1.978772111603325,South
11070101,129933.590625,129933.590625,129933.590625,129933.590625,129933.590625,128835.2052275326,0,0,0,0,0,0,63386.661356035846,63386.661356035846,63386.661356035846,63386.661356035846,63386.661356035846,62850.82621984986,0.0034559702627447457,0,0.4878389110247514,South
11070102,1503.85517586,1503.85517586,1503.85517586,1503.85517586,1503.85517586,1491.142431163844,0,0,0,0,0,0,769.5212731198982,769.5212731198982,769.5212731198982,769.5212731198982,769.5212731198982,763.0161736658636,0.0034559702627448728,0,0.5116990555156596,South
11070106,34727.52304692,34727.52304692,34727.52304692,34727.52304692,34727.52304692,34433.95612537592,0,0,0,0,0,0,18496.638129860974,18496.638129860974,18496.638129860974,18496.638129860974,18496.638129860974,18340.277968286482,0.0034559702627448706,0,0.5326218660878967,South
11070202,2255.7827637,2255.7827637,2255.7827637,2255.7827637,2255.7827637,2236.713646656527,0,0,0,0,0,0,1571.1911630154289,1571.1911630154289,1571.1911630154289,1571.1911630154289,1571.1911630154289,1557.9091978070112,0.003455970262744875,0,0.6965170531041366,South
11070203,1754.49770514,1754.49770514,1754.49770514,1754.49770514,1754.49770514,1739.666169661405,0,0,0,0,0,0,579.604422480497,579.604422480497,579.604422480497,579.604422480497,579.604422480497,574.704773121945,0.003455970262744909,0,0.3303534799632282,South
11070206,6550.00751952,6550.00751952,6550.00751952,6550.00751952,6550.00751952,6494.637444867739,0,0,0,0,0,0,655.000751952,655.000751952,655.000751952,655.000751952,655.000751952,649.463744486774,0.0034559702627448086,0,0.1,South
11070208,7926.0855469200005,7926.0855469200005,7926.0855469200005,7926.0855469200005,7926.0855469200005,7859.082883621481,0,0,0,0,0,0,3419.2345946755436,3419.2345946755436,3419.2345946755436,3419.2345946755436,3419.2345946755436,3390.33031110082,0.0034559702627448125,0,0.4313900694655289,Central
11080003,1377.37397466,1377.37397466,1377.37397466,1377.37397466,1377.37397466,1365.730430805474,0,0,0,0,0,0,1481.4934620897998,1481.4934620897998,1481.4934620897998,1481.4934620897998,1481.4934620897998,1468.969750727899,0.0034559702627448073,0,1.075592750658369,Southwest
11080004,2066.0609619,2066.0609619,2066.0609619,2066.0609619,2066.0609619,2048.595646118972,0,0,0,0,0,0,4498.640611799287,4498.640611799287,4498.640611799287,4498.640611799287,4498.640611799287,4460.61163766961,0.0034559702627448095,0,2.1773997450986284,Southwest
11080005,344.34349362,344.34349362,344.34349362,344.34349362,344.34349362,341.4326076567489,0,0,0,0,0,0,8316.293317400981,8316.293317400981,8316.293317400981,8316.293317400981,8316.293317400981,8245.992057373063,0.0034559702627448173,0,24.151155667190913,Southwest
11080007,1033.03048104,1033.03048104,1033.03048104,1033.03048104,1033.03048104,1024.297823148725,0,0,0,0,0,0,17798.267643516032,17798.267643516032,17798.267643516032,17798.267643516032,17798.267643516032,17647.811112715797,0.0034559702627448936,0,17.22917955489337,Southwest
11080008,344.34349362,344.34349362,344.34349362,344.34349362,344.34349362,341.4326076567489,0,0,0,0,0,0,4691.596723856359,4691.596723856359,4691.596723856359,4691.596723856359,4691.596723856359,4651.936607426864,0.0034559702627448173,0,13.624757867601142,Southwest
11090102,876.4826661000001,876.4826661000001,876.4826661000001,876.4826661000001,876.4826661000001,869.0733752696092,0,0,0,0,0,0,5005.769326302574,5005.769326302574,5005.769326302574,5005.769326302574,5005.769326302574,4963.453371631779,0.003455970262744897,0,5.7112017383940525,Southwest
11090103,1596.41751708,1596.41751708,1596.41751708,1596.41751708,1596.41751708,1582.922302481624,0,0,0,0,0,0,19067.996344548523,19067.996344548523,19067.996344548523,19067.996344548523,19067.996344548523,18906.806242411956,0.0034559702627448797,0,11.944241491051606,South
11090104,1033.03048104,1033.03048104,1033.03048104,1033.03048104,1033.03048104,1024.297823148725,0,0,0,0,0,0,12149.267863297373,12149.267863297373,12149.267863297373,12149.267863297373,12149.267863297373,12046.564795162514,0.0034559702627448936,0,11.76080288653839,Southwest
11090203,4480.39248048,4480.39248048,4480.39248048,4480.39248048,4480.39248048,4442.517765775277,0,0,0,0,0,0,2710.110987510648,2710.110987510648,2710.110987510648,2710.110987510648,2710.110987510648,2687.2012355375123,0.0034559702627448216,0,0.6048824961915623,South
11110204,5661.92548836,5661.92548836,5661.92548836,5661.92548836,5661.92548836,5614.062759037667,0,0,0,0,0,0,2096.752957234365,2096.752957234365,2096.752957234365,2096.752957234365,2096.752957234365,2079.028188610295,0.003455970262744777,0,0.3703250707811237,South
11110205,12006.08349606,12006.08349606,12006.08349606,12006.08349606,12006.08349606,11904.59082792535,0,0,0,0,0,0,3669.2544275677847,3669.2544275677847,3669.2544275677847,3669.2544275677847,3669.2544275677847,3638.236617135187,0.0034559702627447236,0,0.3056162676839548,South
11110206,10904.85175788,10904.85175788,10904.85175788,10904.85175788,10904.85175788,10812.66828265402,0,0,0,0,0,0,3432.4783054267677,3432.4783054267677,3432.4783054267677,3432.4783054267677,3432.4783054267677,3403.462066980117,0.003455970262744818,0,0.31476615928743923,South
11120102,2646.59194332,2646.59194332,2646.59194332,2646.59194332,2646.59194332,2624.219145572977,0,0,0,0,0,0,8449.085438021002,8449.085438021002,8449.085438021002,8449.085438021002,8449.085438021002,8377.661628192942,0.003455970262744815,0,3.1924397938815234,South
11120105,2128.55668938,2128.55668938,2128.55668938,2128.55668938,2128.55668938,2110.563069916006,0,0,0,0,0,0,1404.0336283379147,1404.0336283379147,1404.0336283379147,1404.0336283379147,1404.0336283379147,1392.1647187857234,0.003455970262744882,0,0.6596176814754592,South
11120201,1064.27834478,1064.27834478,1064.27834478,1064.27834478,1064.27834478,1055.281535047242,0,0,0,0,0,0,4607.8042739913835,4607.8042739913835,4607.8042739913835,4607.8042739913835,4607.8042739913835,4568.852491741732,0.0034559702627449634,0,4.329510505021011,South
11120303,6734.45961918,6734.45961918,6734.45961918,6734.45961918,6734.45961918,6677.530290359327,0,0,0,0,0,0,4399.335836089926,4399.335836089926,4399.335836089926,4399.335836089926,4399.335836089926,4362.14632860635,0.0034559702627448086,0,0.653257437844077,South
11120304,1036.07072748,1036.07072748,1036.07072748,1036.07072748,1036.07072748,1027.312369057566,0,0,0,0,0,0,2060.866862339113,2060.866862339113,2060.866862339113,2060.866862339113,2060.866862339113,2043.4454545504918,0.0034559702627450445,0,1.9891179315061729,South
11130101,3682.66267098,3682.66267098,3682.66267098,3682.66267098,3682.66267098,3651.531514809022,0,0,0,0,0,0,1427.9510676988994,1427.9510676988994,1427.9510676988994,1427.9510676988994,1427.9510676988994,1415.8799735844825,0.003455970262744775,0,0.3877496244636777,South
11130102,3384.17731926,3384.17731926,3384.17731926,3384.17731926,3384.17731926,3355.569390147631,0,0,0,0,0,0,365.69016310649965,365.69016310649965,365.69016310649965,365.69016310649965,365.69016310649965,362.59882442170255,0.003455970262744739,0,0.10805880679634812,South
11130203,8714.77382808,8714.77382808,8714.77382808,8714.77382808,8714.77382808,8641.104038236197,0,0,0,0,0,0,9548.015606051615,9548.015606051615,9548.015606051615,9548.015606051615,9548.015606051615,9467.302059492695,0.0034559702627448867,0,1.0956125533960288,South
11130204,532.1391723,532.1391723,532.1391723,532.1391723,532.1391723,527.6407674343819,0,0,0,0,0,0,1071.6091738813527,1071.6091738813527,1071.6091738813527,1071.6091738813527,1071.6091738813527,1062.550393448043,0.003455970262744889,0,2.0137761504188227,South
11130205,0,0,0,0,0,0,0,0,0,0,0,0,0,0,0,0,0,0,0,0,2.1428174980795585,South
11130208,3085.25515128,3085.25515128,3085.25515128,3085.25515128,3085.25515128,3059.174141824889,0,0,0,0,0,0,2893.2690047089695,2893.2690047089695,2893.2690047089695,2893.2690047089695,2893.2690047089695,2868.8109380117344,0.003455970262744893,0,0.9377730083389116,South
11130304,2590.1767089000004,2590.1767089000004,2590.1767089000004,2590.1767089000004,2590.1767089000004,2568.280813772104,0,0,0,0,0,0,259.01767089000003,259.01767089000003,259.01767089000003,259.01767089000003,259.01767089000003,256.8280813772104,0.0034559702627448715,0,0.1,South
11140102,3626.24743656,3626.24743656,3626.24743656,3626.24743656,3626.24743656,3595.593183008149,0,0,0,0,0,0,1637.7653357124866,1637.7653357124866,1637.7653357124866,1637.7653357124866,1637.7653357124866,1623.92058994219,0.0034559702627448142,0,0.45164191477957577,South
11140104,3108.21218262,3108.21218262,3108.21218262,3108.21218262,3108.21218262,3081.937107351178,0,0,0,0,0,0,1440.3316087523651,1440.3316087523651,1440.3316087523651,1440.3316087523651,1440.3316087523651,1428.155856516515,0.00345597026274486,0,0.4633955226114161,South
11140107,5034.854882879999,5034.854882879999,5034.854882879999,5034.854882879999,5034.854882879999,4992.293055294678,0,0,0,0,0,0,1637.8548678257036,1637.8548678257036,1637.8548678257036,1637.8548678257036,1637.8548678257036,1624.0093652013456,0.0034559702627448333,0,0.32530329193695257,South
11140203,9564.25341798,9564.25341798,9564.25341798,9564.25341798,9564.25341798,9483.40260610406,0,0,0,0,0,0,1958.5507795145322,1958.5507795145322,1958.5507795145322,1958.5507795145322,1958.5507795145322,1941.9942942664186,0.0034559702627448767,0,0.20477821884483108,South
11140204,11830.680175860001,11830.680175860001,11830.680175860001,11830.680175860001,11830.680175860001,11730.67026860841,0,0,0,0,0,0,1576.4298858448662,1576.4298858448662,1576.4298858448662,1576.4298858448662,1576.4298858448662,1563.1036354240596,0.0034559702627449665,0,0.1332493028643868,South
11140205,1620.19270026,1620.19270026,1620.19270026,1620.19270026,1620.19270026,1606.496503653035,0,0,0,0,0,0,594.7094105636152,594.7094105636152,594.7094105636152,594.7094105636152,594.7094105636152,589.6820721428307,0.003455970262744844,0,0.3670609122409818,South
11140208,2480.26970214,2480.26970214,2480.26970214,2480.26970214,2480.26970214,2459.302898948406,0,0,0,0,0,0,306.3864021551512,306.3864021551512,306.3864021551512,306.3864021551512,306.3864021551512,303.7963840659793,0.0034559702627449014,0,0.12352947015834533,South
11140209,4960.53940428,4960.53940428,4960.53940428,4960.53940428,4960.53940428,4918.605797896813,0,0,0,0,0,0,1780.5930153115012,1780.5930153115012,1780.5930153115012,1780.5930153115012,1780.5930153115012,1765.5408847774102,0.003455970262744827,0,0.35895149099615836,South
11140303,3724.97431644,3724.97431644,3724.97431644,3724.97431644,3724.97431644,3693.485481447921,0,0,0,0,0,0,1445.9625539350968,1445.9625539350968,1445.9625539350968,1445.9625539350968,1445.9625539350968,1433.73920085998,0.0034559702627449222,0,0.38818054330023394,South
12010003,9484.548046920001,9484.548046920001,9484.548046920001,9484.548046920001,9484.548046920001,9404.371019361502,0,0,0,0,0,0,4404.815971519296,4404.815971519296,4404.815971519296,4404.815971519296,4404.815971519296,4367.580138057173,0.003455970262744891,0,0.46442022853684733,South
12010004,13360.7188476,13360.7188476,13360.7188476,13360.7188476,13360.7188476,13247.77485512445,0,0,0,0,0,0,1810.6815753113708,1810.6815753113708,1810.6815753113708,1810.6815753113708,1810.6815753113708,1795.375093036705,0.003455970262744717,0,0.13552276610001607,South
12020001,19638.891210960002,19638.891210960002,19638.891210960002,19638.891210960002,19638.891210960002,19472.87508514673,0,0,0,0,0,0,9546.49487182528,9546.49487182528,9546.49487182528,9546.49487182528,9546.49487182528,9465.794180697043,0.003455970262744889,0,0.4861015201559651,South
12020002,6385.67006832,6385.67006832,6385.67006832,6385.67006832,6385.67006832,6331.689209926497,0,0,0,0,0,0,1375.7640573558222,1375.7640573558222,1375.7640573558222,1375.7640573558222,1375.7640573558222,1364.1341228354918,0.003455970262744822,0,0.21544552766375083,South
12020006,6252.45205086,6252.45205086,6252.45205086,6252.45205086,6252.45205086,6199.597342558661,0,0,0,0,0,0,2344.975713992689,2344.975713992689,2344.975713992689,2344.975713992689,2344.975713992689,2325.1526099802786,0.0034559702627448823,0,0.3750489719741469,South
12030104,711522.61875,711522.61875,711522.61875,711522.61875,711522.61875,705507.8072555779,0,0,0,0,0,0,471743.9479684953,471743.9479684953,471743.9479684953,471743.9479684953,471743.9479684953,467756.09031521395,0.003455970262744872,0,0.6630062566348953,South
12030107,315.56502684,315.56502684,315.56502684,315.56502684,315.56502684,312.8974178270787,0,0,0,0,0,0,158.5044576092488,158.5044576092488,158.5044576092488,158.5044576092488,158.5044576092488,157.16455019320608,0.003455970262744843,0,0.5022877826369994,South
12030108,13209.522363360002,13209.522363360002,13209.522363360002,13209.522363360002,13209.522363360002,13097.85650080942,0,0,0,0,0,0,3513.309616664598,3513.309616664598,3513.309616664598,3513.309616664598,3513.309616664598,3483.6100758363614,0.003455970262745041,0,0.26596795251353395,South
12030202,25224.39667962,25224.39667962,25224.39667962,25224.39667962,25224.39667962,25011.16383629173,0,0,0,0,0,0,2752.1571788060064,2752.1571788060064,2752.1571788060064,2752.1571788060064,2752.1571788060064,2728.891992011776,0.0034559702627448194,0,0.10910695759195724,South
12030203,33420.33984384,33420.33984384,33420.33984384,33420.33984384,33420.33984384,33137.82311289845,0,0,0,0,0,0,3342.0339843840006,3342.0339843840006,3342.0339843840006,3342.0339843840006,3342.0339843840006,3313.782311289845,0.0034559702627448984,0,0.1,South
12040102,52663.521093840005,52663.521093840005,52663.521093840005,52663.521093840005,52663.521093840005,52218.3333462341,0,0,0,0,0,0,20366.515313844786,20366.515313844786,20366.515313844786,20366.515313844786,20366.515313844786,20194.348263658463,0.003455970262744798,0,0.3867290847787053,South
12040202,16710.16992192,16710.16992192,16710.16992192,16710.16992192,16710.16992192,16568.91155644922,0,0,0,0,0,0,1671.0169921920003,1671.0169921920003,1671.0169921920003,1671.0169921920003,1671.0169921920003,1656.891155644922,0.003455970262744988,0,0.1,South
12050005,2472.9000732,2472.9000732,2472.9000732,2472.9000732,2472.9000732,2451.995568700943,0,0,0,0,0,0,8904.591271999689,8904.591271999689,8904.591271999689,8904.591271999689,8904.591271999689,8829.316872388828,0.003455970262744767,0,3.600869832349071,South
12060104,1064.27834478,1064.27834478,1064.27834478,1064.27834478,1064.27834478,1055.281535047242,0,0,0,0,0,0,208.55164912252962,208.55164912252962,208.55164912252962,208.55164912252962,208.55164912252962,206.78867093565674,0.0034559702627449634,0,0.19595592651623475,South
12060105,3345.83305668,3345.83305668,3345.83305668,3345.83305668,3345.83305668,3317.549268368265,0,0,0,0,0,0,4144.0003624998035,4144.0003624998035,4144.0003624998035,4144.0003624998035,4144.0003624998035,4108.969317306832,0.0034559702627448463,0,1.2385556279403278,South
12060203,6103.72836918,6103.72836918,6103.72836918,6103.72836918,6103.72836918,6052.130887123462,0,0,0,0,0,0,1212.1565429967513,1212.1565429967513,1212.1565429967513,1212.1565429967513,1212.1565429967513,1201.9096542602213,0.003455970262744837,0,0.19859280585246578,South
12090101,2128.55668938,2128.55668938,2128.55668938,2128.55668938,2128.55668938,2110.563069916006,0,0,0,0,0,0,1141.0464526187006,1141.0464526187006,1141.0464526187006,1141.0464526187006,1141.0464526187006,1131.4006885375281,0.003455970262744882,0,0.5360658037964032,South
12090105,10725.4327149,10725.4327149,10725.4327149,10725.4327149,10725.4327149,10634.76594721584,0,0,0,0,0,0,9328.7198802615,9328.7198802615,9328.7198802615,9328.7198802615,9328.7198802615,9249.860136262614,0.0034559702627448763,0,0.8697756191507167,South
12090108,4563.1089844200005,4563.1089844200005,4563.1089844200005,4563.1089844200005,4563.1089844200005,4524.535030976317,0,0,0,0,0,0,6573.615203902583,6573.615203902583,6573.615203902583,6573.615203902583,6573.615203902583,6518.045563182231,0.0034559702627448507,0,1.4406000878670948,South
12090109,3192.83503416,3192.83503416,3192.83503416,3192.83503416,3192.83503416,3165.844604963248,0,0,0,0,0,0,3410.921424078572,3410.921424078572,3410.921424078572,3410.921424078572,3410.921424078572,3382.0874153661557,0.0034559702627448797,0,1.0683049351392337,South
12090202,532.1391723,532.1391723,532.1391723,532.1391723,532.1391723,527.6407674343819,0,0,0,0,0,0,907.4346648106535,907.4346648106535,907.4346648106535,907.4346648106535,907.4346648106535,899.7637232151088,0.003455970262744889,0,1.705258158102813,South
12090203,532.1391723,532.1391723,532.1391723,532.1391723,532.1391723,527.6407674343819,0,0,0,0,0,0,734.6266022219141,734.6266022219141,734.6266022219141,734.6266022219141,734.6266022219141,728.41648266322,0.003455970262744889,0,1.3805159260250048,South
12090204,5321.391503940001,5321.391503940001,5321.391503940001,5321.391503940001,5321.391503940001,5276.40745713563,0,0,0,0,0,0,4274.092725795574,4274.092725795574,4274.092725795574,4274.092725795574,4274.092725795574,4237.961953030394,0.0034559702627448867,0,0.8031908050048565,South
12090206,3192.83503416,3192.83503416,3192.83503416,3192.83503416,3192.83503416,3165.844604963248,0,0,0,0,0,0,2713.767880473277,2713.767880473277,2713.767880473277,2713.767880473277,2713.767880473277,2690.827215186571,0.0034559702627448797,0,0.8499555571893929,South
12100101,2660.69575188,2660.69575188,2660.69575188,2660.69575188,2660.69575188,2638.203728478575,0,0,0,0,0,0,593.2488756800989,593.2488756800989,593.2488756800989,593.2488756800989,593.2488756800989,588.2338837986567,0.0034559702627448897,0,0.22296757352317334,South
12100102,2660.69575188,2660.69575188,2660.69575188,2660.69575188,2660.69575188,2638.203728478575,0,0,0,0,0,0,1510.9474188826682,1510.9474188826682,1510.9474188826682,1510.9474188826682,1510.9474188826682,1498.1747203582995,0.0034559702627448897,0,0.5678768110991494,South
12100201,25375.06757808,25375.06757808,25375.06757808,25375.06757808,25375.06757808,25160.56104783293,0,0,0,0,0,0,19977.90110638233,19977.90110638233,19977.90110638233,19977.90110638233,19977.90110638233,19809.01918184113,0.003455970262744839,0,0.7873043508124503,South
12100303,16349.86933596,16349.86933596,16349.86933596,16349.86933596,16349.86933596,16211.6567487242,0,0,0,0,0,0,4778.962118449899,4778.962118449899,4778.962118449899,4778.962118449899,4778.962118449899,4738.563464178081,0.0034559702627447878,0,0.29229359698545243,South
12100404,0,0,0,0,0,0,0,0,0,0,0,0,0,0,0,0,0,0,0,0,0.8732982909000934,South
12100405,6979.18535154,6979.18535154,6979.18535154,6979.18535154,6979.18535154,6920.187249205751,0,0,0,0,0,0,6901.508523541045,6901.508523541045,6901.508523541045,6901.508523541045,6901.508523541045,6843.167057363661,0.0034559702627448554,0,0.9888702156360105,0
12100406,1064.27834478,1064.27834478,1064.27834478,1064.27834478,1064.27834478,1055.281535047242,0,0,0,0,0,0,938.9066303719434,938.9066303719434,938.9066303719434,938.9066303719434,938.9066303719434,930.9696425043311,0.0034559702627449634,0,0.8822002580218123,South
12110101,1064.27834478,1064.27834478,1064.27834478,1064.27834478,1064.27834478,1055.281535047242,0,0,0,0,0,0,1168.0137648123693,1168.0137648123693,1168.0137648123693,1168.0137648123693,1168.0137648123693,1158.1400342617103,0.0034559702627449634,0,1.097470197097558,South
12110102,532.1391723,532.1391723,532.1391723,532.1391723,532.1391723,527.6407674343819,0,0,0,0,0,0,960.6226323303523,960.6226323303523,960.6226323303523,960.6226323303523,960.6226323303523,952.502069612482,0.003455970262744889,0,1.805209393208868,South
12110103,2128.55668938,2128.55668938,2128.55668938,2128.55668938,2128.55668938,2110.563069916006,0,0,0,0,0,0,1597.01817819905,1597.01817819905,1597.01817819905,1597.01817819905,1597.01817819905,1583.5178859498617,0.003455970262744882,0,0.7502821917626374,South
12110105,7622.9235351,7622.9235351,7622.9235351,7622.9235351,7622.9235351,7558.483632710713,0,0,0,0,0,0,6267.150905284868,6267.150905284868,6267.150905284868,6267.150905284868,6267.150905284868,6214.171941146513,0.0034559702627447943,0,0.8221453194994764,South
12110107,15142.91484384,15142.91484384,15142.91484384,15142.91484384,15142.91484384,15014.90517013238,0,0,0,0,0,0,17454.357366726348,17454.357366726348,17454.357366726348,17454.357366726348,17454.357366726348,17306.808059718278,0.003455970262744656,0,1.1526418491236925,South
12110108,1064.27834478,1064.27834478,1064.27834478,1064.27834478,1064.27834478,1055.281535047242,0,0,0,0,0,0,274.5043005106758,274.5043005106758,274.5043005106758,274.5043005106758,274.5043005106758,272.1837957530328,0.0034559702627449634,0,0.25792528980510204,South
12110109,11889.32519538,11889.32519538,11889.32519538,11889.32519538,11889.32519538,11788.81953616185,0,0,0,0,0,0,19903.69270715817,19903.69270715817,19903.69270715817,19903.69270715817,19903.69270715817,19735.438098630362,0.003455970262744871,0,1.6740809406821862,South
12110111,5362.30898442,5362.30898442,5362.30898442,5362.30898442,5362.30898442,5316.979044280086,0,0,0,0,0,0,721.4223661595358,721.4223661595358,721.4223661595358,721.4223661595358,721.4223661595358,715.323867775981,0.0034559702627448862,0,0.13453576962006536,South
13010001,1294.90433352,1294.90433352,1294.90433352,1294.90433352,1294.90433352,1283.957941565355,0,0,0,0,0,0,658.1254107069711,658.1254107069711,658.1254107069711,658.1254107069711,658.1254107069711,652.5619891364163,0.0034559702627447583,0,0.5082424961216692,Southwest
13020202,12897.52470702,12897.52470702,12897.52470702,12897.52470702,12897.52470702,12788.49629694126,0,0,0,0,0,0,62288.68977157077,62288.68977157077,62288.68977157077,62288.68977157077,62288.68977157077,61762.136268790055,0.0034559702627446954,0,4.82950730365088,Southwest
13020204,12897.52470702,12897.52470702,12897.52470702,12897.52470702,12897.52470702,12788.49629694126,0,0,0,0,0,0,158912.2056340269,158912.2056340269,158912.2056340269,158912.2056340269,158912.2056340269,157568.85134582358,0.0034559702627446954,0,12.321139850000248,Southwest
13020205,3568.7245606200004,3568.7245606200004,3568.7245606200004,3568.7245606200004,3568.7245606200004,3538.55657306487,0,0,0,0,0,0,231329.69533705633,231329.69533705633,231329.69533705633,231329.69533705633,231329.69533705633,229374.16437591988,0.003455970262744867,0,64.82139246321297,Southwest
13020206,688.68698724,688.68698724,688.68698724,688.68698724,688.68698724,682.8652153134979,0,0,0,0,0,0,9982.088418034691,9982.088418034691,9982.088418034691,9982.088418034691,9982.088418034691,9897.705464389997,0.0034559702627448173,0,14.494376404640908,Southwest
13020208,344.34349362,344.34349362,344.34349362,344.34349362,344.34349362,341.4326076567489,0,0,0,0,0,0,3835.0338313589746,3835.0338313589746,3835.0338313589746,3835.0338313589746,3835.0338313589746,3802.614615212509,0.0034559702627448173,0,11.137233322001208,Southwest
13020209,344.34349362,344.34349362,344.34349362,344.34349362,344.34349362,341.4326076567489,0,0,0,0,0,0,8012.361612172037,8012.361612172037,8012.361612172037,8012.361612172037,8012.361612172037,7944.629619607946,0.0034559702627448173,0,23.268514610048282,Southwest
13020210,344.34349362,344.34349362,344.34349362,344.34349362,344.34349362,341.4326076567489,0,0,0,0,0,0,20470.49025968877,20470.49025968877,20470.49025968877,20470.49025968877,20470.49025968877,20297.44426386823,0.0034559702627448173,0,59.44787875759593,Southwest
13020211,0,0,0,0,0,0,0,0,0,0,0,0,0,0,0,0,0,0,0,0,0.38421075047737224,Southwest
13030103,1910.50554204,1910.50554204,1910.50554204,1910.50554204,1910.50554204,1894.355204170759,0,0,0,0,0,0,102350.9648715879,102350.9648715879,102350.9648715879,102350.9648715879,102350.9648715879,101485.74745790068,0.0034559702627449383,0,53.57271288640156,Southwest
13030200,3287.8797363000003,3287.8797363000003,3287.8797363000003,3287.8797363000003,3287.8797363000003,0,0,0,0,0,0,0,328.78797363000007,328.78797363000007,328.78797363000007,328.78797363000007,328.78797363000007,0,0.4898979485566354,0,0.1,Southwest
13030201,344.34349362,344.34349362,344.34349362,344.34349362,344.34349362,341.4326076567489,0,0,0,0,0,0,7935.922705738763,7935.922705738763,7935.922705738763,7935.922705738763,7935.922705738763,7868.836884639809,0.0034559702627448173,0,23.04653014439252,Southwest
13040202,0,0,0,0,0,0,0,0,0,0,0,0,0,0,0,0,0,0,0,0,12.50091149125135,South
13040203,0,0,0,0,0,0,0,0,0,0,0,0,0,0,0,0,0,0,0,0,0.1303832030914511,South
13040204,532.1391723,532.1391723,532.1391723,532.1391723,532.1391723,527.6407674343819,0,0,0,0,0,0,15039.891254503003,15039.891254503003,15039.891254503003,15039.891254503003,15039.891254503003,14912.752484197475,0.003455970262744889,0,28.263078603099114,South
13040205,532.1391723,532.1391723,532.1391723,532.1391723,532.1391723,527.6407674343819,0,0,0,0,0,0,118.3977424651188,118.3977424651188,118.3977424651188,118.3977424651188,118.3977424651188,117.39687463108716,0.003455970262744889,0,0.22249394261539274,South
13040206,0,0,0,0,0,0,0,0,0,0,0,0,0,0,0,0,0,0,0,0,17.325995286801952,South
13040207,532.1391723,532.1391723,532.1391723,532.1391723,532.1391723,527.6407674343819,0,0,0,0,0,0,12557.245245363867,12557.245245363867,12557.245245363867,12557.245245363867,12557.245245363867,12451.093366210984,0.003455970262744889,0,23.597671246582397,South
13040208,0,0,0,0,0,0,0,0,0,0,0,0,0,0,0,0,0,0,0,0,0.1470314007036945,South
13040209,532.1391723,532.1391723,532.1391723,532.1391723,532.1391723,527.6407674343819,0,0,0,0,0,0,12452.875037935517,12452.875037935517,12452.875037935517,12452.875037935517,12452.875037935517,12347.605445735673,0.003455970262744889,0,23.401537955027777,South
13040210,532.1391723,532.1391723,532.1391723,532.1391723,532.1391723,527.6407674343819,0,0,0,0,0,0,4983.085504792786,4983.085504792786,4983.085504792786,4983.085504792786,4983.085504792786,4940.961306373667,0.003455970262744889,0,9.36425236889629,South
13040211,0,0,0,0,0,0,0,0,0,0,0,0,0,0,0,0,0,0,0,0,19.477888447258238,South
13040212,0,0,0,0,0,0,0,0,0,0,0,0,0,0,0,0,0,0,0,0,0.1,0
13040301,532.1391723,532.1391723,532.1391723,532.1391723,532.1391723,527.6407674343819,0,0,0,0,0,0,1546.9173186684513,1546.9173186684513,1546.9173186684513,1546.9173186684513,1546.9173186684513,1533.840550869286,0.003455970262744889,0,2.906978849127757,South
13040302,0,0,0,0,0,0,0,0,0,0,0,0,0,0,0,0,0,0,0,0,0.7230687917204893,South
13050004,2285.1046143,2285.1046143,2285.1046143,2285.1046143,2285.1046143,2265.787626845413,0,0,0,0,0,0,78138.19911313445,78138.19911313445,78138.19911313445,78138.19911313445,78138.19911313445,77477.66278471133,0.0034559702627448476,0,34.19458287561625,South
13060005,344.34349362,344.34349362,344.34349362,344.34349362,344.34349362,341.4326076567489,0,0,0,0,0,0,4813.14773851554,4813.14773851554,4813.14773851554,4813.14773851554,4813.14773851554,4772.460098264786,0.0034559702627448173,0,13.977751366567379,Southwest
13060006,344.34349362,344.34349362,344.34349362,344.34349362,344.34349362,341.4326076567489,0,0,0,0,0,0,8045.657501270041,8045.657501270041,8045.657501270041,8045.657501270041,8045.657501270041,7977.644044011523,0.0034559702627448173,0,23.36520843384606,Southwest
13060009,688.68698724,688.68698724,688.68698724,688.68698724,688.68698724,682.8652153134979,0,0,0,0,0,0,4975.06766876967,4975.06766876967,4975.06766876967,4975.06766876967,4975.06766876967,4933.011248620703,0.0034559702627448173,0,7.223989651246179,Southwest
13060010,1033.03048104,1033.03048104,1033.03048104,1033.03048104,1033.03048104,1024.297823148725,0,0,0,0,0,0,2727.961335332006,2727.961335332006,2727.961335332006,2727.961335332006,2727.961335332006,2704.9006865715774,0.0034559702627448936,0,2.640736537208118,Southwest
13070001,2128.55668938,2128.55668938,2128.55668938,2128.55668938,2128.55668938,2110.563069916006,0,0,0,0,0,0,2315.645701261511,2315.645701261511,2315.645701261511,2315.645701261511,2315.645701261511,2296.0705366582747,0.003455970262744882,0,1.0878947752789265,South
13070002,7936.83544914,7936.83544914,7936.83544914,7936.83544914,7936.83544914,7869.741912222381,0,0,0,0,0,0,124599.89024055439,124599.89024055439,124599.89024055439,124599.89024055439,124599.89024055439,123546.59294223486,0.0034559702627448277,0,15.698938328632664,South
13070003,1064.27834478,1064.27834478,1064.27834478,1064.27834478,1064.27834478,1055.281535047242,0,0,0,0,0,0,3842.024534361958,3842.024534361958,3842.024534361958,3842.024534361958,3842.024534361958,3809.546222749418,0.0034559702627449634,0,3.6099809351623646,South
13070004,0,0,0,0,0,0,0,0,0,0,0,0,0,0,0,0,0,0,0,0,23.29781400740566,South
13070010,0,0,0,0,0,0,0,0,0,0,0,0,0,0,0,0,0,0,0,0,14.550575978886524,South
13070011,532.1391723,532.1391723,532.1391723,532.1391723,532.1391723,527.6407674343819,0,0,0,0,0,0,4359.5990951893955,4359.5990951893955,4359.5990951893955,4359.5990951893955,4359.5990951893955,4322.745499733942,0.003455970262744889,0,8.192591942341764,South
13070012,21231.61699212,21231.61699212,21231.61699212,21231.61699212,21231.61699212,21052.13685956466,0,0,0,0,0,0,6964.520412748861,6964.520412748861,6964.520412748861,6964.520412748861,6964.520412748861,6905.646279547963,0.003455970262744924,0,0.3280259066152948,South
14020001,1294.90433352,1294.90433352,1294.90433352,1294.90433352,1294.90433352,1283.957941565355,0,0,0,0,0,0,748.4952155752942,748.4952155752942,748.4952155752942,748.4952155752942,748.4952155752942,742.1678585700154,0.0034559702627447583,0,0.578031284782733,Southwest
14020003,1726.5390381,1726.5390381,1726.5390381,1726.5390381,1726.5390381,1711.943849446438,0,0,0,0,0,0,3022.5571921767296,3022.5571921767296,3022.5571921767296,3022.5571921767296,3022.5571921767296,2997.0061959568316,0.0034559702627449656,0,1.7506451493288884,Southwest
14020004,1294.90433352,1294.90433352,1294.90433352,1294.90433352,1294.90433352,1283.957941565355,0,0,0,0,0,0,1168.3546614142745,1168.3546614142745,1168.3546614142745,1168.3546614142745,1168.3546614142745,1158.4780491157337,0.0034559702627447583,0,0.9022710258743829,Southwest
14020005,3360.89728998,3360.89728998,3360.89728998,3360.89728998,3360.89728998,3332.486157124017,0,0,0,0,0,0,1098.4029842507948,1098.4029842507948,1098.4029842507948,1098.4029842507948,1098.4029842507948,1089.117704034706,0.0034559702627447366,0,0.32681837303553274,Southwest
14030001,1491.306372,1491.306372,1491.306372,1491.306372,1491.306372,1478.69970782428,0,0,0,0,0,0,152.86502876584026,152.86502876584026,152.86502876584026,152.86502876584026,152.86502876584026,151.5727939051535,0.0034559702627446776,0,0.10250410756364707,Southwest
14030004,1202.7235473,1202.7235473,1202.7235473,1202.7235473,1202.7235473,1192.556399796494,0,0,0,0,0,0,432.8679122037081,432.8679122037081,432.8679122037081,432.8679122037081,432.8679122037081,429.20869066207473,0.0034559702627448767,0,0.35990640839738725,Southwest
14030005,577.1655945,577.1655945,577.1655945,577.1655945,577.1655945,572.2865616196647,0,0,0,0,0,0,78.05743938885105,78.05743938885105,78.05743938885105,78.05743938885105,78.05743938885105,77.39758575765373,0.003455970262744831,0,0.13524271046764735,Southwest
14040101,33013.13554692,33013.13554692,33013.13554692,33013.13554692,33013.13554692,32734.06109177004,0,0,0,0,0,0,24469.548024705284,24469.548024705284,24469.548024705284,24469.548024705284,24469.548024705284,24262.69624678025,0.003455970262744832,0,0.7412064203937211,West North Central
14040102,990.875061,990.875061,990.875061,990.875061,990.875061,982.4987612881097,0,0,0,0,0,0,956.6620963620348,956.6620963620348,956.6620963620348,956.6620963620348,956.6620963620348,948.575013784695,0.003455970262744873,0,0.9654719691870768,West North Central
14040104,5591.30712894,5591.30712894,5591.30712894,5591.30712894,5591.30712894,5544.041367456444,0,0,0,0,0,0,186604.32421710214,186604.32421710214,186604.32421710214,186604.32421710214,186604.32421710214,185026.87635440213,0.0034559702627448693,0,33.37400717110644,West North Central
14040109,15882.93808596,15882.93808596,15882.93808596,15882.93808596,15882.93808596,15748.67267253933,0,0,0,0,0,0,326042.71634982055,326042.71634982055,326042.71634982055,326042.71634982055,326042.71634982055,323286.5348507436,0.0034559702627448737,0,20.527859177265928,Southwest
14040200,990.875061,990.875061,990.875061,990.875061,990.875061,982.4987612881097,0,0,0,0,0,0,73558.95069548656,73558.95069548656,73558.95069548656,73558.95069548656,73558.95069548656,72937.12475418602,0.003455970262744873,0,74.23635288716441,West North Central
14050002,431.63475948,431.63475948,431.63475948,431.63475948,431.63475948,427.98596231699,0,0,0,0,0,0,142.77222254336587,142.77222254336587,142.77222254336587,142.77222254336587,142.77222254336587,141.56530658228698,0.003455970262744866,0,0.33077091083991184,Southwest
14050003,2349.58205574,2349.58205574,2349.58205574,2349.58205574,2349.58205574,2329.720012308717,0,0,0,0,0,0,9681.706347974856,9681.706347974856,9681.706347974856,9681.706347974856,9681.706347974856,9599.862655177396,0.003455970262744878,0,4.120607886122796,Southwest
14050004,495.4375305,495.4375305,495.4375305,495.4375305,495.4375305,491.2493806440548,0,0,0,0,0,0,3536.508727236015,3536.508727236015,3536.508727236015,3536.508727236015,3536.508727236015,3506.6130741925836,0.00345597026274492,0,7.138152662086255,West North Central
14050005,212299.903125,212299.903125,212299.903125,212299.903125,212299.903125,210505.2393097803,0,0,0,0,0,0,187655.9300721281,187655.9300721281,187655.9300721281,187655.9300721281,187655.9300721281,186069.5925257866,0.0034559702627449747,0,0.8839190565322029,Southwest
14050006,431.63475948,431.63475948,431.63475948,431.63475948,431.63475948,427.98596231699,0,0,0,0,0,0,912.207788075057,912.207788075057,912.207788075057,912.207788075057,912.207788075057,904.4964971836242,0.003455970262744866,0,2.113378888146112,Southwest
14060001,288.58279716,288.58279716,288.58279716,288.58279716,288.58279716,286.1432807205931,0,0,0,0,0,0,28.858279716,28.858279716,28.858279716,28.858279716,28.858279716,28.614328072059312,0.0034559702627448554,0,0.1,Southwest
14060002,0,0,0,0,0,0,0,0,0,0,0,0,0,0,0,0,0,0,0,0,2.3313724753009804,Southwest
14060004,4560.69375,4560.69375,4560.69375,4560.69375,4560.69375,4522.140213587861,0,0,0,0,0,0,6276.765037375572,6276.765037375572,6276.765037375572,6276.765037375572,6276.765037375572,6223.704800779132,0.0034559702627448563,0,1.3762741770099278,Southwest
14060005,577.1655945,577.1655945,577.1655945,577.1655945,577.1655945,572.2865616196647,0,0,0,0,0,0,78.5353692470941,78.5353692470941,78.5353692470941,78.5353692470941,78.5353692470941,77.8714754660419,0.003455970262744831,0,0.1360707741339459,Southwest
14060006,946.69508052,946.69508052,946.69508052,946.69508052,946.69508052,938.6922534812362,0,0,0,0,0,0,14272.547969883164,14272.547969883164,14272.547969883164,14272.547969883164,14272.547969883164,14151.89588754352,0.0034559702627448424,0,15.07618267335196,Southwest
14060008,17519.039648460002,17519.039648460002,17519.039648460002,17519.039648460002,17519.039648460002,17370.94355387075,0,0,0,0,0,0,2283.7769852664455,2283.7769852664455,2283.7769852664455,2283.7769852664455,2283.7769852664455,2264.4712208399974,0.0034559702627447795,0,0.1303597132658581,Southwest
14070001,0,0,0,0,0,0,0,0,0,0,0,0,0,0,0,0,0,0,0,0,0.1,Southwest
14070002,495.4375305,495.4375305,495.4375305,495.4375305,495.4375305,491.2493806440548,0,0,0,0,0,0,49543.75305,49543.75305,49543.75305,49543.75305,49543.75305,49124.938064405476,0.00345597026274492,0,100,Southwest
14070003,865.7484192,865.7484192,865.7484192,865.7484192,865.7484192,858.42986964745,0,0,0,0,0,0,52262.40202806214,52262.40202806214,52262.40202806214,52262.40202806214,52262.40202806214,51820.6051151309,0.00345597026274488,0,60.36673110689076,Southwest
14070004,288.58279716,288.58279716,288.58279716,288.58279716,288.58279716,286.1432807205931,0,0,0,0,0,0,5196.643136921879,5196.643136921879,5196.643136921879,5196.643136921879,5196.643136921879,5152.713642554884,0.0034559702627448554,0,18.00745986269128,Southwest
14070007,1398.99199212,1398.99199212,1398.99199212,1398.99199212,1398.99199212,1387.165701720981,0,0,0,0,0,0,53153.22600704788,53153.22600704788,53153.22600704788,53153.22600704788,53153.22600704788,52703.898569904035,0.0034559702627449513,0,37.99394585990497,Southwest
14080102,0,0,0,0,0,0,0,0,0,0,0,0,0,0,0,0,0,0,0,0,0.7038379056974406,Southwest
14080103,1312.0265259,1312.0265259,1312.0265259,1312.0265259,1312.0265259,1300.935392574072,0,0,0,0,0,0,25366.69909942015,25366.69909942015,25366.69909942015,25366.69909942015,25366.69909942015,25152.263311578612,0.0034559702627447062,0,19.333983420815038,Southwest
14080107,863.26951896,863.26951896,863.26951896,863.26951896,863.26951896,855.9719246339799,0,0,0,0,0,0,12743.209728859414,12743.209728859414,12743.209728859414,12743.209728859414,12743.209728859414,12635.485810696937,0.003455970262744919,0,14.761565709179031,Southwest
14080201,288.58279716,288.58279716,288.58279716,288.58279716,288.58279716,286.1432807205931,0,0,0,0,0,0,152.30325220681064,152.30325220681064,152.30325220681064,152.30325220681064,152.30325220681064,151.01576628876526,0.0034559702627448554,0,0.5277627554575562,Southwest
14080205,865.7484192,865.7484192,865.7484192,865.7484192,865.7484192,858.42986964745,0,0,0,0,0,0,548.4897398566593,548.4897398566593,548.4897398566593,548.4897398566593,548.4897398566593,543.8531165014408,0.00345597026274488,0,0.6335440269859165,Southwest
15010001,0,0,0,0,0,0,0,0,0,0,0,0,0,0,0,0,0,0,0,0,0.1,Southwest
15010002,1730.81810304,1730.81810304,1730.81810304,1730.81810304,1730.81810304,1716.186741581375,0,0,0,0,0,0,173.08181030400002,173.08181030400002,173.08181030400002,173.08181030400002,173.08181030400002,171.6186741581375,0.0034559702627448325,0,0.1,Southwest
15010006,620.40888054,620.40888054,620.40888054,620.40888054,620.40888054,615.1642932737943,0,0,0,0,0,0,22801.45035671105,22801.45035671105,22801.45035671105,22801.45035671105,22801.45035671105,22608.699737010473,0.003455970262744895,0,36.75229525545284,Southwest
15010009,1023.66199944,1023.66199944,1023.66199944,1023.66199944,1023.66199944,1015.008537415909,0,0,0,0,0,0,20988.278842452157,20988.278842452157,20988.278842452157,20988.278842452157,20988.278842452157,20810.85575356779,0.0034559702627449036,0,20.50313370422455,Southwest
15010011,5726.18627928,5726.18627928,5726.18627928,5726.18627928,5726.18627928,5677.780325422451,0,0,0,0,0,0,197622.2673027679,197622.2673027679,197622.2673027679,197622.2673027679,197622.2673027679,195951.67995444906,0.0034559702627448155,0,34.51202207966181,West
15010013,1627.3505127600001,1627.3505127600001,1627.3505127600001,1627.3505127600001,1627.3505127600001,1613.593808037389,0,0,0,0,0,0,23486.85893983095,23486.85893983095,23486.85893983095,23486.85893983095,23486.85893983095,23288.31426198592,0.0034559702627449344,0,14.432575376768119,West
15010014,1240.81776126,1240.81776126,1240.81776126,1240.81776126,1240.81776126,1230.328586726067,0,0,0,0,0,0,71868.6688803516,71868.6688803516,71868.6688803516,71868.6688803516,71868.6688803516,71261.13162956148,0.003455970262744883,0,57.92040630315598,Southwest
15020001,463.4147460600001,463.4147460600001,463.4147460600001,463.4147460600001,463.4147460600001,459.4972987887057,0,0,0,0,0,0,1173.8734100431902,1173.8734100431902,1173.8734100431902,1173.8734100431902,1173.8734100431902,1163.9501453518603,0.003455970262744909,0,2.533094641514071,Southwest
15020004,1721.71746828,1721.71746828,1721.71746828,1721.71746828,1721.71746828,1707.163038462223,0,0,0,0,0,0,24737.557399684818,24737.557399684818,24737.557399684818,24737.557399684818,24737.557399684818,24528.44002144469,0.003455970262744809,0,14.36795400838774,Southwest
15020007,926.8294921200002,926.8294921200002,926.8294921200002,926.8294921200002,926.8294921200002,918.9945975774115,0,0,0,0,0,0,6249.197832908265,6249.197832908265,6249.197832908265,6249.197832908265,6249.197832908265,6196.370633932738,0.003455970262744859,0,6.742553928246338,Southwest
15020009,463.4147460600001,463.4147460600001,463.4147460600001,463.4147460600001,463.4147460600001,459.4972987887057,0,0,0,0,0,0,43972.89528480088,43972.89528480088,43972.89528480088,43972.89528480088,43972.89528480088,43601.17319328579,0.003455970262744909,0,94.88885638332178,Southwest
15020010,926.8294921200002,926.8294921200002,926.8294921200002,926.8294921200002,926.8294921200002,918.9945975774115,0,0,0,0,0,0,2905.976898672096,2905.976898672096,2905.976898672096,2905.976898672096,2905.976898672096,2881.4114065962926,0.003455970262744859,0,3.1353953703232484,Southwest
15020011,463.4147460600001,463.4147460600001,463.4147460600001,463.4147460600001,463.4147460600001,459.4972987887057,0,0,0,0,0,0,32527.788660066526,32527.788660066526,32527.788660066526,32527.788660066526,32527.788660066526,32252.817054154097,0.003455970262744909,0,70.19152699956386,Southwest
15020012,463.4147460600001,463.4147460600001,463.4147460600001,463.4147460600001,463.4147460600001,459.4972987887057,0,0,0,0,0,0,46341.47460600001,46341.47460600001,46341.47460600001,46341.47460600001,46341.47460600001,45949.72987887057,0.003455970262744909,0,100,Southwest
15020013,1390.24423836,1390.24423836,1390.24423836,1390.24423836,1390.24423836,1378.491896544595,0,0,0,0,0,0,57240.1023175157,57240.1023175157,57240.1023175157,57240.1023175157,57240.1023175157,56756.2267297429,0.0034559702627449842,0,41.17269522730691,Southwest
15020014,463.4147460600001,463.4147460600001,463.4147460600001,463.4147460600001,463.4147460600001,459.4972987887057,0,0,0,0,0,0,46341.47460600001,46341.47460600001,46341.47460600001,46341.47460600001,46341.47460600001,45949.72987887057,0.003455970262744909,0,100,Southwest
15020015,3331.2273926400003,3331.2273926400003,3331.2273926400003,3331.2273926400003,3331.2273926400003,3303.067072386253,0,0,0,0,0,0,7635.381446239719,7635.381446239719,7635.381446239719,7635.381446239719,7635.381446239719,7570.836231685863,0.003455970262744848,0,2.292062518190532,Southwest
15020016,1110.40916742,1110.40916742,1110.40916742,1110.40916742,1110.40916742,1101.022393693196,0,0,0,0,0,0,1156.6985415154227,1156.6985415154227,1156.6985415154227,1156.6985415154227,1156.6985415154227,1146.9204634898629,0.003455970262744735,0,1.0416867722760021,Southwest
15020017,0,0,0,0,0,0,0,0,0,0,0,0,0,0,0,0,0,0,0,0,100,Southwest
15020018,4258.05688476,4258.05688476,4258.05688476,4258.05688476,4258.05688476,4222.061669963664,0,0,0,0,0,0,425805.688476,425805.688476,425805.688476,425805.688476,425805.688476,422206.1669963664,0.003455970262744851,0,100,Southwest
15030105,926.8294921200002,926.8294921200002,926.8294921200002,926.8294921200002,926.8294921200002,918.9945975774115,0,0,0,0,0,0,92682.94921200002,92682.94921200002,92682.94921200002,92682.94921200002,92682.94921200002,91899.45975774115,0.003455970262744859,0,100,Southwest
15030106,463.4147460600001,463.4147460600001,463.4147460600001,463.4147460600001,463.4147460600001,459.4972987887057,0,0,0,0,0,0,46341.47460600001,46341.47460600001,46341.47460600001,46341.47460600001,46341.47460600001,45949.72987887057,0.003455970262744909,0,100,Southwest
15030201,5591.30712894,5591.30712894,5591.30712894,5591.30712894,5591.30712894,5544.041367456444,0,0,0,0,0,0,28639.216887190993,28639.216887190993,28639.216887190993,28639.216887190993,28639.216887190993,28397.117077030423,0.0034559702627448693,0,5.122096895546572,Southwest
15030202,752.3583069599999,752.3583069599999,752.3583069599999,752.3583069599999,752.3583069599999,745.9982935558204,0,0,0,0,0,0,2775.769377055241,2775.769377055241,2775.769377055241,2775.769377055241,2775.769377055241,2752.3045860352345,0.0034559702627448238,0,3.6894247745746207,Southwest
15030204,0,0,0,0,0,0,0,0,0,0,0,0,0,0,0,0,0,0,0,0,1.808929854763161,Southwest
15040001,0,0,0,0,0,0,0,0,0,0,0,0,0,0,0,0,0,0,0,0,1.9145679643918718,Southwest
15040002,1959.86008296,1959.86008296,1959.86008296,1959.86008296,1959.86008296,1943.292529597949,0,0,0,0,0,0,3104.352886749292,3104.352886749292,3104.352886749292,3104.352886749292,3104.352886749292,3078.1104357942327,0.003455970262744869,0,1.583966587074293,Southwest
15040004,532.1391723,532.1391723,532.1391723,532.1391723,532.1391723,527.6407674343819,0,0,0,0,0,0,1520.5730739485177,1520.5730739485177,1520.5730739485177,1520.5730739485177,1520.5730739485177,1507.719005557323,0.003455970262744889,0,2.8574725430874235,Southwest
15040005,1853.65898442,1853.65898442,1853.65898442,1853.65898442,1853.65898442,1837.989195333301,0,0,0,0,0,0,1849.4978097232413,1849.4978097232413,1849.4978097232413,1849.4978097232413,1849.4978097232413,1833.8631968638845,0.0034559702627448524,0,0.9977551562980389,Southwest
15040006,1390.24423836,1390.24423836,1390.24423836,1390.24423836,1390.24423836,1378.491896544595,0,0,0,0,0,0,20135.882823950382,20135.882823950382,20135.882823950382,20135.882823950382,20135.882823950382,19965.665410943035,0.0034559702627449842,0,14.483701689498568,Southwest
15040007,926.8294921200002,926.8294921200002,926.8294921200002,926.8294921200002,926.8294921200002,918.9945975774115,0,0,0,0,0,0,2949.468290462545,2949.468290462545,2949.468290462545,2949.468290462545,2949.468290462545,2924.5351466545885,0.003455970262744859,0,3.182320281712255,Southwest
15050203,11128.3453125,11128.3453125,11128.3453125,11128.3453125,11128.3453125,11034.27254863325,0,0,0,0,0,0,47231.437459076486,47231.437459076486,47231.437459076486,47231.437459076486,47231.437459076486,46832.169487207924,0.0034559702627447076,0,4.244246213857456,Southwest
15050305,0,0,0,0,0,0,0,0,0,0,0,0,0,0,0,0,0,0,0,0,71.8973694455882,Southwest
15050306,5332.46528322,5332.46528322,5332.46528322,5332.46528322,5332.46528322,5287.38762492227,0,0,0,0,0,0,533246.5283219999,533246.5283219999,533246.5283219999,533246.5283219999,533246.5283219999,528738.762492227,0.0034559702627448233,0,100,Southwest
15060101,16278.00820308,16278.00820308,16278.00820308,16278.00820308,16278.00820308,16140.40308938988,0,0,0,0,0,0,19375.092342560463,19375.092342560463,19375.092342560463,19375.092342560463,19375.092342560463,19211.30622381099,0.003455970262744961,0,1.1902618613310723,Southwest
15060102,5726.18627928,5726.18627928,5726.18627928,5726.18627928,5726.18627928,5677.780325422451,0,0,0,0,0,0,4998.3236856030535,4998.3236856030535,4998.3236856030535,4998.3236856030535,4998.3236856030535,4956.070672185401,0.0034559702627448155,0,0.8728887678155545,Southwest
15060103,1853.65898442,1853.65898442,1853.65898442,1853.65898442,1853.65898442,1837.989195333301,0,0,0,0,0,0,1272.445265093877,1272.445265093877,1272.445265093877,1272.445265093877,1272.445265093877,1261.688729454918,0.0034559702627448524,0,0.6864505692734083,Southwest
15060104,1033.03048104,1033.03048104,1033.03048104,1033.03048104,1033.03048104,1024.297823148725,0,0,0,0,0,0,1784.715525175291,1784.715525175291,1784.715525175291,1784.715525175291,1784.715525175291,1769.6285452645795,0.0034559702627448936,0,1.7276504013497593,Southwest
15060105,463.4147460600001,463.4147460600001,463.4147460600001,463.4147460600001,463.4147460600001,459.4972987887057,0,0,0,0,0,0,1034.5656220010726,1034.5656220010726,1034.5656220010726,1034.5656220010726,1034.5656220010726,1025.8199868926931,0.003455970262744909,0,2.2324831714939073,Southwest
15060201,1504.71661374,1504.71661374,1504.71661374,1504.71661374,1504.71661374,1491.996586933162,0,0,0,0,0,0,9923.529436382596,9923.529436382596,9923.529436382596,9923.529436382596,9923.529436382596,9839.641507388782,0.003455970262744956,0,6.594949072647963,Southwest
15060203,19539.3515625,19539.3515625,19539.3515625,19539.3515625,19539.3515625,19374.17688881479,0,0,0,0,0,0,21214.810758893676,21214.810758893676,21214.810758893676,21214.810758893676,21214.810758893676,21035.472696768888,0.003455970262744806,0,1.0857479426087622,Southwest
15070103,17502.11191404,17502.11191404,17502.11191404,17502.11191404,17502.11191404,17354.15891698395,0,0,0,0,0,0,500255.06825614715,500255.06825614715,500255.06825614715,500255.06825614715,500255.06825614715,496026.1936492146,0.0034559702627449266,0,28.582554534738637,Southwest
15070203,1909.29704598,1909.29704598,1909.29704598,1909.29704598,1909.29704598,1893.156924055834,0,0,0,0,0,0,190929.70459799998,190929.70459799998,190929.70459799998,190929.70459799998,190929.70459799998,189315.6924055834,0.003455970262744889,0,100,Southwest
15080101,3326.74167474,3326.74167474,3326.74167474,3326.74167474,3326.74167474,3298.619274219055,0,0,0,0,0,0,272342.62267090974,272342.62267090974,272342.62267090974,272342.62267090974,272342.62267090974,270040.3915202826,0.003455970262744801,0,81.86467399582342,Southwest
15080102,3326.74167474,3326.74167474,3326.74167474,3326.74167474,3326.74167474,3298.619274219055,0,0,0,0,0,0,332674.16747399996,332674.16747399996,332674.16747399996,332674.16747399996,332674.16747399996,329861.9274219055,0.003455970262744801,0,100,Southwest
15080103,0,0,0,0,0,0,0,0,0,0,0,0,0,0,0,0,0,0,0,0,100,Southwest
15080200,0,0,0,0,0,0,0,0,0,0,0,0,0,0,0,0,0,0,0,0,4.861156356272064,Southwest
15080302,463.4147460600001,463.4147460600001,463.4147460600001,463.4147460600001,463.4147460600001,459.4972987887057,0,0,0,0,0,0,2333.7815854988376,2333.7815854988376,2333.7815854988376,2333.7815854988376,2333.7815854988376,2314.0531103442604,0.003455970262744909,0,5.036053784090578,Southwest
15080303,0,0,0,0,0,0,0,0,0,0,0,0,0,0,0,0,0,0,0,0,4.58565866099062,Southwest
16010101,7587.6029296199995,7587.6029296199995,7587.6029296199995,7587.6029296199995,7587.6029296199995,7523.461607737125,0,0,0,0,0,0,10894.068381038755,10894.068381038755,10894.068381038755,10894.068381038755,10894.068381038755,10801.976062407468,0.003455970262744889,0,1.4357720721667164,West North Central
16010102,428.54205329999996,428.54205329999996,428.54205329999996,428.54205329999996,428.54205329999996,424.9194001332455,0,0,0,0,0,0,190.7849646560815,190.7849646560815,190.7849646560815,190.7849646560815,190.7849646560815,189.17217601361742,0.003455970262744868,0,0.4451954322497328,West North Central
16010201,2431.2930908400003,2431.2930908400003,2431.2930908400003,2431.2930908400003,2431.2930908400003,2410.740308337057,0,0,0,0,0,0,1189.015412458242,1189.015412458242,1189.015412458242,1189.015412458242,1189.015412458242,1178.9641458063638,0.003455970262744863,0,0.48904651476940725,Northwest
16020301,542.45017098,542.45017098,542.45017098,542.45017098,542.45017098,537.8646027386226,0,0,0,0,0,0,12144.518334449242,12144.518334449242,12144.518334449242,12144.518334449242,12144.518334449242,12041.855416156364,0.00345597026274484,0,22.38826528989518,Southwest
16020302,0,0,0,0,0,0,0,0,0,0,0,0,0,0,0,0,0,0,0,0,19.02719240821672,Southwest
16020303,288.58279716,288.58279716,288.58279716,288.58279716,288.58279716,286.1432807205931,0,0,0,0,0,0,28858.279715999997,28858.279715999997,28858.279715999997,28858.279715999997,28858.279715999997,28614.32807205931,0.0034559702627448554,0,100,Southwest
16020305,5730.9798339,5730.9798339,5730.9798339,5730.9798339,5730.9798339,5682.533358031389,0,0,0,0,0,0,187193.8228479622,187193.8228479622,187193.8228479622,187193.8228479622,187193.8228479622,185611.39169583836,0.0034559702627448142,0,32.663493551428985,Southwest
16020306,11461.95966798,11461.95966798,11461.95966798,11461.95966798,11461.95966798,11365.06671624126,0,0,0,0,0,0,1146195.966798,1146195.966798,1146195.966798,1146195.966798,1146195.966798,1136506.671624126,0.0034559702627447154,0,100,Southwest
16020307,0,0,0,0,0,0,0,0,0,0,0,0,0,0,0,0,0,0,0,0,14.877986449724231,West
16020309,1005.7077027000001,1005.7077027000001,1005.7077027000001,1005.7077027000001,1005.7077027000001,997.2060161888166,0,0,0,0,0,0,33228.1238592803,33228.1238592803,33228.1238592803,33228.1238592803,33228.1238592803,32947.232014017536,0.003455970262744861,0,33.03954396498458,Southwest
16020310,5730.9798339,5730.9798339,5730.9798339,5730.9798339,5730.9798339,5682.533358031389,0,0,0,0,0,0,1136.5774057137,1136.5774057137,1136.5774057137,1136.5774057137,1136.5774057137,1126.969420438127,0.0034559702627448142,0,0.19832165504938543,Southwest
16030001,865.7484192,865.7484192,865.7484192,865.7484192,865.7484192,858.42986964745,0,0,0,0,0,0,937.1351379189557,937.1351379189557,937.1351379189557,937.1351379189557,937.1351379189557,929.2131252508492,0.00345597026274488,0,1.0824566550002148,Southwest
16030002,865.7484192,865.7484192,865.7484192,865.7484192,865.7484192,858.42986964745,0,0,0,0,0,0,2046.5551791813396,2046.5551791813396,2046.5551791813396,2046.5551791813396,2046.5551791813396,2029.2547543018964,0.00345597026274488,0,2.36391442801879,Southwest
16030003,4328.7420411,4328.7420411,4328.7420411,4328.7420411,4328.7420411,4292.149293801344,0,0,0,0,0,0,5090.106851252328,5090.106851252328,5090.106851252328,5090.106851252328,5090.106851252328,5047.077954643903,0.003455970262744871,0,1.1758859278107625,Southwest
16030008,1554.10609122,1554.10609122,1554.10609122,1554.10609122,1554.10609122,1540.96855358635,0,0,0,0,0,0,9614.38743912572,9614.38743912572,9614.38743912572,9614.38743912572,9614.38743912572,9533.11282247014,0.0034559702627448047,0,6.186442156969001,Southwest
16030009,288.58279716,288.58279716,288.58279716,288.58279716,288.58279716,286.1432807205931,0,0,0,0,0,0,286.66555597566384,286.66555597566384,286.66555597566384,286.66555597566384,286.66555597566384,284.2422468134527,0.0034559702627448554,0,0.9933563566393975,Southwest
16040101,542.45017098,542.45017098,542.45017098,542.45017098,542.45017098,537.8646027386226,0,0,0,0,0,0,1252.25212114147,1252.25212114147,1252.25212114147,1252.25212114147,1252.25212114147,1241.6662869688496,0.00345597026274484,0,2.308510879218877,West
16040102,542.45017098,542.45017098,542.45017098,542.45017098,542.45017098,537.8646027386226,0,0,0,0,0,0,1996.9130643302742,1996.9130643302742,1996.9130643302742,1996.9130643302742,1996.9130643302742,1980.0322859316952,0.00345597026274484,0,3.6812838693047434,West
16040103,542.45017098,542.45017098,542.45017098,542.45017098,542.45017098,537.8646027386226,0,0,0,0,0,0,1913.7488372697367,1913.7488372697367,1913.7488372697367,1913.7488372697367,1913.7488372697367,1897.5710824092248,0.00345597026274484,0,3.527971673070587,West
16040104,5553.83408202,5553.83408202,5553.83408202,5553.83408202,5553.83408202,5506.885096570552,0,0,0,0,0,0,62337.35638755024,62337.35638755024,62337.35638755024,62337.35638755024,62337.35638755024,61810.391484606705,0.003455970262744803,0,11.224202139808495,West
16040106,378.18649296,378.18649296,378.18649296,378.18649296,378.18649296,374.9895173404657,0,0,0,0,0,0,3425.190281998629,3425.190281998629,3425.190281998629,3425.190281998629,3425.190281998629,3396.2356523974768,0.003455970262744813,0,9.056881580276068,West
16040107,542.45017098,542.45017098,542.45017098,542.45017098,542.45017098,537.8646027386226,0,0,0,0,0,0,8744.275941335343,8744.275941335343,8744.275941335343,8744.275941335343,8744.275941335343,8670.356757241461,0.00345597026274484,0,16.11996162806582,West
16040108,542.45017098,542.45017098,542.45017098,542.45017098,542.45017098,537.8646027386226,0,0,0,0,0,0,828.6222650554581,828.6222650554581,828.6222650554581,828.6222650554581,828.6222650554581,821.6175591008596,0.00345597026274484,0,1.527554620470401,West
16040109,542.45017098,542.45017098,542.45017098,542.45017098,542.45017098,537.8646027386226,0,0,0,0,0,0,2690.4105673763897,2690.4105673763897,2690.4105673763897,2690.4105673763897,2690.4105673763897,2667.667351659932,0.00345597026274484,0,4.959737707365538,West
16040202,542.45017098,542.45017098,542.45017098,542.45017098,542.45017098,537.8646027386226,0,0,0,0,0,0,4580.024507186821,4580.024507186821,4580.024507186821,4580.024507186821,4580.024507186821,4541.30755944037,0.00345597026274484,0,8.443217003531345,West
16040205,627.3628966800001,627.3628966800001,627.3628966800001,627.3628966800001,627.3628966800001,622.0595240777994,0,0,0,0,0,0,6809.079141132054,6809.079141132054,6809.079141132054,6809.079141132054,6809.079141132054,6751.519020897984,0.0034559702627448303,0,10.853493531679435,West
16050103,12511.918652400002,12511.918652400002,12511.918652400002,12511.918652400002,12511.918652400002,12406.14993873642,0,0,0,0,0,0,6420.323520696789,6420.323520696789,6420.323520696789,6420.323520696789,6420.323520696789,6366.049721533471,0.0034559702627448706,0,0.5131366099047695,West
16050201,5791.8287109600005,5791.8287109600005,5791.8287109600005,5791.8287109600005,5791.8287109600005,5742.867852954379,0,0,0,0,0,0,4966.951263241801,4966.951263241801,4966.951263241801,4966.951263241801,4966.951263241801,4924.963454614062,0.0034559702627449352,0,0.8575791017166535,West
16050301,959.0704101,959.0704101,959.0704101,959.0704101,959.0704101,950.9629689946647,0,0,0,0,0,0,2340.1693154848726,2340.1693154848726,2340.1693154848726,2340.1693154848726,2340.1693154848726,2320.3868420585177,0.003455970262744821,0,2.4400391158359986,West
16050302,1918.1408203800002,1918.1408203800002,1918.1408203800002,1918.1408203800002,1918.1408203800002,1901.925938167808,0,0,0,0,0,0,3504.653468722741,3504.653468722741,3504.653468722741,3504.653468722741,3504.653468722741,3475.0271020941263,0.0034559702627448142,0,1.8271095800090627,West
16050304,542.45017098,542.45017098,542.45017098,542.45017098,542.45017098,537.8646027386226,0,0,0,0,0,0,539.4878350562076,539.4878350562076,539.4878350562076,539.4878350562076,539.4878350562076,534.9273087343634,0.00345597026274484,0,0.9945389713520771,West
16060005,188767.490625,188767.490625,188767.490625,188767.490625,188767.490625,187171.7565717676,0,0,0,0,0,0,2788827.2231910224,2788827.2231910224,2788827.2231910224,2788827.2231910224,2788827.2231910224,2765252.0484938696,0.0034559702627448906,0,14.773874537174546,West
16060006,0,0,0,0,0,0,0,0,0,0,0,0,0,0,0,0,0,0,0,0,24.951397384768377,West
16060007,1627.3505127600001,1627.3505127600001,1627.3505127600001,1627.3505127600001,1627.3505127600001,1613.593808037389,0,0,0,0,0,0,15456.687000027625,15456.687000027625,15456.687000027625,15456.687000027625,15456.687000027625,15326.024873225835,0.0034559702627449344,0,9.498068718958987,West
16060009,0,0,0,0,0,0,0,0,0,0,0,0,0,0,0,0,0,0,0,0,17.17941008490878,West
16060011,0,0,0,0,0,0,0,0,0,0,0,0,0,0,0,0,0,0,0,0,100,West
16060012,542.45017098,542.45017098,542.45017098,542.45017098,542.45017098,537.8646027386226,0,0,0,0,0,0,49409.844260736594,49409.844260736594,49409.844260736594,49409.844260736594,49409.844260736594,48992.161264630035,0.00345597026274484,0,91.08642029086634,West
16060013,542.45017098,542.45017098,542.45017098,542.45017098,542.45017098,537.8646027386226,0,0,0,0,0,0,54245.017098000004,54245.017098000004,54245.017098000004,54245.017098000004,54245.017098000004,53786.460273862256,0.00345597026274484,0,100,West
16060014,542.45017098,542.45017098,542.45017098,542.45017098,542.45017098,537.8646027386226,0,0,0,0,0,0,42428.09666040739,42428.09666040739,42428.09666040739,42428.09666040739,42428.09666040739,42069.433426443306,0.00345597026274484,0,78.21565727181179,West
17010102,378.18649296,378.18649296,378.18649296,378.18649296,378.18649296,374.9895173404657,0,0,0,0,0,0,307.0756768725526,307.0756768725526,307.0756768725526,307.0756768725526,307.0756768725526,304.47983204311447,0.003455970262744813,0,0.8119689163648458,West North Central
17010103,378.18649296,378.18649296,378.18649296,378.18649296,378.18649296,374.9895173404657,0,0,0,0,0,0,146.50224154759675,146.50224154759675,146.50224154759675,146.50224154759675,146.50224154759675,145.26379410657634,0.003455970262744813,0,0.3873809463710593,West North Central
17010203,5104.40361336,5104.40361336,5104.40361336,5104.40361336,5104.40361336,5061.253859976553,0,0,0,0,0,0,3630.003615899042,3630.003615899042,3630.003615899042,3630.003615899042,3630.003615899042,3599.3176097225123,0.0034559702627448004,0,0.7111513686727396,West North Central
17010204,11437.35644538,11437.35644538,11437.35644538,11437.35644538,11437.35644538,11340.67147542876,0,0,0,0,0,0,1356.2016836239147,1356.2016836239147,1356.2016836239147,1356.2016836239147,1356.2016836239147,1344.7371183937241,0.003455970262744712,0,0.11857649887022084,West North Central
17010205,8980.25800788,8980.25800788,8980.25800788,8980.25800788,8980.25800788,8904.343964298976,0,0,0,0,0,0,4830.198830079673,4830.198830079673,4830.198830079673,4830.198830079673,4830.198830079673,4789.36704950389,0.0034559702627447917,0,0.537868603089273,West North Central
17010206,378.18649296,378.18649296,378.18649296,378.18649296,378.18649296,374.9895173404657,0,0,0,0,0,0,92.07001577834662,92.07001577834662,92.07001577834662,92.07001577834662,92.07001577834662,91.2917077181361,0.003455970262744813,0,0.2434513592955967,West North Central
17010207,378.18649296,378.18649296,378.18649296,378.18649296,378.18649296,374.9895173404657,0,0,0,0,0,0,47.62846636269732,47.62846636269732,47.62846636269732,47.62846636269732,47.62846636269732,47.22584213208139,0.003455970262744813,0,0.12593909949008908,West North Central
17010210,2966.96359872,2966.96359872,2966.96359872,2966.96359872,2966.96359872,2941.882559429268,0,0,0,0,0,0,1872.1123642708508,1872.1123642708508,1872.1123642708508,1872.1123642708508,1872.1123642708508,1856.286580703705,0.00345597026274489,0,0.630985956510728,West North Central
17010214,6565.626562500001,6565.626562500001,6565.626562500001,6565.626562500001,6565.626562500001,6510.12445325492,0,0,0,0,0,0,656.5626562500001,656.5626562500001,656.5626562500001,656.5626562500001,656.5626562500001,651.0124453254921,0.003455970262744873,0,0.1,Northwest
17010215,1285.62615972,1285.62615972,1285.62615972,1285.62615972,1285.62615972,1274.758200221258,0,0,0,0,0,0,431.0787549855309,431.0787549855309,431.0787549855309,431.0787549855309,431.0787549855309,427.4346579713793,0.003455970262744969,0,0.33530645882269283,Northwest
17010301,2640.0001464,2640.0001464,2640.0001464,2640.0001464,2640.0001464,2617.683071991685,0,0,0,0,0,0,768.0822839881008,768.0822839881008,768.0822839881008,768.0822839881008,768.0822839881008,761.5893489377579,0.0034559702627448737,0,0.29094024295244286,Northwest
17010302,2142.71037594,2142.71037594,2142.71037594,2142.71037594,2142.71037594,2124.597109181084,0,0,0,0,0,0,634.809793948008,634.809793948008,634.809793948008,634.809793948008,634.809793948008,629.4434694703432,0.003455970262744861,0,0.2962648620532856,Northwest
17020002,3048.95390634,3048.95390634,3048.95390634,3048.95390634,3048.95390634,3023.179767165008,0,0,0,0,0,0,5244.17752835056,5244.17752835056,5244.17752835056,5244.17752835056,5244.17752835056,5199.8462050094595,0.0034559702627448836,0,1.7199923939308526,Northwest
17020004,937.0082152800001,937.0082152800001,937.0082152800001,937.0082152800001,937.0082152800001,929.0872755444015,0,0,0,0,0,0,4171.329238287438,4171.329238287438,4171.329238287438,4171.329238287438,4171.329238287438,4136.067170169986,0.003455970262744829,0,4.451753111941443,Northwest
17020006,2811.0247558200003,2811.0247558200003,2811.0247558200003,2811.0247558200003,2811.0247558200003,2787.261935683495,0,0,0,0,0,0,2797.611068414961,2797.611068414961,2797.611068414961,2797.611068414961,2797.611068414961,2773.9616400372843,0.003455970262744934,0,0.9952281859570011,Northwest
17020007,468.50410764000003,468.50410764000003,468.50410764000003,468.50410764000003,468.50410764000003,464.5436377722007,0,0,0,0,0,0,193.19612751918416,193.19612751918416,193.19612751918416,193.19612751918416,193.19612751918416,191.5629562638252,0.003455970262744829,0,0.4123680547698349,Northwest
17020008,2811.0247558200003,2811.0247558200003,2811.0247558200003,2811.0247558200003,2811.0247558200003,2787.261935683495,0,0,0,0,0,0,1320.5128254052743,1320.5128254052743,1320.5128254052743,1320.5128254052743,1320.5128254052743,1309.3499536827514,0.003455970262744934,0,0.4697620761507912,Northwest
17020011,2783.92104486,2783.92104486,2783.92104486,2783.92104486,2783.92104486,2760.387344231333,0,0,0,0,0,0,561.8603169064645,561.8603169064645,561.8603169064645,561.8603169064645,561.8603169064645,557.110666223081,0.003455970262744914,0,0.20182336634289127,Northwest
17020012,2783.92104486,2783.92104486,2783.92104486,2783.92104486,2783.92104486,2760.387344231333,0,0,0,0,0,0,117004.9759780122,117004.9759780122,117004.9759780122,117004.9759780122,117004.9759780122,116015.88180746634,0.003455970262744914,0,42.02884136891757,Northwest
17020013,3748.0328612999997,3748.0328612999997,3748.0328612999997,3748.0328612999997,3748.0328612999997,3716.349102356084,0,0,0,0,0,0,374803.28612999996,374803.28612999996,374803.28612999996,374803.28612999996,374803.28612999996,371634.9102356084,0.0034559702627447765,0,100,Northwest
17040101,990.875061,990.875061,990.875061,990.875061,990.875061,982.4987612881097,0,0,0,0,0,0,261.30382286040515,261.30382286040515,261.30382286040515,261.30382286040515,261.30382286040515,259.0949075064023,0.003455970262744873,0,0.2637101620023568,West North Central
17040102,495.4375305,495.4375305,495.4375305,495.4375305,495.4375305,491.2493806440548,0,0,0,0,0,0,228.50626399480947,228.50626399480947,228.50626399480947,228.50626399480947,228.50626399480947,226.57460073210387,0.00345597026274492,0,0.46122114278302434,West North Central
17040103,2477.1875976,2477.1875976,2477.1875976,2477.1875976,2477.1875976,2456.246848784368,0,0,0,0,0,0,350.35765670073664,350.35765670073664,350.35765670073664,350.35765670073664,350.35765670073664,347.3959303899349,0.0034559702627448845,0,0.14143363911565573,West North Central
17040214,1651.06054692,1651.06054692,1651.06054692,1651.06054692,1651.06054692,1637.103410921924,0,0,0,0,0,0,12668.794004290294,12668.794004290294,12668.794004290294,12668.794004290294,12668.794004290294,12561.699154752921,0.0034559702627447223,0,7.673125027379231,Northwest
17040216,0,0,0,0,0,0,0,0,0,0,0,0,0,0,0,0,0,0,0,0,1.7968019049232462,Northwest
17040217,857.08410642,857.08410642,857.08410642,857.08410642,857.08410642,849.8388000880128,0,0,0,0,0,0,1796.7191402745302,1796.7191402745302,1796.7191402745302,1796.7191402745302,1796.7191402745302,1781.5306885621208,0.003455970262744829,0,2.096316017081849,Northwest
17040218,1285.62615972,1285.62615972,1285.62615972,1285.62615972,1285.62615972,1274.758200221258,0,0,0,0,0,0,2685.9092931501855,2685.9092931501855,2685.9092931501855,2685.9092931501855,2685.9092931501855,2663.2041286709496,0.003455970262744969,0,2.0891837590914895,Northwest
17040220,857.08410642,857.08410642,857.08410642,857.08410642,857.08410642,849.8388000880128,0,0,0,0,0,0,1759.7666317808414,1759.7666317808414,1759.7666317808414,1759.7666317808414,1759.7666317808414,1744.8905557638473,0.003455970262744829,0,2.0532018020160283,Northwest
17050102,3683.35129392,3683.35129392,3683.35129392,3683.35129392,3683.35129392,3652.214316518514,0,0,0,0,0,0,63429.07534818498,63429.07534818498,63429.07534818498,63429.07534818498,63429.07534818498,62892.881667996604,0.0034559702627449122,0,17.22047947283375,Northwest
17050104,3140.90112312,3140.90112312,3140.90112312,3140.90112312,3140.90112312,3114.349713958371,0,0,0,0,0,0,11061.732451090613,11061.732451090613,11061.732451090613,11061.732451090613,11061.732451090613,10968.222794838324,0.003455970262744787,0,3.52183402707771,Northwest
17050106,0,0,0,0,0,0,0,0,0,0,0,0,0,0,0,0,0,0,0,0,3.9188950689603406,West
17050107,0,0,0,0,0,0,0,0,0,0,0,0,0,0,0,0,0,0,0,0,0.8064835082669152,Northwest
17050108,813326.90625,813326.90625,813326.90625,813326.90625,813326.90625,806451.4986445053,0,0,0,0,0,0,2644860.140323045,2644860.140323045,2644860.140323045,2644860.140323045,2644860.140323045,2622501.982263219,0.0034559702627448502,0,3.2519029187386423,Northwest
17050109,627.3628966800001,627.3628966800001,627.3628966800001,627.3628966800001,627.3628966800001,622.0595240777994,0,0,0,0,0,0,7817.255626824378,7817.255626824378,7817.255626824378,7817.255626824378,7817.255626824378,7751.172950378108,0.0034559702627448303,0,12.46050040286609,Northwest
17050111,0,0,0,0,0,0,0,0,0,0,0,0,0,0,0,0,0,0,0,0,0.35110216468923305,Northwest
17050116,627.3628966800001,627.3628966800001,627.3628966800001,627.3628966800001,627.3628966800001,622.0595240777994,0,0,0,0,0,0,2251.473924491877,2251.473924491877,2251.473924491877,2251.473924491877,2251.473924491877,2232.4412319483617,0.0034559702627448303,0,3.588790373811809,Northwest
17050119,1882.08874512,1882.08874512,1882.08874512,1882.08874512,1882.08874512,1866.178626847783,0,0,0,0,0,0,56710.12084383128,56710.12084383128,56710.12084383128,56710.12084383128,56710.12084383128,56230.72542095522,0.0034559702627447934,0,30.131480776808694,Northwest
17050120,6281.80224606,6281.80224606,6281.80224606,6281.80224606,6281.80224606,6228.699427738262,0,0,0,0,0,0,2241.4679312423323,2241.4679312423323,2241.4679312423323,2241.4679312423323,2241.4679312423323,2222.5198237304444,0.003455970262744849,0,0.3568192444530071,Northwest
17050121,428.54205329999996,428.54205329999996,428.54205329999996,428.54205329999996,428.54205329999996,424.9194001332455,0,0,0,0,0,0,204.0338129156167,204.0338129156167,204.0338129156167,204.0338129156167,204.0338129156167,202.3090259716238,0.003455970262744868,0,0.4761115305824683,Northwest
17060102,1254.72579354,1254.72579354,1254.72579354,1254.72579354,1254.72579354,1244.119048334077,0,0,0,0,0,0,760.4070671760917,760.4070671760917,760.4070671760917,760.4070671760917,760.4070671760917,753.9790140860498,0.003455970262744893,0,0.6060344587567055,Northwest
17060103,2001.58879392,2001.58879392,2001.58879392,2001.58879392,2001.58879392,1984.668489536807,0,0,0,0,0,0,200.15887939200002,200.15887939200002,200.15887939200002,200.15887939200002,200.15887939200002,198.4668489536807,0.003455970262744844,0,0.1,Northwest
17060104,3764.17749024,3764.17749024,3764.17749024,3764.17749024,3764.17749024,3732.357253695565,0,0,0,0,0,0,2551.2181072110616,2551.2181072110616,2551.2181072110616,2551.2181072110616,2551.2181072110616,2529.651546160635,0.0034559702627449417,0,0.6777624365020042,Northwest
17060106,627.3628966800001,627.3628966800001,627.3628966800001,627.3628966800001,627.3628966800001,622.0595240777994,0,0,0,0,0,0,151.14881840273185,151.14881840273185,151.14881840273185,151.14881840273185,151.14881840273185,149.87109141789725,0.0034559702627448303,0,0.24092725151998998,Northwest
17060201,1285.62615972,1285.62615972,1285.62615972,1285.62615972,1285.62615972,1274.758200221258,0,0,0,0,0,0,843.5321316128293,843.5321316128293,843.5321316128293,843.5321316128293,843.5321316128293,836.4013860434857,0.003455970262744969,0,0.6561255192540143,Northwest
17060202,428.54205329999996,428.54205329999996,428.54205329999996,428.54205329999996,428.54205329999996,424.9194001332455,0,0,0,0,0,0,682.4064536056545,682.4064536056545,682.4064536056545,682.4064536056545,682.4064536056545,676.6377737733451,0.003455970262744868,0,1.5923908712126726,Northwest
17060203,2142.71037594,2142.71037594,2142.71037594,2142.71037594,2142.71037594,2124.597109181084,0,0,0,0,0,0,589.3652259576902,589.3652259576902,589.3652259576902,589.3652259576902,589.3652259576902,584.3830642637574,0.003455970262744861,0,0.2750559443663204,Northwest
17060205,0,0,0,0,0,0,0,0,0,0,0,0,0,0,0,0,0,0,0,0,0.35152044642968044,Northwest
17060206,428.54205329999996,428.54205329999996,428.54205329999996,428.54205329999996,428.54205329999996,424.9194001332455,0,0,0,0,0,0,82.452842088648,82.452842088648,82.452842088648,82.452842088648,82.452842088648,81.75583219848619,0.003455970262744868,0,0.19240315262812038,Northwest
17060207,0,0,0,0,0,0,0,0,0,0,0,0,0,0,0,0,0,0,0,0,0.1,Northwest
17060208,428.54205329999996,428.54205329999996,428.54205329999996,428.54205329999996,428.54205329999996,424.9194001332455,0,0,0,0,0,0,127.11348352821129,127.11348352821129,127.11348352821129,127.11348352821129,127.11348352821129,126.0389377278758,0.003455970262744868,0,0.2966184591439052,Northwest
17060209,1714.16821284,1714.16821284,1714.16821284,1714.16821284,1714.16821284,1699.677600176026,0,0,0,0,0,0,171.416821284,171.416821284,171.416821284,171.416821284,171.416821284,169.96776001760261,0.0034559702627447206,0,0.1,Northwest
17060301,0,0,0,0,0,0,0,0,0,0,0,0,0,0,0,0,0,0,0,0,0.30538250990175786,Northwest
17060302,428.54205329999996,428.54205329999996,428.54205329999996,428.54205329999996,428.54205329999996,424.9194001332455,0,0,0,0,0,0,62.973840874932165,62.973840874932165,62.973840874932165,62.973840874932165,62.973840874932165,62.44149549059585,0.003455970262744868,0,0.1469490342662998,Northwest
17060303,428.54205329999996,428.54205329999996,428.54205329999996,428.54205329999996,428.54205329999996,424.9194001332455,0,0,0,0,0,0,95.88581280237287,95.88581280237287,95.88581280237287,95.88581280237287,95.88581280237287,95.07524814315103,0.003455970262744868,0,0.22374889946972884,Northwest
17060304,0,0,0,0,0,0,0,0,0,0,0,0,0,0,0,0,0,0,0,0,0.1,Northwest
17060305,1285.62615972,1285.62615972,1285.62615972,1285.62615972,1285.62615972,1274.758200221258,0,0,0,0,0,0,633.3437743573689,633.3437743573689,633.3437743573689,633.3437743573689,633.3437743573689,627.9898427836715,0.003455970262744969,0,0.4926344797583355,Northwest
17060307,428.54205329999996,428.54205329999996,428.54205329999996,428.54205329999996,428.54205329999996,424.9194001332455,0,0,0,0,0,0,85.76159894308779,85.76159894308779,85.76159894308779,85.76159894308779,85.76159894308779,85.03661868594695,0.003455970262744868,0,0.2001241145009649,Northwest
17070201,4391.54033202,4391.54033202,4391.54033202,4391.54033202,4391.54033202,4354.416723337458,0,0,0,0,0,0,9307.564472444195,9307.564472444195,9307.564472444195,9307.564472444195,9307.564472444195,9228.883564348422,0.0034559702627448958,0,2.119430488792288,Northwest
17070202,1882.08874512,1882.08874512,1882.08874512,1882.08874512,1882.08874512,1866.178626847783,0,0,0,0,0,0,1501.329786447013,1501.329786447013,1501.329786447013,1501.329786447013,1501.329786447013,1488.6383899706734,0.0034559702627447934,0,0.7976934086342935,Northwest
17070203,1254.72579354,1254.72579354,1254.72579354,1254.72579354,1254.72579354,1244.119048334077,0,0,0,0,0,0,1661.8490586850896,1661.8490586850896,1661.8490586850896,1661.8490586850896,1661.8490586850896,1647.8007226845643,0.003455970262744893,0,1.3244719023400795,Northwest
17070302,5064.891503940001,5064.891503940001,5064.891503940001,5064.891503940001,5064.891503940001,5022.07576367665,0,0,0,0,0,0,2991.2551182543616,2991.2551182543616,2991.2551182543616,2991.2551182543616,2991.2551182543616,2965.968732138298,0.0034559702627448294,0,0.590586218071493,Northwest
17070303,4437.528662160001,4437.528662160001,4437.528662160001,4437.528662160001,4437.528662160001,4400.016294034757,0,0,0,0,0,0,25341.747459555612,25341.747459555612,25341.747459555612,25341.747459555612,25341.747459555612,25127.522598824893,0.0034559702627448164,0,5.71077944254231,Northwest
17070304,1254.72579354,1254.72579354,1254.72579354,1254.72579354,1254.72579354,1244.119048334077,0,0,0,0,0,0,2011.041905020386,2011.041905020386,2011.041905020386,2011.041905020386,2011.041905020386,1994.0416893598754,0.003455970262744893,0,1.6027740207257284,Northwest
17070307,1882.08874512,1882.08874512,1882.08874512,1882.08874512,1882.08874512,1866.178626847783,0,0,0,0,0,0,10691.986085988523,10691.986085988523,10691.986085988523,10691.986085988523,10691.986085988523,10601.60205726828,0.0034559702627447934,0,5.680914948198584,Northwest
17080006,3756.1051758599997,3756.1051758599997,3756.1051758599997,3756.1051758599997,3756.1051758599997,3724.353178115064,0,0,0,0,0,0,375.610517586,375.610517586,375.610517586,375.610517586,375.610517586,372.4353178115064,0.0034559702627447826,0,0.1,Northwest
17100101,1874.0164307400003,1874.0164307400003,1874.0164307400003,1874.0164307400003,1874.0164307400003,1858.174551267281,0,0,0,0,0,0,187.40164307400005,187.40164307400005,187.40164307400005,187.40164307400005,187.40164307400005,185.8174551267281,0.0034559702627449214,0,0.1,Northwest
17100102,3279.52880856,3279.52880856,3279.52880856,3279.52880856,3279.52880856,3251.80551901979,0,0,0,0,0,0,327.95288085600004,327.95288085600004,327.95288085600004,327.95288085600004,327.95288085600004,325.180551901979,0.0034559702627447587,0,0.1,Northwest
17100105,2342.5204834799997,2342.5204834799997,2342.5204834799997,2342.5204834799997,2342.5204834799997,2322.718134603575,0,0,0,0,0,0,234.252048348,234.252048348,234.252048348,234.252048348,234.252048348,232.27181346035752,0.003455970262744877,0,0.1,Northwest
17100201,2509.4515869,2509.4515869,2509.4515869,2509.4515869,2509.4515869,2488.238096489676,0,0,0,0,0,0,250.94515869000003,250.94515869000003,250.94515869000003,250.94515869000003,250.94515869000003,248.82380964896763,0.0034559702627448238,0,0.1,Northwest
17100202,15434.90332038,15434.90332038,15434.90332038,15434.90332038,15434.90332038,15304.42534053754,0,0,0,0,0,0,1672.3200410729762,1672.3200410729762,1672.3200410729762,1672.3200410729762,1672.3200410729762,1658.1831892845264,0.003455970262744915,0,0.10834664826600315,Northwest
17100203,5646.2660155799995,5646.2660155799995,5646.2660155799995,5646.2660155799995,5646.2660155799995,5598.535662621244,0,0,0,0,0,0,573.8996491411799,573.8996491411799,573.8996491411799,573.8996491411799,573.8996491411799,569.0482247235508,0.0034559702627448355,0,0.1016423327483318,Northwest
17100205,7701.98730462,7701.98730462,7701.98730462,7701.98730462,7701.98730462,7636.879041651345,0,0,0,0,0,0,930.3050418412846,930.3050418412846,930.3050418412846,930.3050418412846,930.3050418412846,922.4407669587572,0.0034559702627448294,0,0.12078766233271322,Northwest
17100206,14574.94101558,14574.94101558,14574.94101558,14574.94101558,14574.94101558,14451.73267273765,0,0,0,0,0,0,2268.889215655091,2268.889215655091,2268.889215655091,2268.889215655091,2268.889215655091,2249.70930404825,0.0034559702627449318,0,0.15567055902522992,Northwest
17100207,2709.4972411800004,2709.4972411800004,2709.4972411800004,2709.4972411800004,2709.4972411800004,2686.592677472686,0,0,0,0,0,0,402.7946207946958,402.7946207946958,402.7946207946958,402.7946207946958,402.7946207946958,399.38962192156987,0.003455970262744892,0,0.14866028083471183,Northwest
17100303,5018.9031738,5018.9031738,5018.9031738,5018.9031738,5018.9031738,4976.476192979352,0,0,0,0,0,0,501.89031738000006,501.89031738000006,501.89031738000006,501.89031738000006,501.89031738000006,497.64761929793525,0.0034559702627448238,0,0.1,Northwest
17100304,2839.35849606,2839.35849606,2839.35849606,2839.35849606,2839.35849606,2815.356158440868,0,0,0,0,0,0,467.15060733584966,467.15060733584966,467.15060733584966,467.15060733584966,467.15060733584966,463.2015791973399,0.0034559702627447934,0,0.16452681406172742,Northwest
17100305,3136.81442868,3136.81442868,3136.81442868,3136.81442868,3136.81442868,3110.297566131569,0,0,0,0,0,0,498.6735742535655,498.6735742535655,498.6735742535655,498.6735742535655,498.6735742535655,494.4580687062446,0.0034559702627448433,0,0.15897452195264603,Northwest
17100306,2509.4515869,2509.4515869,2509.4515869,2509.4515869,2509.4515869,2488.238096489676,0,0,0,0,0,0,291.97816797206826,291.97816797206826,291.97816797206826,291.97816797206826,291.97816797206826,289.5099489800649,0.0034559702627448238,0,0.11635138509795183,Northwest
17100309,3771.9364746600004,3771.9364746600004,3771.9364746600004,3771.9364746600004,3771.9364746600004,3740.050648031084,0,0,0,0,0,0,1473.1900616571097,1473.1900616571097,1473.1900616571097,1473.1900616571097,1473.1900616571097,1460.7365425660505,0.0034559702627448476,0,0.3905659789219812,Northwest
17100310,3136.81442868,3136.81442868,3136.81442868,3136.81442868,3136.81442868,3110.297566131569,0,0,0,0,0,0,313.68144286800003,313.68144286800003,313.68144286800003,313.68144286800003,313.68144286800003,311.0297566131569,0.0034559702627448433,0,0.1,Northwest
17100311,34930.55039058,34930.55039058,34930.55039058,34930.55039058,34930.55039058,34635.26719021617,0,0,0,0,0,0,3935.2790013842186,3935.2790013842186,3935.2790013842186,3935.2790013842186,3935.2790013842186,3902.0123690277273,0.0034559702627449114,0,0.11266009144950309,Northwest
17100312,627.3628966800001,627.3628966800001,627.3628966800001,627.3628966800001,627.3628966800001,622.0595240777994,0,0,0,0,0,0,63.94239265806801,63.94239265806801,63.94239265806801,63.94239265806801,63.94239265806801,63.401859682438555,0.0034559702627448303,0,0.10192249652705107,Northwest
17110003,2342.5204834799997,2342.5204834799997,2342.5204834799997,2342.5204834799997,2342.5204834799997,0,0,0,0,0,0,0,234.252048348,234.252048348,234.252048348,234.252048348,234.252048348,0,0.4898979485566358,0,0.1,Northwest
17110007,4674.638671920001,4674.638671920001,4674.638671920001,4674.638671920001,4674.638671920001,4635.121909310921,0,0,0,0,0,0,467.4638671920001,467.4638671920001,467.4638671920001,467.4638671920001,467.4638671920001,463.51219093109216,0.0034559702627448446,0,0.1,Northwest
17110008,15891.0328125,15891.0328125,15891.0328125,15891.0328125,15891.0328125,15756.69897082005,0,0,0,0,0,0,1865.7206385396512,1865.7206385396512,1865.7206385396512,1865.7206385396512,1865.7206385396512,1849.9488870220625,0.0034559702627448945,0,0.11740713524120736,Northwest
17110011,33429.121875000004,33429.121875000004,33429.121875000004,33429.121875000004,33429.121875000004,33146.530905713,0,0,0,0,0,0,3342.9121875000005,3342.9121875000005,3342.9121875000005,3342.9121875000005,3342.9121875000005,3314.6530905713003,0.0034559702627448984,0,0.1,Northwest
17110013,1428682.5,1428682.5,1428682.5,1428682.5,1428682.5,1416605.222768847,0,0,0,0,0,0,221991.1160492074,221991.1160492074,221991.1160492074,221991.1160492074,221991.1160492074,220114.52817794884,0.0034559702627448875,0,0.1553817003072463,Northwest
17110016,8274.45673836,8274.45673836,8274.45673836,8274.45673836,8274.45673836,8204.509141209232,0,0,0,0,0,0,1869.5415463784755,1869.5415463784755,1869.5415463784755,1869.5415463784755,1869.5415463784755,1853.737495057926,0.0034559702627447847,0,0.22594130412349211,Northwest
17110020,937.0082152800001,937.0082152800001,937.0082152800001,937.0082152800001,937.0082152800001,929.0872755444015,0,0,0,0,0,0,153.4585190481282,153.4585190481282,153.4585190481282,153.4585190481282,153.4585190481282,152.16126715484444,0.003455970262744829,0,0.16377499849590027,Northwest
17110021,468.50410764000003,468.50410764000003,468.50410764000003,468.50410764000003,468.50410764000003,464.5436377722007,0,0,0,0,0,0,57.67273581310182,57.67273581310182,57.67273581310182,57.67273581310182,57.67273581310182,57.18520298541347,0.003455970262744829,0,0.1230997442127396,Northwest
17120001,627.3628966800001,627.3628966800001,627.3628966800001,627.3628966800001,627.3628966800001,622.0595240777994,0,0,0,0,0,0,1126.9659371759412,1126.9659371759412,1126.9659371759412,1126.9659371759412,1126.9659371759412,1117.4392018422755,0.0034559702627448303,0,1.7963541407052233,Northwest
17120002,0,0,0,0,0,0,0,0,0,0,0,0,0,0,0,0,0,0,0,0,9.600198563438239,Northwest
17120003,1254.72579354,1254.72579354,1254.72579354,1254.72579354,1254.72579354,1244.119048334077,0,0,0,0,0,0,1652.2082805692755,1652.2082805692755,1652.2082805692755,1652.2082805692755,1652.2082805692755,1638.2414422773234,0.003455970262744893,0,1.3167883286338162,Northwest
17120004,1853.65898442,1853.65898442,1853.65898442,1853.65898442,1853.65898442,1837.989195333301,0,0,0,0,0,0,31433.15268240168,31433.15268240168,31433.15268240168,31433.15268240168,31433.15268240168,31167.43451255322,0.0034559702627448524,0,16.95735458711514,Northwest
17120006,0,0,0,0,0,0,0,0,0,0,0,0,0,0,0,0,0,0,0,0,2.903915497849529,Northwest
17120007,1254.72579354,1254.72579354,1254.72579354,1254.72579354,1254.72579354,1244.119048334077,0,0,0,0,0,0,7988.0056073015885,7988.0056073015885,7988.0056073015885,7988.0056073015885,7988.0056073015885,7920.479506685541,0.003455970262744893,0,6.366335695359191,Northwest
17120008,627.3628966800001,627.3628966800001,627.3628966800001,627.3628966800001,627.3628966800001,622.0595240777994,0,0,0,0,0,0,4175.5945204878,4175.5945204878,4175.5945204878,4175.5945204878,4175.5945204878,4140.296396076803,0.0034559702627448303,0,6.655788129302858,Northwest
17120009,0,0,0,0,0,0,0,0,0,0,0,0,0,0,0,0,0,0,0,0,6.125716324243526,Northwest
18010101,2233.47766122,2233.47766122,2233.47766122,2233.47766122,2233.47766122,2214.597098950818,0,0,0,0,0,0,230.30872394698602,230.30872394698602,230.30872394698602,230.30872394698602,230.30872394698602,228.36182370297746,0.0034559702627447995,0,0.10311664537588602,West
18010103,833.2404786000001,833.2404786000001,833.2404786000001,833.2404786000001,833.2404786000001,826.196732869041,0,0,0,0,0,0,174.54534665152528,174.54534665152528,174.54534665152528,174.54534665152528,174.54534665152528,173.06983859363405,0.003455970262744874,0,0.20947775718336933,West
18010104,833.2404786000001,833.2404786000001,833.2404786000001,833.2404786000001,833.2404786000001,826.196732869041,0,0,0,0,0,0,148.28643731978852,148.28643731978852,148.28643731978852,148.28643731978852,148.28643731978852,147.0329072925564,0.003455970262744874,0,0.1779635544938209,West
18010106,2499.72143562,2499.72143562,2499.72143562,2499.72143562,2499.72143562,2478.590198428645,0,0,0,0,0,0,402.78346736674246,402.78346736674246,402.78346736674246,402.78346736674246,402.78346736674246,399.37856277841496,0.0034559702627448056,0,0.16113134112755287,West
18010107,1249.8607177200001,1249.8607177200001,1249.8607177200001,1249.8607177200001,1249.8607177200001,1239.295099125083,0,0,0,0,0,0,202.27972450682805,202.27972450682805,202.27972450682805,202.27972450682805,202.27972450682805,200.56976563835286,0.00345597026274496,0,0.16184181296282946,West
18010108,5416.0628905799995,5416.0628905799995,5416.0628905799995,5416.0628905799995,5416.0628905799995,5370.278545191228,0,0,0,0,0,0,1840.9606381493613,1840.9606381493613,1840.9606381493613,1840.9606381493613,1840.9606381493613,1825.3981937304159,0.003455970262744823,0,0.33990754452857086,West
18010205,833.2404786000001,833.2404786000001,833.2404786000001,833.2404786000001,833.2404786000001,826.196732869041,0,0,0,0,0,0,882.4376491624016,882.4376491624016,882.4376491624016,882.4376491624016,882.4376491624016,874.9780182590054,0.003455970262744874,0,1.059043183601764,West
18010208,2083.10119632,2083.10119632,2083.10119632,2083.10119632,2083.10119632,2065.491831994124,0,0,0,0,0,0,1049.7274483158872,1049.7274483158872,1049.7274483158872,1049.7274483158872,1049.7274483158872,1040.8536436668753,0.003455970262744882,0,0.5039253254572233,West
18010209,2499.72143562,2499.72143562,2499.72143562,2499.72143562,2499.72143562,2478.590198428645,0,0,0,0,0,0,249.97214356200004,249.97214356200004,249.97214356200004,249.97214356200004,249.97214356200004,247.85901984286454,0.0034559702627448056,0,0.1,West
18010210,1993.7948731200001,1993.7948731200001,1993.7948731200001,1993.7948731200001,1993.7948731200001,1976.94045415377,0,0,0,0,0,0,368.20044923858853,368.20044923858853,368.20044923858853,368.20044923858853,368.20044923858853,365.08789000860605,0.003455970262744783,0,0.1846731848910857,West
18020004,416.62023930000004,416.62023930000004,416.62023930000004,416.62023930000004,416.62023930000004,413.0983664345205,0,0,0,0,0,0,76.88741204732351,76.88741204732351,76.88741204732351,76.88741204732351,76.88741204732351,76.23744916832035,0.003455970262744874,0,0.18455035256210486,West
18020153,2962.57104486,2962.57104486,2962.57104486,2962.57104486,2962.57104486,2937.527137745746,0,0,0,0,0,0,1028.2295910147604,1028.2295910147604,1028.2295910147604,1028.2295910147604,1028.2295910147604,1019.537517143932,0.0034559702627447514,0,0.34707339518446917,West
18020157,4255.33623048,4255.33623048,4255.33623048,4255.33623048,4255.33623048,4219.364014562694,0,0,0,0,0,0,425.53362304800004,425.53362304800004,425.53362304800004,425.53362304800004,425.53362304800004,421.93640145626944,0.00345597026274487,0,0.1,West
18030002,7396.221093840001,7396.221093840001,7396.221093840001,7396.221093840001,7396.221093840001,7333.697606211919,0,0,0,0,0,0,14089.928188426455,14089.928188426455,14089.928188426455,14089.928188426455,14089.928188426455,13970.81987086908,0.003455970262744852,0,1.9050171715609419,West
18040014,0,0,0,0,0,0,0,0,0,0,0,0,0,0,0,0,0,0,0,0,3.3846557227421137,West
18050005,93967.72031250001,93967.72031250001,93967.72031250001,93967.72031250001,93967.72031250001,93173.37012693148,0,0,0,0,0,0,44403.81040647856,44403.81040647856,44403.81040647856,44403.81040647856,44403.81040647856,44028.44560121315,0.0034559702627448715,0,0.4725432335573194,West
18060008,1504.71661374,1504.71661374,1504.71661374,1504.71661374,1504.71661374,1491.996586933162,0,0,0,0,0,0,880.1030852368131,880.1030852368131,880.1030852368131,880.1030852368131,880.1030852368131,872.6631894220338,0.003455970262744956,0,0.5848962370723755,West
18060009,10412.63964846,10412.63964846,10412.63964846,10412.63964846,10412.63964846,10324.61705719669,0,0,0,0,0,0,35248.433938170914,35248.433938170914,35248.433938170914,35248.433938170914,35248.433938170914,34950.46352932552,0.003455970262744792,0,3.3851583391137576,West
18060012,15262.20175788,15262.20175788,15262.20175788,15262.20175788,15262.20175788,15133.18369978262,0,0,0,0,0,0,1526.2201757880002,1526.2201757880002,1526.2201757880002,1526.2201757880002,1526.2201757880002,1513.3183699782621,0.003455970262744938,0,0.1,West
18060014,0,0,0,0,0,0,0,0,0,0,0,0,0,0,0,0,0,0,0,0,0.1,West
18070101,16122.28710942,16122.28710942,16122.28710942,16122.28710942,16122.28710942,15985.99837415467,0,0,0,0,0,0,14771.120187538063,14771.120187538063,14771.120187538063,14771.120187538063,14771.120187538063,14646.253456462699,0.0034559702627448763,0,0.9161926026554588,West
18080002,833.2404786000001,833.2404786000001,833.2404786000001,833.2404786000001,833.2404786000001,826.196732869041,0,0,0,0,0,0,2755.849409200403,2755.849409200403,2755.849409200403,2755.849409200403,2755.849409200403,2732.553010369856,0.003455970262744874,0,3.3073878189772365,West
18090201,833.2404786000001,833.2404786000001,833.2404786000001,833.2404786000001,833.2404786000001,826.196732869041,0,0,0,0,0,0,73720.1154266482,73720.1154266482,73720.1154266482,73720.1154266482,73720.1154266482,73096.92708947726,0.003455970262744874,0,88.47399678723218,West
18090202,1918.1408203800002,1918.1408203800002,1918.1408203800002,1918.1408203800002,1918.1408203800002,1901.925938167808,0,0,0,0,0,0,191814.08203800002,191814.08203800002,191814.08203800002,191814.08203800002,191814.08203800002,190192.5938167808,0.0034559702627448142,0,100,West
18090203,4272.6410155799995,4272.6410155799995,4272.6410155799995,4272.6410155799995,4272.6410155799995,4236.52251475539,0,0,0,0,0,0,427264.10155799997,427264.10155799997,427264.10155799997,427264.10155799997,427264.10155799997,423652.251475539,0.003455970262744869,0,100,West
18090204,0,0,0,0,0,0,0,0,0,0,0,0,0,0,0,0,0,0,0,0,100,West
18080001,1249.8607177200001,1249.8607177200001,1249.8607177200001,1249.8607177200001,1249.8607177200001,1239.295099125083,0,0,0,0,0,0,4886.098443444068,4886.098443444068,4886.098443444068,4886.098443444068,4886.098443444068,4844.794119019165,0.00345597026274496,0,3.9093143533283485,West
16040204,3127.9796631000004,3127.9796631000004,3127.9796631000004,3127.9796631000004,3127.9796631000004,3101.537484684105,0,0,0,0,0,0,14163.40807732307,14163.40807732307,14163.40807732307,14163.40807732307,14163.40807732307,14043.678602168317,0.0034559702627448706,0,4.527973197653834,West
18020002,2499.72143562,2499.72143562,2499.72143562,2499.72143562,2499.72143562,2478.590198428645,0,0,0,0,0,0,5075.193944702834,5075.193944702834,5075.193944702834,5075.193944702834,5075.193944702834,5032.291113407537,0.0034559702627448056,0,2.0303038060095067,West
2060001,0,0,0,0,0,0,0,0,0,0,0,0,0,0,0,0,0,0,0,0,0.1,0
2080101,0,0,0,0,0,0,0,0,0,0,0,0,0,0,0,0,0,0,0,0,0.1,0
2080202,3739.5461426399997,3739.5461426399997,3739.5461426399997,3739.5461426399997,3739.5461426399997,3707.934125635976,0,0,0,0,0,0,1489.7587624386756,1489.7587624386756,1489.7587624386756,1489.7587624386756,1489.7587624386756,1477.1651808825839,0.003455970262744762,0,0.3983795641539948,Southeast
2040204,0,0,0,0,0,0,0,0,0,0,0,0,0,0,0,0,0,0,0,0,0.1,0
2070006,11670.85283202,11670.85283202,11670.85283202,11670.85283202,11670.85283202,11572.19401511961,0,0,0,0,0,0,5675.303738193716,5675.303738193716,5675.303738193716,5675.303738193716,5675.303738193716,5627.327916681824,0.0034559702627448233,0,0.48628012193102343,Southeast
5070203,29182.03769538,29182.03769538,29182.03769538,29182.03769538,29182.03769538,28935.34918381983,0,0,0,0,0,0,4302.258898007849,4302.258898007849,4302.258898007849,4302.258898007849,4302.258898007849,4265.890024285776,0.0034559702627448554,0,0.14742832364612318,Central
2070003,11215.47744144,11215.47744144,11215.47744144,11215.47744144,11215.47744144,11120.66811162738,0,0,0,0,0,0,1654.6896449946132,1654.6896449946132,1654.6896449946132,1654.6896449946132,1654.6896449946132,1640.7018306452956,0.003455970262745005,0,0.14753626438413672,Central
5070101,5728.265771400001,5728.265771400001,5728.265771400001,5728.265771400001,5728.265771400001,5679.842238687223,0,0,0,0,0,0,1595.8881177294331,1595.8881177294331,1595.8881177294331,1595.8881177294331,1595.8881177294331,1582.3973783750127,0.003455970262744921,0,0.2785988257907584,Central
6010206,6309.84111336,6309.84111336,6309.84111336,6309.84111336,6309.84111336,6256.5012702454,0,0,0,0,0,0,1892.05398701754,1892.05398701754,1892.05398701754,1892.05398701754,1892.05398701754,1876.0596282026745,0.003455970262744839,0,0.2998576276368421,Southeast
5130102,3956.8864746600007,3956.8864746600007,3956.8864746600007,3956.8864746600007,3956.8864746600007,3923.437184893612,0,0,0,0,0,0,1024.0736642835045,1024.0736642835045,1024.0736642835045,1024.0736642835045,1024.0736642835045,1015.4167222766733,0.003455970262744855,0,0.2588079468141676,Central
5100202,7419.162304619999,7419.162304619999,7419.162304619999,7419.162304619999,7419.162304619999,7356.444884916311,0,0,0,0,0,0,2016.8260481488126,2016.8260481488126,2016.8260481488126,2016.8260481488126,2016.8260481488126,1999.776936599883,0.003455970262744822,0,0.2718401303733322,Central
6010101,7446.39960942,7446.39960942,7446.39960942,7446.39960942,7446.39960942,7383.451940881389,0,0,0,0,0,0,2869.9200017414705,2869.9200017414705,2869.9200017414705,2869.9200017414705,2869.9200017414705,2845.6593143653304,0.003455970262744819,0,0.38541042010569837,Southeast
5100201,26214.372070380003,26214.372070380003,26214.372070380003,26214.372070380003,26214.372070380003,25992.77053264536,0,0,0,0,0,0,5314.691637990668,5314.691637990668,5314.691637990668,5314.691637990668,5314.691637990668,5269.764228079716,0.0034559702627448355,0,0.2027396125957873,Central
5100203,5440.7188476,5440.7188476,5440.7188476,5440.7188476,5440.7188476,5394.726074636641,0,0,0,0,0,0,1459.5905598754096,1459.5905598754096,1459.5905598754096,1459.5905598754096,1459.5905598754096,1447.2520033132698,0.0034559702627448507,0,0.26827163850219193,Central
8050001,17930.48203134,17930.48203134,17930.48203134,17930.48203134,17930.48203134,17778.90783456731,0,0,0,0,0,0,5420.364024603809,5420.364024603809,5420.364024603809,5420.364024603809,5420.364024603809,5374.543319850369,0.003455970262744826,0,0.3022988459055235,South
8050003,4960.53940428,4960.53940428,4960.53940428,4960.53940428,4960.53940428,4918.605797896813,0,0,0,0,0,0,815.6547463970799,815.6547463970799,815.6547463970799,815.6547463970799,815.6547463970799,808.7596605420049,0.003455970262744827,0,0.1644286396945714,South
8020301,11284.910156340002,11284.910156340002,11284.910156340002,11284.910156340002,11284.910156340002,11189.51388145963,0,0,0,0,0,0,1128.4910156340002,1128.4910156340002,1128.4910156340002,1128.4910156340002,1128.4910156340002,1118.9513881459632,0.0034559702627449595,0,0.1,South
8030202,7282.4264649,7282.4264649,7282.4264649,7282.4264649,7282.4264649,7220.864932976649,0,0,0,0,0,0,728.24264649,728.24264649,728.24264649,728.24264649,728.24264649,722.0864932976649,0.0034559702627448706,0,0.1,South
5040005,6171.42260736,6171.42260736,6171.42260736,6171.42260736,6171.42260736,6119.252876338804,0,0,0,0,0,0,2300.3289127471826,2300.3289127471826,2300.3289127471826,2300.3289127471826,2300.3289127471826,2280.8832276477406,0.0034559702627448095,0,0.37273884144699876,Central
8010100,14794.43378904,14794.43378904,14794.43378904,14794.43378904,14794.43378904,14669.36997790759,0,0,0,0,0,0,1479.4433789040002,1479.4433789040002,1479.4433789040002,1479.4433789040002,1479.4433789040002,1466.936997790759,0.003455970262744965,0,0.1,Central
5030102,22917.81796884,22917.81796884,22917.81796884,22917.81796884,22917.81796884,22724.0836428839,0,0,0,0,0,0,7034.1257552800735,7034.1257552800735,7034.1257552800735,7034.1257552800735,7034.1257552800735,6974.663217714652,0.0034559702627448385,0,0.30692824966338234,Northeast
5120104,7983.2583984600005,7983.2583984600005,7983.2583984600005,7983.2583984600005,7983.2583984600005,7915.772428073906,0,0,0,0,0,0,3313.60391466191,3313.60391466191,3313.60391466191,3313.60391466191,3313.60391466191,3285.592573365572,0.003455970262744856,0,0.41506910452768464,Central
8020304,21162.29589846,21162.29589846,21162.29589846,21162.29589846,21162.29589846,20983.40176738931,0,0,0,0,0,0,6209.451081004981,6209.451081004981,6209.451081004981,6209.451081004981,6209.451081004981,6156.959878684954,0.00345597026274497,0,0.2934204828624879,South
5120207,6176.64287106,6176.64287106,6176.64287106,6176.64287106,6176.64287106,6124.429010869498,0,0,0,0,0,0,1658.7479482304304,1658.7479482304304,1658.7479482304304,1658.7479482304304,1658.7479482304304,1644.7258272711651,0.0034559702627449183,0,0.2685517007956404,Central
5050007,7926.0855469200005,7926.0855469200005,7926.0855469200005,7926.0855469200005,7926.0855469200005,7859.082883621481,0,0,0,0,0,0,1917.0322715156578,1917.0322715156578,1917.0322715156578,1917.0322715156578,1917.0322715156578,1900.826760351238,0.0034559702627448125,0,0.24186368670479438,Central
5070201,16942.48945308,16942.48945308,16942.48945308,16942.48945308,16942.48945308,16799.26718913351,0,0,0,0,0,0,5020.783353882675,5020.783353882675,5020.783353882675,5020.783353882675,5020.783353882675,4978.340479078512,0.003455970262744892,0,0.29634271680009455,Central
8020100,4468.1791991400005,4468.1791991400005,4468.1791991400005,4468.1791991400005,4468.1791991400005,4430.407728637292,0,0,0,0,0,0,446.8179199140001,446.8179199140001,446.8179199140001,446.8179199140001,446.8179199140001,443.0407728637292,0.0034559702627448975,0,0.1,South
5030203,12825.72949212,12825.72949212,12825.72949212,12825.72949212,12825.72949212,12717.30799835346,0,0,0,0,0,0,3721.1507391823484,3721.1507391823484,3721.1507391823484,3721.1507391823484,3721.1507391823484,3689.6942265589937,0.003455970262744948,0,0.29013170295448587,Central
8030204,46177.0453125,46177.0453125,46177.0453125,46177.0453125,46177.0453125,45786.6905780124,0,0,0,0,0,0,13201.401412884668,13201.401412884668,13201.401412884668,13201.401412884668,13201.401412884668,13089.804200275748,0.0034559702627448723,0,0.28588666346114366,South
8020205,5586.36987312,5586.36987312,5586.36987312,5586.36987312,5586.36987312,5539.145848416519,0,0,0,0,0,0,1794.7638397808105,1794.7638397808105,1794.7638397808105,1794.7638397808105,1794.7638397808105,1779.5919170775635,0.0034559702627448828,0,0.32127551174452235,South
5010004,15101.33730462,15101.33730462,15101.33730462,15101.33730462,15101.33730462,14973.67910401276,0,0,0,0,0,0,3969.12262855644,3969.12262855644,3969.12262855644,3969.12262855644,3969.12262855644,3935.5699012363248,0.0034559702627449556,0,0.2628325259208768,Northeast
5050009,13226.02998048,13226.02998048,13226.02998048,13226.02998048,13226.02998048,13114.22457183126,0,0,0,0,0,0,3800.0192674622485,3800.0192674622485,3800.0192674622485,3800.0192674622485,3800.0192674622485,3767.8960447190107,0.0034559702627449482,0,0.2873136741010425,Central
5030204,24508.99511712,24508.99511712,24508.99511712,24508.99511712,24508.99511712,24301.80987569202,0,0,0,0,0,0,8425.84503265379,8425.84503265379,8425.84503265379,8425.84503265379,8425.84503265379,8354.617684123872,0.003455970262744851,0,0.3437858219967646,Central
8030203,14885.40058596,14885.40058596,14885.40058596,14885.40058596,14885.40058596,14759.56779275829,0,0,0,0,0,0,4139.688039115628,4139.688039115628,4139.688039115628,4139.688039115628,4139.688039115628,4104.693447875877,0.0034559702627448043,0,0.27810390558250797,South
5070102,8797.24599606,8797.24599606,8797.24599606,8797.24599606,8797.24599606,8722.879032955834,0,0,0,0,0,0,1118.5406863765027,1118.5406863765027,1118.5406863765027,1118.5406863765027,1118.5406863765027,1109.0851733680536,0.0034559702627448975,0,0.12714668736982693,Central
5120205,11465.64404298,11465.64404298,11465.64404298,11465.64404298,11465.64404298,11368.71994561002,0,0,0,0,0,0,1318.0953460390037,1318.0953460390037,1318.0953460390037,1318.0953460390037,1318.0953460390037,1306.9529103255368,0.003455970262744828,0,0.11496042796183141,Central
5050003,3617.85190428,3617.85190428,3617.85190428,3617.85190428,3617.85190428,3587.268621829739,0,0,0,0,0,0,1068.2933229947855,1068.2933229947855,1068.2933229947855,1068.2933229947855,1068.2933229947855,1059.2625728974072,0.0034559702627448945,0,0.2952838732096719,Central
8060202,28621.75957038,28621.75957038,28621.75957038,28621.75957038,28621.75957038,28379.80733454392,0,0,0,0,0,0,4907.534720173332,4907.534720173332,4907.534720173332,4907.534720173332,4907.534720173332,4866.04918553772,0.0034559702627448173,0,0.1714616709048184,South
8030205,13108.368164040001,13108.368164040001,13108.368164040001,13108.368164040001,13108.368164040001,12997.55740212115,0,0,0,0,0,0,3668.393035561414,3668.393035561414,3668.393035561414,3668.393035561414,3668.393035561414,3637.3825068517076,0.00345597026274479,0,0.27985123622213054,South
8030209,5097.6984375,5097.6984375,5097.6984375,5097.6984375,5097.6984375,5054.605365896966,0,0,0,0,0,0,1374.4401709078222,1374.4401709078222,1374.4401709078222,1374.4401709078222,1374.4401709078222,1362.8214277779198,0.003455970262744809,0,0.26961974855104837,South
