Table 3,"Water footprint, carbon footprint, and water scarcity footprint of a hypothetical 1 MW data center placed within each US subbasin.",Unnamed: 2,Unnamed: 3
HUC8,WSF_1MW_DC,WF_1MW_DC,CF_1MW_DC
1010001,1.5941278547050992,8.090976567661357,0.2542962919526162
1010002,1.5941278547050992,8.090976567661357,0.2542962919526162
1010003,1.5941278547050992,8.090976567661357,0.2542962919526162
1010004,1.5941278547050992,8.090976567661357,0.2542962919526162
1010005,1.5941278547050992,8.090976567661357,0.2542962919526162
1020001,1.4326494235020866,8.140143300373827,0.2566586051347567
1020002,1.6147188428643773,8.140143300373827,0.2566586051347567
1020003,1.5904948907661536,8.090976567661357,0.2542962919526162
1020004,1.5543728699064672,8.140143300373827,0.2566586051347567
1020005,1.2813289754627695,8.140143300373827,0.2566586051347567
1030001,1.58528737776603,8.140143300373827,0.2566586051347567
1030002,1.5643032034229114,8.140143300373827,0.2566586051347567
1030003,1.3748508718772041,8.140143300373827,0.2566586051347567
1040001,1.5389173434633288,8.140143300373827,0.2566586051347567
1040002,1.3679221945494955,8.140143300373827,0.2566586051347567
1050001,1.5755384627023885,8.090976567661357,0.2542962919526162
1050002,1.2813289754627695,8.140143300373827,0.2566586051347567
1050003,1.2813289754627695,8.140143300373827,0.2566586051347567
1060001,1.5530576244247924,8.140143300373827,0.2566586051347567
1060002,1.5039090060182911,8.140143300373827,0.2566586051347567
1060003,1.5643199292853223,8.140143300373827,0.2566586051347567
1070001,1.519396861752494,8.140143300373827,0.2566586051347567
1070002,1.6013284305012454,8.140143300373827,0.2566586051347567
1070003,1.5654376092740951,8.140143300373827,0.2566586051347567
1070004,1.5572548874991057,8.140143300373827,0.2566586051347567
1070005,1.527756991263944,8.140143300373827,0.2566586051347567
1070006,1.2813289754627695,8.140143300373827,0.2566586051347567
1080101,1.4220389571296606,8.140143300373827,0.2566586051347567
1080102,1.5697996859111814,8.140143300373827,0.2566586051347567
1080103,1.2813289754627695,8.140143300373827,0.2566586051347567
1080104,1.2813289754627695,8.140143300373827,0.2566586051347567
1080105,1.564791529792719,8.140143300373827,0.2566586051347567
1080106,1.2813289754627695,8.140143300373827,0.2566586051347567
1080107,1.534014226656106,8.140143300373827,0.2566586051347567
1080201,1.2813289754627695,8.140143300373827,0.2566586051347567
1080202,1.5955634866971853,8.140143300373827,0.2566586051347567
1080203,1.4713099327068522,8.140143300373827,0.2566586051347567
1080204,1.5683643081409937,8.140143300373827,0.2566586051347567
1080205,1.2813289754627695,8.140143300373827,0.2566586051347567
1080206,1.5033166680668169,8.140143300373827,0.2566586051347567
1080207,1.5127611854801875,8.140143300373827,0.2566586051347567
1090001,1.4786781287062185,8.140143300373827,0.2566586051347567
1090002,1.522751892816873,8.140143300373827,0.2566586051347567
1090003,1.5559416386326859,8.140143300373827,0.2566586051347567
1090004,1.5073752143149417,8.140143300373827,0.2566586051347567
1090005,1.5219175301937404,8.140143300373827,0.2566586051347567
1100001,1.5393532832243966,8.140143300373827,0.2566586051347567
1100002,1.2836627932174145,8.140143300373827,0.2566586051347567
1100003,1.2813289754627695,8.140143300373827,0.2566586051347567
1100004,1.5054685941249244,8.140143300373827,0.2566586051347567
1100005,1.5415358531306909,8.140143300373827,0.2566586051347567
1100006,1.4986057288912082,8.140143300373827,0.2566586051347567
1110000,1.549594537676202,8.140143300373827,0.2566586051347567
2010001,0.8971819324249715,3.5830752790006697,0.2285957850998019
2010002,1.5777068597122228,8.140143300373827,0.2566586051347567
2010003,1.55914787733593,8.140143300373827,0.2566586051347567
2010004,0.85510922763425,3.5830752790006697,0.2285957850998019
2010005,1.5376911827099837,8.140143300373827,0.2566586051347567
2010006,0.8794235034609997,3.5830752790006697,0.2285957850998019
2010007,1.540945219132236,8.140143300373827,0.2566586051347567
2010008,0.5394852713503623,3.5830752790006697,0.2285957850998019
2020001,0.7825709156485215,3.5830752790006697,0.2285957850998019
2020002,0.7349632605931878,3.5830752790006697,0.2285957850998019
2020003,0.516552498317592,3.5830752790006697,0.2285957850998019
2020004,0.6768362334484782,3.5830752790006697,0.2285957850998019
2020005,0.9105083323366342,3.5830752790006697,0.2285957850998019
2020006,0.516552498317592,3.5830752790006697,0.2285957850998019
2020007,0.8402100955891362,3.5830752790006697,0.2285957850998019
2020008,0.516552498317592,3.5830752790006697,0.2285957850998019
2030101,0.516552498317592,3.5830752790006697,0.2285957850998019
2030102,0.516552498317592,3.5830752790006697,0.2285957850998019
2030103,0.8320071772061866,3.6860649401436643,0.43682443914551305
2030104,,,
2030105,0.8061033628100921,3.6860649401436643,0.43682443914551305
2030201,1.211081831981277,5.538986104639639,0.2406404535679691
2030202,1.188552313723751,5.538986104639639,0.2406404535679691
2030203,,,
2040101,0.6273801195473807,3.5830752790006697,0.2285957850998019
2040102,0.8046412216568661,3.5830752790006697,0.2285957850998019
2040103,0.8753922149906622,3.6860649401436643,0.43682443914551305
2040104,0.5670085097322357,3.671044956573223,0.40645643008566185
2040105,0.5756233925349246,3.6860649401436643,0.43682443914551305
2040106,0.8044246169848224,3.6860649401436643,0.43682443914551305
2040201,0.5756233925349246,3.6860649401436643,0.43682443914551305
2040202,0.5756233925349246,3.6860649401436643,0.43682443914551305
2040203,0.8594726580935674,3.6860649401436643,0.43682443914551305
2040204,,,
2040205,0.9964249394876574,3.6860649401436643,0.43682443914551305
2040206,1.0872239908694727,3.6860649401436643,0.43682443914551305
2040207,1.0313838416068284,3.6860649401436643,0.43682443914551305
2040301,0.9726013482825184,3.6860649401436643,0.43682443914551305
2040302,1.0354243585862706,3.6860649401436643,0.43682443914551305
2040303,1.0900502394154312,3.6860649401436643,0.43682443914551305
2040304,,,
2050101,0.8654855446108235,3.5830752790006697,0.2285957850998019
2050102,0.8571304033136135,3.5830752790006697,0.2285957850998019
2050103,0.516552498317592,3.5830752790006697,0.2285957850998019
2050104,1.0459108981659497,3.5830752790006697,0.2285957850998019
2050105,0.664927596427447,3.5830752790006697,0.2285957850998019
2050106,0.5756233925349246,3.6860649401436643,0.43682443914551305
2050107,0.5756233925349246,3.6860649401436643,0.43682443914551305
2050201,0.9272634805595479,3.6860649401436643,0.43682443914551305
2050202,0.943106836964426,3.6860649401436643,0.43682443914551305
2050203,0.5756233925349246,3.6860649401436643,0.43682443914551305
2050204,0.9484000611409832,3.6860649401436643,0.43682443914551305
2050205,1.0230316998906834,3.6860649401436643,0.43682443914551305
2050206,0.5756233925349246,3.6860649401436643,0.43682443914551305
2050301,0.5756233925349246,3.6860649401436643,0.43682443914551305
2050302,0.9737433438312352,3.6860649401436643,0.43682443914551305
2050303,1.0207710798596952,3.6860649401436643,0.43682443914551305
2050304,0.6550903979064473,3.6860649401436643,0.43682443914551305
2050305,0.5756233925349246,3.6860649401436643,0.43682443914551305
2050306,0.5756233925349246,3.6860649401436643,0.43682443914551305
2060002,1.0871869670564924,3.6860649401436643,0.43682443914551305
2060003,1.0956723953403387,3.6860649401436643,0.43682443914551305
2060004,1.0682937907886525,3.6860649401436643,0.43682443914551305
2060005,1.1053400864202192,3.6860649401436643,0.43682443914551305
2060006,1.0690652244266614,3.6860649401436643,0.43682443914551305
2070001,1.3091286206350605,3.6860649401436643,0.43682443914551305
2070002,1.2298591093733116,3.6860649401436643,0.43682443914551305
2070003,0.6611886684263707,3.6860649401436643,0.43682443914551305
2070004,0.6979177025471056,3.6860649401436643,0.43682443914551305
2070005,1.1719064389076506,3.6860649401436643,0.43682443914551305
2070006,1.2709276120107666,3.6860649401436643,0.43682443914551305
2070007,0.5756233925349246,3.6860649401436643,0.43682443914551305
2070008,0.5756233925349246,3.6860649401436643,0.43682443914551305
2070009,1.0551102567220605,3.6860649401436643,0.43682443914551305
2070010,0.5756233925349246,3.6860649401436643,0.43682443914551305
2070011,0.5756233925349246,3.6860649401436643,0.43682443914551305
2080102,1.2845419776991878,3.6860649401436643,0.43682443914551305
2080103,1.1603765429187543,3.6860649401436643,0.43682443914551305
2080104,0.74292243855408,3.6860649401436643,0.43682443914551305
2080105,1.263682544570539,3.6860649401436643,0.43682443914551305
2080106,1.2452003630476167,3.6860649401436643,0.43682443914551305
2080107,,,
2080108,,,
2080109,1.0632572648589398,3.6860649401436643,0.43682443914551305
2080110,0.7838758721649115,3.6860649401436643,0.43682443914551305
2080111,,,
2080201,1.164254883837351,3.6860649401436643,0.43682443914551305
2080202,1.112706608012115,3.6860649401436643,0.43682443914551305
2080203,0.693611011087693,3.6860649401436643,0.43682443914551305
2080204,1.12620466124185,3.6860649401436643,0.43682443914551305
2080205,0.5756233925349246,3.6860649401436643,0.43682443914551305
2080206,0.5756233925349246,3.6860649401436643,0.43682443914551305
2080207,1.2514264308838237,3.6860649401436643,0.43682443914551305
2080208,0.5756233925349246,3.6860649401436643,0.43682443914551305
3010101,1.1291186787787773,3.6860649401436643,0.43682443914551305
3010102,0.5756233925349246,3.6860649401436643,0.43682443914551305
3010103,1.0889183111675589,3.6860649401436643,0.43682443914551305
3010104,1.0018997607947742,5.289307022108581,0.4147777436173069
3010105,1.143349703794039,3.6860649401436643,0.43682443914551305
3010106,0.5756233925349246,3.6860649401436643,0.43682443914551305
3010107,0.5756233925349246,3.6860649401436643,0.43682443914551305
3010201,1.2013275444377105,3.6860649401436643,0.43682443914551305
3010202,1.1048255462826697,3.6860649401436643,0.43682443914551305
3010203,0.5756233925349246,3.6860649401436643,0.43682443914551305
3010204,1.1598101761586666,3.6860649401436643,0.43682443914551305
3010205,1.0970987184913945,3.6860649401436643,0.43682443914551305
3020101,1.1168577904980805,5.066562146038917,0.32127730556001227
3020102,1.156616568819375,5.066562146038917,0.32127730556001227
3020103,0.5909347224303622,5.066562146038917,0.32127730556001227
3020104,0.5928071697727751,3.7803210537744336,0.4289352353815099
3020105,,,
3020201,3.083968584969229,12.481095492728809,0.315881156196955
3020202,0.5559265794318319,5.066562146038917,0.32127730556001227
3020203,0.9967503672086843,5.066562146038917,0.32127730556001227
3020204,0.5742785545692404,3.7803210537744336,0.4289352353815099
3020301,0.9262187194587519,5.066562146038917,0.32127730556001227
3020302,0.9112434339723393,5.066562146038917,0.32127730556001227
3030002,3.1518713869839527,12.481095492728809,0.315881156196955
3030003,3.224928361560978,12.481095492728809,0.315881156196955
3030004,0.6303528878143144,5.066562146038917,0.32127730556001227
3030005,0.5559265794318319,5.066562146038917,0.32127730556001227
3030006,1.0252054635430334,5.066562146038917,0.32127730556001227
3030007,0.977897958090282,5.066562146038917,0.32127730556001227
3040101,4.015706159747002,16.111913562186768,0.3132387192832917
3040102,4.0335912795804445,16.111913562186768,0.3132387192832917
3040103,3.7146723531217622,17.597947948106324,0.31050963354344957
3040104,0.5559265794318319,5.066562146038917,0.32127730556001227
3040105,4.120149662586858,16.111913562186768,0.3132387192832917
3040201,0.568307815097032,5.066562146038917,0.32127730556001227
3040202,1.9147533678305848,8.4656559640348,0.41270503410376125
3040203,1.0162939216790945,5.066562146038917,0.32127730556001227
3040204,1.4718508490000108,8.4656559640348,0.41270503410376125
3040205,1.876972923282424,8.4656559640348,0.41270503410376125
3040206,1.0157393425646688,5.066562146038917,0.32127730556001227
3040207,1.3694637970094776,8.4656559640348,0.41270503410376125
3040208,,,
3050101,3.8942510583536323,16.111913562186768,0.3132387192832917
3050102,4.016633438440327,16.111913562186768,0.3132387192832917
3050103,3.6063114888929593,16.111913562186768,0.3132387192832917
3050104,2.7235986343167142,13.142738930525814,0.35186321693834305
3050105,3.9688465081985247,16.11189548703477,0.31324008632422
3050106,5.850876955015603,21.974698918345116,0.38087825069728104
3050107,4.01575806197214,16.111913562186768,0.3132387192832917
3050108,4.078881450136942,16.111913562186768,0.3132387192832917
3050109,4.065544941902964,16.111913562186768,0.3132387192832917
3050110,17.045637806018057,49.33872725138731,0.4619558259016663
3050111,0.5559265794318319,5.066562146038917,0.32127730556001227
3050112,0.5559265794318319,5.066562146038917,0.32127730556001227
3050201,12.570905980947432,37.81047484921117,0.563577155479048
3050202,17.678361182234813,49.33872725138731,0.4619558259016663
3050203,12.437158798473934,37.81047484921117,0.563577155479048
3050204,12.443959728942591,37.81047484921117,0.563577155479048
3050205,17.58941588306029,49.33872725138731,0.4619558259016663
3050206,12.003261926448463,37.81047484921117,0.563577155479048
3050207,12.561094116219945,37.81047484921117,0.563577155479048
3050208,17.631571810813224,49.33872725138731,0.4619558259016663
3050209,,,
3050210,,,
3060101,3.8359269202715542,16.111913562186768,0.3132387192832917
3060102,3.794162397296975,16.111913562186768,0.3132387192832917
3060103,3.5832504377136205,16.111913562186768,0.3132387192832917
3060104,1.8025585696793733,9.270213150593904,0.5138833128722825
3060105,2.0093839825986906,9.270213150593904,0.5138833128722825
3060106,17.045637806018057,49.33872725138731,0.4619558259016663
3060107,6.621250871072619,21.974698918345116,0.38087825069728104
3060108,1.9545910117365013,9.270213150593904,0.5138833128722825
3060109,1.3621258025746266,9.270213150593904,0.5138833128722825
3060110,12.615173079877689,37.81047484921117,0.563577155479048
3060201,1.9698760161955036,9.270213150593904,0.5138833128722825
3060202,1.3969327320980618,9.270213150593904,0.5138833128722825
3060203,1.9351194210254257,9.270213150593904,0.5138833128722825
3060204,1.8901960609263797,9.270213150593904,0.5138833128722825
3070101,1.8749918911074526,9.270213150593904,0.5138833128722825
3070102,1.5191429765380469,9.270213150593904,0.5138833128722825
3070103,1.8277025493802475,9.270213150593904,0.5138833128722825
3070104,1.4548390531250897,9.270213150593904,0.5138833128722825
3070105,2.0040755155206074,9.270213150593904,0.5138833128722825
3070106,1.3621258025746266,9.270213150593904,0.5138833128722825
3070107,1.9547821702113677,9.270213150593904,0.5138833128722825
3070201,1.7401495993517881,9.270213150593904,0.5138833128722825
3070202,1.9130639427160732,9.270213150593904,0.5138833128722825
3070203,1.8409562677614923,9.270213150593904,0.5138833128722825
3070204,1.9913689058600734,9.270213150593904,0.5138833128722825
3070205,1.6322820697219327,7.074963121345479,0.45498913578717126
3080101,1.1775048545285036,2.906853490259695,0.5832541164606605
3080102,1.0858325534239301,2.906853490259695,0.5832541164606605
3080103,0.4952797548154934,2.9446281081156296,0.4016988963817027
3080201,0.9511757753325891,2.902827779855413,0.3801301216837523
3080202,1.0540497975416316,2.932117264953715,0.32410309702899565
3080203,0.9906622756081849,2.932117264953715,0.32410309702899565
3090101,1.1135419314657875,2.8166947348623594,0.544891578541688
3090102,1.16073174591874,2.8960138477456776,0.4111752398190552
3090103,1.1461179222069637,2.8122458625012716,0.6132020432766777
3090201,0.46553651412145264,2.9567104172430003,0.36384067980232343
3090202,0.94175812680655,2.932117264953715,0.32410309702899565
3090203,,,
3090204,0.9314896700399223,2.932117264953715,0.32410309702899565
3090205,1.061395838369273,2.8960138477456776,0.4111752398190552
3090206,0.5303014474319228,2.9567104172430003,0.36384067980232343
3100101,0.9896329792630546,2.8122458625012716,0.6132020432766777
3100102,0.9053701326224335,2.920737774742192,0.36949558813557365
3100103,1.0383029144109153,2.932117264953715,0.32410309702899565
3100201,0.772410862668825,2.932117264953715,0.32410309702899565
3100202,0.8902216624551837,2.920737774742192,0.36949558813557365
3100203,0.980741121618263,2.8335541989340713,0.5476236543218176
3100204,0.9615471633494663,2.8335541989340713,0.5476236543218176
3100205,0.8697939183491021,2.8335541989340713,0.5476236543218176
3100206,0.9600886015477249,2.8335541989340713,0.5476236543218176
3100207,0.7980576136548717,2.8122458625012716,0.6132020432766777
3100208,0.9410253789115117,2.8122458625012716,0.6132020432766777
3110101,0.9752786897446379,2.8122458625012716,0.6132020432766777
3110102,0.9250513784844091,2.8122458625012716,0.6132020432766777
3110103,0.9004199795234641,2.8122458625012716,0.6132020432766777
3110201,1.6542721541955345,9.270213150593904,0.5138833128722825
3110202,1.9013425106999933,9.270213150593904,0.5138833128722825
3110203,1.5738465469590488,9.270213150593904,0.5138833128722825
3110204,1.8325078246641096,9.270213150593904,0.5138833128722825
3110205,0.46146683412386763,2.8122458625012716,0.6132020432766777
3110206,0.9238810666393676,2.920737774742192,0.36949558813557365
3120001,0.8460863877823162,2.8166947348623594,0.544891578541688
3120002,1.7772397279551129,9.270213150593904,0.5138833128722825
3120003,0.6499380734860006,2.8122458625012716,0.6132020432766777
3130001,1.5912160067801377,9.270213150593904,0.5138833128722825
3130002,1.521100183797404,9.270213150593904,0.5138833128722825
3130003,1.3761872899980556,9.126641611745285,0.5160005917956808
3130004,1.8714091042578287,14.390821059759238,0.5106028414463875
3130005,1.8576102392330276,9.270213150593904,0.5138833128722825
3130006,1.4378417018879595,9.270213150593904,0.5138833128722825
3130007,1.835143738788859,9.270213150593904,0.5138833128722825
3130008,1.3621258025746266,9.270213150593904,0.5138833128722825
3130009,1.8091027961827166,9.270213150593904,0.5138833128722825
3130010,2.2573513496580593,14.390821059759238,0.5106028414463875
3130011,0.4609751764959527,2.8448445543640632,0.6081542378271548
3130012,1.6318445690759291,8.891205082932242,0.5185473179759889
3130013,0.8905413396595045,2.8166947348623594,0.544891578541688
3130014,,,
3140101,1.577584371253505,8.348900748454284,0.5183100918616202
3140102,1.5865779325734637,9.270213150593904,0.5138833128722825
3140103,1.606050513363835,9.126641611745285,0.5160005917956808
3140104,1.5989798733639775,9.126641611745285,0.5160005917956808
3140105,,,
3140106,1.5919618913993085,9.126641611745285,0.5160005917956808
3140107,1.5327313418251214,9.126641611745285,0.5160005917956808
3140201,1.6860286243674225,9.126641611745285,0.5160005917956808
3140202,1.7066481970312284,9.126641611745285,0.5160005917956808
3140203,1.3389497573908156,9.126641611745285,0.5160005917956808
3140301,1.4869717144868662,9.126641611745285,0.5160005917956808
3140302,1.7346062050173057,9.126641611745285,0.5160005917956808
3140303,1.709388766128804,9.126641611745285,0.5160005917956808
3140304,1.3389497573908156,9.126641611745285,0.5160005917956808
3140305,1.3389497573908156,9.126641611745285,0.5160005917956808
3150101,1.4310224867040144,8.20322743967071,0.46024164316972976
3150102,1.660177413355577,9.270213150593904,0.5138833128722825
3150103,1.123940408466723,8.20322743967071,0.46024164316972976
3150104,1.7054805644764228,9.270213150593904,0.5138833128722825
3150105,1.123940408466723,8.20322743967071,0.46024164316972976
3150106,1.3389497573908156,9.126641611745285,0.5160005917956808
3150107,1.3389497573908156,9.126641611745285,0.5160005917956808
3150108,1.7038645354552944,9.270213150593904,0.5138833128722825
3150109,1.4397553816754767,9.126641611745285,0.5160005917956808
3150110,1.3802836861156167,9.270213150593904,0.5138833128722825
3150201,1.3389497573908156,9.126641611745285,0.5160005917956808
3150202,1.7137172849858138,9.270213150593904,0.5138833128722825
3150203,1.3389497573908156,9.126641611745285,0.5160005917956808
3150204,1.3621258025746266,9.270213150593904,0.5138833128722825
3160101,0.7737847997708063,6.597047864406951,0.37949252593484306
3160102,1.0148901012229292,6.597047864406951,0.37949252593484306
3160103,1.6471405570513498,9.270213150593904,0.5138833128722825
3160104,1.067340867114943,6.597047864406951,0.37949252593484306
3160105,1.6616459530858991,9.270213150593904,0.5138833128722825
3160106,1.3621258025746266,9.270213150593904,0.5138833128722825
3160107,1.694797283507801,9.270213150593904,0.5138833128722825
3160108,1.1195176092707186,6.597047864406951,0.37949252593484306
3160109,1.2108175708274593,8.20322743967071,0.46024164316972976
3160110,1.3752628309706982,8.20322743967071,0.46024164316972976
3160111,1.7011307139126577,9.270213150593904,0.5138833128722825
3160112,1.3621258025746266,9.270213150593904,0.5138833128722825
3160113,1.3621258025746266,9.270213150593904,0.5138833128722825
3160201,1.3621258025746266,9.270213150593904,0.5138833128722825
3160202,1.4857004203440074,8.20322743967071,0.46024164316972976
3160203,1.1387571459625534,7.465956010748142,0.6122537120125064
3160204,1.1437803437579228,7.494550589660921,0.6122626125525766
3160205,,,
3170001,1.4656328379902566,7.494550589660921,0.6122626125525766
3170002,1.2828712026750106,7.494550589660921,0.6122626125525766
3170003,1.1437803437579228,7.494550589660921,0.6122626125525766
3170004,1.4782806486766344,7.494550589660921,0.6122626125525766
3170005,1.2288235295293377,7.494550589660921,0.6122626125525766
3170006,1.1437803437579228,7.494550589660921,0.6122626125525766
3170007,1.4741253541773756,7.494550589660921,0.6122626125525766
3170008,1.4187543655334791,7.494550589660921,0.6122626125525766
3170009,1.4242999523591653,7.494550589660921,0.6122626125525766
3180001,1.4746362908658757,8.20322743967071,0.46024164316972976
3180002,1.1190101964503862,6.842553633785157,0.6483860322405153
3180003,1.0636071297645033,6.842553633785157,0.6483860322405153
3180004,1.3621258025746266,9.270213150593904,0.5138833128722825
3180005,1.3560759030856364,6.842553633785157,0.6483860322405153
4010101,1.702323816454491,6.842553633785157,0.6483860322405153
4010102,1.7759522428962042,6.842553633785157,0.6483860322405153
4010201,1.6691737643006053,6.842553633785157,0.6483860322405153
4010202,1.8319515957216834,6.842553633785157,0.6483860322405153
4010301,1.7053480666985061,6.842553633785157,0.6483860322405153
4010302,1.6397405189199463,6.842553633785157,0.6483860322405153
4020101,1.6015522037444292,6.842553633785157,0.6483860322405153
4020102,1.7158352602483307,6.842553633785157,0.6483860322405153
4020103,1.4056548987122586,6.842553633785157,0.6483860322405153
4020104,1.743707861604708,6.842553633785157,0.6483860322405153
4020105,1.7138436439813127,6.842553633785157,0.6483860322405153
4020201,1.6843159090126294,6.842553633785157,0.6483860322405153
4020202,1.6711823897649125,6.842553633785157,0.6483860322405153
4020203,1.6096902636881438,6.842553633785157,0.6483860322405153
4030101,1.8955493401816805,6.842553633785157,0.6483860322405153
4030102,1.9450014503848503,6.842553633785157,0.6483860322405153
4030103,1.6786491424379588,6.842553633785157,0.6483860322405153
4030104,1.7432468144642208,6.842553633785157,0.6483860322405153
4030105,1.7686886452779607,6.842553633785157,0.6483860322405153
4030106,1.8151115054147022,6.842553633785157,0.6483860322405153
4030107,1.7419150746496868,6.842553633785157,0.6483860322405153
4030108,1.4135937025512935,6.842553633785157,0.6483860322405153
4030109,1.86339881066162,6.842553633785157,0.6483860322405153
4030110,1.7317549312843898,6.842553633785157,0.6483860322405153
4030111,1.779187616386395,6.842553633785157,0.6483860322405153
4030112,1.8297223241912859,6.842553633785157,0.6483860322405153
4030201,1.146367134918565,6.842553633785157,0.6483860322405153
4030202,1.7009565838662462,6.842553633785157,0.6483860322405153
4030203,1.0636071297645033,6.842553633785157,0.6483860322405153
4030204,1.0636071297645033,6.842553633785157,0.6483860322405153
4040001,1.9161696605192784,6.842553633785157,0.6483860322405153
4040002,1.6250821595571312,6.842553633785157,0.6483860322405153
4040003,1.7831455315705154,6.842553633785157,0.6483860322405153
4050001,1.1463210838349809,3.6860649401436643,0.43682443914551305
4050002,1.5501745958991928,6.842553633785157,0.6483860322405153
4050003,1.2134608021039024,5.1401591411228384,0.5342841532541222
4050004,1.7623399237483535,6.842553633785157,0.6483860322405153
4050005,1.8261641184634223,6.842553633785157,0.6483860322405153
4050006,1.1760357179993945,6.842553633785157,0.6483860322405153
4050007,1.5203934757217847,6.842553633785157,0.6483860322405153
4060101,1.5975522027176636,6.842553633785157,0.6483860322405153
4060102,1.6419833758324238,6.842553633785157,0.6483860322405153
4060103,1.6410774074901051,6.842553633785157,0.6483860322405153
4060104,1.6091911942003767,6.842553633785157,0.6483860322405153
4060105,1.6326140812600092,6.842553633785157,0.6483860322405153
4060106,1.7144006271051413,6.842553633785157,0.6483860322405153
4060107,,,
4070001,1.6105545386205904,6.842553633785157,0.6483860322405153
4070002,1.727007580678438,6.842553633785157,0.6483860322405153
4070003,1.885007044085549,6.842553633785157,0.6483860322405153
4070004,1.3868046293330054,6.842553633785157,0.6483860322405153
4070005,1.8177704501113574,6.842553633785157,0.6483860322405153
4070006,1.8984670918854576,6.842553633785157,0.6483860322405153
4070007,1.8034982613224186,6.842553633785157,0.6483860322405153
4080101,1.774984379618585,6.842553633785157,0.6483860322405153
4080102,1.9200552178423147,6.842553633785157,0.6483860322405153
4080103,1.8922676306182336,6.842553633785157,0.6483860322405153
4080104,1.0636071297645033,6.842553633785157,0.6483860322405153
4080201,1.3404920713103532,6.842553633785157,0.6483860322405153
4080202,1.6159648987671174,6.842553633785157,0.6483860322405153
4080203,1.2008183802693455,6.842553633785157,0.6483860322405153
4080204,1.611382153722972,6.842553633785157,0.6483860322405153
4080205,1.9317441192550353,6.842553633785157,0.6483860322405153
4080206,1.0636071297645033,6.842553633785157,0.6483860322405153
4090001,1.3126967296343963,6.842553633785157,0.6483860322405153
4090002,1.0636071297645033,6.842553633785157,0.6483860322405153
4090003,1.6505357973774584,6.842553633785157,0.6483860322405153
4090004,2.277015489582502,6.842553633785157,0.6483860322405153
4090005,1.5812648426037073,6.842553633785157,0.6483860322405153
4100001,1.62830252741495,5.1401591411228384,0.5342841532541222
4100002,1.488252946035924,5.1401591411228384,0.5342841532541222
4100003,1.2070031023349983,3.6860649401436643,0.43682443914551305
4100004,1.1719005228016854,3.6860649401436643,0.43682443914551305
4100005,0.5756233925349246,3.6860649401436643,0.43682443914551305
4100006,1.2311173062971341,3.6860649401436643,0.43682443914551305
4100007,0.9451296863592157,3.6860649401436643,0.43682443914551305
4100008,1.2306775958251857,3.6860649401436643,0.43682443914551305
4100009,0.5756233925349246,3.6860649401436643,0.43682443914551305
4100010,1.2733240963393062,3.6860649401436643,0.43682443914551305
4100011,1.187195135381101,3.6860649401436643,0.43682443914551305
4100012,1.1337620419849765,3.6860649401436643,0.43682443914551305
4110001,1.0019930229767482,3.6860649401436643,0.43682443914551305
4110002,0.9645959396341329,3.6860649401436643,0.43682443914551305
4110003,1.0029727503245864,3.6860649401436643,0.43682443914551305
4110004,0.9501079726516053,3.6860649401436643,0.43682443914551305
4120101,0.886704287642212,3.6860649401436643,0.43682443914551305
4120102,0.8200842507906475,3.5830752790006697,0.2285957850998019
4120103,0.8465309816983357,3.5830752790006697,0.2285957850998019
4120104,1.1659100474246908,3.5830752790006697,0.2285957850998019
4130001,1.3798600807628405,3.5830752790006697,0.2285957850998019
4130002,0.951122514962003,3.5830752790006697,0.2285957850998019
4130003,0.6153252550974442,3.5830752790006697,0.2285957850998019
4140101,0.9999181014390807,3.5830752790006697,0.2285957850998019
4140102,0.7604498994941826,3.5830752790006697,0.2285957850998019
4140201,1.0104189234689955,3.5830752790006697,0.2285957850998019
4140202,0.7982481926607217,3.5830752790006697,0.2285957850998019
4140203,0.516552498317592,3.5830752790006697,0.2285957850998019
4150101,0.7248303438823344,3.5830752790006697,0.2285957850998019
4150102,0.9279141813098881,3.5830752790006697,0.2285957850998019
4150301,0.516552498317592,3.5830752790006697,0.2285957850998019
4150302,0.6813788118805265,3.5830752790006697,0.2285957850998019
4150303,0.9086977359314004,3.5830752790006697,0.2285957850998019
4150304,0.8721684567710083,3.5830752790006697,0.2285957850998019
4150305,0.814582251873413,3.5830752790006697,0.2285957850998019
4150306,0.8656703116763522,3.5830752790006697,0.2285957850998019
4150307,0.8651013025258141,3.5830752790006697,0.2285957850998019
4150308,,,
5010001,0.7513438619249649,3.6860649401436643,0.43682443914551305
5010002,0.784256241699476,3.5830752790006697,0.2285957850998019
5010003,0.5756233925349246,3.6860649401436643,0.43682443914551305
5010004,0.8687219391925027,3.6860649401436643,0.43682443914551305
5010005,0.8800974344026498,3.6860649401436643,0.43682443914551305
5010006,0.5756233925349246,3.6860649401436643,0.43682443914551305
5010007,0.8654358298182242,3.6860649401436643,0.43682443914551305
5010008,0.5756233925349246,3.6860649401436643,0.43682443914551305
5010009,0.5756233925349246,3.6860649401436643,0.43682443914551305
5020001,0.7966673539600577,3.6860649401436643,0.43682443914551305
5020002,0.8973888720367719,3.6860649401436643,0.43682443914551305
5020003,0.5756233925349246,3.6860649401436643,0.43682443914551305
5020004,0.7791175981123047,3.6860649401436643,0.43682443914551305
5020005,0.5756233925349246,3.6860649401436643,0.43682443914551305
5020006,0.8552180175922756,3.6860649401436643,0.43682443914551305
5030101,0.5756233925349246,3.6860649401436643,0.43682443914551305
5030102,0.9480942419290127,3.6860649401436643,0.43682443914551305
5030103,1.00681005838449,3.6860649401436643,0.43682443914551305
5030104,0.5756233925349246,3.6860649401436643,0.43682443914551305
5030105,0.9805299286078513,3.6860649401436643,0.43682443914551305
5030106,0.5756233925349246,3.6860649401436643,0.43682443914551305
5030201,0.5756233925349246,3.6860649401436643,0.43682443914551305
5030202,0.5756233925349246,3.6860649401436643,0.43682443914551305
5030203,0.9178604578529992,3.6860649401436643,0.43682443914551305
5030204,1.0144378721291007,3.6860649401436643,0.43682443914551305
5040001,0.9857608941047683,3.6860649401436643,0.43682443914551305
5040002,0.9449125338138608,3.6860649401436643,0.43682443914551305
5040003,0.7054969025677404,3.6860649401436643,0.43682443914551305
5040004,0.5756233925349246,3.6860649401436643,0.43682443914551305
5040005,1.0665533071395223,3.6860649401436643,0.43682443914551305
5040006,0.9383439476122272,3.6860649401436643,0.43682443914551305
5050001,0.9179483945236955,3.6860649401436643,0.43682443914551305
5050002,0.6008398883722696,3.6860649401436643,0.43682443914551305
5050003,0.927134364312334,3.6860649401436643,0.43682443914551305
5050004,0.5756233925349246,3.6860649401436643,0.43682443914551305
5050005,0.785644265822105,3.6860649401436643,0.43682443914551305
5050006,0.5756233925349246,3.6860649401436643,0.43682443914551305
5050007,0.8309780286035545,3.6860649401436643,0.43682443914551305
5050008,0.5756233925349246,3.6860649401436643,0.43682443914551305
5050009,0.9127880059168012,3.6860649401436643,0.43682443914551305
5060001,1.1104287617574997,3.6860649401436643,0.43682443914551305
5060002,0.6112949741245037,3.6860649401436643,0.43682443914551305
5060003,0.9472897178051715,3.6860649401436643,0.43682443914551305
5070101,0.8971012789582896,3.6860649401436643,0.43682443914551305
5070102,0.6244874298006131,3.6860649401436643,0.43682443914551305
5070201,0.9290402827750947,3.6860649401436643,0.43682443914551305
5070202,0.9290669916054562,3.6860649401436643,0.43682443914551305
5070203,0.6609943750979463,3.6860649401436643,0.43682443914551305
5070204,0.5756233925349246,3.6860649401436643,0.43682443914551305
5080001,1.0896832943159125,3.6860649401436643,0.43682443914551305
5080002,0.5756233925349246,3.6860649401436643,0.43682443914551305
5080003,1.400554134545255,6.842553633785157,0.6483860322405153
5090101,0.5756233925349246,3.6860649401436643,0.43682443914551305
5090102,0.9467639758338654,3.6860649401436643,0.43682443914551305
5090103,0.5756233925349246,3.6860649401436643,0.43682443914551305
5090104,0.9748784099918972,3.6860649401436643,0.43682443914551305
5090201,0.5756233925349246,3.6860649401436643,0.43682443914551305
5090202,0.8948108840276637,3.6860649401436643,0.43682443914551305
5090203,1.0636071297645033,6.842553633785157,0.6483860322405153
5100101,0.7778266251800666,3.6860649401436643,0.43682443914551305
5100102,0.8825980357514622,3.6860649401436643,0.43682443914551305
5100201,0.7605546952073418,3.6860649401436643,0.43682443914551305
5100202,0.8849356272069224,3.6860649401436643,0.43682443914551305
5100203,0.87851234183887,3.6860649401436643,0.43682443914551305
5100204,0.5756233925349246,3.6860649401436643,0.43682443914551305
5100205,6.353180273445192,7.479010998647711,0.5348807925283027
5110001,0.8303073053957173,3.6860649401436643,0.43682443914551305
5110002,1.0301646624168648,6.597047864406951,0.37949252593484306
5110003,0.7653896694776732,6.597047864406951,0.37949252593484306
5110004,1.342806763388264,6.842553633785157,0.6483860322405153
5110005,1.0636071297645033,6.842553633785157,0.6483860322405153
5110006,6.597311647209758,7.479010998647711,0.5348807925283027
5120101,0.7888100321330933,3.6860649401436643,0.43682443914551305
5120102,1.121572940318588,3.6860649401436643,0.43682443914551305
5120103,1.1030379038061238,3.6860649401436643,0.43682443914551305
5120104,1.3675464070530567,5.1401591411228384,0.5342841532541222
5120105,0.8004220189032244,5.1401591411228384,0.5342841532541222
5120106,1.5994458403734133,6.842553633785157,0.6483860322405153
5120107,1.5668551154982104,6.842553633785157,0.6483860322405153
5120108,1.0636071297645033,6.842553633785157,0.6483860322405153
5120109,1.6406182679460748,6.842553633785157,0.6483860322405153
5120110,1.3028303956247271,5.1401591411228384,0.5342841532541222
5120111,1.0636071297645033,6.842553633785157,0.6483860322405153
5120112,1.5733043428954012,6.842553633785157,0.6483860322405153
5120113,1.0636071297645033,6.842553633785157,0.6483860322405153
5120114,1.3322353445120163,6.842553633785157,0.6483860322405153
5120115,1.5623576795914316,6.842553633785157,0.6483860322405153
5120201,1.492020956476698,6.842553633785157,0.6483860322405153
5120202,1.0636071297645033,6.842553633785157,0.6483860322405153
5120203,1.3763090976712875,6.842553633785157,0.6483860322405153
5120204,1.4947468038995435,6.842553633785157,0.6483860322405153
5120205,1.0905359000957997,6.842553633785157,0.6483860322405153
5120206,1.0636071297645033,6.842553633785157,0.6483860322405153
5120207,1.3670001911966558,6.842553633785157,0.6483860322405153
5120208,1.0702207410104962,6.842553633785157,0.6483860322405153
5120209,1.361134760163142,6.842553633785157,0.6483860322405153
5130101,0.834565148384883,3.6860649401436643,0.43682443914551305
5130102,0.8614776968004262,3.6860649401436643,0.43682443914551305
5130103,0.5756233925349246,3.6860649401436643,0.43682443914551305
5130104,0.9733982388705505,6.597047864406951,0.37949252593484306
5130105,0.9892368516456409,6.597047864406951,0.37949252593484306
5130106,0.7653896694776732,6.597047864406951,0.37949252593484306
5130107,0.9520348341883931,6.597047864406951,0.37949252593484306
5130108,0.8447260917228956,6.597047864406951,0.37949252593484306
5130201,0.7653896694776732,6.597047864406951,0.37949252593484306
5130202,0.7653896694776732,6.597047864406951,0.37949252593484306
5130203,0.9948832304397113,6.597047864406951,0.37949252593484306
5130204,1.0245006368954632,6.597047864406951,0.37949252593484306
5130205,0.7653896694776732,6.597047864406951,0.37949252593484306
5130206,1.0152023433003932,6.597047864406951,0.37949252593484306
5140101,1.0636071297645033,6.842553633785157,0.6483860322405153
5140102,0.6287741506597603,3.6860649401436643,0.43682443914551305
5140103,0.851723134582996,3.6860649401436643,0.43682443914551305
5140104,1.0636071297645033,6.842553633785157,0.6483860322405153
5140201,1.0636071297645033,6.842553633785157,0.6483860322405153
5140202,1.0636071297645033,6.842553633785157,0.6483860322405153
5140203,1.0636071297645033,6.842553633785157,0.6483860322405153
5140204,1.3931896938722976,6.842553633785157,0.6483860322405153
5140205,1.3820892662154214,6.842553633785157,0.6483860322405153
5140206,1.0587671103905394,6.820422908834125,0.65192386397417
6010101,1.0893621487251817,3.6860649401436643,0.43682443914551305
6010102,0.7543925053200731,3.6860649401436643,0.43682443914551305
6010103,1.1423357177319702,6.597047864406951,0.37949252593484306
6010104,0.7653896694776732,6.597047864406951,0.37949252593484306
6010105,3.9113339757429695,16.11189548703477,0.31324008632422
6010106,3.8592436054351444,16.11189548703477,0.31324008632422
6010107,0.7653896694776732,6.597047864406951,0.37949252593484306
6010108,1.1784447730539052,6.597144928503164,0.3794927415591795
6010201,0.7653896694776732,6.597047864406951,0.37949252593484306
6010202,3.584287856711618,16.111913562186768,0.3132387192832917
6010203,3.74141858312808,16.11189548703477,0.31324008632422
6010204,0.7653896694776732,6.597047864406951,0.37949252593484306
6010205,0.7905996761421069,3.6860649401436643,0.43682443914551305
6010206,1.125133399223989,6.597047864406951,0.37949252593484306
6010207,0.7653896694776732,6.597047864406951,0.37949252593484306
6010208,1.0073201494511594,6.597047864406951,0.37949252593484306
6020001,0.7653896694776732,6.597047864406951,0.37949252593484306
6020002,2.088397650868083,10.57442809903397,0.3517972762681903
6020003,0.9922154387306695,6.597047864406951,0.37949252593484306
6020004,1.0123616460338556,6.597047864406951,0.37949252593484306
6030001,0.7653896694776732,6.597047864406951,0.37949252593484306
6030002,0.7653896694776732,6.597047864406951,0.37949252593484306
6030003,1.0510569792941589,6.597047864406951,0.37949252593484306
6030004,0.7891983908343106,6.597047864406951,0.37949252593484306
6030005,0.7653896694776732,6.597047864406951,0.37949252593484306
6030006,1.4114228267509044,8.20322743967071,0.46024164316972976
6040001,0.7653896694776732,6.597047864406951,0.37949252593484306
6040002,1.0551582080713897,6.597047864406951,0.37949252593484306
6040003,0.8118539356371655,6.597047864406951,0.37949252593484306
6040004,1.098136198701514,6.597047864406951,0.37949252593484306
6040005,0.7653896694776732,6.597047864406951,0.37949252593484306
6040006,0.7653896694776732,6.597047864406951,0.37949252593484306
7010101,1.9228715973979562,6.842553633785157,0.6483860322405153
7010102,2.6918708626804433,6.842553633785157,0.6483860322405153
7010103,1.5249913422635393,6.842553633785157,0.6483860322405153
7010104,1.111372775809411,6.842553633785157,0.6483860322405153
7010105,2.4542497106891092,6.842553633785157,0.6483860322405153
7010106,1.6792960324658617,6.842553633785157,0.6483860322405153
7010107,2.3022097041144414,6.842553633785157,0.6483860322405153
7010108,2.383290329300179,6.842553633785157,0.6483860322405153
7010201,1.0636071297645033,6.842553633785157,0.6483860322405153
7010202,2.24628142220662,6.842553633785157,0.6483860322405153
7010203,1.0636071297645033,6.842553633785157,0.6483860322405153
7010204,1.5541148245140541,6.842553633785157,0.6483860322405153
7010205,2.1491946103868695,6.842553633785157,0.6483860322405153
7010206,1.0636071297645033,6.842553633785157,0.6483860322405153
7010207,2.0881006922146446,6.842553633785157,0.6483860322405153
7020001,2.509908447158376,6.68705429035868,0.6506317986181877
7020002,2.819312420058123,6.842553633785157,0.6483860322405153
7020003,3.0811120900194315,6.8204232440754655,0.6343308144017822
7020004,1.6602085928425254,6.8204232440754655,0.6343308144017822
7020005,2.584180287258112,6.842553633785157,0.6483860322405153
7020006,3.6696248603000443,6.7639902562937735,0.5984896951550241
7020007,1.0636071297645033,6.842553633785157,0.6483860322405153
7020008,2.3057606878790398,6.842553633785157,0.6483860322405153
7020009,1.364602243441748,6.842553633785157,0.6483860322405153
7020010,2.1363593960513603,6.842553633785157,0.6483860322405153
7020011,1.9016876660100863,6.842553633785157,0.6483860322405153
7020012,1.0636071297645033,6.842553633785157,0.6483860322405153
7030001,1.4618514988252134,6.842553633785157,0.6483860322405153
7030002,2.0571993374833553,6.842553633785157,0.6483860322405153
7030003,2.1043825876742783,6.842553633785157,0.6483860322405153
7030004,2.0868897809569216,6.842553633785157,0.6483860322405153
7030005,1.2656764513370038,6.842553633785157,0.6483860322405153
7040001,1.0636071297645033,6.842553633785157,0.6483860322405153
7040002,1.8717223059934616,6.842553633785157,0.6483860322405153
7040003,1.0636071297645033,6.842553633785157,0.6483860322405153
7040004,1.8252791998909919,6.842553633785157,0.6483860322405153
7040005,1.8893287067348155,6.842553633785157,0.6483860322405153
7040006,1.0636071297645033,6.842553633785157,0.6483860322405153
7040007,1.8807130827840115,6.842553633785157,0.6483860322405153
7040008,1.7981767342360775,6.842553633785157,0.6483860322405153
7050001,1.3321708421691079,6.842553633785157,0.6483860322405153
7050002,1.5707325529391158,6.842553633785157,0.6483860322405153
7050003,2.0361948740703144,6.842553633785157,0.6483860322405153
7050004,1.9781813279594065,6.842553633785157,0.6483860322405153
7050005,1.109786925239525,6.842553633785157,0.6483860322405153
7050006,1.8884141986644132,6.842553633785157,0.6483860322405153
7050007,1.8712921985557374,6.842553633785157,0.6483860322405153
7060001,1.0636071297645033,6.842553633785157,0.6483860322405153
7060002,1.78220843479976,6.842553633785157,0.6483860322405153
7060003,1.0636071297645033,6.842553633785157,0.6483860322405153
7060004,1.7609378181322386,6.842553633785157,0.6483860322405153
7060005,0.8004220189032244,5.1401591411228384,0.5342841532541222
7060006,1.7362350880035942,6.842553633785157,0.6483860322405153
7070001,2.0252363515938976,6.842553633785157,0.6483860322405153
7070002,1.4743504815531028,6.842553633785157,0.6483860322405153
7070003,1.3009667628694408,6.842553633785157,0.6483860322405153
7070004,1.8825541840692837,6.842553633785157,0.6483860322405153
7070005,1.0908243109570581,6.842553633785157,0.6483860322405153
7070006,1.926913723966871,6.842553633785157,0.6483860322405153
7080101,1.0636071297645033,6.842553633785157,0.6483860322405153
7080102,1.7192742176982976,6.842553633785157,0.6483860322405153
7080103,1.2107346811066926,6.842553633785157,0.6483860322405153
7080104,1.0636071297645033,6.842553633785157,0.6483860322405153
7080105,1.7977219894375307,6.842553633785157,0.6483860322405153
7080106,1.7789965271281096,6.842553633785157,0.6483860322405153
7080107,1.1976631406503555,6.704359198557442,0.6529558037084967
7080201,1.7757700364144335,6.842553633785157,0.6483860322405153
7080202,1.4241159581954972,6.842553633785157,0.6483860322405153
7080203,1.7645780822637755,6.842553633785157,0.6483860322405153
7080204,1.1749756131881777,6.842553633785157,0.6483860322405153
7080205,1.198275740791085,6.842553633785157,0.6483860322405153
7080206,1.0636071297645033,6.842553633785157,0.6483860322405153
7080207,1.8101955492443786,6.842553633785157,0.6483860322405153
7080208,1.362454589459628,6.842553633785157,0.6483860322405153
7080209,1.0636071297645033,6.842553633785157,0.6483860322405153
7090001,1.817402142461115,6.842553633785157,0.6483860322405153
7090002,1.312814199105057,6.842553633785157,0.6483860322405153
7090003,1.478779197394101,6.842553633785157,0.6483860322405153
7090004,1.7082536553518612,6.842553633785157,0.6483860322405153
7090005,0.5756233925349246,3.6860649401436643,0.43682443914551305
7090006,1.4009031250098123,5.1401591411228384,0.5342841532541222
7090007,1.468622953147024,5.1401591411228384,0.5342841532541222
7100001,2.211270126480512,6.842553633785157,0.6483860322405153
7100002,1.8117189181647613,6.8204232440754655,0.6343308144017822
7100003,1.9727917764159335,6.842553633785157,0.6483860322405153
7100004,1.1840304928199912,6.842553633785157,0.6483860322405153
7100005,2.2296024834331263,6.8204232440754655,0.6343308144017822
7100006,1.5943076869200739,6.842553633785157,0.6483860322405153
7100007,2.2581556746199016,6.8204232440754655,0.6343308144017822
7100008,1.090398051190359,6.842553633785157,0.6483860322405153
7100009,1.04471006101476,6.704359198557442,0.6529558037084967
7110001,1.04471006101476,6.704359198557442,0.6529558037084967
7110002,1.668341223565054,6.704359198557442,0.6529558037084967
7110003,1.1883325181551194,6.704359198557442,0.6529558037084967
7110004,1.04471006101476,6.704359198557442,0.6529558037084967
7110005,1.6312465002049588,6.704359198557442,0.6529558037084967
7110006,1.1401282585025778,2.9889432716355664,0.7758160452699879
7110007,1.0794907645891616,6.704359198557442,0.6529558037084967
7110008,1.6494136982644547,6.704359198557442,0.6529558037084967
7110009,1.0636071297645033,6.842553633785157,0.6483860322405153
7120001,1.3235394306075623,6.842553633785157,0.6483860322405153
7120002,1.6544053107724905,6.842553633785157,0.6483860322405153
7120003,1.0940204334159096,3.6860649401436643,0.43682443914551305
7120004,0.7980626712034457,3.6860649401436643,0.43682443914551305
7120005,0.5756233925349246,3.6860649401436643,0.43682443914551305
7120006,1.636259126806667,6.842553633785157,0.6483860322405153
7120007,0.7060764398649225,3.6860649401436643,0.43682443914551305
7130001,1.0636071297645033,6.842553633785157,0.6483860322405153
7130002,1.49816686458265,5.1401591411228384,0.5342841532541222
7130003,1.0636071297645033,6.842553633785157,0.6483860322405153
7130004,1.7134217326723558,6.842553633785157,0.6483860322405153
7130005,1.7294812516487241,6.842553633785157,0.6483860322405153
7130006,1.6772343288152054,6.842553633785157,0.6483860322405153
7130007,1.7233099686083893,6.842553633785157,0.6483860322405153
7130008,1.0636071297645033,6.842553633785157,0.6483860322405153
7130009,1.7023218184001658,6.842553633785157,0.6483860322405153
7130010,1.692799249262014,6.842553633785157,0.6483860322405153
7130011,1.0636071297645033,6.842553633785157,0.6483860322405153
7130012,1.6981379229073899,6.842553633785157,0.6483860322405153
7140101,1.0636071297645033,6.842553633785157,0.6483860322405153
7140102,0.834035997315629,2.9889432716355664,0.7758160452699879
7140103,1.656036710875157,6.704359198557442,0.6529558037084967
7140104,1.7781961369667216,6.842553633785157,0.6483860322405153
7140105,1.0636071297645033,6.842553633785157,0.6483860322405153
7140106,1.5702681028713623,6.842553633785157,0.6483860322405153
7140107,1.5413219319958915,6.704359198557442,0.6529558037084967
7140108,1.5100253162220445,6.842553633785157,0.6483860322405153
7140201,1.651850004545287,6.842553633785157,0.6483860322405153
7140202,1.2765199993282843,6.842553633785157,0.6483860322405153
7140203,1.6536622613196386,6.842553633785157,0.6483860322405153
7140204,1.0943094988666893,6.842553633785157,0.6483860322405153
8010100,0.7653896694776732,6.597047864406951,0.37949252593484306
8010201,1.1196703713504874,6.597047864406951,0.37949252593484306
8010202,0.7653896694776732,6.597047864406951,0.37949252593484306
8010203,1.0873213744401427,6.597047864406951,0.37949252593484306
8010204,1.089303980138775,6.597047864406951,0.37949252593484306
8010205,1.0958003197321708,6.597047864406951,0.37949252593484306
8010206,0.7653896694776732,6.597047864406951,0.37949252593484306
8010207,1.0545951533029863,6.597047864406951,0.37949252593484306
8010208,0.8652608779251107,6.597047864406951,0.37949252593484306
8010209,1.0826661602929892,6.597047864406951,0.37949252593484306
8010210,1.0290198458652318,6.597047864406951,0.37949252593484306
8010211,0.909752786301856,6.597047864406951,0.37949252593484306
8020100,1.0636071297645033,6.842553633785157,0.6483860322405153
8020201,1.3908426705877508,6.704359198557442,0.6529558037084967
8020202,1.112967505694518,2.9889432716355664,0.7758160452699879
8020203,1.1287916660959127,6.842553633785157,0.6483860322405153
8020204,1.411128124868637,6.704359198557442,0.6529558037084967
8020205,1.4619030509046433,6.842553633785157,0.6483860322405153
8020301,1.0636071297645033,6.842553633785157,0.6483860322405153
8020302,1.4684036056503604,6.842553633785157,0.6483860322405153
8020303,1.0636071297645033,6.842553633785157,0.6483860322405153
8020304,1.4117639989169815,6.842553633785157,0.6483860322405153
8020401,1.0636071297645033,6.842553633785157,0.6483860322405153
8020402,1.5848901644798696,6.842553633785157,0.6483860322405153
8030100,1.0636071297645033,6.842553633785157,0.6483860322405153
8030201,1.066968593711485,6.597047864406951,0.37949252593484306
8030202,1.0051294927215293,6.794412263189868,0.5956585465666991
8030203,1.0859766995261875,6.597047864406951,0.37949252593484306
8030204,1.339725486951588,6.794412263189868,0.5956585465666991
8030205,1.3288617179213642,6.794412263189868,0.5956585465666991
8030206,1.0636071297645033,6.842553633785157,0.6483860322405153
8030207,1.3670962658662358,6.842553633785157,0.6483860322405153
8030208,1.0636071297645033,6.842553633785157,0.6483860322405153
8030209,1.3689226771563903,6.842553633785157,0.6483860322405153
8040101,1.3653443490001906,6.842553633785157,0.6483860322405153
8040102,1.0636071297645033,6.842553633785157,0.6483860322405153
8040103,1.445836252206149,6.842553633785157,0.6483860322405153
8040201,1.0636071297645033,6.842553633785157,0.6483860322405153
8040202,1.0636071297645033,6.842553633785157,0.6483860322405153
8040203,1.4595927800041355,6.842553633785157,0.6483860322405153
8040204,1.1605219062370882,6.842553633785157,0.6483860322405153
8040205,1.4628885861720748,6.842553633785157,0.6483860322405153
8040206,1.4979487866687087,6.842553633785157,0.6483860322405153
8040207,1.0636071297645033,6.842553633785157,0.6483860322405153
8040301,1.0636071297645033,6.842553633785157,0.6483860322405153
8040302,1.4670902669828378,6.842553633785157,0.6483860322405153
8040303,1.4484401754231724,6.842553633785157,0.6483860322405153
8040304,1.082575642850936,6.842553633785157,0.6483860322405153
8040305,1.0636071297645033,6.842553633785157,0.6483860322405153
8040306,1.3449479911675228,6.842553633785157,0.6483860322405153
8050001,1.4277450523944457,6.842553633785157,0.6483860322405153
8050002,1.4509769111439041,6.842553633785157,0.6483860322405153
8050003,1.1795786812147318,6.842553633785157,0.6483860322405153
8060100,1.0636071297645033,6.842553633785157,0.6483860322405153
8060201,1.4167736348581286,6.842553633785157,0.6483860322405153
8060202,1.1922381373931763,6.842553633785157,0.6483860322405153
8060203,1.4712941544055453,6.842553633785157,0.6483860322405153
8060204,1.4853920105691651,6.842553633785157,0.6483860322405153
8060205,1.4498157312044482,6.842553633785157,0.6483860322405153
8060206,1.4040742866900209,6.842553633785157,0.6483860322405153
8070100,1.0636071297645033,6.842553633785157,0.6483860322405153
8070201,1.3984731639269123,6.842553633785157,0.6483860322405153
8070202,1.3539877716593662,6.842553633785157,0.6483860322405153
8070203,1.3472869549887863,6.842553633785157,0.6483860322405153
8070204,1.0636071297645033,6.842553633785157,0.6483860322405153
8070205,1.3517584605925774,6.842553633785157,0.6483860322405153
8070300,1.3712563989985966,6.842553633785157,0.6483860322405153
8080100,1.0636071297645033,6.842553633785157,0.6483860322405153
8080102,1.3518365373411234,6.842553633785157,0.6483860322405153
8080103,1.3496924169389573,6.842553633785157,0.6483860322405153
8080201,1.3521744307866834,6.842553633785157,0.6483860322405153
8080202,1.1940283508977343,6.842553633785157,0.6483860322405153
8080203,1.2339956042296945,6.842553633785157,0.6483860322405153
8080204,1.449550342952749,6.842553633785157,0.6483860322405153
8080205,1.4877091824144606,6.842553633785157,0.6483860322405153
8080206,1.0636071297645033,6.842553633785157,0.6483860322405153
8090100,1.0636071297645033,6.842553633785157,0.6483860322405153
8090201,1.3756732632511914,6.842553633785157,0.6483860322405153
8090202,1.0636071297645033,6.842553633785157,0.6483860322405153
8090203,1.4137975162960836,6.842553633785157,0.6483860322405153
8090301,1.3939486099225158,6.842553633785157,0.6483860322405153
8090302,1.2562031365184423,6.842553633785157,0.6483860322405153
9010001,5.993862852206346,6.8204232440754655,0.6343308144017822
9010002,6.967220803143436,6.8204232440754655,0.6343308144017822
9010003,3.0578792936125168,6.8204232440754655,0.6343308144017822
9010004,6.785990399110725,6.8204232440754655,0.6343308144017822
9010005,8.860526784432237,6.8204232440754655,0.6343308144017822
9020101,2.470167235497472,6.8204232440754655,0.6343308144017822
9020102,3.3227657179829015,6.8204232440754655,0.6343308144017822
9020103,2.644030608073994,6.842553633785157,0.6483860322405153
9020104,1.0636071297645033,6.842553633785157,0.6483860322405153
9020105,4.191215429500441,6.8204232440754655,0.6343308144017822
9020106,3.244419656414791,6.8204232440754655,0.6343308144017822
9020107,1.0636071297645033,6.842553633785157,0.6483860322405153
9020108,2.8472784854639515,6.842553633785157,0.6483860322405153
9020109,4.076616877222214,6.842553633785157,0.6483860322405153
9020201,6.052024847581463,6.842553633785157,0.6483860322405153
9020202,9.16202672674092,6.8204232440754655,0.6343308144017822
9020203,3.6285861825813956,6.842553633785157,0.6483860322405153
9020204,2.239018151691797,6.8204232440754655,0.6343308144017822
9020205,4.137017984963495,6.842553633785157,0.6483860322405153
9020301,1.0636071297645033,6.842553633785157,0.6483860322405153
9020302,2.9901646344958666,6.842553633785157,0.6483860322405153
9020303,1.3700237222160419,6.842553633785157,0.6483860322405153
9020304,2.8889555382588874,6.842553633785157,0.6483860322405153
9020305,2.793628931502838,6.842553633785157,0.6483860322405153
9020306,1.0636071297645033,6.842553633785157,0.6483860322405153
9020307,3.9616904091768976,6.842553633785157,0.6483860322405153
9020308,4.425020282636036,6.842553633785157,0.6483860322405153
9020309,3.5555632839070164,6.842553633785157,0.6483860322405153
9020310,4.635726606450615,6.842553633785157,0.6483860322405153
9020311,1.0636071297645033,6.842553633785157,0.6483860322405153
9020312,3.4752109005062395,6.842553633785157,0.6483860322405153
9020313,4.976684323192076,6.842553633785157,0.6483860322405153
9020314,3.086575280479231,6.842553633785157,0.6483860322405153
9030001,2.176565779328824,6.842553633785157,0.6483860322405153
9030002,2.3029285579879923,6.842553633785157,0.6483860322405153
9030003,1.1665998706910379,6.842553633785157,0.6483860322405153
9030004,1.0636071297645033,6.842553633785157,0.6483860322405153
9030005,2.456197410352313,6.842553633785157,0.6483860322405153
9030006,2.583197955151637,6.842553633785157,0.6483860322405153
9030007,2.8130235173350346,6.842553633785157,0.6483860322405153
9030008,1.0636071297645033,6.842553633785157,0.6483860322405153
9030009,1.0636071297645033,6.842553633785157,0.6483860322405153
10010001,4.328863263993434,34.896061980814984,0.8082771730854246
10010002,4.485106833053133,34.896061980814984,0.8082771730854246
10020001,6.643286269796129,34.896061980814984,0.8082771730854246
10020002,5.421584456124714,34.896061980814984,0.8082771730854246
10020003,6.36938761195004,34.896061980814984,0.8082771730854246
10020004,5.545466451215086,34.896061980814984,0.8082771730854246
10020005,4.454448269137755,34.896061980814984,0.8082771730854246
10020006,6.926382442527022,34.896061980814984,0.8082771730854246
10020007,4.967129734725761,34.896061980814984,0.8082771730854246
10020008,2.6980419969022384,11.843497852925397,0.18833062260976582
10030101,4.477330910228234,34.896061980814984,0.8082771730854246
10030102,6.83359827439948,37.31106798046102,0.6574235477583147
10030103,7.396828361713159,34.896061980814984,0.8082771730854246
10030104,9.431435632521849,37.31106798046102,0.6574235477583147
10030105,8.61614983320377,37.31106798046102,0.6574235477583147
10030201,5.352121719748563,34.017906200487516,0.7868282533330294
10030202,8.193153369193162,34.017906200487516,0.7868282533330294
10030203,6.891379662432439,34.896061980814984,0.8082771730854246
10030204,31.708941697975828,34.896061980814984,0.8082771730854246
10030205,31.436654578967957,37.31106798046102,0.6574235477583147
10040101,4.243297795429872,34.896061980814984,0.8082771730854246
10040102,12.376511232655321,37.31106798046102,0.6574235477583147
10040103,9.831286178317725,37.31106798046102,0.6574235477583147
10040104,4.438179646478203,34.896061980814984,0.8082771730854246
10040105,34.11590468762438,47.22442902997594,0.03818431865698475
10040106,57.169268402479155,47.22442902997594,0.03818431865698475
10040201,13.434181344415684,37.31106798046102,0.6574235477583147
10040202,9.470603503693102,37.31106798046102,0.6574235477583147
10040203,9.113230746555395,37.31106798046102,0.6574235477583147
10040204,13.889691555657514,37.31106798046102,0.6574235477583147
10040205,18.505555066790695,47.22442902997594,0.03818431865698475
10050001,4.311173278147135,34.017906200487516,0.7868282533330294
10050002,4.767617003362186,34.896061980814984,0.8082771730854246
10050003,45.99837923473597,34.896061980814984,0.8082771730854246
10050004,6.31566979519057,34.896061980814984,0.8082771730854246
10050005,21.22100915069524,34.896061980814984,0.8082771730854246
10050006,46.751615257626824,34.896061980814984,0.8082771730854246
10050007,184.0632977954299,34.896061980814984,0.8082771730854246
10050008,40.60951329803165,34.896061980814984,0.8082771730854246
10050009,17.8639589997941,34.896061980814984,0.8082771730854246
10050010,44.09800541435916,34.896061980814984,0.8082771730854246
10050011,22.501584009213513,34.896061980814984,0.8082771730854246
10050012,3.1320269122154922,8.56701792475694,0.6119352967057954
10050013,21.047880476483787,34.896061980814984,0.8082771730854246
10050014,41.865262672016414,34.896061980814984,0.8082771730854246
10050015,17.412877772831738,8.56701792475694,0.6119352967057954
10050016,33.926072123990025,8.56701792475694,0.6119352967057954
10060001,1.4708158061600118,7.351757752224085,0.6376227681059189
10060002,50.18466960302837,7.105020886580523,0.6444199468162011
10060003,32.898960147979786,6.7639902562937735,0.5984896951550241
10060004,107.26056268052852,6.7639902562937735,0.5984896951550241
10060005,1.1676329631861815,7.105020886580523,0.6444199468162011
10060006,29.996119371252384,6.7639902562937735,0.5984896951550241
10060007,22.52929757759544,6.8204232440754655,0.6343308144017822
10070001,47.76019509803977,8.66522667142474,0.8946501793867511
10070002,2.0421223891253786,11.843497852925397,0.18833062260976582
10070003,3.361187007415207,11.843497852925397,0.18833062260976582
10070004,6.7645212000049915,37.31106798046102,0.6574235477583147
10070005,5.098914441246942,34.896061980814984,0.8082771730854246
10070006,4.745566498651369,9.820087376849234,0.39325561208285376
10070007,17.131807589271318,47.22442902997594,0.03818431865698475
10070008,25.201320484764594,47.22442902997594,0.03818431865698475
10080001,56.3760950149814,3.97885570231143,0.9100814816869359
10080002,57.191187055056346,3.97885570231143,0.9100814816869359
10080003,57.2920836432175,3.97885570231143,0.9100814816869359
10080004,156.25531734525737,3.97885570231143,0.9100814816869359
10080005,56.285137502431745,3.97885570231143,0.9100814816869359
10080006,94.99262989382142,3.97885570231143,0.9100814816869359
10080007,57.32858753847433,3.97885570231143,0.9100814816869359
10080008,59.66242141308152,3.97885570231143,0.9100814816869359
10080009,47.810529709015356,8.66522667142474,0.8946501793867511
10080010,55.347987140602974,3.97885570231143,0.9100814816869359
10080011,227.07411394809898,8.66522667142474,0.8946501793867511
10080012,47.59256494239006,8.66522667142474,0.8946501793867511
10080013,48.23480690416353,8.66522667142474,0.8946501793867511
10080014,48.342926668217295,8.66522667142474,0.8946501793867511
10080015,2.976843373166682,9.820087376849234,0.39325561208285376
10080016,6.704293963241968,9.820087376849234,0.39325561208285376
10090101,7.154207025220268,6.89599520743239,0.34486023300654683
10090102,8.946197827574576,12.919709853089492,0.9440971104525634
10090201,58.116759434157,3.97885570231143,0.9100814816869359
10090202,59.094755061845355,3.97885570231143,0.9100814816869359
10090203,80.26921742269064,3.97885570231143,0.9100814816869359
10090204,68.045778125801,3.97885570231143,0.9100814816869359
10090205,67.97137373736028,3.97885570231143,0.9100814816869359
10090206,60.62613332626217,3.97885570231143,0.9100814816869359
10090207,5.940265822250867,12.919709853089492,0.9440971104525634
10090208,18.75420370284339,3.8262122462735015,1.0002974419829178
10090209,5.7910868745879975,34.896061980814984,0.8082771730854246
10090210,24.371898980524865,34.896061980814984,0.8082771730854246
10100001,6.965272922724148,37.31106798046102,0.6574235477583147
10100002,22.688646736707994,37.31106798046102,0.6574235477583147
10100003,13.635503695210064,34.896061980814984,0.8082771730854246
10100004,1.4654392781784307,7.82722660318832,0.6486781041525121
10100005,21.712982711761224,37.31106798046102,0.6574235477583147
10110101,1.4592151845180679,6.8204232440754655,0.6343308144017822
10110102,17.038533912813243,7.009405848473602,0.6315424444078354
10110201,14.044046595210837,15.202846404628565,0.8838044551828808
10110202,17.60324412928641,15.202846404628565,0.8838044551828808
10110203,5.225571355081581,6.8204232440754655,0.6343308144017822
10110204,24.620013064325867,6.8204232440754655,0.6343308144017822
10110205,3.7900505295328997,6.8204232440754655,0.6343308144017822
10120101,74.77428589914594,3.97885570231143,0.9100814816869359
10120102,74.58372539321934,3.97885570231143,0.9100814816869359
10120103,15.169219904470625,3.8262122462735015,1.0002974419829178
10120104,11.848561587005062,3.8262122462735015,1.0002974419829178
10120105,69.62464121364926,3.97885570231143,0.9100814816869359
10120106,4.391862148353768,6.346833285355868,0.6555453685225819
10120107,12.217294091801776,3.8262122462735015,1.0002974419829178
10120108,12.615006438404773,6.346833285355868,0.6555453685225819
10120109,4.642458829583535,6.346833285355868,0.6555453685225819
10120110,6.440060131098284,6.346833285355868,0.6555453685225819
10120111,3.18516232266186,6.346833285355868,0.6555453685225819
10120112,2.701371222239465,6.7639902562937735,0.5984896951550241
10120113,11.03216022812703,6.346833285355868,0.6555453685225819
10120201,14.052242965939172,3.8262122462735015,1.0002974419829178
10120202,5.75177767164984,6.346833285355868,0.6555453685225819
10120203,7.466092270047593,3.8262122462735015,1.0002974419829178
10130101,1.417334137431181,6.8204232440754655,0.6343308144017822
10130102,1.417334137431181,6.8204232440754655,0.6343308144017822
10130103,7.865076456116401,6.8204232440754655,0.6343308144017822
10130104,7.091651760084403,6.8204232440754655,0.6343308144017822
10130105,2.319345903313826,6.7639902562937735,0.5984896951550241
10130106,7.710881654919759,6.8204232440754655,0.6343308144017822
10130201,10.6867668989969,6.8204232440754655,0.6343308144017822
10130202,8.618398319068755,6.8204232440754655,0.6343308144017822
10130203,4.812070725954199,6.8204232440754655,0.6343308144017822
10130204,10.288572314784089,6.8204232440754655,0.6343308144017822
10130205,10.972413974352285,6.8204232440754655,0.6343308144017822
10130206,3.1595534560135734,6.8204232440754655,0.6343308144017822
10130301,12.969350771877282,6.8204232440754655,0.6343308144017822
10130302,8.83472859246477,7.009405848473602,0.6315424444078354
10130303,6.28474589167895,6.8204232440754655,0.6343308144017822
10130304,13.768341768408705,6.346833285355868,0.6555453685225819
10130305,8.752951519559925,6.8204232440754655,0.6343308144017822
10130306,7.382745632651034,6.7639902562937735,0.5984896951550241
10140101,2.7131940461012776,6.346833285355868,0.6555453685225819
10140102,7.955827247973411,6.7639902562937735,0.5984896951550241
10140103,9.810868083334267,6.346833285355868,0.6555453685225819
10140104,6.056259354335336,6.7639902562937735,0.5984896951550241
10140105,8.913543817349497,3.8262122462735015,1.0002974419829178
10140201,16.282994193101004,3.8262122462735015,1.0002974419829178
10140202,8.933359122139594,3.8262122462735015,1.0002974419829178
10140203,11.53761020507452,3.8262122462735015,1.0002974419829178
10140204,3.674406882631731,6.7639902562937735,0.5984896951550241
10150001,4.754315268707674,6.7639902562937735,0.5984896951550241
10150002,29.012300806560628,6.346833285355868,0.6555453685225819
10150003,16.19291103703463,3.8262122462735015,1.0002974419829178
10150004,5.124576647736078,6.346833285355868,0.6555453685225819
10150005,9.228476844323703,3.8262122462735015,1.0002974419829178
10150006,6.030599933077098,6.7639902562937735,0.5984896951550241
10150007,2.735024633711739,6.7639902562937735,0.5984896951550241
10160001,6.741668212122921,6.8204232440754655,0.6343308144017822
10160002,7.443459536889056,6.8204232440754655,0.6343308144017822
10160003,3.5500630194773537,6.8204232440754655,0.6343308144017822
10160004,3.997104466473163,6.8204232440754655,0.6343308144017822
10160005,5.070307505193011,6.68705429035868,0.6506317986181877
10160006,3.416776491965105,6.346833285355868,0.6555453685225819
10160007,6.084131628379602,6.8204232440754655,0.6343308144017822
10160008,4.0885089319697325,6.8204232440754655,0.6343308144017822
10160009,6.532757166826504,6.346833285355868,0.6555453685225819
10160010,2.0712113348596546,6.68705429035868,0.6506317986181877
10170101,2.319345903313826,6.7639902562937735,0.5984896951550241
10170102,3.349922759431848,6.8204232440754655,0.6343308144017822
10170103,3.90995936678668,6.68705429035868,0.6506317986181877
10170201,3.9586793695576286,6.8204232440754655,0.6343308144017822
10170202,2.7615922331130114,6.68705429035868,0.6506317986181877
10170203,1.9752937163309479,6.8204232440754655,0.6343308144017822
10170204,3.626141891970756,6.7639902562937735,0.5984896951550241
10180001,6.110644513831163,3.8262122462735015,1.0002974419829178
10180002,55.877124983128304,3.97885570231143,0.9100814816869359
10180003,55.06396615647728,3.97885570231143,0.9100814816869359
10180004,57.53672521376978,3.97885570231143,0.9100814816869359
10180005,58.44738181094993,3.97885570231143,0.9100814816869359
10180006,72.1463001157789,3.97885570231143,0.9100814816869359
10180007,55.76353316528603,3.97885570231143,0.9100814816869359
10180008,55.37589507573897,3.97885570231143,0.9100814816869359
10180009,4.386043424688861,6.346833285355868,0.6555453685225819
10180010,58.75257239500549,3.97885570231143,0.9100814816869359
10180011,58.500851955074324,3.97885570231143,0.9100814816869359
10180012,39.45407058512663,3.8262122462735015,1.0002974419829178
10180013,184.912974282499,3.8262122462735015,1.0002974419829178
10180014,5.639147593810101,3.8262122462735015,1.0002974419829178
10190001,27.49362815086644,3.0514832367384073,0.5473874886586908
10190002,14.174759602720743,3.518585287168569,0.8204573818138815
10190003,6.924838067343415,3.8262122462735015,1.0002974419829178
10190004,14.330804157099456,3.518585287168569,0.8204573818138815
10190005,19.442392825838184,3.518585287168569,0.8204573818138815
10190006,19.694332354671012,3.518585287168569,0.8204573818138815
10190007,17.470225537101236,3.8262122462735015,1.0002974419829178
10190008,184.912974282499,3.8262122462735015,1.0002974419829178
10190009,177.98863477059052,3.8262122462735015,1.0002974419829178
10190010,53.15436922271156,3.518585287168569,0.8204573818138815
10190011,96.10515795190766,3.518585287168569,0.8204573818138815
10190012,7.899353600394612,3.8262122462735015,1.0002974419829178
10190013,184.912974282499,3.8262122462735015,1.0002974419829178
10190014,70.64017475475963,3.8262122462735015,1.0002974419829178
10190015,23.313559212160996,3.8262122462735015,1.0002974419829178
10190016,9.98395171353988,6.346833285355868,0.6555453685225819
10190017,24.720338912887446,3.8262122462735015,1.0002974419829178
10190018,6.1548867850795235,3.8262122462735015,1.0002974419829178
10200101,2.862272926692897,6.7639902562937735,0.5984896951550241
10200102,6.282970540302777,6.7639902562937735,0.5984896951550241
10200103,2.319345903313826,6.7639902562937735,0.5984896951550241
10200201,2.319345903313826,6.7639902562937735,0.5984896951550241
10200202,2.319345903313826,6.7639902562937735,0.5984896951550241
10200203,3.612875255227672,6.7639902562937735,0.5984896951550241
10210001,7.290742812299843,6.346833285355868,0.6555453685225819
10210002,6.890341507408176,6.346833285355868,0.6555453685225819
10210003,2.9891285261457625,6.7639902562937735,0.5984896951550241
10210004,4.415478178053901,6.7639902562937735,0.5984896951550241
10210005,5.029663289243579,6.7639902562937735,0.5984896951550241
10210006,5.8326770536090295,6.346833285355868,0.6555453685225819
10210007,2.8967990165088366,6.7639902562937735,0.5984896951550241
10210008,4.803107636222101,6.7639902562937735,0.5984896951550241
10210009,2.471309601222304,6.7639902562937735,0.5984896951550241
10210010,4.360978711575106,6.7639902562937735,0.5984896951550241
10220001,4.484111453322323,6.7639902562937735,0.5984896951550241
10220002,4.109451963161145,6.7639902562937735,0.5984896951550241
10220003,2.737276597503188,6.7639902562937735,0.5984896951550241
10220004,3.7198221187814275,6.7639902562937735,0.5984896951550241
10230001,1.417334137431181,6.8204232440754655,0.6343308144017822
10230002,2.73035976982514,6.8204232440754655,0.6343308144017822
10230003,2.2857605597458317,6.8204232440754655,0.6343308144017822
10230004,2.7912080066644798,6.8204232440754655,0.6343308144017822
10230005,2.4830506168406847,6.8204232440754655,0.6343308144017822
10230006,1.417334137431181,6.8204232440754655,0.6343308144017822
10230007,2.41712964794871,6.8204232440754655,0.6343308144017822
10240001,2.319345903313826,6.7639902562937735,0.5984896951550241
10240002,2.315160406332196,6.8204232440754655,0.6343308144017822
10240003,2.2546235754007427,6.8204232440754655,0.6343308144017822
10240004,1.0636071297645033,6.842553633785157,0.6483860322405153
10240005,2.1649095398227485,6.436954134090684,0.6138516554542485
10240006,3.319008543637723,6.7639902562937735,0.5984896951550241
10240007,3.208993956584166,6.7639902562937735,0.5984896951550241
10240008,2.841695324802501,6.7639902562937735,0.5984896951550241
10240009,1.8662026141318757,6.842553633785157,0.6483860322405153
10240010,2.530422968579207,6.436954134090684,0.6138516554542485
10240011,2.1649095398227485,6.436954134090684,0.6138516554542485
10240012,2.6002061996800228,6.436954134090684,0.6138516554542485
10240013,2.904159837616019,6.436954134090684,0.6138516554542485
10250001,53.44167031599256,3.8262122462735015,1.0002974419829178
10250002,50.59462373676423,3.8262122462735015,1.0002974419829178
10250003,39.464445283727976,3.8262122462735015,1.0002974419829178
10250004,5.709068618194866,6.7639902562937735,0.5984896951550241
10250005,15.343147305585578,6.346833285355868,0.6555453685225819
10250006,23.22741252219236,6.346833285355868,0.6555453685225819
10250007,11.346597019272492,6.346833285355868,0.6555453685225819
10250008,7.946912035987667,6.7639902562937735,0.5984896951550241
10250009,2.992316949402938,6.7639902562937735,0.5984896951550241
10250010,13.599207905777755,6.7639902562937735,0.5984896951550241
10250011,3.73986059243862,6.7639902562937735,0.5984896951550241
10250012,24.90126888848924,6.7639902562937735,0.5984896951550241
10250013,16.957972771157422,6.7639902562937735,0.5984896951550241
10250014,5.96582380551857,6.7639902562937735,0.5984896951550241
10250015,7.974121984764525,6.7639902562937735,0.5984896951550241
10250016,3.1404004024563803,6.7639902562937735,0.5984896951550241
10250017,2.751505978006161,6.7639902562937735,0.5984896951550241
10260001,22.121495281161785,6.7639902562937735,0.5984896951550241
10260002,35.908151749884105,6.7639902562937735,0.5984896951550241
10260003,8.017081131404277,6.7639902562937735,0.5984896951550241
10260004,35.54351312759883,6.7639902562937735,0.5984896951550241
10260005,15.205664731974995,6.7639902562937735,0.5984896951550241
10260006,3.010089012654717,6.8204232440754655,0.6343308144017822
10260007,7.035007026114713,6.7639902562937735,0.5984896951550241
10260008,2.5348440795471,6.7639902562937735,0.5984896951550241
10260009,7.394050208762502,6.7639902562937735,0.5984896951550241
10260010,3.5554077200294967,6.7639902562937735,0.5984896951550241
10260011,9.3249356129053,6.7639902562937735,0.5984896951550241
10260012,4.417924631350855,6.7639902562937735,0.5984896951550241
10260013,9.933559111475986,6.7639902562937735,0.5984896951550241
10260014,4.420189551185208,6.7639902562937735,0.5984896951550241
10260015,3.1713841035449253,6.7639902562937735,0.5984896951550241
10270101,2.319345903313826,6.7639902562937735,0.5984896951550241
10270102,2.319345903313826,6.7639902562937735,0.5984896951550241
10270103,3.0819160072796965,6.7639902562937735,0.5984896951550241
10270104,2.319345903313826,6.7639902562937735,0.5984896951550241
10270201,4.010497568783955,6.7639902562937735,0.5984896951550241
10270202,2.6361892431185474,6.7639902562937735,0.5984896951550241
10270203,4.50782567705314,6.346833285355868,0.6555453685225819
10270204,4.274071954377165,6.346833285355868,0.6555453685225819
10270205,2.431607883255633,6.7639902562937735,0.5984896951550241
10270206,4.463050195051293,6.7639902562937735,0.5984896951550241
10270207,2.8534851844988576,6.7639902562937735,0.5984896951550241
10280101,2.4964160307742946,6.436954134090684,0.6138516554542485
10280102,2.8379331785841106,6.436954134090684,0.6138516554542485
10280103,1.1144842399163264,6.704359198557442,0.6529558037084967
10280201,1.6809072769947664,6.704359198557442,0.6529558037084967
10280202,1.5609838203198967,6.720719468279332,0.6380125801524623
10280203,1.6614630503403112,6.704359198557442,0.6529558037084967
10290101,3.036857960532724,6.7639902562937735,0.5984896951550241
10290102,2.4916180093673357,6.7639902562937735,0.5984896951550241
10290103,2.3760684921806403,6.7639902562937735,0.5984896951550241
10290104,2.8316659472210293,6.7639902562937735,0.5984896951550241
10290105,2.1649095398227485,6.436954134090684,0.6138516554542485
10290106,2.7411640535950745,6.436954134090684,0.6138516554542485
10290107,1.1202530164521685,2.9889432716355664,0.7758160452699879
10290108,2.728082114415644,6.436954134090684,0.6138516554542485
10290109,0.5366543633360644,2.9889432716355664,0.7758160452699879
10290110,1.1405950535727738,2.9889432716355664,0.7758160452699879
10290111,1.04471006101476,6.704359198557442,0.6529558037084967
10290201,1.136037527183273,2.9889432716355664,0.7758160452699879
10290202,1.1256064644542572,2.9889432716355664,0.7758160452699879
10290203,1.0938218294453381,6.704359198557442,0.6529558037084967
10300101,2.1649095398227485,6.436954134090684,0.6138516554542485
10300102,1.04471006101476,6.704359198557442,0.6529558037084967
10300103,2.306416579592355,6.436954134090684,0.6138516554542485
10300104,2.7510550264151967,6.436954134090684,0.6138516554542485
10300200,1.04471006101476,6.704359198557442,0.6529558037084967
11010001,2.5903619320391567,6.7639902562937735,0.5984896951550241
11010002,1.0651859509832315,2.9889432716355664,0.7758160452699879
11010003,0.6424942803577909,2.9889432716355664,0.7758160452699879
11010004,1.0636071297645033,6.842553633785157,0.6483860322405153
11010005,1.5745946053580733,6.842553633785157,0.6483860322405153
11010006,1.1313139848794904,2.9889432716355664,0.7758160452699879
11010007,1.0771355997010597,2.9889432716355664,0.7758160452699879
11010008,1.1147555988576383,2.9889432716355664,0.7758160452699879
11010009,1.0636071297645033,6.842553633785157,0.6483860322405153
11010010,1.2206651815064684,6.842553633785157,0.6483860322405153
11010011,1.04899459927927,2.9889432716355664,0.7758160452699879
11010012,1.5344194975810377,6.842553633785157,0.6483860322405153
11010013,1.0636071297645033,6.842553633785157,0.6483860322405153
11010014,1.4506548529845098,6.842553633785157,0.6483860322405153
11020001,7.903305165800131,3.8262122462735015,1.0002974419829178
11020002,6.721939533735677,3.8262122462735015,1.0002974419829178
11020003,19.299375742442447,3.518585287168569,0.8204573818138815
11020004,54.91580923009835,3.8262122462735015,1.0002974419829178
11020005,14.708838571392802,3.518585287168569,0.8204573818138815
11020006,15.134678326227396,3.8262122462735015,1.0002974419829178
11020007,71.96752814581122,3.784002018834009,0.9306234800850046
11020008,184.912974282499,3.8262122462735015,1.0002974419829178
11020009,9.771970633167493,3.8262122462735015,1.0002974419829178
11020010,68.01652064487791,3.784002018834009,0.9306234800850046
11020011,43.46432072686773,3.8262122462735015,1.0002974419829178
11020012,91.00126103303286,3.8262122462735015,1.0002974419829178
11020013,105.30092867238997,6.346833285355868,0.6555453685225819
11030001,5.154057987071087,6.7639902562937735,0.5984896951550241
11030002,33.51062837025981,6.7639902562937735,0.5984896951550241
11030003,3.3859571400180792,6.7639902562937735,0.5984896951550241
11030004,3.186115181208484,6.7639902562937735,0.5984896951550241
11030005,7.7452258785748445,6.7639902562937735,0.5984896951550241
11030006,9.083990623979282,6.7639902562937735,0.5984896951550241
11030007,10.590239463474788,6.7639902562937735,0.5984896951550241
11030008,5.257126995450216,6.7639902562937735,0.5984896951550241
11030009,6.2086384068865526,6.7639902562937735,0.5984896951550241
11030010,2.3659903450405224,6.7639902562937735,0.5984896951550241
11030011,4.680202630222063,6.7639902562937735,0.5984896951550241
11030012,3.564954971478016,6.7639902562937735,0.5984896951550241
11030013,2.319345903313826,6.7639902562937735,0.5984896951550241
11030014,4.391966796682947,6.7639902562937735,0.5984896951550241
11030015,4.282108924468474,6.7639902562937735,0.5984896951550241
11030016,2.5029557486078855,6.7639902562937735,0.5984896951550241
11030017,3.292722562944851,6.7639902562937735,0.5984896951550241
11030018,2.717116354170828,6.7639902562937735,0.5984896951550241
11040001,27.812715650259012,6.631280478444527,0.6014919088495942
11040002,18.070311648951158,6.346833285355868,0.6555453685225819
11040003,27.584740339582915,6.7639902562937735,0.5984896951550241
11040004,59.16510203270338,6.346833285355868,0.6555453685225819
11040005,182.53319404610127,6.346833285355868,0.6555453685225819
11040006,10.61547844585673,6.7639902562937735,0.5984896951550241
11040007,15.036787642207932,6.7639902562937735,0.5984896951550241
11040008,5.291604547055,6.7639902562937735,0.5984896951550241
11050001,4.047364482047612,6.7639902562937735,0.5984896951550241
11050002,3.202730769741865,6.7639902562937735,0.5984896951550241
11050003,2.3164543554538692,6.436954134090684,0.6138516554542485
11060001,2.319345903313826,6.7639902562937735,0.5984896951550241
11060002,5.701135704199812,6.7639902562937735,0.5984896951550241
11060003,5.333573015442507,6.7639902562937735,0.5984896951550241
11060004,2.861907283859732,6.7639902562937735,0.5984896951550241
11060005,3.8082920251418844,6.7639902562937735,0.5984896951550241
11060006,2.319345903313826,6.7639902562937735,0.5984896951550241
11070101,3.017455943158379,6.7639902562937735,0.5984896951550241
11070102,3.0604042032420136,6.7639902562937735,0.5984896951550241
11070103,2.2909604627833207,6.436954134090684,0.6138516554542485
11070104,2.9949877966218175,6.7639902562937735,0.5984896951550241
11070105,2.1649095398227485,6.436954134090684,0.6138516554542485
11070106,2.9436288987809625,6.436954134090684,0.6138516554542485
11070107,3.0784000213608573,6.7639902562937735,0.5984896951550241
11070201,2.5565873452602363,6.7639902562937735,0.5984896951550241
11070202,3.393076598901272,6.7639902562937735,0.5984896951550241
11070203,2.733982167247637,6.7639902562937735,0.5984896951550241
11070204,2.45306262118904,6.7639902562937735,0.5984896951550241
11070205,2.366217663192176,6.7639902562937735,0.5984896951550241
11070206,2.319345903313826,6.7639902562937735,0.5984896951550241
11070207,1.0747928229986317,3.4135641819229563,0.6643149020877939
11070208,1.1331564883740164,2.9889432716355664,0.7758160452699879
11070209,2.319345903313826,6.7639902562937735,0.5984896951550241
11080001,26.59935527284725,3.2170676518388555,0.5825897656662906
11080002,24.19264140208899,3.2170676518388555,0.5825897656662906
11080003,11.010081492028995,3.6257966898328844,0.6694831656749053
11080004,12.99333408202146,3.6257966898328844,0.6694831656749053
11080005,45.90468345593277,6.631280478444527,0.6014919088495942
11080006,3.975026198867301,6.7639902562937735,0.5984896951550241
11080007,33.445126453797194,6.631280478444527,0.6014919088495942
11080008,26.95716741667118,6.631280478444527,0.6014919088495942
11090101,3.562055649131445,6.7639902562937735,0.5984896951550241
11090102,12.712766384098419,6.631280478444527,0.6014919088495942
11090103,23.932237938882015,6.631280478444527,0.6014919088495942
11090104,23.60204845075822,6.631280478444527,0.6014919088495942
11090105,3.4333302064660374,6.7639902562937735,0.5984896951550241
11090106,2.997825432413271,4.623028193636296,0.5176416202109523
11090201,2.9967710860778167,6.7639902562937735,0.5984896951550241
11090202,2.5207910970310117,6.7639902562937735,0.5984896951550241
11090203,3.228134396458638,6.7639902562937735,0.5984896951550241
11090204,2.1649095398227485,6.436954134090684,0.6138516554542485
11100101,21.943129874719446,6.631280478444527,0.6014919088495942
11100102,4.53696019489931,6.7639902562937735,0.5984896951550241
11100103,16.321368842887928,6.7639902562937735,0.5984896951550241
11100104,12.551048860681783,6.7639902562937735,0.5984896951550241
11100201,4.410932308308808,6.7639902562937735,0.5984896951550241
11100202,14.231854102246169,6.7639902562937735,0.5984896951550241
11100203,6.647248266284595,6.7639902562937735,0.5984896951550241
11100301,3.225772615850261,6.7639902562937735,0.5984896951550241
11100302,2.4538435092369815,6.7639902562937735,0.5984896951550241
11100303,3.231628071791088,6.7639902562937735,0.5984896951550241
11110101,2.1649095398227485,6.436954134090684,0.6138516554542485
11110102,2.1649095398227485,6.436954134090684,0.6138516554542485
11110103,2.875184575424017,6.7639902562937735,0.5984896951550241
11110104,2.1649095398227485,6.436954134090684,0.6138516554542485
11110105,2.618745380245814,6.436954134090684,0.6138516554542485
11110201,2.319345903313826,6.7639902562937735,0.5984896951550241
11110202,2.319345903313826,6.7639902562937735,0.5984896951550241
11110203,1.0636071297645033,6.842553633785157,0.6483860322405153
11110204,1.9039192648372034,6.8204232440754655,0.6343308144017822
11110205,1.4337164115956218,6.842553633785157,0.6483860322405153
11110206,1.450186216481894,6.842553633785157,0.6483860322405153
11110207,1.0636071297645033,6.842553633785157,0.6483860322405153
11120101,8.89023149076706,6.7639902562937735,0.5984896951550241
11120102,7.885737532300568,6.7639902562937735,0.5984896951550241
11120103,3.5444834758259267,4.623028193636296,0.5176416202109523
11120104,5.888344043187598,4.623028193636296,0.5176416202109523
11120105,2.6463890072795424,4.623028193636296,0.5176416202109523
11120201,9.252196089661535,4.623028193636296,0.5176416202109523
11120202,5.588165083549568,6.7639902562937735,0.5984896951550241
11120301,8.531590882557404,4.623028193636296,0.5176416202109523
11120302,5.48121489976005,6.7639902562937735,0.5984896951550241
11120303,3.3152092914331646,6.7639902562937735,0.5984896951550241
11120304,5.719758180024938,6.7639902562937735,0.5984896951550241
11130101,2.837295227348446,6.7639902562937735,0.5984896951550241
11130102,2.333851755547253,6.7639902562937735,0.5984896951550241
11130103,7.92779984987123,4.623028193636296,0.5176416202109523
11130104,8.448959179615544,4.623028193636296,0.5176416202109523
11130105,2.634986358838365,4.623028193636296,0.5176416202109523
11130201,2.4055108138407846,6.7639902562937735,0.5984896951550241
11130202,2.960328810670368,6.7639902562937735,0.5984896951550241
11130203,4.111448499426678,6.7639902562937735,0.5984896951550241
11130204,5.083874251377597,4.623028193636296,0.5176416202109523
11130205,4.85834014869395,3.1821995053119405,0.4632323301973658
11130206,3.0792843201340525,6.7639902562937735,0.5984896951550241
11130207,3.860111712946792,4.623028193636296,0.5176416202109523
11130208,3.8273373183238673,6.7639902562937735,0.5984896951550241
11130209,3.7457096778446535,4.623028193636296,0.5176416202109523
11130210,1.1812686521507443,3.1821995053119405,0.4632323301973658
11130301,7.106653784666982,6.7639902562937735,0.5984896951550241
11130302,4.088281406477649,6.7639902562937735,0.5984896951550241
11130303,2.825196103213912,6.7639902562937735,0.5984896951550241
11130304,2.319345903313826,6.7639902562937735,0.5984896951550241
11140101,1.1812686521507443,3.1821995053119405,0.4632323301973658
11140102,2.9523013499170627,6.7639902562937735,0.5984896951550241
11140103,2.615689055792042,6.7639902562937735,0.5984896951550241
11140104,2.973457844014375,6.7639902562937735,0.5984896951550241
11140105,2.776094146855698,6.7639902562937735,0.5984896951550241
11140106,2.319345903313826,6.7639902562937735,0.5984896951550241
11140107,2.7248918288003408,6.7639902562937735,0.5984896951550241
11140108,2.6221500548693224,6.7639902562937735,0.5984896951550241
11140109,1.5035658129484941,6.8204232440754655,0.6343308144017822
11140201,1.0636071297645033,6.842553633785157,0.6483860322405153
11140202,1.417334137431181,6.8204232440754655,0.6343308144017822
11140203,1.252207923685199,6.842553633785157,0.6483860322405153
11140204,1.477182882587077,6.8204232440754655,0.6343308144017822
11140205,1.5443167717982706,6.842553633785157,0.6483860322405153
11140206,1.8839410795212717,6.8204232440754655,0.6343308144017822
11140207,1.417334137431181,6.8204232440754655,0.6343308144017822
11140208,1.4596871837162024,6.8204232440754655,0.6343308144017822
11140209,1.5297198135575882,6.842553633785157,0.6483860322405153
11140301,1.7240010266605281,3.1821995053119405,0.4632323301973658
11140302,2.473891380973923,6.7639902562937735,0.5984896951550241
11140303,2.157802158564137,4.623028193636296,0.5176416202109523
11140304,1.417334137431181,6.8204232440754655,0.6343308144017822
11140305,2.9915696688597775,6.7639902562937735,0.5984896951550241
11140306,2.4740004411217473,6.7639902562937735,0.5984896951550241
11140307,2.8933994180393974,6.7639902562937735,0.5984896951550241
12010001,2.2915906759742413,4.623028193636296,0.5176416202109523
12010002,1.6137937332383605,5.746916128684432,0.5838458927986689
12010003,2.295033591990041,4.623028193636296,0.5176416202109523
12010004,1.4116208025638401,5.746916128684432,0.5838458927986689
12010005,1.069794373594628,6.842553633785157,0.6483860322405153
12020001,1.8762513884314813,3.1821995053119405,0.4632323301973658
12020002,1.3147288050814006,5.494912255843435,0.5802175487018693
12020003,1.0636071297645033,6.842553633785157,0.6483860322405153
12020004,1.9300528830136359,5.746916128684432,0.5838458927986689
12020005,1.5671987852559528,5.746916128684432,0.5838458927986689
12020006,1.5586952793179676,6.842553633785157,0.6483860322405153
12020007,1.4849126272489406,6.842553633785157,0.6483860322405153
12030101,2.529583174222366,3.1821995053119405,0.4632323301973658
12030102,1.6003683638347548,3.1821995053119405,0.4632323301973658
12030103,1.808075544504876,3.1821995053119405,0.4632323301973658
12030104,2.1946799140935553,3.1821995053119405,0.4632323301973658
12030105,1.1812686521507443,3.1821995053119405,0.4632323301973658
12030106,1.9983581589754806,3.1821995053119405,0.4632323301973658
12030107,1.905386660897343,3.1821995053119405,0.4632323301973658
12030108,1.4800109666751053,3.1821995053119405,0.4632323301973658
12030109,2.036518011446653,3.1821995053119405,0.4632323301973658
12030201,1.1812686521507443,3.1821995053119405,0.4632323301973658
12030202,1.1233193789521723,5.494912255843435,0.5802175487018693
12030203,1.0636071297645033,6.842553633785157,0.6483860322405153
12040101,1.206111763515733,5.494912255843435,0.5802175487018693
12040102,1.623039207888319,5.494912255843435,0.5802175487018693
12040103,1.628578750322167,6.842553633785157,0.6483860322405153
12040104,1.1069268552866494,5.494912255843435,0.5802175487018693
12040201,1.0636071297645033,6.842553633785157,0.6483860322405153
12040202,1.0636071297645033,6.842553633785157,0.6483860322405153
12040203,1.559383246981119,5.494912255843435,0.5802175487018693
12040204,1.4951471666583922,6.842553633785157,0.6483860322405153
12040205,1.6302161922273133,3.1821995053119405,0.4632323301973658
12050001,28.05951827673702,6.7639902562937735,0.5984896951550241
12050002,22.835412533735834,6.7639902562937735,0.5984896951550241
12050003,5.316915521330038,4.623028193636296,0.5176416202109523
12050004,6.1284645120917025,4.623028193636296,0.5176416202109523
12050005,8.620911601542154,6.7639902562937735,0.5984896951550241
12050006,5.055424359185157,4.623028193636296,0.5176416202109523
12050007,4.182784836529705,3.1821995053119405,0.4632323301973658
12060101,2.2342587954932864,3.1821995053119405,0.4632323301973658
12060102,5.733523199479953,3.1821995053119405,0.4632323301973658
12060103,4.077911033816585,3.1821995053119405,0.4632323301973658
12060104,1.3539893198799666,3.1821995053119405,0.4632323301973658
12060105,3.230668782443334,3.1821995053119405,0.4632323301973658
12060201,1.5460613097039189,3.1821995053119405,0.4632323301973658
12060202,1.2842570907982367,3.1821995053119405,0.4632323301973658
12060203,1.3587357026851825,3.1821995053119405,0.4632323301973658
12060204,2.4648796705398377,3.1821995053119405,0.4632323301973658
12070101,1.1069268552866494,5.494912255843435,0.5802175487018693
12070102,2.1418762442322326,3.1821995053119405,0.4632323301973658
12070103,1.888241097361888,5.494912255843435,0.5802175487018693
12070104,1.1069268552866494,5.494912255843435,0.5802175487018693
12070201,2.4873790406006875,3.1821995053119405,0.4632323301973658
12070202,2.9309669003376397,3.1821995053119405,0.4632323301973658
12070203,2.893952409593603,3.1821995053119405,0.4632323301973658
12070204,1.1362393792749785,5.494912255843435,0.5802175487018693
12070205,2.265157221485992,3.1821995053119405,0.4632323301973658
12080001,24.67900969448889,6.7639902562937735,0.5984896951550241
12080002,10.438490052791852,4.623028193636296,0.5176416202109523
12080003,23.34047050389934,6.7639902562937735,0.5984896951550241
12080004,13.276103443206548,6.7639902562937735,0.5984896951550241
12080005,51.508831563245835,4.623028193636296,0.5176416202109523
12080006,23.466811410572376,6.7639902562937735,0.5984896951550241
12080007,2.4340390258827926,3.1821995053119405,0.4632323301973658
12080008,2.4733649696843516,3.1821995053119405,0.4632323301973658
12090101,1.96618709898427,3.1821995053119405,0.4632323301973658
12090102,4.359387513987236,3.1821995053119405,0.4632323301973658
12090103,22.194586304865435,3.1821995053119405,0.4632323301973658
12090104,10.015217655727222,3.1821995053119405,0.4632323301973658
12090105,2.566864766622034,3.1821995053119405,0.4632323301973658
12090106,1.5491672158914667,3.1821995053119405,0.4632323301973658
12090107,2.605872774818564,3.1821995053119405,0.4632323301973658
12090108,3.5943488103115144,3.1821995053119405,0.4632323301973658
12090109,2.9242175354013646,3.1821995053119405,0.4632323301973658
12090110,3.372314857386508,3.1821995053119405,0.4632323301973658
12090201,1.1812686521507443,3.1821995053119405,0.4632323301973658
12090202,4.070733336735807,3.1821995053119405,0.4632323301973658
12090203,3.5090723705877083,3.181634893045001,0.46534650483212114
12090204,2.4470121011594856,3.1821995053119405,0.4632323301973658
12090205,1.1812686521507443,3.1821995053119405,0.4632323301973658
12090206,2.5311886550916514,3.1821995053119405,0.4632323301973658
12090301,1.2062292250260138,3.1821995053119405,0.4632323301973658
12090302,1.1812686521507443,3.1821995053119405,0.4632323301973658
12090401,1.7937828442132808,3.1821995053119405,0.4632323301973658
12090402,1.8093916196543678,3.1821995053119405,0.4632323301973658
12100101,1.4026102844924562,3.1821995053119405,0.4632323301973658
12100102,2.0234469121292133,3.1821995053119405,0.4632323301973658
12100201,2.4184164836131545,3.1821995053119405,0.4632323301973658
12100202,1.5968889544432683,3.1821995053119405,0.4632323301973658
12100203,2.2714315979931725,3.1821995053119405,0.4632323301973658
12100204,1.1812686521507443,3.1821995053119405,0.4632323301973658
12100301,1.361626355676762,3.1821995053119405,0.4632323301973658
12100302,2.382508629014339,3.1821995053119405,0.4632323301973658
12100303,1.5273971267245585,3.1821995053119405,0.4632323301973658
12100304,2.4247589640819234,3.1821995053119405,0.4632323301973658
12100401,1.3907964275485505,3.1821995053119405,0.4632323301973658
12100402,2.125487158531098,3.1821995053119405,0.4632323301973658
12100403,2.481228935372182,3.1821995053119405,0.4632323301973658
12100404,2.5732055757709125,3.1821995053119405,0.4632323301973658
12100405,,,
12100406,2.5892291165900065,3.1821995053119405,0.4632323301973658
12100407,2.564505598671928,3.1821995053119405,0.4632323301973658
12110101,2.976715006926349,3.1821995053119405,0.4632323301973658
12110102,4.273520611518662,3.181634893045001,0.46534650483212114
12110103,2.3746516489154468,3.181634893045001,0.46534650483212114
12110104,7.879820139331919,3.1403351039207097,0.6199923949410107
12110105,2.5040052788417566,3.181634893045001,0.46534650483212114
12110106,2.620734931592941,3.181634893045001,0.46534650483212114
12110107,3.0760239805733907,3.1821995053119405,0.4632323301973658
12110108,1.4655341737999277,3.1821995053119405,0.4632323301973658
12110109,4.0146143453786785,3.1821995053119405,0.4632323301973658
12110110,3.389296954583122,3.1821995053119405,0.4632323301973658
12110111,1.2434330374668618,3.1821995053119405,0.4632323301973658
12110201,1.1812686521507443,3.1821995053119405,0.4632323301973658
12110202,2.990552990874007,3.1821995053119405,0.4632323301973658
12110203,3.6548596463972385,3.1821995053119405,0.4632323301973658
12110204,4.8588596936934065,3.1821995053119405,0.4632323301973658
12110205,3.3645569340211123,3.1821995053119405,0.4632323301973658
12110206,7.5343793171597,3.1821995053119405,0.4632323301973658
12110207,11.186777927298579,3.1821995053119405,0.4632323301973658
12110208,1.5541230551586764,3.1821995053119405,0.4632323301973658
13010001,5.827810775517981,3.8262122462735015,1.0002974419829178
13010002,6.390065316657921,3.8262122462735015,1.0002974419829178
13010003,29.912614110570594,3.8262122462735015,1.0002974419829178
13010004,25.9605061721539,3.518585287168569,0.8204573818138815
13010005,14.340145963313017,3.518585287168569,0.8204573818138815
13020101,10.125989346183326,3.6257966898328844,0.6694831656749053
13020102,12.508581501739464,30.63544946669845,0.7888997972595883
13020201,19.331170730231854,105.97294285314153,0.1948445270439935
13020202,27.426313822678306,105.97294285314153,0.1948445270439935
13020203,10.09979037970943,3.6257966898328844,0.6694831656749053
13020204,31.252066270844374,3.6257966898328844,0.6694831656749053
13020205,184.2477462839829,22.73011188074544,0.6991544518811159
13020206,35.163892069197566,3.6257966898328844,0.6694831656749053
13020207,45.303467038117454,3.6257966898328844,0.6694831656749053
13020208,29.121034520446102,3.6257966898328844,0.6694831656749053
13020209,50.95734083893084,3.6257966898328844,0.6694831656749053
13020210,116.08019630451659,3.6257966898328844,0.6694831656749053
13020211,9.7655938917032,3.6257966898328844,0.6694831656749053
13030101,7.449387516115541,3.4728303179655047,0.6538888862102191
13030102,3.63774234225196,3.1403351039207097,0.6199923949410107
13030103,103.49565682927215,3.4728303179655047,0.6538888862102191
13030201,56.07805521615896,62.117842780398014,0.3982241597533973
13030202,62.15100001106504,3.4728303179655047,0.6538888862102191
13040100,3.415918587214256,3.1403351039207097,0.6199923949410107
13040201,3.5649998807026817,3.1403351039207097,0.6199923949410107
13040202,25.199029661384646,3.1403351039207097,0.6199923949410107
13040203,2.9320787426968304,3.1403351039207097,0.6199923949410107
13040204,53.57093046271062,3.1403351039207097,0.6199923949410107
13040205,3.097878073839925,3.1403351039207097,0.6199923949410107
13040206,33.88418049337573,3.1403351039207097,0.6199923949410107
13040207,45.173197220980526,3.1403351039207097,0.6199923949410107
13040208,2.962045498398868,3.1403351039207097,0.6199923949410107
13040209,44.82015729618221,3.1403351039207097,0.6199923949410107
13040210,19.55304324114554,3.1403351039207097,0.6199923949410107
13040211,36.08434290880752,3.181634893045001,0.46534650483212114
13040212,,,
13040301,6.233830580580706,3.1821995053119405,0.4632323301973658
13040302,2.3256675288395803,3.181634893045001,0.46534650483212114
13040303,6.703854864174168,3.181634893045001,0.46534650483212114
13050001,37.6109738451252,3.6257966898328844,0.6694831656749053
13050002,42.04368553455452,3.6257966898328844,0.6694831656749053
13050003,109.1269442776883,3.4728303179655047,0.6538888862102191
13050004,64.24763815324147,3.1403351039207097,0.6199923949410107
13060001,14.885878566078691,6.631280478444527,0.6014919088495942
13060002,34.58904826273521,6.631280478444527,0.6014919088495942
13060003,14.078512623383622,6.631280478444527,0.6014919088495942
13060004,28.040209518445998,6.7639902562937735,0.5984896951550241
13060005,34.23396700066521,3.6257966898328844,0.6694831656749053
13060006,51.13138972176683,3.6257966898328844,0.6694831656749053
13060007,6.429886927220106,6.7639902562937735,0.5984896951550241
13060008,17.89062768277261,3.6257966898328844,0.6694831656749053
13060009,15.435784627232245,6.631280478444527,0.6014919088495942
13060010,7.185929021963737,6.631280478444527,0.6014919088495942
13060011,6.3734982111377745,6.691844291990688,0.5989178079157439
13070001,4.655599572634285,3.1403351039207097,0.6199923949410107
13070002,30.955477968671012,3.1403351039207097,0.6199923949410107
13070003,9.195354660424474,3.1403351039207097,0.6199923949410107
13070004,44.6334541904624,3.1403351039207097,0.6199923949410107
13070005,15.725446676240693,3.1403351039207097,0.6199923949410107
13070006,24.00244448764754,3.1403351039207097,0.6199923949410107
13070007,5.40345501981637,3.1821995053119405,0.4632323301973658
13070008,2.2790169241901337,3.181634893045001,0.46534650483212114
13070009,40.165412960841955,3.181634893045001,0.46534650483212114
13070010,28.88842573912796,3.1403351039207097,0.6199923949410107
13070011,15.770809199957872,3.181634893045001,0.46534650483212114
13070012,1.61459033565023,3.181634893045001,0.46534650483212114
13080001,1.3174611898107815,3.181634893045001,0.46534650483212114
13080002,1.3295294023423445,3.181634893045001,0.46534650483212114
13080003,1.3105000486703537,3.1821995053119405,0.4632323301973658
13090001,1.1960070677941024,3.1821995053119405,0.4632323301973658
14010001,5.785879384001154,3.8262122462735015,1.0002974419829178
14010002,13.938600123692947,3.518585287168569,0.8204573818138815
14010003,26.230792583136235,3.0514832367384073,0.5473874886586908
14010004,13.836930621172758,3.518585287168569,0.8204573818138815
14010005,13.283112790385376,3.518585287168569,0.8204573818138815
14020001,5.953430595107895,3.8262122462735015,1.0002974419829178
14020002,6.0627953534770915,3.8262122462735015,1.0002974419829178
14020003,8.064135551290976,3.8262122462735015,1.0002974419829178
14020004,6.537062129072866,3.8262122462735015,1.0002974419829178
14020005,5.501247353962936,3.8262122462735015,1.0002974419829178
14020006,43.87061762114382,3.8262122462735015,1.0002974419829178
14030001,92.81744969174149,4.094840411263438,0.841531724171256
14030002,7.83255106914272,3.8262122462735015,1.0002974419829178
14030003,7.763050202844626,3.8262122462735015,1.0002974419829178
14030004,13.443982711776057,3.518585287168569,0.8204573818138815
14030005,55.00181393935409,3.97885570231143,0.9100814816869359
14040101,33.636176393049574,6.736411075448544,0.34439832294449446
14040102,34.039854380877614,6.736411075448544,0.34439832294449446
14040103,55.43281491012458,3.97885570231143,0.9100814816869359
14040104,114.83158996850392,3.97885570231143,0.9100814816869359
14040105,234.75837706051232,3.97885570231143,0.9100814816869359
14040106,5.781521119321337,3.8262122462735015,1.0002974419829178
14040107,62.06808512153437,3.97885570231143,0.9100814816869359
14040108,71.77908904908358,3.97885570231143,0.9100814816869359
14040109,49.74629769573943,3.518585287168569,0.8204573818138815
14040200,188.38381225740827,3.97885570231143,0.9100814816869359
14050001,14.059492209495655,3.518585287168569,0.8204573818138815
14050002,13.3915388161726,3.518585287168569,0.8204573818138815
14050003,20.213245371681793,3.518585287168569,0.8204573818138815
14050004,67.60705185226759,3.97885570231143,0.9100814816869359
14050005,6.504028584256941,3.8262122462735015,1.0002974419829178
14050006,8.717056281161979,3.8262122462735015,1.0002974419829178
14050007,7.280200726930733,3.8262122462735015,1.0002974419829178
14060001,54.93837706051233,3.97885570231143,0.9100814816869359
14060002,58.954847516054095,3.97885570231143,0.9100814816869359
14060003,57.061400617988625,3.97885570231143,0.9100814816869359
14060004,57.2356705791302,3.97885570231143,0.9100814816869359
14060005,92.87786969156801,4.094840411263438,0.841531724171256
14060006,81.89550587254585,3.97885570231143,0.9100814816869359
14060007,225.846563884707,4.094840411263438,0.841531724171256
14060008,92.86758978200545,4.094840411263438,0.841531724171256
14060009,272.6329422981269,4.094840411263438,0.841531724171256
14070001,54.93837706051233,3.97885570231143,0.9100814816869359
14070002,272.6329422981269,4.094840411263438,0.841531724171256
14070003,127.3933166685101,105.97294285314153,0.1948445270439935
14070004,37.32640203534328,3.8262122462735015,1.0002974419829178
14070005,176.16957309740104,25.77879600669572,0.703889422925586
14070006,50.14042536812608,17.56276429548498,0.8148238673905122
14070007,87.12230322393566,105.97294285314153,0.1948445270439935
14080101,11.241949825651227,26.194379903551724,0.7692646848704912
14080102,6.17988251275437,3.8262122462735015,1.0002974419829178
14080103,43.341374852774734,30.63544946669845,0.7888997972595883
14080104,6.344552895902465,3.8262122462735015,1.0002974419829178
14080105,50.90132383279088,17.56276429548498,0.8148238673905122
14080106,229.9604253681261,17.56276429548498,0.8148238673905122
14080107,31.483792559021232,3.8262122462735015,1.0002974419829178
14080201,55.70835002033593,3.97885570231143,0.9100814816869359
14080202,184.912974282499,3.8262122462735015,1.0002974419829178
14080203,234.75837706051232,3.97885570231143,0.9100814816869359
14080204,190.20964832541057,25.77879600669572,0.703889422925586
14080205,55.89875630908698,3.97885570231143,0.9100814816869359
15010001,77.08396151189754,25.77879600669572,0.703889422925586
15010002,77.08396151189754,25.77879600669572,0.703889422925586
15010003,94.8843591108932,25.77879600669572,0.703889422925586
15010004,91.19738036700898,21.633565473314498,0.7288462702406442
15010005,19.700202372291795,39.04670701063572,0.3488493017434048
15010006,143.05809297171268,25.77879600669572,0.703889422925586
15010007,106.55399018088062,25.77879600669572,0.703889422925586
15010008,86.395395448197,25.77879600669572,0.703889422925586
15010009,113.80960217950174,25.77879600669572,0.703889422925586
15010010,26.457979525800972,7.110150752612784,0.42233889949646064
15010011,82.01739175819573,7.110150752612784,0.42233889949646064
15010012,32.31914889597223,39.04670701063572,0.3488493017434048
15010013,45.87438769298708,7.110150752612784,0.42233889949646064
15010014,171.49894510141516,22.8664003496377,0.7371126532719154
15010015,199.52020237229178,39.04670701063572,0.3488493017434048
15020001,72.12881020492486,22.73011188074544,0.6991544518811159
15020002,70.34686208297589,22.73011188074544,0.6991544518811159
15020003,34.30462877594558,3.6257966898328844,0.6694831656749053
15020004,34.93633175594186,3.6257966898328844,0.6694831656749053
15020005,88.13650938699156,21.633565473314498,0.7288462702406442
15020006,100.69476363689556,25.77879600669572,0.703889422925586
15020007,79.70583692104294,22.73011188074544,0.6991544518811159
15020008,84.04950309463479,21.633565473314498,0.7288462702406442
15020009,247.7039030018768,25.77879600669572,0.703889422925586
15020010,87.62684512491758,21.633565473314498,0.7288462702406442
15020011,203.2487101111125,25.77879600669572,0.703889422925586
15020012,256.90396151189753,25.77879600669572,0.703889422925586
15020013,151.01481292104998,25.77879600669572,0.703889422925586
15020014,256.90396151189753,25.77879600669572,0.703889422925586
15020015,86.10884599107868,21.633565473314498,0.7288462702406442
15020016,78.77899770199436,25.77879600669572,0.703889422925586
15020017,256.90396151189753,25.77879600669572,0.703889422925586
15020018,256.90396151189753,25.77879600669572,0.703889422925586
15030101,77.08396151189754,25.77879600669572,0.703889422925586
15030102,197.5861794239609,13.147687731911972,0.26004499770055917
15030103,112.12828758524658,22.8664003496377,0.7371126532719154
15030104,17.76617942396091,13.147687731911972,0.26004499770055917
15030105,243.15889038352609,52.63442462082763,0.5296672607677665
15030106,198.73320067610672,105.97294285314153,0.1948445270439935
15030107,68.2130385639367,79.12256622395904,0.1741321523116518
15030108,243.15889038352609,52.63442462082763,0.5296672607677665
15030201,76.46198816771822,22.8664003496377,0.7371126532719154
15030202,69.79985497776039,52.63442462082763,0.5296672607677665
15030203,79.02508865468073,52.63442462082763,0.5296672607677665
15030204,70.49828749430809,22.8664003496377,0.7371126532719154
15040001,12.5202368767493,3.6257966898328844,0.6694831656749053
15040002,21.58434053284045,105.97294285314153,0.1948445270439935
15040003,47.535415392853395,62.117842780398014,0.3982241597533973
15040004,14.217465118401291,3.6257966898328844,0.6694831656749053
15040005,20.52915995744319,105.97294285314153,0.1948445270439935
15040006,44.803863717204145,105.97294285314153,0.1948445270439935
15040007,24.46137718318878,105.97294285314153,0.1948445270439935
15050100,66.07308347235853,52.63442462082763,0.5296672607677665
15050201,38.816167284572515,105.97294285314153,0.1948445270439935
15050202,36.26786079575924,105.97294285314153,0.1948445270439935
15050203,70.7985335684695,52.63442462082763,0.5296672607677665
15050301,70.3058187461144,52.63442462082763,0.5296672607677665
15050302,56.333971944758375,39.85430181712777,0.6399586586960201
15050303,243.15889038352609,52.63442462082763,0.5296672607677665
15050304,115.93852304713535,52.63442462082763,0.5296672607677665
15050305,192.57415538558482,52.63442462082763,0.5296672607677665
15050306,243.15889038352609,52.63442462082763,0.5296672607677665
15060101,69.71171120059546,22.73011188074544,0.6991544518811159
15060102,69.14043963226753,22.73011188074544,0.6991544518811159
15060103,15.829911980944555,62.117842780398014,0.3982241597533973
15060104,70.6790105726291,22.73011188074544,0.6991544518811159
15060105,67.1773600922151,52.63442462082763,0.5296672607677665
15060106,125.11532672824897,22.64458705493853,0.45624781950112125
15060201,75.02979871429241,52.63442462082763,0.5296672607677665
15060202,66.75184458750414,52.63442462082763,0.5296672607677665
15060203,65.11323668022185,52.63442462082763,0.5296672607677665
15070101,125.29092544205996,22.64458705493853,0.45624781950112125
15070102,126.11447531313864,52.63442462082763,0.5296672607677665
15070103,176.20989758880114,22.64458705493853,0.45624781950112125
15070104,304.76851076724597,22.643920691791767,0.4562522217531616
15070201,19.993776414752407,105.97294285314153,0.1948445270439935
15070202,304.76129942627165,22.64458705493853,0.45624781950112125
15070203,243.15889038352609,52.63442462082763,0.5296672607677665
15080101,210.51530357600822,52.63442462082763,0.5296672607677665
15080102,243.15889038352609,52.63442462082763,0.5296672607677665
15080103,198.73320067610672,105.97294285314153,0.1948445270439935
15080200,27.48328211739644,105.97294285314153,0.1948445270439935
15080301,30.85620021235883,105.97294285314153,0.1948445270439935
15080302,27.798097487469764,105.97294285314153,0.1948445270439935
15080303,22.848486546035534,62.117842780398014,0.3982241597533973
16010101,57.34276679041242,3.97885570231143,0.9100814816869359
16010102,27.473017095926313,6.138163998310072,0.479230942258572
16010201,93.51322602471184,4.094840411263438,0.841531724171256
16010202,93.25282593250269,4.094840411263438,0.841531724171256
16010203,93.76617999330114,4.094840411263438,0.841531724171256
16010204,32.909327229858874,6.736411075448544,0.34439832294449446
16020101,56.6041675072332,3.97885570231143,0.9100814816869359
16020102,93.53182595577954,4.094840411263438,0.841531724171256
16020201,94.13265372080127,4.094840411263438,0.841531724171256
16020202,95.64827848080319,4.094840411263438,0.841531724171256
16020203,56.10475684199692,3.97885570231143,0.9100814816869359
16020204,93.354322491114,4.094840411263438,0.841531724171256
16020301,86.56612369989304,4.741513019961977,0.7912870393038901
16020302,126.88188863291703,4.094840411263438,0.841531724171256
16020303,226.2672461780817,4.741513019961977,0.7912870393038901
16020304,77.21063999386014,5.185446886570566,0.6899140274044178
16020305,125.11894340404476,5.185446886570566,0.6899140274044178
16020306,246.3246550114726,5.185446886570566,0.6899140274044178
16020307,32.17115578893955,7.876347753716394,0.1634329979201556
16020308,96.59644459178342,6.736411075448544,0.34439832294449446
16020309,91.77318397331312,6.736411075448544,0.34439832294449446
16020310,32.65898381542977,6.736411075448544,0.34439832294449446
16030001,78.85238349089794,25.77879600669572,0.703889422925586
16030002,81.15900748233138,25.77879600669572,0.703889422925586
16030003,79.02055618195692,25.77879600669572,0.703889422925586
16030004,102.66198461266374,4.094840411263438,0.841531724171256
16030005,51.57354178125959,4.741513019961977,0.7912870393038901
16030006,107.51579350145111,25.77879600669572,0.703889422925586
16030007,114.962379293469,4.094840411263438,0.841531724171256
16030008,57.4028420606259,4.741513019961977,0.7912870393038901
16030009,48.05528762003261,4.741513019961977,0.7912870393038901
16040101,9.546099762029915,7.876347753716394,0.1634329979201556
16040102,12.017091144184475,7.876347753716394,0.1634329979201556
16040103,11.741129190962994,7.876347753716394,0.1634329979201556
16040104,40.09931586645976,7.110150752612784,0.42233889949646064
16040105,23.324632715297938,7.110150752612784,0.42233889949646064
16040106,21.69316702393286,7.876347753716394,0.1634329979201556
16040107,48.91168294532295,7.110150752612784,0.42233889949646064
16040108,22.645350331651194,7.110150752612784,0.42233889949646064
16040109,14.318308052693906,7.876347753716394,0.1634329979201556
16040201,45.26279847297126,7.876347753716394,0.1634329979201556
16040202,20.588570785792356,7.876347753716394,0.1634329979201556
16040203,38.09705080444804,6.260355992977723,0.3674737772635646
16040204,23.39094790430167,6.260355992977723,0.3674737772635646
16040205,24.927068536458922,7.876347753716394,0.1634329979201556
16050101,18.223626942596095,4.251642910581622,0.26629358068129144
16050102,16.073781094289508,6.260355992977723,0.3674737772635646
16050103,16.16424204635335,6.260355992977723,0.3674737772635646
16050104,134.23269945902973,7.110150752612784,0.42233889949646064
16050201,21.439394397894446,7.110150752612784,0.42233889949646064
16050202,21.17966559010359,7.110150752612784,0.42233889949646064
16050203,24.94317459022521,7.110150752612784,0.42233889949646064
16050301,24.28782242330927,7.110150752612784,0.42233889949646064
16050302,23.184549258820784,7.110150752612784,0.42233889949646064
16050303,21.905702723811345,7.110150752612784,0.42233889949646064
16050304,21.68592216323821,7.110150752612784,0.42233889949646064
16060001,140.86744798139355,7.110150752612784,0.42233889949646064
16060002,199.89575201480446,7.110150752612784,0.42233889949646064
16060003,138.26096668701518,7.110150752612784,0.42233889949646064
16060004,40.21909710327374,7.110150752612784,0.42233889949646064
16060005,46.488726181718654,7.110150752612784,0.42233889949646064
16060006,64.80826730738755,7.110150752612784,0.42233889949646064
16060007,22.487303873562112,7.876347753716394,0.1634329979201556
16060008,55.17353806001908,7.110150752612784,0.42233889949646064
16060009,50.818690167640284,7.110150752612784,0.42233889949646064
16060010,199.89575201480446,7.110150752612784,0.42233889949646064
16060011,199.89575201480446,7.110150752612784,0.42233889949646064
16060012,183.8513085383639,7.110150752612784,0.42233889949646064
16060013,199.89575201480446,7.110150752612784,0.42233889949646064
16060014,160.68393510406568,7.110150752612784,0.42233889949646064
16060015,161.3460924987503,39.04670701063572,0.3488493017434048
17010101,1.8479894953841007,8.10055062396749,0.08767252616844338
17010102,2.607911481626843,8.10055062396749,0.08767252616844338
17010103,1.8436531356380275,8.10055062396749,0.08767252616844338
17010104,1.3263674321701207,8.10055062396749,0.08767252616844338
17010105,1.9499160749365974,8.10055062396749,0.08767252616844338
17010201,4.708569012497056,11.843497852925397,0.18833062260976582
17010202,2.563195214164296,11.843497852925397,0.18833062260976582
17010203,2.8338930798172752,11.843497852925397,0.18833062260976582
17010204,1.7672583141727412,11.843497852925397,0.18833062260976582
17010205,2.5219841017670355,11.843497852925397,0.18833062260976582
17010206,1.9920330629384178,11.843497852925397,0.18833062260976582
17010207,1.7805109952885039,11.843497852925397,0.18833062260976582
17010208,1.7338206162063439,11.843497852925397,0.18833062260976582
17010209,1.9619763462635411,11.843497852925397,0.18833062260976582
17010210,2.6895953379256543,11.843497852925397,0.18833062260976582
17010211,2.0929147519362536,11.843497852925397,0.18833062260976582
17010212,1.7338206162063439,11.843497852925397,0.18833062260976582
17010213,1.6629613124574392,11.358461635501206,0.18441481213268565
17010214,1.271300041575451,7.785762289663054,0.08972067950362798
17010215,1.694851667456298,7.785762289663054,0.08972067950362798
17010216,1.271300041575451,7.785762289663054,0.08972067950362798
17010301,0.8248787688120763,3.269140455568856,0.1191078360947646
17010302,0.8344630831935933,3.269140455568856,0.1191078360947646
17010303,1.271300041575451,7.785762289663054,0.08972067950362798
17010304,0.8745095110275151,3.269140455568856,0.1191078360947646
17010305,1.271300041575451,7.785762289663054,0.08972067950362798
17010306,3.580147373548462,7.785762289663054,0.08972067950362798
17010307,1.271300041575451,7.785762289663054,0.08972067950362798
17010308,2.9501277637667513,7.785762289663054,0.08972067950362798
17020001,1.271300041575451,7.785762289663054,0.08972067950362798
17020002,4.187286350650985,7.785762289663054,0.08972067950362798
17020003,3.200664255083005,7.785762289663054,0.08972067950362798
17020004,9.104455643070047,7.785762289663054,0.08972067950362798
17020005,1.2837094457354161,7.866098043140433,0.08441010495249004
17020006,2.895120180458018,7.866098043140433,0.08441010495249004
17020007,1.8459719443211189,7.866098043140433,0.08441010495249004
17020008,1.9919391692415447,8.10055062396749,0.08767252616844338
17020009,0.45316058809930027,1.8,0
17020010,1.2837094457354161,7.866098043140433,0.08441010495249004
17020011,0.3632820594172043,1.8,0
17020012,76.75562390978703,7.866098043140433,0.08441010495249004
17020013,181.09130004157547,7.785762289663054,0.08972067950362798
17020014,72.81082427153747,7.534248784135115,0.08595073984877805
17020015,181.0454451135384,7.534248784135115,0.08595073984877805
17020016,1.3263674321701207,8.10055062396749,0.08767252616844338
17030001,1.8732794287897399,8.008565110996674,0.09235041636053024
17030002,1.590107521251546,7.714136124518809,0.09722480649271284
17030003,1.7959444723769895,7.714136124518809,0.09722480649271284
17040101,1.6210457237743627,8.10055062396749,0.08767252616844338
17040102,1.9765654891795645,8.10055062396749,0.08767252616844338
17040103,26.926245868284973,6.138163998310072,0.479230942258572
17040104,32.48200483634088,6.736411075448544,0.34439832294449446
17040105,27.785778341914103,6.138163998310072,0.479230942258572
17040201,32.48200483634088,6.736411075448544,0.34439832294449446
17040202,32.99939044522753,6.736411075448544,0.34439832294449446
17040203,32.68845132323631,6.736411075448544,0.34439832294449446
17040204,34.335320313583246,6.736411075448544,0.34439832294449446
17040205,80.5927423345414,6.027517806231953,0.7100070333204002
17040206,78.13523286106684,6.027517806231953,0.7100070333204002
17040207,82.09804239407565,6.027517806231953,0.7100070333204002
17040208,86.78488099877316,6.027517806231953,0.7100070333204002
17040209,3.0902934021263517,8.764570441945581,0.09482973716006264
17040210,29.918009455446114,8.764570441945581,0.09482973716006264
17040211,34.45213010460267,8.764570441945581,0.09482973716006264
17040212,15.961433558586863,14.205431292144093,0.15347465712568464
17040213,19.69590015989386,7.876347753716394,0.1634329979201556
17040214,43.38247713649733,9.459917781092098,0.3892631248275418
17040215,114.40820723999374,9.459917781092098,0.3892631248275418
17040216,32.805095516076555,9.459917781092098,0.3892631248275418
17040217,96.40631112887424,4.094840411263438,0.841531724171256
17040218,96.3934730644916,4.094840411263438,0.841531724171256
17040219,80.03636311254563,6.027517806231953,0.7100070333204002
17040220,19.339994559968044,14.205431292144093,0.15347465712568464
17040221,128.8045903022466,6.027517806231953,0.7100070333204002
17050101,15.910034933630557,14.205431292144093,0.15347465712568464
17050102,33.72014401536,8.764570441945581,0.09482973716006264
17050103,3.046756344868104,8.764570441945581,0.09482973716006264
17050104,9.06258221299913,8.764570441945581,0.09482973716006264
17050105,11.084103266046814,7.876347753716394,0.1634329979201556
17050106,12.44479130356455,7.876347753716394,0.1634329979201556
17050107,4.174951279139701,8.764570441945581,0.09482973716006264
17050108,8.576706217988809,8.764570441945581,0.09482973716006264
17050109,25.152181689418214,8.764570441945581,0.09482973716006264
17050110,4.503548060958736,8.764570441945581,0.09482973716006264
17050111,16.27621521277981,14.205431292144093,0.15347465712568464
17050112,15.840011636128882,14.205431292144093,0.15347465712568464
17050113,16.591269868177967,14.205431292144093,0.15347465712568464
17050114,16.19125097801018,14.205431292144093,0.15347465712568464
17050115,2.9032809642592534,8.764570441945581,0.09482973716006264
17050116,9.18310363712051,8.764570441945581,0.09482973716006264
17050117,5.379420304244565,8.764570441945581,0.09482973716006264
17050118,24.855881237990065,8.764570441945581,0.09482973716006264
17050119,56.959946362514906,8.764570441945581,0.09482973716006264
17050120,16.286505956354606,14.205431292144093,0.15347465712568464
17050121,16.501232071387637,14.205431292144093,0.15347465712568464
17050122,16.020610718746976,14.205431292144093,0.15347465712568464
17050123,16.302612963246087,14.205431292144093,0.15347465712568464
17050124,4.1731373953304525,8.764570441945581,0.09482973716006264
17050201,2.9032809642592534,8.764570441945581,0.09482973716006264
17050202,6.46262710032939,8.764570441945581,0.09482973716006264
17050203,5.325169193559801,8.764570441945581,0.09482973716006264
17060101,7.203485412256341,8.04925043122986,0.15985267831332362
17060102,8.11434743801841,8.04925043122986,0.15985267831332362
17060103,1.271300041575451,7.785762289663054,0.08972067950362798
17060104,2.3663398178737283,8.10055062396749,0.08767252616844338
17060105,7.885118536508178,8.04925043122986,0.15985267831332362
17060106,7.457154464992322,8.04925043122986,0.15985267831332362
17060107,1.2528373053348554,7.4480905138859885,0.09853456794279525
17060108,4.14782846885329,7.785762289663054,0.08972067950362798
17060109,7.962955786428973,7.785762289663054,0.08972067950362798
17060110,1.3263674321701207,8.10055062396749,0.08767252616844338
17060201,79.09728716682991,6.027517806231953,0.7100070333204002
17060202,80.78256480035549,6.027517806231953,0.7100070333204002
17060203,16.13933201619857,14.205431292144093,0.15347465712568464
17060204,19.35659479734613,14.205431292144093,0.15347465712568464
17060205,78.5489980357461,6.027517806231953,0.7100070333204002
17060206,15.99055699106981,14.205431292144093,0.15347465712568464
17060207,2.7616314883981357,8.443185485853173,0.0962495743301256
17060208,16.178144542798222,14.205431292144093,0.15347465712568464
17060209,2.7616314883981357,8.443185485853173,0.0962495743301256
17060210,16.322519434508013,14.205431292144093,0.15347465712568464
17060301,3.1313200062213,8.443185485853173,0.0962495743301256
17060302,2.8461397500774757,8.443185485853173,0.0962495743301256
17060303,2.9843795074436477,8.443185485853173,0.0962495743301256
17060304,2.7616314883981357,8.443185485853173,0.0962495743301256
17060305,3.46837355196314,8.443185485853173,0.0962495743301256
17060306,0.4811863314976792,3.269140455568856,0.1191078360947646
17060307,0.661409737599416,3.269140455568856,0.1191078360947646
17060308,0.5122117784308764,3.269140455568856,0.1191078360947646
17070101,1.3019631268127498,7.714136124518809,0.09722480649271284
17070102,3.698297708440276,7.714136124518809,0.09722480649271284
17070103,6.93276004479262,7.714136124518809,0.09722480649271284
17070104,49.14627981946304,7.714136124518809,0.09722480649271284
17070105,1.3019631268127498,7.714136124518809,0.09722480649271284
17070106,1.9284444127396918,8.10055062396749,0.08767252616844338
17070201,6.538255844085371,8.764570441945581,0.09482973716006264
17070202,4.159129099800982,8.764570441945581,0.09482973716006264
17070203,5.1073303884713965,8.764570441945581,0.09482973716006264
17070204,2.6237885939332743,8.10055062396749,0.08767252616844338
17070301,1.6588831646240385,7.714136124518809,0.09722480649271284
17070302,4.177209187129,18.829215169734056,0.10826759183098865
17070303,11.401366123388906,7.714136124518809,0.09722480649271284
17070304,4.006956364119061,7.714136124518809,0.09722480649271284
17070305,6.39506475169688,7.714136124518809,0.09722480649271284
17070306,1.5598068318506062,7.714136124518809,0.09722480649271284
17070307,11.3476100335702,7.714136124518809,0.09722480649271284
17080001,1.2610653133990828,7.525872073136489,0.1203784627998701
17080002,1.3271120373797536,8.10055062396749,0.08767252616844338
17080003,1.3263674321701207,8.10055062396749,0.08767252616844338
17080004,1.3818890340664063,8.166856308200703,0.08657340418519216
17080005,1.3019631268127498,7.714136124518809,0.09722480649271284
17080006,,,
17090001,1.360013686388966,7.714136124518809,0.09722480649271284
17090002,1.5180339849225883,7.714136124518809,0.09722480649271284
17090003,1.3019631268127498,7.714136124518809,0.09722480649271284
17090004,1.3785631652312735,7.714136124518809,0.09722480649271284
17090005,1.3019631268127498,7.714136124518809,0.09722480649271284
17090006,1.3946559289371403,7.714136124518809,0.09722480649271284
17090007,1.2610653133990828,7.525872073136489,0.1203784627998701
17090008,1.4405854312352828,7.857417660687324,0.11375934256242422
17090009,1.0176095990057012,5.680566995322874,0.34732332688749784
17090010,1.5366873882675733,7.857417660687324,0.11375934256242422
17090011,0.9478322710775083,5.680566995322874,0.34732332688749784
17090012,1.3263674321701207,8.10055062396749,0.08767252616844338
17100101,1.3263674321701207,8.10055062396749,0.08767252616844338
17100102,1.3263674321701207,8.10055062396749,0.08767252616844338
17100103,1.5220069512374872,8.166856308200703,0.08657340418519216
17100104,1.3263674321701207,8.10055062396749,0.08767252616844338
17100105,1.3263674321701207,8.10055062396749,0.08767252616844338
17100106,1.3567883197058108,8.10055062396749,0.08767252616844338
17100201,1.3019631268127498,7.714136124518809,0.09722480649271284
17100202,1.3169870936915555,7.714136124518809,0.09722480649271284
17100203,1.304919325759747,7.714136124518809,0.09722480649271284
17100204,1.3196596609865414,7.714136124518809,0.09722480649271284
17100205,1.3393809190116337,7.714136124518809,0.09722480649271284
17100206,1.4021701330581637,7.714136124518809,0.09722480649271284
17100207,1.389551632315231,7.714136124518809,0.09722480649271284
17100301,1.503665011911052,7.714136124518809,0.09722480649271284
17100302,1.628142447951102,7.714136124518809,0.09722480649271284
17100303,1.3019631268127498,7.714136124518809,0.09722480649271284
17100304,1.4181113921238593,7.714136124518809,0.09722480649271284
17100305,1.4081172663275128,7.714136124518809,0.09722480649271284
17100306,1.355799925346434,8.10055062396749,0.08767252616844338
17100307,1.4445042674138808,3.635994468771803,0.19803767027850816
17100308,1.1155235074346366,3.635994468771803,0.19803767027850816
17100309,1.5674237113208556,3.635994468771803,0.19803767027850816
17100310,1.0444049492612895,3.635994468771803,0.19803767027850816
17100311,1.067193113870395,3.635994468771803,0.19803767027850816
17100312,1.3298279259188128,8.10055062396749,0.08767252616844338
17110001,1.341549981314022,8.008565110996674,0.09235041636053024
17110002,1.7116363359379194,8.008565110996674,0.09235041636053024
17110004,1.3580202005767805,8.008565110996674,0.09235041636053024
17110005,1.305516453606871,8.008565110996674,0.09235041636053024
17110006,1.3263674321701207,8.10055062396749,0.08767252616844338
17110007,0.9654035922122916,6.508134043531332,0.16865429887108463
17110008,1.357700275604294,8.10055062396749,0.08767252616844338
17110009,1.3263674321701207,8.10055062396749,0.08767252616844338
17110010,1.3223567723316456,8.073131075652215,0.09121134213664096
17110011,1.305516453606871,8.008565110996674,0.09235041636053024
17110012,1.468475249558418,8.073131075652215,0.09121134213664096
17110013,1.4102962061799214,8.073131075652215,0.09121134213664096
17110014,1.401449661509333,8.073131075652215,0.09121134213664096
17110015,1.4831824761405166,8.166856308200703,0.08657340418519216
17110016,1.5322108010291569,8.008565110996674,0.09235041636053024
17110017,1.3312829680730227,8.166856308200703,0.08657340418519216
17110018,1.3263674321701207,8.10055062396749,0.08767252616844338
17110019,1.3496247040695737,8.008565110996674,0.09235041636053024
17110020,1.4411624294627414,8.10055062396749,0.08767252616844338
17110021,1.367946971753052,8.10055062396749,0.08767252616844338
17120001,5.956718417528655,8.764570441945581,0.09482973716006264
17120002,20.003638378448084,8.764570441945581,0.09482973716006264
17120003,5.093499955800122,8.764570441945581,0.09482973716006264
17120004,33.24651922106651,8.764570441945581,0.09482973716006264
17120005,19.407940503291783,7.714136124518809,0.09722480649271284
17120006,6.3490110229419034,7.714136124518809,0.09722480649271284
17120007,12.58136737845929,7.714136124518809,0.09722480649271284
17120008,14.703699597004396,8.764570441945581,0.09482973716006264
17120009,13.7495703478976,8.764570441945581,0.09482973716006264
18010101,1.0500149109378842,3.635994468771803,0.19803767027850816
18010102,17.80740348819407,4.251642910581622,0.26629358068129144
18010103,17.853312918530815,4.251642910581622,0.26629358068129144
18010104,17.79658735368963,4.251642910581622,0.26629358068129144
18010105,17.656252955600753,4.251642910581622,0.26629358068129144
18010106,17.766289369630346,4.251642910581622,0.26629358068129144
18010107,17.767568218933846,4.251642910581622,0.26629358068129144
18010108,18.08808653575218,4.251642910581622,0.26629358068129144
18010109,18.06686154822696,4.251642910581622,0.26629358068129144
18010110,18.02501372842229,4.251642910581622,0.26629358068129144
18010201,3.7714893434954413,18.829215169734056,0.10826759183098865
18010202,5.04245433748763,18.829215169734056,0.10826759183098865
18010203,3.3450514956901696,18.829215169734056,0.10826759183098865
18010204,12.443440646830213,64.6025093517999,0.19613537772822137
18010205,13.415891646996615,64.6025093517999,0.19613537772822137
18010206,11.746975719905091,64.6025093517999,0.19613537772822137
18010207,13.099749586359312,64.6025093517999,0.19613537772822137
18010208,12.416679502336443,64.6025093517999,0.19613537772822137
18010209,11.68961391651344,64.6025093517999,0.19613537772822137
18010210,11.842025649317394,64.6025093517999,0.19613537772822137
18010211,13.381505350971054,73.40729438747324,0.21603096771557664
18010212,13.488502252243546,73.40729438747324,0.21603096771557664
18020001,4.919303780439503,7.714136124518809,0.09722480649271284
18020002,15.164160767330552,64.6025093517999,0.19613537772822137
18020003,17.04918585303047,12.614838677806665,0.2565713211583942
18020004,11.841804551125229,64.6025093517999,0.19613537772822137
18020005,11.68961391651344,64.6025093517999,0.19613537772822137
18020104,17.76617942396091,13.147687731911972,0.26004499770055917
18020111,13.316789221381809,73.40729438747324,0.21603096771557664
18020115,18.355004364136217,13.147687731911972,0.26004499770055917
18020116,18.267588338155363,4.251642910581622,0.26629358068129144
18020121,17.74513481329065,4.251642910581622,0.26629358068129144
18020122,18.260985539655472,4.251642910581622,0.26629358068129144
18020123,17.6661022535699,4.251642910581622,0.26629358068129144
18020125,17.792942929586424,4.251642910581622,0.26629358068129144
18020126,18.611445343159453,4.729717017767609,0.29239154178399934
18020128,18.17845587897743,12.212564133048327,0.2851818801811737
18020129,18.000548137823507,4.251642910581622,0.26629358068129144
18020151,16.829418590184353,12.614838677806665,0.2565713211583942
18020152,17.13637249323342,12.614838677806665,0.2565713211583942
18020153,18.210911535292954,13.147687731911972,0.26004499770055917
18020154,16.829418590184353,12.614838677806665,0.2565713211583942
18020155,17.76617942396091,13.147687731911972,0.26004499770055917
18020156,17.76617942396091,13.147687731911972,0.26004499770055917
18020157,17.76617942396091,13.147687731911972,0.26004499770055917
18020158,18.652941788027793,13.147687731911972,0.26004499770055917
18020159,17.76617942396091,13.147687731911972,0.26004499770055917
18020161,18.123897453745496,12.212564133048327,0.2851818801811737
18020162,18.20561028400671,4.251642910581622,0.26629358068129144
18020163,17.76617942396091,13.147687731911972,0.26004499770055917
18030001,18.333296032165123,4.251642910581622,0.26629358068129144
18030002,20.905283864410446,4.251642910581622,0.26629358068129144
18030003,20.119057991721146,4.251642910581622,0.26629358068129144
18030004,161.8081024904182,4.251642910581622,0.26629358068129144
18030005,101.74018184287901,4.251642910581622,0.26629358068129144
18030006,25.62654392215767,4.251642910581622,0.26629358068129144
18030007,21.8166648290372,4.251642910581622,0.26629358068129144
18030009,65.97218150772592,13.147687731911972,0.26004499770055917
18030010,18.21899026196181,13.147687731911972,0.26004499770055917
18030012,18.919755090495105,4.251642910581622,0.26629358068129144
18040001,18.913054338851875,13.147687731911972,0.26004499770055917
18040002,20.860033468081205,101.54620600324039,0.20986840456023081
18040003,17.76617942396091,13.147687731911972,0.26004499770055917
18040006,18.212917739146768,13.147687731911972,0.26004499770055917
18040007,30.669819604542166,13.147687731911972,0.26004499770055917
18040008,18.33084737347755,4.251642910581622,0.26629358068129144
18040009,18.31982416207943,13.147687731911972,0.26004499770055917
18040010,18.365586693687423,13.147687731911972,0.26004499770055917
18040011,18.7295587076197,13.147687731911972,0.26004499770055917
18040012,18.070531314093213,4.251642910581622,0.26629358068129144
18040013,18.490427413140814,4.251642910581622,0.26629358068129144
18040014,23.568633256536557,4.251642910581622,0.26629358068129144
18040051,29.973834207429405,105.97294285314153,0.1948445270439935
18050001,17.656252955600753,4.251642910581622,0.26629358068129144
18050002,17.656252955600753,4.251642910581622,0.26629358068129144
18050003,19.43250951016772,13.147687731911972,0.26004499770055917
18050004,18.968032754396404,13.147687731911972,0.26004499770055917
18050005,18.326830776003927,4.251642910581622,0.26629358068129144
18050006,18.984688955162284,4.251642910581622,0.26629358068129144
18060001,18.276957606013546,4.251642910581622,0.26629358068129144
18060002,18.884504736983317,4.251642910581622,0.26629358068129144
18060003,58.087512252639726,4.251642910581622,0.26629358068129144
18060004,22.87021577114707,4.251642910581622,0.26629358068129144
18060005,19.037361590277843,4.251642910581622,0.26629358068129144
18060006,17.86484215326881,4.251642910581622,0.26629358068129144
18060007,21.02354609853509,4.251642910581622,0.26629358068129144
18060008,18.52906618233103,4.251642910581622,0.26629358068129144
18060009,23.569537966005516,4.251642910581622,0.26629358068129144
18060010,19.347970301981007,4.251642910581622,0.26629358068129144
18060011,17.665372156665,4.251642910581622,0.26629358068129144
18060012,17.656252955600753,4.251642910581622,0.26629358068129144
18060013,21.108016076666978,4.251642910581622,0.26629358068129144
18070101,19.12539964038058,4.251642910581622,0.26629358068129144
18070102,18.657710202488907,4.251642910581622,0.26629358068129144
18070103,17.73455003033843,4.251642910581622,0.26629358068129144
18070104,,,
18070105,1.9487437267981007,3.4929224321797205,0.9522250793062568
18070106,18.134979055859134,4.251642910581622,0.26629358068129144
18070201,20.287548877368497,4.251642910581622,0.26629358068129144
18070202,24.758230714527418,13.147687731911972,0.26004499770055917
18070203,19.711361225731313,13.147687731911972,0.26004499770055917
18070204,20.30439113661786,4.251642910581622,0.26629358068129144
18070301,25.06284181099633,4.251642910581622,0.26629358068129144
18070302,21.767184303717105,13.147687731911972,0.26004499770055917
18070303,19.959010117868456,4.251642910581622,0.26629358068129144
18070304,20.221008136474737,4.251642910581622,0.26629358068129144
18070305,18.177058824935784,4.251642910581622,0.26629358068129144
18080001,18.546379752504468,64.6025093517999,0.19613537772822137
18080002,17.462911990672463,64.6025093517999,0.19613537772822137
18080003,20.826554667966402,12.614838677806665,0.2565713211583942
18090101,20.91509354539884,4.729717017767609,0.29239154178399934
18090102,23.423463938667265,4.729717017767609,0.29239154178399934
18090103,12.94681366859843,5.167761802987199,0.706878599246086
18090201,177.13409880084168,4.729717017767609,0.29239154178399934
18090202,199.89575201480446,7.110150752612784,0.42233889949646064
18090203,197.88090458382376,4.729717017767609,0.29239154178399934
18090204,197.88090458382376,4.729717017767609,0.29239154178399934
18090205,22.733548651112944,4.251642910581622,0.26629358068129144
18090206,25.607228999777863,4.251642910581622,0.26629358068129144
18090207,197.5861794239609,13.147687731911972,0.26004499770055917
18090208,197.5861794239609,13.147687731911972,0.26004499770055917
18100100,197.5861794239609,13.147687731911972,0.26004499770055917
18100201,54.08953089923384,13.147687731911972,0.26004499770055917
18100202,101.31502797287172,4.251642910581622,0.26629358068129144
18100203,74.48818962194902,4.251642910581622,0.26629358068129144
18100204,248.0330385639367,79.12256622395904,0.1741321523116518
,,,
,,,
,,,
Tota water availability in the US,,,
Total Human Water Consumption in the US,,,
Total Environmental water requirement,,,
Total area of contiguous US,,,
Averge available minus demand,,,
